date,level,flow,temp,src
2006-01-01,85,43.414,3.8,a
2006-01-02,151,103.515,4,a
2006-01-03,149,101.489,4.8,a
2006-01-04,143,95.499,5.2,a
2006-01-05,117,70.711,5.1,a
2006-01-06,109,63.428,5,a
2006-01-07,94,50.569,5,a
2006-01-08,95,51.385,5.1,a
2006-01-09,85,43.414,4.9,a
2006-01-10,85,43.414,4.6,a
2006-01-11,78,38.303,4,a
2006-01-12,74,35.524,3.8,a
2006-01-13,68,31.55,3.8,a
2006-01-14,66,30.276,4,a
2006-01-15,63,28.415,4.2,a
2006-01-16,55,23.735,4.2,a
2006-01-17,58,25.441,4.2,a
2006-01-18,58,25.441,4.2,a
2006-01-19,56,24.297,4.4,a
2006-01-20,54,23.179,4.5,a
2006-01-21,53,22.629,4.4,a
2006-01-22,53,22.629,4.4,a
2006-01-23,52,22.086,4.2,a
2006-01-24,47,19.468,3.4,a
2006-01-25,48,19.979,2.9,a
2006-01-26,50,21.02,2.9,a
2006-01-27,47,19.468,2.9,a
2006-01-28,45,18.466,3.1,a
2006-01-29,44,17.975,3.6,a
2006-01-30,44,17.975,4.3,a
2006-01-31,42,17.011,4.5,a
2006-02-01,44,17.975,4.6,a
2006-02-02,45,18.466,4.6,a
2006-02-03,45,18.466,4.5,a
2006-02-04,45,18.466,4.3,a
2006-02-05,44,17.975,4,a
2006-02-06,42,17.011,3.7,a
2006-02-07,40,16.074,3.4,a
2006-02-08,40,16.074,3.1,a
2006-02-09,40,16.074,3.6,a
2006-02-10,39,15.615,4.1,a
2006-02-11,38,15.163,4.3,a
2006-02-12,37,14.717,4.1,a
2006-02-13,36,14.277,3.8,a
2006-02-14,34,13.418,3.7,a
2006-02-15,34,13.418,3.8,a
2006-02-16,41,16.54,4.1,a
2006-02-17,111,65.227,4.7,a
2006-02-18,154,106.583,5.4,a
2006-02-19,188,144.372,5.5,a
2006-02-20,198,156.782,5.3,a
2006-02-21,210,172.625,5.2,a
2006-02-22,198,156.782,5.5,a
2006-02-23,184,139.592,5.5,a
2006-02-24,165,118.16,5.5,a
2006-02-25,154,106.583,5.4,a
2006-02-26,133,85.773,5.3,a
2006-02-27,122,75.361,5.4,a
2006-02-28,112,66.132,4.8,a
2006-03-01,106,60.763,4.8,a
2006-03-02,98,53.874,4.9,a
2006-03-03,94,50.569,4.7,a
2006-03-04,137,89.628,4.8,a
2006-03-05,211,173.995,5.1,a
2006-03-06,213,176.76,4.7,a
2006-03-07,195,152.987,4.9,a
2006-03-08,169,122.511,4.9,a
2006-03-09,151,103.515,5.1,a
2006-03-10,164,117.085,5.2,a
2006-03-11,185,140.777,4.6,a
2006-03-12,177,131.462,5.1,a
2006-03-13,158,110.731,5,a
2006-03-14,147,99.478,5,a
2006-03-15,127,80.063,5,a
2006-03-16,115,68.869,5.2,a
2006-03-17,111,65.227,5.2,a
2006-03-18,110,64.326,5.4,a
2006-03-19,107,61.647,5.4,a
2006-03-20,102,57.275,5.6,a
2006-03-21,113,67.041,5.8,a
2006-03-22,158,110.731,5.8,a
2006-03-23,198,156.782,6.2,a
2006-03-24,189,145.583,6.2,a
2006-03-25,165,118.16,6.6,a
2006-03-26,155,107.613,6.8,a
2006-03-27,144,96.489,6.9,a
2006-03-28,137,89.628,7.2,a
2006-03-29,140,92.55,7.4,a
2006-03-30,137,89.628,7.4,a
2006-03-31,128,81.008,7.5,a
2006-04-01,123,76.298,7.5,a
2006-04-02,119,72.563,8,a
2006-04-03,123,76.298,8.2,a
2006-04-04,142,94.513,7.7,a
2006-04-05,126,79.12,8.1,a
2006-04-06,136,88.66,8.1,a
2006-04-07,148,100.482,7.1,a
2006-04-08,141,93.53,7.8,a
2006-04-09,132,84.816,8.1,a
2006-04-10,125,78.177,8.5,a
2006-04-11,145,97.482,8.5,a
2006-04-12,144,96.489,8.1,a
2006-04-13,140,92.55,8.3,a
2006-04-14,125,78.177,8.5,a
2006-04-15,112,66.132,8.9,a
2006-04-16,106,60.763,9.1,a
2006-04-17,99,54.715,8.7,a
2006-04-18,102,57.275,9.1,a
2006-04-19,97,53.038,9.1,a
2006-04-20,98,53.874,9.2,a
2006-04-21,94,50.569,9.8,a
2006-04-22,88,45.701,10.1,a
2006-04-23,86,44.17,10.1,a
2006-04-24,80,39.731,10.3,a
2006-04-25,79,39.014,10.4,a
2006-04-26,77,37.599,10.5,a
2006-04-27,76,36.901,10.6,a
2006-04-28,77,37.599,10.4,a
2006-04-29,89,46.476,10.4,a
2006-04-30,150,102.5,10,a
2006-05-01,161,113.887,9.3,a
2006-05-02,140,92.55,10,a
2006-05-03,116,69.789,10.2,a
2006-05-04,101,56.416,10.8,a
2006-05-05,89,46.476,10.8,a
2006-05-06,85,43.414,10.7,a
2006-05-07,78,38.303,10.6,a
2006-05-08,77,37.599,10.7,a
2006-05-09,74,35.524,10.8,a
2006-05-10,74,35.524,10.2,a
2006-05-11,71,33.508,10.7,a
2006-05-12,65,29.649,11.2,a
2006-05-13,64,29.029,11.5,a
2006-05-14,61,27.206,11.8,a
2006-05-15,56,24.297,11.5,a
2006-05-16,57,24.866,11.8,a
2006-05-17,55,23.735,12.5,a
2006-05-18,53,22.629,12.9,a
2006-05-19,50,21.02,13.1,a
2006-05-20,49,20.496,13.1,a
2006-05-21,48,19.979,12.5,a
2006-05-22,44,17.975,12.4,a
2006-05-23,44,17.975,13,a
2006-05-24,96,52.208,13.4,a
2006-05-25,118,71.636,10.9,a
2006-05-26,89,46.476,11.7,a
2006-05-27,76,36.901,12.1,a
2006-05-28,55,23.735,12.4,a
2006-05-29,103,58.139,13,a
2006-05-30,217,182.389,10.9,a
2006-05-31,234,208.354,9.6,a
2006-06-01,218,183.818,10.4,a
2006-06-02,192,149.255,10.6,a
2006-06-03,161,113.887,10.5,a
2006-06-04,141,93.53,10.5,a
2006-06-05,131,83.862,10.9,a
2006-06-06,125,78.177,11.1,a
2006-06-07,117,70.711,10.9,a
2006-06-08,108,62.535,11.3,a
2006-06-09,98,53.874,11.5,a
2006-06-10,95,51.385,11.5,a
2006-06-11,86,44.17,11.5,a
2006-06-12,85,43.414,12,a
2006-06-13,80,39.731,12.4,a
2006-06-14,80,39.731,12.8,a
2006-06-15,77,37.599,13.1,a
2006-06-16,68,31.55,13.3,a
2006-06-17,68,31.55,13.4,a
2006-06-18,62,27.807,13.7,a
2006-06-19,58,25.441,14.1,a
2006-06-20,55,23.735,14.6,a
2006-06-21,53,22.629,15,a
2006-06-22,48,19.979,15.1,a
2006-06-23,48,19.979,15.1,a
2006-06-24,46,18.964,15.5,a
2006-06-25,45,18.466,15.9,a
2006-06-26,43,17.49,16.3,a
2006-06-27,41,16.54,16.5,a
2006-06-28,39,15.615,16.7,a
2006-06-29,45,18.466,17,a
2006-06-30,41,16.54,17,a
2006-07-01,37,14.717,16.9,a
2006-07-02,36,14.277,16.8,a
2006-07-03,35,13.844,16.8,a
2006-07-04,34,13.418,16.3,a
2006-07-05,33,12.997,16.3,a
2006-07-06,32,12.584,16.7,a
2006-07-07,32,12.584,17.1,a
2006-07-08,33,12.997,16.9,a
2006-07-09,30,11.776,16.9,a
2006-07-10,29,11.382,17.2,a
2006-07-11,28,10.994,17.3,a
2006-07-12,27,10.613,17.7,a
2006-07-13,29,11.382,18.1,a
2006-07-14,27,10.613,18.2,a
2006-07-15,25,9.87,18.4,a
2006-07-16,23,9.153,18.1,a
2006-07-17,22,8.804,18.1,a
2006-07-18,21,8.462,18.1,a
2006-07-19,21,8.462,18,a
2006-07-20,20,8.126,18.1,a
2006-07-21,20,8.126,18.3,a
2006-07-22,19,7.797,18.6,a
2006-07-23,20,8.126,18.7,a
2006-07-24,29,11.382,18.9,a
2006-07-25,28,10.994,18.4,a
2006-07-26,18,7.474,18.2,a
2006-07-27,17,7.157,18.2,a
2006-07-28,17,7.157,18.5,a
2006-07-29,18,7.474,18.7,a
2006-07-30,16,6.848,18.6,a
2006-07-31,14,6.247,18.8,a
2006-08-01,16,6.848,18.5,a
2006-08-02,23,9.153,17.9,a
2006-08-03,32,12.584,16.7,a
2006-08-04,81,40.455,15.1,a
2006-08-05,100,55.563,12.9,a
2006-08-06,79,39.014,12.9,a
2006-08-07,56,24.297,12.6,a
2006-08-08,45,18.466,13,a
2006-08-09,37,14.717,13.5,a
2006-08-10,38,15.163,14.4,a
2006-08-11,36,14.277,14,a
2006-08-12,45,18.466,13.4,a
2006-08-13,111,65.227,12.7,a
2006-08-14,111,65.227,12.3,a
2006-08-15,111,65.227,12.4,a
2006-08-16,97,53.038,12.4,a
2006-08-17,84,42.664,12.3,a
2006-08-18,74,35.524,12.7,a
2006-08-19,68,31.55,13.2,a
2006-08-20,65,29.649,12.9,a
2006-08-21,56,24.297,13.1,a
2006-08-22,57,24.866,13.1,a
2006-08-23,52,22.086,13.3,a
2006-08-24,49,20.496,13.5,a
2006-08-25,54,23.179,14.4,a
2006-08-26,53,22.629,14.1,a
2006-08-27,51,21.55,13.9,a
2006-08-28,48,19.979,13.7,a
2006-08-29,123,76.298,13.7,a
2006-08-30,134,86.733,13,a
2006-08-31,116,69.789,12.2,a
2006-09-01,87,44.932,12.4,a
2006-09-02,75,36.209,12.5,a
2006-09-03,66,30.276,12.9,a
2006-09-04,55,23.735,13.2,a
2006-09-05,54,23.179,13.8,a
2006-09-06,51,21.55,14.2,a
2006-09-07,48,19.979,14.5,a
2006-09-08,46,18.964,14.5,a
2006-09-09,42,17.011,14.1,a
2006-09-10,42,17.011,13.8,a
2006-09-11,40,16.074,13.6,a
2006-09-12,39,15.615,13.6,a
2006-09-13,37,14.717,13.6,a
2006-09-14,36,14.277,13.7,a
2006-09-15,39,15.615,13.9,a
2006-09-16,73,34.846,13.9,a
2006-09-17,121,74.426,13.6,a
2006-09-18,172,125.827,13,a
2006-09-19,132,84.816,12.7,a
2006-09-20,102,57.275,12.9,a
2006-09-21,85,43.414,12.7,a
2006-09-22,78,38.303,12.5,a
2006-09-23,66,30.276,12.5,a
2006-09-24,63,28.415,12.6,a
2006-09-25,58,25.441,12.5,a
2006-09-26,54,23.179,12.6,a
2006-09-27,51,21.55,12.9,a
2006-09-28,48,19.979,13.1,a
2006-09-29,44,17.975,13.3,a
2006-09-30,43,17.49,13.2,a
2006-10-01,41,16.54,13.3,a
2006-10-02,38,15.163,13.7,a
2006-10-03,37,14.717,14,a
2006-10-04,36,14.277,14.1,a
2006-10-05,36,14.277,14.1,a
2006-10-06,33,12.997,13.4,a
2006-10-07,34,13.418,13,a
2006-10-08,35,13.844,12.7,a
2006-10-09,37,14.717,12.5,a
2006-10-10,37,14.717,12.5,a
2006-10-11,36,14.277,12.2,a
2006-10-12,35,13.844,12.2,a
2006-10-13,34,13.418,12.3,a
2006-10-14,33,12.997,12.3,a
2006-10-15,32,12.584,12,a
2006-10-16,31,12.177,12,a
2006-10-17,30,11.776,11.5,a
2006-10-18,29,11.382,11,a
2006-10-19,28,10.994,10.7,a
2006-10-20,27,10.613,10.8,a
2006-10-21,27,10.613,10.9,a
2006-10-22,26,10.238,11.4,a
2006-10-23,25,9.87,12,a
2006-10-24,24,9.508,12.6,a
2006-10-25,24,9.508,12.9,a
2006-10-26,24,9.508,12.9,a
2006-10-27,23,9.153,12.9,a
2006-10-28,22,8.804,12.8,a
2006-10-29,21,8.462,12.7,a
2006-10-30,22,8.804,12.2,a
2006-10-31,21,8.462,11.5,a
2006-11-01,22,8.804,11.2,a
2006-11-02,25,9.87,10.6,a
2006-11-03,24,9.508,9.5,a
2006-11-04,22,8.804,8.6,a
2006-11-05,21,8.462,8.2,a
2006-11-06,20,8.126,8,a
2006-11-07,19,7.797,,a
2006-11-08,19,7.797,,a
2006-11-09,19,7.797,,a
2006-11-10,18,7.474,,a
2006-11-11,18,7.474,,a
2006-11-12,17,7.157,,a
2006-11-13,17,7.157,,a
2006-11-14,16,6.848,,a
2006-11-15,16,6.848,,a
2006-11-16,15,6.544,,a
2006-11-17,14,6.247,,a
2006-11-18,12,5.673,10.1,a
2006-11-19,12,5.673,10.4,a
2006-11-20,13,5.957,10.6,a
2006-11-21,15,6.544,10.6,a
2006-11-22,57,24.866,10.3,a
2006-11-23,94,50.569,9.2,a
2006-11-24,66,30.276,9,a
2006-11-25,62,27.807,9.3,a
2006-11-26,55,23.735,10.3,a
2006-11-27,53,22.629,10.7,a
2006-11-28,51,21.55,10.4,a
2006-11-29,48,19.979,10.1,a
2006-11-30,45,18.466,,a
2006-12-01,42,17.011,,a
2006-12-02,39,15.615,9.3,a
2006-12-03,37,14.717,9.1,a
2006-12-04,35,13.844,9.2,a
2006-12-05,35,13.844,9.4,a
2006-12-06,40,16.074,9.4,a
2006-12-07,58,25.441,,a
2006-12-08,76,36.901,,a
2006-12-09,95,51.385,,a
2006-12-10,113,67.041,,a
2006-12-11,79,39.014,9.1,a
2006-12-12,131,83.862,,a
2006-12-13,101,56.416,8.3,a
2006-12-14,95,51.385,8.4,a
2006-12-15,92,48.956,,a
2006-12-16,88,45.701,7.8,a
2006-12-17,84,42.664,8.2,a
2006-12-18,91,48.16,8.5,a
2006-12-19,123,76.298,7.3,a
2006-12-20,104,59.009,7,a
2006-12-21,92,48.956,6.6,a
2006-12-22,81,40.455,6.9,a
2006-12-23,76,36.901,6.7,a
2006-12-24,69,32.196,6.3,a
2006-12-25,66,30.276,6.3,a
2006-12-26,62,27.807,6.6,a
2006-12-27,58,25.441,6.2,a
2006-12-28,54,23.179,5.5,a
2006-12-29,50,21.02,5.4,a
2006-12-30,49,20.496,5.7,a
2006-12-31,47,19.468,6.1,a
2007-01-01,48,19.979,6.8,a
2007-01-02,59,26.023,6.9,a
2007-01-03,81,40.455,6.6,a
2007-01-04,82,41.185,6.4,a
2007-01-05,75,36.209,6.5,a
2007-01-06,70,32.849,6.7,a
2007-01-07,66,30.276,6.8,a
2007-01-08,61,27.206,6.9,a
2007-01-09,62,27.807,6.9,a
2007-01-10,61,27.206,7.2,a
2007-01-11,61,27.206,7.5,a
2007-01-12,60,26.611,7.5,a
2007-01-13,62,27.807,7,a
2007-01-14,61,27.206,6.7,a
2007-01-15,59,26.023,6.6,a
2007-01-16,56,24.297,6.8,a
2007-01-17,54,23.179,7.2,a
2007-01-18,52,22.086,7.5,a
2007-01-19,51,21.55,7.7,a
2007-01-20,51,21.55,7.7,a
2007-01-21,39,15.615,7.8,a
2007-01-22,52,22.086,7.8,a
2007-01-23,89,46.476,7.4,a
2007-01-24,192,149.255,6.9,a
2007-01-25,181,136.579,6.8,a
2007-01-26,144,96.996,6.7,a
2007-01-27,125,78.685,6.5,a
2007-01-28,119,73.071,6.5,a
2007-01-29,111,65.735,6.6,a
2007-01-30,111,65.735,6.6,a
2007-01-31,107,62.154,6.4,a
2007-02-01,102,57.783,6.3,a
2007-02-02,95,51.893,6,a
2007-02-03,93,50.266,5.7,a
2007-02-04,91,48.667,5.6,a
2007-02-05,89,47.09,5.6,a
2007-02-06,82,41.746,5.9,a
2007-02-07,138,91.106,6.2,a
2007-02-08,167,120.833,6.6,a
2007-02-09,176,130.831,6.9,a
2007-02-10,177,131.969,7.1,a
2007-02-11,159,112.286,7.1,a
2007-02-12,152,105.041,6.9,a
2007-02-13,209,171.77,6.8,a
2007-02-14,209,171.77,7.1,a
2007-02-15,190,147.307,7.3,a
2007-02-16,168,121.923,7.3,a
2007-02-17,157,110.195,7.1,a
2007-02-18,149,101.996,7,a
2007-02-19,134,87.24,6.8,a
2007-02-20,117,71.218,6.9,a
2007-02-21,107,62.154,7.2,a
2007-02-22,102,57.783,7.5,a
2007-02-23,97,53.545,7.6,a
2007-02-24,96,52.716,7.5,a
2007-02-25,92,49.463,7.4,a
2007-02-26,176,130.831,7.5,a
2007-02-27,177,131.969,7.5,a
2007-02-28,155,108.121,7.6,a
2007-03-01,144,96.996,8.2,a
2007-03-02,131,84.369,8.2,a
2007-03-03,123,76.806,8.1,a
2007-03-04,114,68.461,8,a
2007-03-05,101,56.924,8.2,a
2007-03-06,98,54.381,8.5,a
2007-03-07,96,52.716,8.6,a
2007-03-08,141,94.037,8.5,a
2007-03-09,145,97.989,8.4,a
2007-03-10,127,80.571,8.3,a
2007-03-11,115,69.377,8.2,a
2007-03-12,99,55.223,8.3,a
2007-03-13,97,53.545,8.5,a
2007-03-14,89,47.09,8.7,a
2007-03-15,84,43.243,8.8,a
2007-03-16,81,41.007,8.8,a
2007-03-17,76,37.406,8.8,a
2007-03-18,74,36.01,9,a
2007-03-19,74,36.01,8.5,a
2007-03-20,88,46.308,7.3,a
2007-03-21,95,51.893,7.1,a
2007-03-22,103,58.647,7.6,a
2007-03-23,113,67.549,8,a
2007-03-24,125,78.685,8.1,a
2007-03-25,123,76.806,8,a
2007-03-26,154,107.09,8.1,a
2007-03-27,143,96.006,8.2,a
2007-03-28,124,77.745,8.2,a
2007-03-29,108,63.043,8.3,a
2007-03-30,102,57.783,8.3,a
2007-03-31,97,53.545,8.1,a
2007-04-01,90,47.879,8.6,a
2007-04-02,87,45.533,8.8,a
2007-04-03,85,44,9,a
2007-04-04,82,41.746,9,a
2007-04-05,76,37.406,8.9,a
2007-04-06,76,37.406,8.9,a
2007-04-07,72,34.64,9.3,a
2007-04-08,69,32.634,9.4,a
2007-04-09,61,27.581,9.4,a
2007-04-10,62,28.189,9.7,a
2007-04-11,60,26.981,10.2,a
2007-04-12,57,25.222,10.6,a
2007-04-13,55,24.085,10.8,a
2007-04-14,53,22.977,11.1,a
2007-04-15,51,21.898,11.3,a
2007-04-16,47,19.829,11.4,a
2007-04-17,47,19.829,11.4,a
2007-04-18,46,19.331,11.3,a
2007-04-19,44,18.357,11.4,a
2007-04-20,43,17.881,11.6,a
2007-04-21,41,16.953,11.7,a
2007-04-22,39,16.056,11.9,a
2007-04-23,36,14.77,12.2,a
2007-04-24,36,14.77,12.4,a
2007-04-25,36,14.77,12.5,a
2007-04-26,34,13.953,12.6,a
2007-04-27,33,13.556,12.8,a
2007-04-28,31,12.787,12.9,a
2007-04-29,31,12.787,13.2,a
2007-04-30,31,12.787,13.4,a
2007-05-01,30,12.415,13.5,a
2007-05-02,29,12.051,13.2,a
2007-05-03,28,11.695,12.9,a
2007-05-04,39,16.056,12.6,a
2007-05-05,54,23.527,12.3,a
2007-05-06,38,15.62,12,a
2007-05-07,37,15.191,12.5,a
2007-05-08,35,14.358,13.2,a
2007-05-09,33,13.556,13.7,a
2007-05-10,33,13.556,14.2,a
2007-05-11,30,12.415,14.4,a
2007-05-12,28,11.695,14.7,a
2007-05-13,26,11.009,15,a
2007-05-14,19,8.872,15.3,a
2007-05-15,25,10.678,15.1,a
2007-05-16,26,11.009,14.4,a
2007-05-17,26,11.009,13.9,a
2007-05-18,25,10.678,13.7,a
2007-05-19,23,10.042,13.8,a
2007-05-20,22,9.737,14,a
2007-05-21,21,9.44,14.7,a
2007-05-22,20,9.152,15.5,a
2007-05-23,20,9.152,15.9,a
2007-05-24,20,9.152,16.3,a
2007-05-25,20,9.152,16.7,a
2007-05-26,17,8.339,16.8,a
2007-05-27,20,9.152,16.8,a
2007-05-28,30,12.415,16.2,a
2007-05-29,48,20.335,15,a
2007-05-30,31,12.787,14.1,a
2007-05-31,31,12.787,13.7,a
2007-06-01,27,11.348,13.7,a
2007-06-02,28,11.695,13.8,a
2007-06-03,31,12.787,14.1,a
2007-06-04,29,12.051,14.6,a
2007-06-05,27,11.348,14.8,a
2007-06-06,28,11.695,14.8,a
2007-06-07,28,11.695,14.5,a
2007-06-08,36,14.77,14.2,a
2007-06-09,38,15.62,14.1,a
2007-06-10,44,18.357,14.7,a
2007-06-11,42,17.413,15.5,a
2007-06-12,36,14.77,15.8,a
2007-06-13,38,15.62,15.8,a
2007-06-14,32,13.168,15.9,a
2007-06-15,37,15.191,15.7,a
2007-06-16,100,56.071,14.7,a
2007-06-17,71,33.964,13.9,a
2007-06-18,50,21.369,14.1,a
2007-06-19,39,16.056,14.7,a
2007-06-20,32,13.168,15.3,a
2007-06-21,31,12.787,16,a
2007-06-22,29,12.051,16.4,a
2007-06-23,28,11.695,16.7,a
2007-06-24,27,11.348,16.7,a
2007-06-25,26,11.009,16.8,a
2007-06-26,24,10.356,16.7,a
2007-06-27,22,9.737,16.6,a
2007-06-28,26,11.009,16.5,a
2007-06-29,23,10.042,16.6,a
2007-06-30,22,9.737,16.5,a
2007-07-01,21,9.44,16.9,a
2007-07-02,49,20.848,15.8,a
2007-07-03,130,83.417,14,a
2007-07-04,111,65.735,13.3,a
2007-07-05,160,113.338,13,a
2007-07-06,96,52.716,13.4,a
2007-07-07,57,25.222,13.9,a
2007-07-08,47,19.829,14.7,a
2007-07-09,38,15.62,15.3,a
2007-07-10,36,14.77,15.2,a
2007-07-11,37,15.191,14.7,a
2007-07-12,32,13.168,14.4,a
2007-07-13,28,11.695,14.6,a
2007-07-14,24,10.356,15.2,a
2007-07-15,22,9.737,16,a
2007-07-16,20,9.152,16.9,a
2007-07-17,19,8.872,17.6,a
2007-07-18,18,8.601,18,a
2007-07-19,16,8.085,18.5,a
2007-07-20,11,6.95,18.9,a
2007-07-21,13,7.378,19.1,a
2007-07-22,13,7.378,19.1,a
2007-07-23,12,7.159,19.1,a
2007-07-24,13,7.378,18.9,a
2007-07-25,18,8.601,18.4,a
2007-07-26,12,7.159,18.4,a
2007-07-27,11,6.95,18.6,a
2007-07-28,10,6.75,18.7,a
2007-07-29,10,6.75,18.9,a
2007-07-30,24,10.356,18.2,a
2007-07-31,36,14.77,17.1,a
2007-08-01,22,9.737,16.2,a
2007-08-02,14,7.605,16.1,a
2007-08-03,17,8.339,16,a
2007-08-04,21,9.44,15.8,a
2007-08-05,17,8.339,15.9,a
2007-08-06,14,7.605,16.3,a
2007-08-07,12,7.159,16.8,a
2007-08-08,11,6.95,17.2,a
2007-08-09,12,7.159,17.2,a
2007-08-10,20,9.152,16.8,a
2007-08-11,33,13.556,16.2,a
2007-08-12,33,13.556,15.5,a
2007-08-13,22,9.737,15.2,a
2007-08-14,17,8.339,15.4,a
2007-08-15,14,7.605,16,a
2007-08-16,12,7.159,16.8,a
2007-08-17,11,6.95,17.4,a
2007-08-18,11,6.95,17.6,a
2007-08-19,10,6.75,17.8,a
2007-08-20,9,6.559,17.7,a
2007-08-21,10,6.75,17.6,a
2007-08-22,12,7.159,17.6,a
2007-08-23,27,11.348,17.2,a
2007-08-24,37,15.191,16.4,a
2007-08-25,30,12.415,15.8,a
2007-08-26,20,9.152,15.7,a
2007-08-27,15,7.841,15.7,a
2007-08-28,12,7.159,16,a
2007-08-29,13,7.378,16.2,a
2007-08-30,10,6.75,16,a
2007-08-31,10,6.75,15.8,a
2007-09-01,9,6.559,15.5,a
2007-09-02,8,6.377,15.6,a
2007-09-03,8,6.377,15.5,a
2007-09-04,41,16.953,14.7,a
2007-09-05,60,26.981,13.3,a
2007-09-06,39,16.056,12.4,a
2007-09-07,30,12.415,11.9,a
2007-09-08,28,11.695,11.9,a
2007-09-09,26,11.009,12.3,a
2007-09-10,24,10.356,13.1,a
2007-09-11,49,20.848,13.5,a
2007-09-12,56,24.65,13,a
2007-09-13,42,17.413,12.5,a
2007-09-14,32,13.168,12.5,a
2007-09-15,28,11.695,12.8,a
2007-09-16,26,11.009,13.1,a
2007-09-17,25,10.678,13.4,a
2007-09-18,55,24.085,13.2,a
2007-09-19,150,103.007,12.4,a
2007-09-20,112,66.64,11.4,a
2007-09-21,90,47.879,11,a
2007-09-22,58,25.801,11,a
2007-09-23,50,21.369,11.1,a
2007-09-24,44,18.357,11.3,a
2007-09-25,41,16.953,11.5,a
2007-09-26,39,16.056,11.7,a
2007-09-27,118,72.143,11.6,a
2007-09-28,194,152.244,11.2,a
2007-09-29,196,154.753,10.6,a
2007-09-30,172,126.334,10.5,a
2007-10-01,141,94.037,11,a
2007-10-02,110,64.833,11.2,a
2007-10-03,97,53.545,11.4,a
2007-10-04,86,44.763,11.6,a
2007-10-05,80,40.274,12.2,a
2007-10-06,143,96.006,12.5,a
2007-10-07,176,130.831,11.5,a
2007-10-08,147,99.985,10.9,a
2007-10-09,123,76.806,10.9,a
2007-10-10,94,51.076,11.1,a
2007-10-11,82,41.746,11.2,a
2007-10-12,74,36.01,11.3,a
2007-10-13,67,31.33,11.4,a
2007-10-14,63,28.803,11.1,a
2007-10-15,57,25.222,10.5,a
2007-10-16,54,23.527,10.2,a
2007-10-17,50,21.369,10.3,a
2007-10-18,50,21.369,10.4,a
2007-10-19,64,29.425,10.1,a
2007-10-20,57,25.222,9.7,a
2007-10-21,52,22.434,9.3,a
2007-10-22,46,19.331,9.1,a
2007-10-23,56,24.65,9.2,a
2007-10-24,77,38.113,9.5,a
2007-10-25,80,40.274,9.7,a
2007-10-26,77,38.113,9.7,a
2007-10-27,124,77.745,9.7,a
2007-10-28,126,79.627,9.9,a
2007-10-29,120,74.001,9.8,a
2007-10-30,115,69.377,9.7,a
2007-10-31,112,66.64,9.6,a
2007-11-01,110,64.833,9.1,a
2007-11-02,100,56.071,8.8,a
2007-11-03,96,52.716,8.8,a
2007-11-04,91,48.667,9,a
2007-11-05,84,43.243,8.9,a
2007-11-06,80,40.274,8.7,a
2007-11-07,76,37.406,8.4,a
2007-11-08,71,33.964,8.4,a
2007-11-09,70,33.296,8.4,a
2007-11-10,69,32.634,8.1,a
2007-11-11,68,31.978,7.9,a
2007-11-12,64,29.425,7.9,a
2007-11-13,65,30.053,7.6,a
2007-11-14,64,29.425,7.4,a
2007-11-15,61,27.581,7.3,a
2007-11-16,58,25.801,7,a
2007-11-17,56,24.65,6.8,a
2007-11-18,53,22.977,6.7,a
2007-11-19,49,20.848,6.8,a
2007-11-20,49,20.848,6.8,a
2007-11-21,48,20.335,7,a
2007-11-22,46,19.331,7.3,a
2007-11-23,45,18.84,7.8,a
2007-11-24,46,19.331,8.4,a
2007-11-25,72,34.64,8.7,a
2007-11-26,87,45.533,8.4,a
2007-11-27,74,36.01,7.5,a
2007-11-28,68,31.978,6.8,a
2007-11-29,58,25.801,6.4,a
2007-11-30,57,25.222,6.1,a
2007-12-01,54,23.527,6.2,a
2007-12-02,51,21.898,6.8,a
2007-12-03,64,29.425,7.3,a
2007-12-04,85,44,7.3,a
2007-12-05,80,40.274,7.1,a
2007-12-06,70,33.296,6.9,a
2007-12-07,65,30.053,6.8,a
2007-12-08,94,51.076,7,a
2007-12-09,103,58.647,7.2,a
2007-12-10,98,54.381,7.4,a
2007-12-11,90,47.879,7.3,a
2007-12-12,83,42.491,7.1,a
2007-12-13,75,36.704,6.9,a
2007-12-14,68,31.978,6.5,a
2007-12-15,67,31.33,6,a
2007-12-16,64,29.425,5.8,a
2007-12-17,61,27.581,5.7,a
2007-12-18,57,25.222,5.3,a
2007-12-19,54,23.527,4.9,a
2007-12-20,51,21.898,4.6,a
2007-12-21,48,20.335,4.4,a
2007-12-22,48,20.335,4.4,a
2007-12-23,46,19.331,4.5,a
2007-12-24,45,18.84,4.7,a
2007-12-25,44,18.357,4.8,a
2007-12-26,43,17.881,4.9,a
2007-12-27,42,17.413,5,a
2007-12-28,40,16.501,5,a
2007-12-29,37,15.191,4.8,a
2007-12-30,38,15.62,4.6,a
2007-12-31,38,15.62,4.4,a
2008-01-01,36,14.456,4.3,a
2008-01-02,35,14.045,4.4,a
2008-01-03,34,13.635,4.4,a
2008-01-04,33,13.298,4.4,a
2008-01-05,33,13.029,4.4,a
2008-01-06,39,16.031,4.6,a
2008-01-07,75,37.185,5.4,a
2008-01-08,80,40.552,6.5,a
2008-01-09,77,37.823,6.7,a
2008-01-10,59,26.524,6.4,a
2008-01-11,61,27.341,6.4,a
2008-01-12,65,29.898,6.6,a
2008-01-13,86,44.439,7.1,a
2008-01-14,95,51.876,6.9,a
2008-01-15,94,51.375,6.9,a
2008-01-16,88,46.334,7.2,a
2008-01-17,114,69.875,7.3,a
2008-01-18,161,114.895,7.4,a
2008-01-19,157,110.002,7.5,a
2008-01-20,141,93.711,7.3,a
2008-01-21,117,71.448,7.1,a
2008-01-22,98,54.316,7.2,a
2008-01-23,91,48.662,6.8,a
2008-01-24,84,43.473,6.3,a
2008-01-25,76,37.315,6.1,a
2008-01-26,74,35.712,6,a
2008-01-27,70,33.339,5.9,a
2008-01-28,66,30.867,6.1,a
2008-01-29,63,28.576,6.4,a
2008-01-30,55,24.28,6,a
2008-01-31,58,25.863,6,a
2008-02-01,52,22.467,6.2,a
2008-02-02,53,22.762,6.4,a
2008-02-03,87,45.715,6.2,a
2008-02-04,105,61.131,5.9,a
2008-02-05,154,107.795,6.6,a
2008-02-06,143,96.295,7.1,a
2008-02-07,120,74.114,6.9,a
2008-02-08,104,59.401,6.5,a
2008-02-09,92,49.318,6.4,a
2008-02-10,86,44.996,6.4,a
2008-02-11,79,39.837,6.2,a
2008-02-12,76,37.587,6,a
2008-02-13,72,34.844,5.9,a
2008-02-14,63,28.78,5.7,a
2008-02-15,64,29.31,5.7,a
2008-02-16,61,27.271,5.6,a
2008-02-17,57,25.251,5.2,a
2008-02-18,54,23.392,5,a
2008-02-19,51,22.111,5.3,a
2008-02-20,48,20.557,5.6,a
2008-02-21,48,20.156,6,a
2008-02-22,46,19.435,6.2,a
2008-02-23,44,18.488,6.4,a
2008-02-24,43,17.735,6.7,a
2008-02-25,41,16.79,7.1,a
2008-02-26,40,16.442,7.3,a
2008-02-27,39,15.851,7.2,a
2008-02-28,38,15.315,7.2,a
2008-02-29,37,14.817,7.2,a
2008-03-01,36,14.475,7.3,a
2008-03-02,36,14.399,7.5,a
2008-03-03,35,13.877,7.7,a
2008-03-04,39,16.061,7.7,a
2008-03-05,53,23.114,6.7,a
2008-03-06,48,20.507,5.5,a
2008-03-07,45,18.814,5.2,a
2008-03-08,43,17.881,5.5,a
2008-03-09,45,18.724,6.6,a
2008-03-10,58,26.121,7.4,a
2008-03-11,85,44.022,7.8,a
2008-03-12,88,46.537,7.8,a
2008-03-13,81,41.253,8.5,a
2008-03-14,69,32.951,8.4,a
2008-03-15,63,28.823,8.1,a
2008-03-16,61,27.421,8.3,a
2008-03-17,106,61.835,8.3,a
2008-03-18,130,83.652,7.7,a
2008-03-19,137,90.327,7.1,a
2008-03-20,121,75.187,7.4,a
2008-03-21,101,57.24,7.2,a
2008-03-22,127,81.647,6.9,a
2008-03-23,154,107.255,6.6,a
2008-03-24,168,122.26,6.3,a
2008-03-25,150,102.663,6.6,a
2008-03-26,136,88.969,6.8,a
2008-03-27,132,84.948,7,a
2008-03-28,135,88.225,7.2,a
2008-03-29,147,99.693,7.8,a
2008-03-30,174,128.901,7.9,a
2008-03-31,167,120.974,8,a
2008-04-01,161,114.671,8.3,a
2008-04-02,156,109.356,8.2,a
2008-04-03,158,110.771,7.9,a
2008-04-04,146,98.866,8.4,a
2008-04-05,140,92.698,8.5,a
2008-04-06,130,83.681,8.7,a
2008-04-07,128,81.073,9,a
2008-04-08,125,78.863,8.8,a
2008-04-09,133,86.567,8.5,a
2008-04-10,132,85.425,9.2,a
2008-04-11,141,93.557,9.4,a
2008-04-12,178,134.115,9.6,a
2008-04-13,222,190.461,9,a
2008-04-14,209,172.188,9.3,a
2008-04-15,190,146.927,9.5,a
2008-04-16,168,121.617,9.4,a
2008-04-17,157,110.409,9.6,a
2008-04-18,153,106.492,9.8,a
2008-04-19,156,109.464,10.1,a
2008-04-20,155,107.954,10.4,a
2008-04-21,150,103.143,10.3,a
2008-04-22,166,120.447,10,a
2008-04-23,171,125.641,10.4,a
2008-04-24,158,111.22,10.7,a
2008-04-25,149,102.133,10.6,a
2008-04-26,145,97.584,10.5,a
2008-04-27,132,85.675,10.9,a
2008-04-28,121,74.46,11.2,a
2008-04-29,108,63.115,10.8,a
2008-04-30,106,61.128,10.6,a
2008-05-01,101,57.15,11,a
2008-05-02,105,60.428,11.3,a
2008-05-03,107,61.694,11.6,a
2008-05-04,102,57.67,11.7,a
2008-05-05,96,52.409,11.4,a
2008-05-06,92,49.333,11.2,a
2008-05-07,90,48.111,11.6,a
2008-05-08,86,44.995,12,a
2008-05-09,78,39.137,12.4,a
2008-05-10,76,37.306,12.7,a
2008-05-11,72,34.898,12.7,a
2008-05-12,66,30.551,12.5,a
2008-05-13,65,30.069,12.7,a
2008-05-14,61,27.774,13,a
2008-05-15,58,25.9,13.4,a
2008-05-16,56,24.369,13.7,a
2008-05-17,53,22.82,13.6,a
2008-05-18,52,22.415,13.4,a
2008-05-19,62,28.258,13.3,a
2008-05-20,111,66.813,12.7,a
2008-05-21,121,75.26,11.5,a
2008-05-22,102,58.09,11.7,a
2008-05-23,86,44.497,12.1,a
2008-05-24,83,42.743,12.4,a
2008-05-25,78,39.142,13,a
2008-05-26,65,30.249,13.5,a
2008-05-27,61,27.868,13.9,a
2008-05-28,55,24.06,14.4,a
2008-05-29,51,22.127,14.8,a
2008-05-30,50,21.471,14.9,a
2008-05-31,50,21.562,14.6,a
2008-06-01,47,19.645,14.6,a
2008-06-02,43,17.751,15.1,a
2008-06-03,52,22.458,14.7,a
2008-06-04,56,24.512,14.2,a
2008-06-05,86,45.813,13.9,a
2008-06-06,115,69.476,13,a
2008-06-07,99,55.447,13,a
2008-06-08,85,43.907,13.5,a
2008-06-09,75,36.57,13.6,a
2008-06-10,68,31.877,13.9,a
2008-06-11,61,27.457,14.5,a
2008-06-12,52,22.356,14.3,a
2008-06-13,62,28.421,13.4,a
2008-06-14,58,26.116,12.5,a
2008-06-15,69,33.101,12.5,a
2008-06-16,63,29.027,13.1,a
2008-06-17,72,36.242,13.1,a
2008-06-18,186,142.073,13,a
2008-06-19,174,128.839,12.8,a
2008-06-20,141,94.01,13,a
2008-06-21,121,75.586,13.5,a
2008-06-22,100,55.905,13.9,a
2008-06-23,87,45.204,14.2,a
2008-06-24,79,39.565,14.6,a
2008-06-25,73,35.629,14.8,a
2008-06-26,65,29.784,15,a
2008-06-27,66,30.788,15.5,a
2008-06-28,69,32.348,15.9,a
2008-06-29,60,26.707,16.1,a
2008-06-30,54,23.683,16.3,a
2008-07-01,46,19.458,16.5,a
2008-07-02,48,20.198,16.8,a
2008-07-03,46,19.436,17.1,a
2008-07-04,44,18.548,17.3,a
2008-07-05,45,18.709,17.4,a
2008-07-06,44,18.207,17.6,a
2008-07-07,48,20.201,17.6,a
2008-07-08,70,33.287,16.9,a
2008-07-09,60,27.287,15.9,a
2008-07-10,47,19.868,16.2,a
2008-07-11,43,17.915,17.2,a
2008-07-12,40,16.502,17.7,a
2008-07-13,39,16.068,17.7,a
2008-07-14,99,57.434,16.9,a
2008-07-15,103,59.183,15,a
2008-07-16,66,31.038,15,a
2008-07-17,58,25.585,15.4,a
2008-07-18,92,51.174,15.8,a
2008-07-19,101,57.413,14.9,a
2008-07-20,66,30.644,15.2,a
2008-07-21,153,108.388,14.8,a
2008-07-22,139,92.838,13.2,a
2008-07-23,111,65.805,13.1,a
2008-07-24,87,45.521,13.4,a
2008-07-25,68,32.148,14.3,a
2008-07-26,55,24.18,14.9,a
2008-07-27,59,26.384,15.7,a
2008-07-28,63,28.55,15.9,a
2008-07-29,49,20.978,16.2,a
2008-07-30,49,20.659,16.4,a
2008-07-31,46,19.261,16.4,a
2008-08-01,44,18.289,16.6,a
2008-08-02,44,18.577,16.4,a
2008-08-03,49,20.818,16.4,a
2008-08-04,50,21.441,16.3,a
2008-08-05,39,16.025,16.9,a
2008-08-06,52,22.742,16.9,a
2008-08-07,55,24.161,16.4,a
2008-08-08,60,27.733,16.2,a
2008-08-09,83,42.433,15.4,a
2008-08-10,80,40.739,15,a
2008-08-11,59,26.425,15.1,a
2008-08-12,52,22.619,15.6,a
2008-08-13,45,19.014,16.1,a
2008-08-14,50,21.62,16.3,a
2008-08-15,48,20.082,16.2,a
2008-08-16,107,65.183,15.7,a
2008-08-17,97,53.812,14.9,a
2008-08-18,78,39.263,15,a
2008-08-19,57,25.385,15.6,a
2008-08-20,52,22.556,15.9,a
2008-08-21,48,20.319,16.2,a
2008-08-22,45,18.631,16.6,a
2008-08-23,46,19.195,16.6,a
2008-08-24,132,86.969,15.6,a
2008-08-25,136,89.65,14.3,a
2008-08-26,103,58.783,14.1,a
2008-08-27,75,36.615,14.5,a
2008-08-28,59,26.23,14.8,a
2008-08-29,54,23.266,15.1,a
2008-08-30,48,20.214,15.3,a
2008-08-31,44,18.319,15.5,a
2008-09-01,39,16.003,15.4,a
2008-09-02,39,15.95,15.3,a
2008-09-03,38,15.651,15.6,a
2008-09-04,36,14.575,16,a
2008-09-05,38,15.665,16.2,a
2008-09-06,45,18.648,16.3,a
2008-09-07,45,19.05,16.2,a
2008-09-08,41,17.099,15.9,a
2008-09-09,38,15.462,15.9,a
2008-09-10,36,14.371,16.1,a
2008-09-11,34,13.784,16,a
2008-09-12,33,13.354,16.1,a
2008-09-13,35,13.863,15.8,a
2008-09-14,40,16.581,14.9,a
2008-09-15,42,17.433,13.9,a
2008-09-16,41,17.139,13.2,a
2008-09-17,37,15.191,13.1,a
2008-09-18,35,13.887,13.2,a
2008-09-19,33,13.058,13.2,a
2008-09-20,32,12.592,13.2,a
2008-09-21,31,12.166,13.3,a
2008-09-22,26,10.595,13.1,a
2008-09-23,28,11.279,13.1,a
2008-09-24,28,11.24,13,a
2008-09-25,27,10.915,12.9,a
2008-09-26,27,10.731,12.8,a
2008-09-27,26,10.425,12.6,a
2008-09-28,25,10.149,12.5,a
2008-09-29,25,10.07,12.4,a
2008-09-30,24,9.747,12.3,a
2008-10-01,23,9.44,12.3,a
2008-10-02,23,9.406,12.4,a
2008-10-03,22,9.142,12.5,a
2008-10-04,26,10.291,12.4,a
2008-10-05,25,9.933,12.2,a
2008-10-06,23,9.393,12,a
2008-10-07,20,8.534,12,a
2008-10-08,21,8.81,12.3,a
2008-10-09,21,8.79,12.4,a
2008-10-10,21,8.697,12.7,a
2008-10-11,19,8.302,12.8,a
2008-10-12,19,8.207,12.8,a
2008-10-13,19,8.12,12.8,a
2008-10-14,18,7.835,12.7,a
2008-10-15,16,7.407,12.7,a
2008-10-16,16,7.312,12.5,a
2008-10-17,62,31.032,12.5,a
2008-10-18,83,42.406,11.4,a
2008-10-19,61,27.466,10.9,a
2008-10-20,48,20.586,10.7,a
2008-10-21,36,14.398,10.8,a
2008-10-22,33,12.935,10.9,a
2008-10-23,28,11.329,11,a
2008-10-24,25,10.001,11,a
2008-10-25,25,9.964,11,a
2008-10-26,24,9.74,10.8,a
2008-10-27,23,9.427,10.5,a
2008-10-28,31,12.611,10.7,a
2008-10-29,83,43.377,11.2,a
2008-10-30,93,50.156,11.8,a
2008-10-31,110,65.029,10.8,a
2008-11-01,160,114.939,10.9,a
2008-11-02,171,125.428,10.9,a
2008-11-03,146,98.898,10.7,a
2008-11-04,112,66.445,10.5,a
2008-11-05,108,62.918,10.7,a
2008-11-06,110,64.404,11,a
2008-11-07,113,67.912,10.9,a
2008-11-08,113,67.683,10.7,a
2008-11-09,103,58.903,10.5,a
2008-11-10,101,56.502,10.2,a
2008-11-11,92,49.512,10.2,a
2008-11-12,87,45.668,10.3,a
2008-11-13,88,46.426,10.3,a
2008-11-14,135,88.157,10.2,a
2008-11-15,121,75.19,10.1,a
2008-11-16,102,58.249,9.7,a
2008-11-17,91,48.633,9.4,a
2008-11-18,82,41.407,9,a
2008-11-19,72,34.458,8.3,a
2008-11-20,68,32.053,8.1,a
2008-11-21,62,27.903,8.7,a
2008-11-22,68,31.757,8.7,a
2008-11-23,64,29.318,7.5,a
2008-11-24,60,27.106,6.8,a
2008-11-25,60,26.733,6.8,a
2008-11-26,60,27.106,7,a
2008-11-27,60,27.194,7.1,a
2008-11-28,58,25.73,6.6,a
2008-11-29,57,25.246,5.9,a
2008-11-30,98,59.193,6,a
2008-12-01,182,138.464,6.9,a
2008-12-02,217,183.424,7.4,a
2008-12-03,222,189.646,7.6,a
2008-12-04,209,172.059,7.3,a
2008-12-05,210,174.583,7.1,a
2008-12-06,229,200.386,7.6,a
2008-12-07,215,179.521,7.5,a
2008-12-08,200,159.462,7.2,a
2008-12-09,185,141.569,7,a
2008-12-10,171,125.591,6.9,a
2008-12-11,227,200.693,6.9,a
2008-12-12,250,235.295,7.2,a
2008-12-13,241,219.945,7.1,a
2008-12-14,230,203.05,6.9,a
2008-12-15,221,188.343,6.8,a
2008-12-16,217,182.194,6.8,a
2008-12-17,222,189.82,7,a
2008-12-18,218,184.547,7,a
2008-12-19,211,174.646,6.9,a
2008-12-20,202,162.105,6.7,a
2008-12-21,191,148.16,6.4,a
2008-12-22,178,133.247,6.3,a
2008-12-23,168,121.599,6.3,a
2008-12-24,156,108.74,6.2,a
2008-12-25,154,107.177,6.1,a
2008-12-26,151,104.469,5.8,a
2008-12-27,149,101.703,5.6,a
2008-12-28,146,99.298,5.5,a
2008-12-29,143,96.085,5.5,a
2008-12-30,145,97.617,5.5,a
2008-12-31,144,96.48,5.2,a
2009-01-01,143,95.677,4.5,a
2009-01-02,141,94.447,4.5,a
2009-01-03,140,93.282,4.4,a
2009-01-04,139,91.573,4.5,a
2009-01-05,137,90.338,4.2,a
2009-01-06,136,89.269,4.1,a
2009-01-07,133,85.985,4,a
2009-01-08,131,84.052,3.9,a
2009-01-09,117,71.26,3.5,a
2009-01-10,78,39.067,2.9,a
2009-01-11,74,35.983,2.5,a
2009-01-12,71,33.758,2.6,a
2009-01-13,66,30.944,2.7,a
2009-01-14,65,29.779,2.9,a
2009-01-15,61,27.65,2.9,a
2009-01-16,58,25.66,3.1,a
2009-01-17,60,26.981,3.3,a
2009-01-18,62,28.189,3.5,a
2009-01-19,72,34.847,3.6,a
2009-01-20,90,47.879,4,a
2009-01-21,201,132.193,4.3,a
2009-01-22,207,169.44,4.6,a
2009-01-23,186,143.039,4.8,a
2009-01-24,161,113.96,5,a
2009-01-25,143,96.463,5.2,a
2009-01-26,131,84.581,5.3,a
2009-01-27,125,78.537,5.3,a
2009-01-28,137,90.34,5.2,a
2009-01-29,126,79.27,5.1,a
2009-01-30,123,76.997,5.1,a
2009-01-31,113,67.913,5.1,a
2009-02-01,107,62.313,5,a
2009-02-02,93,51.179,4.9,a
2009-02-03,97,53.655,4.9,a
2009-02-04,100,56.311,4.7,a
2009-02-05,140,93.702,4.7,a
2009-02-06,191,149.654,4.9,a
2009-02-07,222,190.365,5.3,a
2009-02-08,232,205.99,5.4,a
2009-02-09,226,196.296,5.5,a
2009-02-10,214,178.138,5.5,a
2009-02-11,211,174.186,5.5,a
2009-02-12,199,158.447,5.6,a
2009-02-13,180,135.873,5.5,a
2009-02-14,167,120.982,5.5,a
2009-02-15,159,112.515,5.4,a
2009-02-16,152,104.948,5.2,a
2009-02-17,147,99.658,5.2,a
2009-02-18,145,98.239,5,a
2009-02-19,143,95.596,4.8,a
2009-02-20,140,92.651,4.7,a
2009-02-21,137,90.44,4.7,a
2009-02-22,135,88.364,4.7,a
2009-02-23,130,83.327,4.6,a
2009-02-24,107,62.693,4.7,a
2009-02-25,94,51.342,4.7,a
2009-02-26,89,47.063,4.7,a
2009-02-27,85,43.943,4.8,a
2009-02-28,78,38.557,4.9,a
2009-03-01,78,38.709,5.1,a
2009-03-02,79,39.188,5.2,a
2009-03-03,82,42.044,5.4,a
2009-03-04,81,41.224,5.5,a
2009-03-05,184,143.493,5.7,a
2009-03-06,209,171.875,5.9,a
2009-03-07,181,137.01,6.2,a
2009-03-08,149,102.341,6.4,a
2009-03-09,129,82.179,6.5,a
2009-03-10,111,65.943,6.4,a
2009-03-11,104,59.232,6.4,a
2009-03-12,94,50.906,6.4,a
2009-03-13,88,46.622,6.4,a
2009-03-14,83,42.46,6.5,a
2009-03-15,80,40.049,6.6,a
2009-03-16,75,36.636,6.7,a
2009-03-17,73,35.539,6.9,a
2009-03-18,68,31.906,7.1,a
2009-03-19,67,31.399,7.1,a
2009-03-20,65,29.793,6.9,a
2009-03-21,62,28.102,6.6,a
2009-03-22,60,26.847,6.6,a
2009-03-23,58,25.694,6.7,a
2009-03-24,54,23.29,7,a
2009-03-25,54,23.493,6.8,a
2009-03-26,53,23.002,6.6,a
2009-03-27,51,22.043,6.8,a
2009-03-28,50,21.228,7.1,a
2009-03-29,95,61.19,7.4,a
2009-03-30,260,255.585,7.5,a
2009-03-31,254,243.606,7.5,a
2009-04-01,242,222.353,7.6,a
2009-04-02,240,219.194,7.7,a
2009-04-03,245,227.165,7.8,a
2009-04-04,232,205.637,8,a
2009-04-05,216,181.566,8.4,a
2009-04-06,197,156.078,8.7,a
2009-04-07,176,130.585,9,a
2009-04-08,157,109.802,9.1,a
2009-04-09,153,106.281,9.3,a
2009-04-10,147,100.078,9.6,a
2009-04-11,144,96.482,9.9,a
2009-04-12,139,92.082,10.3,a
2009-04-13,136,89.07,10.8,a
2009-04-14,128,81.24,11,a
2009-04-15,99,55.699,10.8,a
2009-04-16,86,44.679,10.8,a
2009-04-17,81,41.24,10.7,a
2009-04-18,78,38.788,11,a
2009-04-19,74,36.186,11,a
2009-04-20,73,35.238,10.8,a
2009-04-21,72,34.687,10.8,a
2009-04-22,71,33.635,10.8,a
2009-04-23,80,41.098,11.1,a
2009-04-24,113,67.309,10.2,a
2009-04-25,100,56.3,10.3,a
2009-04-26,91,48.904,10.8,a
2009-04-27,80,40.602,10.9,a
2009-04-28,81,41.093,11,a
2009-04-29,103,59.736,10.8,a
2009-04-30,128,81.586,10.5,a
2009-05-01,116,69.999,10.4,a
2009-05-02,100,55.744,10.6,a
2009-05-03,87,45.217,10.8,a
2009-05-04,82,41.385,10.8,a
2009-05-05,74,35.931,10.9,a
2009-05-06,71,33.983,11,a
2009-05-07,67,31.041,11.1,a
2009-05-08,59,26.592,11.6,a
2009-05-09,59,26.217,12,a
2009-05-10,56,24.854,12.2,a
2009-05-11,54,23.576,12.3,a
2009-05-12,52,22.379,12.7,a
2009-05-13,50,21.327,12.8,a
2009-05-14,48,20.074,12.9,a
2009-05-15,45,18.752,12.9,a
2009-05-16,45,18.619,12.8,a
2009-05-17,43,17.922,12.9,a
2009-05-18,40,16.316,13.2,a
2009-05-19,41,16.872,13.7,a
2009-05-20,39,16.041,14,a
2009-05-21,37,15.116,14.3,a
2009-05-22,36,14.418,15.2,a
2009-05-23,35,13.868,15.7,a
2009-05-24,34,13.362,15.8,a
2009-05-25,31,12.5,16.3,a
2009-05-26,32,12.686,16.7,a
2009-05-27,34,13.857,15.9,a
2009-05-28,37,14.912,15.4,a
2009-05-29,32,12.639,15,a
2009-05-30,30,11.793,14.5,a
2009-05-31,45,18.75,14.2,a
2009-06-01,46,19.512,13.5,a
2009-06-02,33,13.126,13.7,a
2009-06-03,31,12.3,14.2,a
2009-06-04,31,12.317,14.5,a
2009-06-05,31,12.452,14.3,a
2009-06-06,37,14.864,14.3,a
2009-06-07,44,18.81,14.1,a
2009-06-08,48,20.516,14.1,a
2009-06-09,34,13.456,14.6,a
2009-06-10,32,12.652,14.7,a
2009-06-11,31,12.321,14.8,a
2009-06-12,32,12.775,15.2,a
2009-06-13,30,12.001,15.5,a
2009-06-14,28,11.109,16,a
2009-06-15,26,10.5,16.4,a
2009-06-16,25,10.15,16.8,a
2009-06-17,35,13.982,16.7,a
2009-06-18,31,12.123,16.6,a
2009-06-19,26,10.518,16.9,a
2009-06-20,77,44.964,15.7,a
2009-06-21,95,53.165,12.7,a
2009-06-22,65,30.035,12.2,a
2009-06-23,53,22.859,11.7,a
2009-06-24,58,25.864,12.1,a
2009-06-25,66,30.798,12.9,a
2009-06-26,50,21.514,14.1,a
2009-06-27,46,19.501,14.8,a
2009-06-28,46,19.543,14.9,a
2009-06-29,52,22.616,15.1,a
2009-06-30,47,19.938,15.1,a
2009-07-01,36,14.481,15.4,a
2009-07-02,34,13.629,15.7,a
2009-07-03,34,13.705,16.2,a
2009-07-04,31,12.171,16.7,a
2009-07-05,28,11.268,17,a
2009-07-06,29,11.678,16.8,a
2009-07-07,51,22.594,16.1,a
2009-07-08,155,110.484,14.3,a
2009-07-09,144,97.257,12.8,a
2009-07-10,131,84.988,13.1,a
2009-07-11,108,63.207,12.7,a
2009-07-12,85,44.048,12.9,a
2009-07-13,64,29.738,13.5,a
2009-07-14,51,22.046,14.4,a
2009-07-15,44,18.123,15.3,a
2009-07-16,41,16.712,15.9,a
2009-07-17,37,15.159,16.3,a
2009-07-18,78,42.537,15.9,a
2009-07-19,87,45.911,14.3,a
2009-07-20,62,28.593,13.7,a
2009-07-21,52,22.562,14,a
2009-07-22,41,17.065,14.9,a
2009-07-23,39,16.089,15.7,a
2009-07-24,37,15.057,16.3,a
2009-07-25,36,14.361,16.1,a
2009-07-26,34,13.61,15.8,a
2009-07-27,31,12.213,15.7,a
2009-07-28,31,12.325,15.7,a
2009-07-29,30,11.999,16,a
2009-07-30,29,11.477,16.4,a
2009-07-31,28,11.145,16.7,a
2009-08-01,27,10.702,16.9,a
2009-08-02,26,10.353,17.1,a
2009-08-03,25,10.062,16.9,a
2009-08-04,28,11.169,16.7,a
2009-08-05,25,10.003,16.5,a
2009-08-06,21,8.678,16.8,a
2009-08-07,22,9.064,16.9,a
2009-08-08,21,8.828,17.2,a
2009-08-09,20,8.511,17.6,a
2009-08-10,19,8.279,17.8,a
2009-08-11,20,8.567,18,a
2009-08-12,19,8.279,17.8,a
2009-08-13,18,7.892,17.9,a
2009-08-14,18,7.813,17.8,a
2009-08-15,16,7.5,18,a
2009-08-16,14,7.013,18.3,a
2009-08-17,13,6.737,18.5,a
2009-08-18,12,6.538,18.6,a
2009-08-19,12,6.469,18.8,a
2009-08-20,11,6.298,19.1,a
2009-08-21,11,6.254,19.3,a
2009-08-22,14,7.121,19.4,a
2009-08-23,18,7.868,19.1,a
2009-08-24,13,6.632,18.7,a
2009-08-25,10,6.119,18.6,a
2009-08-26,9,5.927,18.6,a
2009-08-27,9,5.816,18.8,a
2009-08-28,8,5.682,19,a
2009-08-29,14,7.007,18.6,a
2009-08-30,18,8.005,17.8,a
2009-08-31,13,6.61,17.4,a
2009-09-01,10,6.14,17.4,a
2009-09-02,9,5.87,17.5,a
2009-09-03,9,5.85,17.6,a
2009-09-04,8,5.752,17.4,a
2009-09-05,12,6.494,16.6,a
2009-09-06,11,6.212,16,a
2009-09-07,8,5.758,15.9,a
2009-09-08,7,5.553,15.8,a
2009-09-09,7,5.453,15.5,a
2009-09-10,6,5.366,15.7,a
2009-09-11,6,5.348,15.5,a
2009-09-12,7,5.411,15.5,a
2009-09-13,6,5.334,15.6,a
2009-09-14,6,5.268,15.2,a
2009-09-15,12,6.506,15.2,a
2009-09-16,12,6.547,15.3,a
2009-09-17,38,15.493,15.4,a
2009-09-18,25,10.165,14.9,a
2009-09-19,18,7.847,15.1,a
2009-09-20,15,7.202,15.1,a
2009-09-21,10,6.154,15.4,a
2009-09-22,10,6.056,15.5,a
2009-09-23,9,5.898,15.4,a
2009-09-24,8,5.735,15.3,a
2009-09-25,8,5.678,15.3,a
2009-09-26,7,5.528,15.3,a
2009-09-27,6,5.39,15,a
2009-09-28,6,5.334,14.9,a
2009-09-29,6,5.327,14.8,a
2009-09-30,6,5.284,14.6,a
2009-10-01,5,5.165,14.7,a
2009-10-02,9,5.931,14.5,a
2009-10-03,10,5.992,14,a
2009-10-04,7,5.565,13.7,a
2009-10-05,7,5.446,13.5,a
2009-10-06,7,5.484,13.8,a
2009-10-07,6,5.337,14.1,a
2009-10-08,5,5.221,14.5,a
2009-10-09,5,5.175,14.7,a
2009-10-10,16,7.799,14.5,a
2009-10-11,22,9.03,14.4,a
2009-10-12,30,11.921,13.7,a
2009-10-13,66,30.812,12.1,a
2009-10-14,64,29.388,10.4,a
2009-10-15,41,17.031,10,a
2009-10-16,29,11.394,9.7,a
2009-10-17,18,7.937,9.5,a
2009-10-18,17,7.693,9.2,a
2009-10-19,15,7.248,9,a
2009-10-20,14,6.863,8.7,a
2009-10-21,12,6.506,8.7,a
2009-10-22,20,8.809,9.3,a
2009-10-23,50,21.492,9.4,a
2009-10-24,66,31.297,10,a
2009-10-25,62,28.468,10.4,a
2009-10-26,46,19.547,10.5,a
2009-10-27,40,16.467,10.5,a
2009-10-28,34,13.807,10.4,a
2009-10-29,28,11.309,10.2,a
2009-10-30,26,10.516,9.8,a
2009-10-31,23,9.553,9.1,a
2009-11-01,21,8.768,8.5,a
2009-11-02,20,8.493,7.9,a
2009-11-03,65,32.827,7.4,a
2009-11-04,87,45.859,7.6,a
2009-11-05,113,67.565,8.4,a
2009-11-06,148,101.774,8.8,a
2009-11-07,166,119.697,8.8,a
2009-11-08,139,92.426,8.7,a
2009-11-09,128,81.166,8.6,a
2009-11-10,125,78.542,8.7,a
2009-11-11,102,57.99,8.7,a
2009-11-12,97,53.334,8.4,a
2009-11-13,71,34.612,8.1,a
2009-11-14,67,31.008,8.5,a
2009-11-15,60,27.089,9.1,a
2009-11-16,56,24.723,9.4,a
2009-11-17,56,24.556,9.6,a
2009-11-18,54,23.772,9.6,a
2009-11-19,52,22.38,9.3,a
2009-11-20,49,20.873,8.9,a
2009-11-21,46,19.385,8.6,a
2009-11-22,44,18.299,8.3,a
2009-11-23,39,16.065,8.6,a
2009-11-24,45,18.824,8.9,a
2009-11-25,49,20.57,9,a
2009-11-26,46,19.251,9,a
2009-11-27,50,21.718,9.2,a
2009-11-28,92,50.366,9.3,a
2009-11-29,105,60.151,9.1,a
2009-11-30,96,53.099,9.1,a
2009-12-01,155,108.901,9.4,a
2009-12-02,143,96.026,8.8,a
2009-12-03,127,80.983,8.5,a
2009-12-04,105,60.181,8.2,a
2009-12-05,102,57.775,8,a
2009-12-06,93,50.61,7.9,a
2009-12-07,88,45.961,8,a
2009-12-08,109,66.288,8.3,a
2009-12-09,207,168.507,8.1,a
2009-12-10,192,149.977,7.7,a
2009-12-11,170,124.189,7.7,a
2009-12-12,154,107.499,7.6,a
2009-12-13,139,92.264,7,a
2009-12-14,118,71.892,6.5,a
2009-12-15,99,55.218,6.1,a
2009-12-16,94,51.74,6,a
2009-12-17,86,44.634,5.8,a
2009-12-18,75,36.742,5.3,a
2009-12-19,73,35.365,5.1,a
2009-12-20,71,33.983,4.6,a
2009-12-21,67,31.068,4.1,a
2009-12-22,99,57.647,4.7,a
2009-12-23,220,189.593,5.4,a
2009-12-24,234,208.875,6.7,a
2009-12-25,244,225.968,7.4,a
2009-12-26,244,224.954,7.6,a
2009-12-27,234,208.321,7.4,a
2009-12-28,222,189.978,6.9,a
2009-12-29,210,173.323,6.9,a
2009-12-30,197,156.243,7,a
2009-12-31,192,149.697,7.2,a
2010-01-01,197,155.847,7.4,a
2010-01-02,198,156.782,7.4,a
2010-01-03,196,155.414,7,a
2010-01-04,185,141.674,6.4,a
2010-01-05,170,124.21,6.4,a
2010-01-06,165,118.493,6.2,a
2010-01-07,159,112.25,6.2,a
2010-01-08,155,108.466,5.8,a
2010-01-09,153,106.62,5.4,a
2010-01-10,153,105.722,5.6,a
2010-01-11,151,104.024,5.5,a
2010-01-12,151,104.022,5.3,a
2010-01-13,151,103.515,5.1,a
2010-01-14,149,102.459,5,a
2010-01-15,148,100.655,4.8,a
2010-01-16,146,98.654,4.7,a
2010-01-17,145,97.575,4.6,a
2010-01-18,143,96.13,4.4,a
2010-01-19,141,94.447,4.3,a
2010-01-20,137,90.709,4.2,a
2010-01-21,138,90.661,4,a
2010-01-22,135,88.566,4,a
2010-01-23,129,82.754,4.1,a
2010-01-24,96,53.607,4,a
2010-01-25,82,41.479,4,a
2010-01-26,75,36.833,4,a
2010-01-27,72,34.841,3.9,a
2010-01-28,70,33.022,3.7,a
2010-01-29,63,28.945,3.6,a
2010-01-30,65,29.818,3.7,a
2010-01-31,62,28.294,3.8,a
2010-02-01,59,26.294,3.9,a
2010-02-02,55,24.276,3.8,a
2010-02-03,52,22.683,3.6,a
2010-02-04,51,21.745,3.7,a
2010-02-05,54,23.41,4.2,a
2010-02-06,96,53.973,4.4,a
2010-02-07,101,56.874,4.3,a
2010-02-08,94,51.127,4.4,a
2010-02-09,79,39.532,4.4,a
2010-02-10,76,37.263,4.4,a
2010-02-11,71,34.053,4,a
2010-02-12,64,29.756,4,a
2010-02-13,63,28.522,4.4,a
2010-02-14,61,27.408,4.6,a
2010-02-15,59,26.143,4.6,a
2010-02-16,57,25.487,4.7,a
2010-02-17,58,25.986,4.9,a
2010-02-18,61,27.634,5.2,a
2010-02-19,111,68.89,5.2,a
2010-02-20,244,226.618,4.5,a
2010-02-21,242,221.507,4.6,a
2010-02-22,227,198.592,4.8,a
2010-02-23,217,183.611,4.9,a
2010-02-24,213,177.68,5.1,a
2010-02-25,209,172.575,5.3,a
2010-02-26,216,183.084,5.5,a
2010-02-27,239,217.687,5.5,a
2010-02-28,230,202.66,5.8,a
2010-03-01,225,194.935,6.2,a
2010-03-02,219,185.796,6.5,a
2010-03-03,208,170.187,6.5,a
2010-03-04,196,154.79,6.4,a
2010-03-05,179,134.893,6.3,a
2010-03-06,164,117.972,6.1,a
2010-03-07,158,111.421,6,a
2010-03-08,151,104.074,5.9,a
2010-03-09,146,98.949,5.6,a
2010-03-10,143,96.46,5.1,a
2010-03-11,141,93.752,4.8,a
2010-03-12,137,89.776,5,a
2010-03-13,125,79.012,4.9,a
2010-03-14,100,56.019,4.8,a
2010-03-15,101,56.915,5,a
2010-03-16,91,48.78,5.1,a
2010-03-17,93,50.58,5.2,a
2010-03-18,90,47.761,5.4,a
2010-03-19,105,60.553,5.7,a
2010-03-20,115,69.276,6,a
2010-03-21,116,70.488,6.3,a
2010-03-22,118,72.338,6.4,a
2010-03-23,128,81.61,6.6,a
2010-03-24,125,78.691,6.9,a
2010-03-25,123,76.927,7.2,a
2010-03-26,117,71.221,7.4,a
2010-03-27,114,68.502,7.5,a
2010-03-28,111,66.118,7.6,a
2010-03-29,106,60.911,7.9,a
2010-03-30,100,56.293,8.1,a
2010-03-31,111,65.752,8.1,a
2010-04-01,160,113.577,7.9,a
2010-04-02,168,122.291,8,a
2010-04-03,161,114.356,7.9,a
2010-04-04,143,96.503,8.3,a
2010-04-05,140,93.4,8.4,a
2010-04-06,139,91.846,8.4,a
2010-04-07,130,83.781,8.6,a
2010-04-08,122,76.385,8.8,a
2010-04-09,109,64.393,9,a
2010-04-10,107,61.9,9.2,a
2010-04-11,102,58.185,8.9,a
2010-04-12,98,54.141,8.6,a
2010-04-13,91,48.934,8.4,a
2010-04-14,93,49.933,8.8,a
2010-04-15,89,47.42,9.2,a
2010-04-16,85,44.323,9.7,a
2010-04-17,81,40.981,10,a
2010-04-18,78,39.037,9.9,a
2010-04-19,74,36.204,9.6,a
2010-04-20,73,35.523,10.1,a
2010-04-21,70,33.549,10.4,a
2010-04-22,68,31.926,10.2,a
2010-04-23,62,28.193,9.7,a
2010-04-24,61,27.835,10.1,a
2010-04-25,59,26.389,10.6,a
2010-04-26,57,25.081,10.9,a
2010-04-27,56,24.415,11.4,a
2010-04-28,50,21.277,11.6,a
2010-04-29,50,21.611,11.7,a
2010-04-30,49,20.763,12,a
2010-05-01,48,20.082,12.4,a
2010-05-02,46,19.311,12.3,a
2010-05-03,51,21.776,11.9,a
2010-05-04,72,34.802,11.3,a
2010-05-05,97,54.142,10.9,a
2010-05-06,119,73.87,10.8,a
2010-05-07,126,79.435,10.6,a
2010-05-08,110,64.962,10.3,a
2010-05-09,100,55.819,10.5,a
2010-05-10,87,45.718,10.8,a
2010-05-11,80,40.024,10.7,a
2010-05-12,78,39.127,11,a
2010-05-13,88,46.785,11.1,a
2010-05-14,112,66.797,11,a
2010-05-15,126,79.581,10.7,a
2010-05-16,141,94.855,10.3,a
2010-05-17,126,79.857,10.5,a
2010-05-18,106,61.64,10.7,a
2010-05-19,96,52.468,10.7,a
2010-05-20,88,46.3,11,a
2010-05-21,85,44.068,10.9,a
2010-05-22,80,40.161,11,a
2010-05-23,76,37.234,11.5,a
2010-05-24,68,31.927,11.9,a
2010-05-25,68,32.203,12.4,a
2010-05-26,61,27.873,12.8,a
2010-05-27,58,26.046,12.9,a
2010-05-28,55,24.205,13.1,a
2010-05-29,53,23.099,13.1,a
2010-05-30,60,27.333,13,a
2010-05-31,129,83.58,12.1,a
2010-06-01,133,86.616,11.3,a
2010-06-02,104,59.703,11.2,a
2010-06-03,88,46.534,11.4,a
2010-06-04,84,43.156,11.9,a
2010-06-05,71,34.443,12.4,a
2010-06-06,69,32.56,13.1,a
2010-06-07,64,29.457,13.6,a
2010-06-08,60,27.109,14,a
2010-06-09,57,25.129,14.3,a
2010-06-10,53,22.737,14.4,a
2010-06-11,51,22.011,14.5,a
2010-06-12,49,20.658,14.8,a
2010-06-13,47,20.019,15.2,a
2010-06-14,46,19.209,15.4,a
2010-06-15,44,18.538,15.2,a
2010-06-16,55,24.437,15,a
2010-06-17,68,32.301,14.7,a
2010-06-18,80,40.862,14.2,a
2010-06-19,70,33.272,13.9,a
2010-06-20,131,86.22,13.5,a
2010-06-21,160,113.265,12.3,a
2010-06-22,136,89.163,12.3,a
2010-06-23,103,58.67,12.7,a
2010-06-24,87,45.558,13.2,a
2010-06-25,77,38.196,13.6,a
2010-06-26,70,33.167,13.9,a
2010-06-27,67,31.636,14,a
2010-06-28,61,27.447,14.3,a
2010-06-29,57,25.519,14.6,a
2010-06-30,55,23.995,14.9,a
2010-07-01,52,22.531,15.1,a
2010-07-02,50,21.437,15.4,a
2010-07-03,48,20.316,15.7,a
2010-07-04,48,20.305,15.9,a
2010-07-05,47,20.085,15.9,a
2010-07-06,48,20.7,15.8,a
2010-07-07,51,21.818,15.6,a
2010-07-08,47,19.667,15.7,a
2010-07-09,42,17.231,16,a
2010-07-10,41,17.049,16.4,a
2010-07-11,41,16.802,16.9,a
2010-07-12,40,16.271,17.2,a
2010-07-13,38,15.641,17.6,a
2010-07-14,37,15.155,17.9,a
2010-07-15,36,14.661,18.3,a
2010-07-16,36,14.428,18.6,a
2010-07-17,36,14.297,18.7,a
2010-07-18,36,14.504,18.6,a
2010-07-19,37,15.307,18,a
2010-07-20,32,12.898,17.5,a
2010-07-21,32,12.635,17.6,a
2010-07-22,31,12.258,18.1,a
2010-07-23,29,11.728,18.5,a
2010-07-24,31,12.336,18.1,a
2010-07-25,30,12.009,17.8,a
2010-07-26,28,11.186,17.4,a
2010-07-27,27,10.815,17.2,a
2010-07-28,27,10.907,17.3,a
2010-07-29,35,14.555,17.1,a
2010-07-30,74,36.662,15.7,a
2010-07-31,76,37.777,14.3,a
2010-08-01,60,27.085,14.3,a
2010-08-02,46,19.239,14.9,a
2010-08-03,38,15.506,15.7,a
2010-08-04,35,14.27,16.3,a
2010-08-05,35,13.896,16.1,a
2010-08-06,46,19.556,15.9,a
2010-08-07,64,29.971,15.3,a
2010-08-08,45,19.176,15.2,a
2010-08-09,37,14.821,15.7,a
2010-08-10,32,12.729,16.3,a
2010-08-11,28,11.224,16.9,a
2010-08-12,27,10.74,17.3,a
2010-08-13,33,13.585,17.1,a
2010-08-14,62,28.444,15.7,a
2010-08-15,71,34.298,15.5,a
2010-08-16,71,34.008,15.1,a
2010-08-17,47,19.991,14.7,a
2010-08-18,39,16.086,14.8,a
2010-08-19,32,12.692,15.1,a
2010-08-20,30,12.076,15.3,a
2010-08-21,27,10.717,15.7,a
2010-08-22,25,10.109,16.2,a
2010-08-23,22,9.061,16.8,a
2010-08-24,21,8.844,17.1,a
2010-08-25,37,15.232,17,a
2010-08-26,30,12.106,16.6,a
2010-08-27,25,10.168,16.9,a
2010-08-28,27,10.731,16.9,a
2010-08-29,38,15.49,16.4,a
2010-08-30,35,14.17,15.4,a
2010-08-31,41,16.871,14.2,a
2010-09-01,34,13.813,14,a
2010-09-02,25,10.125,14,a
2010-09-03,23,9.255,13.8,a
2010-09-04,21,8.685,14,a
2010-09-05,26,10.577,14.2,a
2010-09-06,26,10.367,14,a
2010-09-07,31,12.359,13.5,a
2010-09-08,79,44.17,13.3,a
2010-09-09,188,145.44,12.7,a
2010-09-10,151,104.731,12.8,a
2010-09-11,113,67.923,12.6,a
2010-09-12,74,36.652,12.7,a
2010-09-13,59,26.406,12.7,a
2010-09-14,45,19.184,13.1,a
2010-09-15,43,17.71,13.4,a
2010-09-16,39,15.903,13.5,a
2010-09-17,151,111.223,14.1,a
2010-09-18,274,281.977,13.1,a
2010-09-19,304,343.766,12.4,a
2010-09-20,290,315.054,12.6,a
2010-09-21,279,290.612,12.6,a
2010-09-22,266,265.696,12.6,a
2010-09-23,252,240.088,12.8,a
2010-09-24,237,214.861,13,a
2010-09-25,235,211.806,12.9,a
2010-09-26,234,208.361,12.5,a
2010-09-27,226,196.507,12.4,a
2010-09-28,222,190.358,12.2,a
2010-09-29,215,179.586,12.4,a
2010-09-30,205,165.945,12.4,a
2010-10-01,192,149.665,12.4,a
2010-10-02,178,133.542,12.5,a
2010-10-03,164,118.168,12.6,a
2010-10-04,158,111.162,12.6,a
2010-10-05,165,118.507,12.7,a
2010-10-06,182,137.949,12.7,a
2010-10-07,173,127.291,12.4,a
2010-10-08,159,112.466,12.3,a
2010-10-09,156,108.728,12.2,a
2010-10-10,152,104.873,11.9,a
2010-10-11,147,99.951,11.7,a
2010-10-12,146,98.737,11.6,a
2010-10-13,143,95.556,11.5,a
2010-10-14,141,93.956,11.5,a
2010-10-15,139,92.284,11.2,a
2010-10-16,137,90.177,11,a
2010-10-17,146,99.836,10.7,a
2010-10-18,162,115.983,10.3,a
2010-10-19,134,87.685,10.3,a
2010-10-20,107,61.925,10.2,a
2010-10-21,94,51.309,10,a
2010-10-22,90,48.077,9.6,a
2010-10-23,86,44.801,9.7,a
2010-10-24,83,42.15,10.1,a
2010-10-25,116,72.126,10.2,a
2010-10-26,205,166.751,9.3,a
2010-10-27,194,151.997,8.8,a
2010-10-28,166,120.179,8.7,a
2010-10-29,151,103.985,8.7,a
2010-10-30,133,86.442,8.6,a
2010-10-31,115,69.471,9,a
2010-11-01,111,65.55,9.3,a
2010-11-02,113,67.952,9.3,a
2010-11-03,111,65.397,9.3,a
2010-11-04,106,61.312,9.3,a
2010-11-05,99,54.898,9.1,a
2010-11-06,95,51.965,9.2,a
2010-11-07,91,48.935,9.4,a
2010-11-08,103,59.054,9.6,a
2010-11-09,138,91.091,9.4,a
2010-11-10,160,113.796,9.2,a
2010-11-11,157,110.241,9.3,a
2010-11-12,150,103.065,9.2,a
2010-11-13,139,92.471,9.5,a
2010-11-14,131,83.98,9.7,a
2010-11-15,120,74.051,9.8,a
2010-11-16,114,68.579,9.6,a
2010-11-17,148,101.396,9.8,a
2010-11-18,143,95.634,9.6,a
2010-11-19,164,118.88,9.5,a
2010-11-20,172,126.714,9.2,a
2010-11-21,165,119.186,9.2,a
2010-11-22,217,184.265,9.2,a
2010-11-23,212,175.858,8.8,a
2010-11-24,194,152.154,8.7,a
2010-11-25,170,124.842,8.2,a
2010-11-26,159,112.606,7.7,a
2010-11-27,151,103.624,7.1,a
2010-11-28,146,98.741,6.9,a
2010-11-29,141,94.613,5.9,a
2010-11-30,145,98.115,6.3,a
2010-12-01,140,93.346,5.9,a
2010-12-02,138,91.553,5.6,a
2010-12-03,144,96.834,5.8,a
2010-12-04,142,94.612,5.7,a
2010-12-05,136,89.294,5.4,a
2010-12-06,139,92.763,5.5,a
2010-12-07,214,180.3,5.8,a
2010-12-08,245,228.03,6,a
2010-12-09,258,251.302,6.1,a
2010-12-10,255,245.077,5.1,a
2010-12-11,246,228.876,4.9,a
2010-12-12,234,209.216,5,a
2010-12-13,221,189.331,4.9,a
2010-12-14,205,166.997,4.6,a
2010-12-15,186,143.122,4.8,a
2010-12-16,167,121.464,4.8,a
2010-12-17,161,114.618,4.4,a
2010-12-18,157,110.331,4.1,a
2010-12-19,153,105.853,3.6,a
2010-12-20,149,101.959,3.8,a
2010-12-21,149,101.493,4,a
2010-12-22,161,115.142,4.1,a
2010-12-23,200,160.393,4.4,a
2010-12-24,236,214.914,4.9,a
2010-12-25,254,242.945,5.3,a
2010-12-26,245,226.873,5,a
2010-12-27,231,204.477,4.3,a
2010-12-28,217,182.864,4.2,a
2010-12-29,200,160.596,4.3,a
2010-12-30,182,138.552,4.4,a
2010-12-31,166,119.431,4.4,a
2011-01-01,161,114.575,4.3,a
2011-01-02,157,110.285,4.1,a
2011-01-03,152,104.75,4.1,a
2011-01-04,150,102.841,3.8,a
2011-01-05,148,100.487,3.7,a
2011-01-06,146,98.529,3.6,a
2011-01-07,144,97.12,3.8,a
2011-01-08,149,102.188,3.9,a
2011-01-09,159,112.552,4.1,a
2011-01-10,162,115.286,4.4,a
2011-01-11,180,136.352,4.8,a
2011-01-12,195,153.389,5.3,a
2011-01-13,179,134.329,5.7,a
2011-01-14,161,115.139,5.9,a
2011-01-15,156,108.862,6,a
2011-01-16,148,100.723,5.9,a
2011-01-17,145,98.197,5.8,a
2011-01-18,142,95.392,5.7,a
2011-01-19,140,93.099,5.7,a
2011-01-20,140,92.897,5.7,a
2011-01-21,116,71.194,5.4,a
2011-01-22,96,52.832,5,a
2011-01-23,88,46.377,4.7,a
2011-01-24,82,42.128,4.8,a
2011-01-25,76,37.286,4.9,a
2011-01-26,74,36.328,5.2,a
2011-01-27,72,34.559,5.4,a
2011-01-28,68,32.015,5.3,a
2011-01-29,65,30.034,4.8,a
2011-01-30,62,28.473,4.6,a
2011-01-31,58,26.007,4.5,a
2011-02-01,56,24.581,4.4,a
2011-02-02,53,23.194,4.3,a
2011-02-03,51,22.099,4.1,a
2011-02-04,50,21.263,4.2,a
2011-02-05,48,20.422,4.5,a
2011-02-06,47,19.769,4.8,a
2011-02-07,47,19.622,5,a
2011-02-08,46,19.539,5,a
2011-02-09,44,18.288,5,a
2011-02-10,44,18.558,5,a
2011-02-11,44,18.218,5,a
2011-02-12,43,17.881,5.4,a
2011-02-13,42,17.648,5.7,a
2011-02-14,45,18.76,5.5,a
2011-02-15,45,18.84,5.3,a
2011-02-16,52,22.434,5.1,a
2011-02-17,64,29.391,4.9,a
2011-02-18,57,25.278,4.7,a
2011-02-19,68,32.214,5.4,a
2011-02-20,73,35.274,5.7,a
2011-02-21,70,33.576,5.6,a
2011-02-22,67,31.443,5.3,a
2011-02-23,60,27.068,5,a
2011-02-24,57,25.223,4.7,a
2011-02-25,55,23.924,4.5,a
2011-02-26,53,22.751,4.6,a
2011-02-27,51,21.745,4.7,a
2011-02-28,49,20.936,4.8,a
2011-03-01,46,19.422,4.7,a
2011-03-02,47,19.642,4.6,a
2011-03-03,46,19.106,4.5,a
2011-03-04,45,18.66,4.7,a
2011-03-05,43,18.004,5.1,a
2011-03-06,44,18.357,5.2,a
2011-03-07,43,17.961,5.2,a
2011-03-08,42,17.569,5.1,a
2011-03-09,41,17.126,5.1,a
2011-03-10,40,16.449,5.3,a
2011-03-11,39,16.111,5.8,a
2011-03-12,40,16.455,6.3,a
2011-03-13,41,17.088,6.8,a
2011-03-14,118,76.74,7,a
2011-03-15,136,88.899,7.5,a
2011-03-16,145,99.666,7.4,a
2011-03-17,228,199.578,7.5,a
2011-03-18,216,181.41,7.8,a
2011-03-19,191,148.695,7.8,a
2011-03-20,167,121.264,7.7,a
2011-03-21,149,101.969,7.4,a
2011-03-22,134,87.309,7.5,a
2011-03-23,107,62.586,7.7,a
2011-03-24,97,53.905,8.1,a
2011-03-25,89,46.859,8.3,a
2011-03-26,82,41.788,8.4,a
2011-03-27,77,38.386,8.4,a
2011-03-28,69,32.753,8.1,a
2011-03-29,76,37.328,8.5,a
2011-03-30,72,34.533,8.8,a
2011-03-31,66,30.863,8.9,a
2011-04-01,66,31.048,9.1,a
2011-04-02,64,29.558,9.3,a
2011-04-03,61,27.811,9.9,a
2011-04-04,59,26.365,10.2,a
2011-04-05,57,25.066,10.3,a
2011-04-06,57,25.367,10.2,a
2011-04-07,55,24.204,10.3,a
2011-04-08,53,22.819,10.8,a
2011-04-09,51,21.767,11,a
2011-04-10,49,20.764,11,a
2011-04-11,47,19.894,11.1,a
2011-04-12,46,19.315,11.1,a
2011-04-13,48,20.488,10.9,a
2011-04-14,50,21.174,10.4,a
2011-04-15,48,20.464,9.9,a
2011-04-16,46,19.149,9.7,a
2011-04-17,44,18.518,9.8,a
2011-04-18,41,16.981,10,a
2011-04-19,41,16.953,10.5,a
2011-04-20,40,16.633,11.1,a
2011-04-21,39,15.982,11.5,a
2011-04-22,38,15.356,11.8,a
2011-04-23,37,14.837,12,a
2011-04-24,36,14.351,12.2,a
2011-04-25,35,14.227,12.2,a
2011-04-26,35,13.972,12.3,a
2011-04-27,34,13.691,12.2,a
2011-04-28,34,13.525,11.8,a
2011-04-29,34,13.398,11.4,a
2011-04-30,35,14.122,11.2,a
2011-05-01,33,13.381,11.6,a
2011-05-02,32,12.738,12,a
2011-05-03,32,12.566,12.6,a
2011-05-04,30,12.04,12.6,a
2011-05-05,30,11.728,12.5,a
2011-05-06,29,11.358,12.5,a
2011-05-07,28,11.061,12.7,a
2011-05-08,27,10.784,12.8,a
2011-05-09,25,10.273,12.8,a
2011-05-10,26,10.5,13,a
2011-05-11,25,10.208,13.3,a
2011-05-12,25,10.035,13.7,a
2011-05-13,24,9.806,14.3,a
2011-05-14,22,9.246,14.7,a
2011-05-15,40,17.912,13.9,a
2011-05-16,80,41.074,11.6,a
2011-05-17,59,26.119,11.3,a
2011-05-18,47,19.724,11.8,a
2011-05-19,41,17.01,12.6,a
2011-05-20,36,14.457,13.1,a
2011-05-21,35,13.859,13.4,a
2011-05-22,34,13.417,13.7,a
2011-05-23,32,12.601,13.8,a
2011-05-24,30,12.108,14.1,a
2011-05-25,30,11.927,14.7,a
2011-05-26,28,11.156,15,a
2011-05-27,27,10.71,15.3,a
2011-05-28,59,27.566,14.2,a
2011-05-29,53,23.146,12.9,a
2011-05-30,35,14.353,13.6,a
2011-05-31,35,14.256,14,a
2011-06-01,36,14.566,14.3,a
2011-06-02,38,15.412,14.4,a
2011-06-03,36,14.573,14.5,a
2011-06-04,54,24.155,14.7,a
2011-06-05,46,19.665,14.6,a
2011-06-06,61,27.654,14.2,a
2011-06-07,80,44.629,14.1,a
2011-06-08,199,158.904,13.2,a
2011-06-09,168,122.629,12.7,a
2011-06-10,141,95.046,12.4,a
2011-06-11,120,75.156,12.3,a
2011-06-12,107,62.972,11.9,a
2011-06-13,92,49.929,12,a
2011-06-14,89,47.787,11.9,a
2011-06-15,85,44.8,12.5,a
2011-06-16,77,38.855,13.1,a
2011-06-17,73,36.069,13.4,a
2011-06-18,68,32.806,13.5,a
2011-06-19,73,35.755,13.8,a
2011-06-20,74,36.865,13.3,a
2011-06-21,64,30.14,14.3,a
2011-06-22,60,27.722,15,a
2011-06-23,55,24.897,15.5,a
2011-06-24,55,24.644,15.3,a
2011-06-25,55,24.642,14.7,a
2011-06-26,50,22.158,14.9,a
2011-06-27,46,20.183,15.5,a
2011-06-28,44,19.048,16.2,a
2011-06-29,43,18.376,16.7,a
2011-06-30,41,17.762,16.5,a
2011-07-01,39,16.822,16,a
2011-07-02,39,16.835,15.6,a
2011-07-03,38,16.163,15.4,a
2011-07-04,36,15.588,16,a
2011-07-05,36,15.522,16.5,a
2011-07-06,40,16.966,17.2,a
2011-07-07,36,15.537,17.4,a
2011-07-08,32,13.71,17.7,a
2011-07-09,32,13.813,18,a
2011-07-10,31,13.601,18.2,a
2011-07-11,30,13.211,18.4,a
2011-07-12,30,12.89,18.5,a
2011-07-13,29,12.527,18.6,a
2011-07-14,28,12.276,18.6,a
2011-07-15,29,12.517,18.3,a
2011-07-16,30,13.211,17.8,a
2011-07-17,28,12.371,17.6,a
2011-07-18,41,17.99,17.4,a
2011-07-19,33,14.374,17.3,a
2011-07-20,26,11.501,17.2,a
2011-07-21,27,11.772,17.3,a
2011-07-22,25,11.042,17.6,a
2011-07-23,34,14.802,17.2,a
2011-07-24,123,79.495,15.2,a
2011-07-25,101,57.822,13.3,a
2011-07-26,66,31.534,13.2,a
2011-07-27,55,24.504,13.7,a
2011-07-28,36,15.805,14.3,a
2011-07-29,36,15.467,14.6,a
2011-07-30,36,15.415,14.9,a
2011-07-31,35,14.885,15.2,a
2011-08-01,34,14.817,15.2,a
2011-08-02,33,14.38,15.4,a
2011-08-03,30,13.148,15.8,a
2011-08-04,26,11.468,16.3,a
2011-08-05,33,14.337,16.6,a
2011-08-06,30,13.086,16.5,a
2011-08-07,28,12.153,17,a
2011-08-08,26,11.425,17,a
2011-08-09,39,16.94,16.5,a
2011-08-10,29,12.713,16.2,a
2011-08-11,26,11.382,16.2,a
2011-08-12,23,10.638,16.3,a
2011-08-13,22,10.175,16.4,a
2011-08-14,20,9.619,16.8,a
2011-08-15,17,8.485,17.1,a
2011-08-16,15,7.97,17.4,a
2011-08-17,15,8.015,17.8,a
2011-08-18,15,8.037,18.1,a
2011-08-19,15,8.028,18.4,a
2011-08-20,14,7.847,18.8,a
2011-08-21,14,7.769,19.1,a
2011-08-22,13,7.564,19.2,a
2011-08-23,13,7.479,19.5,a
2011-08-24,12,7.281,19.5,a
2011-08-25,11,7.101,19.5,a
2011-08-26,11,6.964,19.4,a
2011-08-27,11,7.012,19.1,a
2011-08-28,10,6.916,18.5,a
2011-08-29,10,6.811,18.2,a
2011-08-30,10,6.765,18.2,a
2011-08-31,10,6.756,18.2,a
2011-09-01,9,6.591,18.1,a
2011-09-02,9,6.573,18.2,a
2011-09-03,8,6.426,18.3,a
2011-09-04,8,6.409,18.4,a
2011-09-05,11,6.977,18.4,a
2011-09-06,10,6.864,18.2,a
2011-09-07,9,6.637,17.8,a
2011-09-08,8,6.434,17.4,a
2011-09-09,8,6.365,17.5,a
2011-09-10,7,6.25,17.7,a
2011-09-11,7,6.168,17.9,a
2011-09-12,7,6.153,17.9,a
2011-09-13,7,6.168,18,a
2011-09-14,7,6.168,17.9,a
2011-09-15,7,6.184,17.8,a
2011-09-16,7,6.176,17.5,a
2011-09-17,7,6.168,17.6,a
2011-09-18,8,6.295,17.5,a
2011-09-19,27,12.922,16.7,a
2011-09-20,40,17.269,15.1,a
2011-09-21,23,10.622,14.7,a
2011-09-22,18,8.854,14.4,a
2011-09-23,12,7.314,14.4,a
2011-09-24,10,6.792,14.3,a
2011-09-25,10,6.774,14.3,a
2011-09-26,9,6.637,14.5,a
2011-09-27,8,6.434,14.5,a
2011-09-28,8,6.365,14.6,a
2011-09-29,8,6.365,14.7,a
2011-09-30,7,6.242,14.6,a
2011-10-01,7,6.145,14.5,a
2011-10-02,7,6.098,14.6,a
2011-10-03,6,6.045,14.4,a
2011-10-04,6,5.902,14.4,a
2011-10-05,5,5.866,14.4,a
2011-10-06,5,5.808,14.3,a
2011-10-07,32,16.289,13,a
2011-10-08,53,23.767,11.4,a
2011-10-09,37,15.74,11,a
2011-10-10,24,10.869,10.2,a
2011-10-11,18,9.035,10.2,a
2011-10-12,17,8.605,10.6,a
2011-10-13,14,7.695,10.8,a
2011-10-14,7,6.386,10.6,a
2011-10-15,7,6.232,10.1,a
2011-10-16,9,6.521,9.8,a
2011-10-17,11,7.144,9.4,a
2011-10-18,8,6.448,9.2,a
2011-10-19,7,6.153,9.2,a
2011-10-20,59,32.024,9,a
2011-10-21,102,58.358,8.4,a
2011-10-22,84,44.074,8.8,a
2011-10-23,66,31.529,9.1,a
2011-10-24,49,21.55,9.3,a
2011-10-25,54,24.353,9.5,a
2011-10-26,90,57.554,9.9,a
2011-10-27,203,164.824,9.9,a
2011-10-28,176,131.846,9.9,a
2011-10-29,142,95.742,9.9,a
2011-10-30,103,59.3,9.9,a
2011-10-31,85,44.546,9.7,a
2011-11-01,79,39.945,9.4,a
2011-11-02,72,35.479,9.3,a
2011-11-03,66,31.546,9.3,a
2011-11-04,59,26.851,9.7,a
2011-11-05,54,24.157,10.4,a
2011-11-06,49,21.661,10.5,a
2011-11-07,42,18.384,10.3,a
2011-11-08,43,18.472,10.1,a
2011-11-09,41,17.593,10,a
2011-11-10,39,16.764,9.9,a
2011-11-11,38,16.058,9.7,a
2011-11-12,36,15.451,9.3,a
2011-11-13,35,14.868,8.5,a
2011-11-14,33,14.379,7.8,a
2011-11-15,33,14.095,7.5,a
2011-11-16,29,12.869,7.3,a
2011-11-17,30,13.033,7.3,a
2011-11-18,29,12.763,7.2,a
2011-11-19,28,12.37,7,a
2011-11-20,27,12.015,6.8,a
2011-11-21,26,11.455,6.5,a
2011-11-22,25,11.172,6.4,a
2011-11-23,24,10.838,6.2,a
2011-11-24,23,10.524,6.2,a
2011-11-25,23,10.355,6.3,a
2011-11-26,22,10.16,6.4,a
2011-11-27,21,9.832,6.5,a
2011-11-28,21,9.725,6.4,a
2011-11-29,20,9.565,6.4,a
2011-11-30,19,9.175,6.2,a
2011-12-01,17,8.724,6.1,a
2011-12-02,16,8.399,6.1,a
2011-12-03,16,8.486,6.6,a
2011-12-04,43,19.455,7.4,a
2011-12-05,57,25.92,8.6,a
2011-12-06,64,30.365,8.7,a
2011-12-07,68,32.613,7.8,a
2011-12-08,58,26.587,7.5,a
2011-12-09,45,19.467,7.4,a
2011-12-10,41,17.631,7.9,a
2011-12-11,39,16.641,8.2,a
2011-12-12,37,16.024,8.3,a
2011-12-13,70,34.476,8,a
2011-12-14,68,32.435,8,a
2011-12-15,108,65.685,8.5,a
2011-12-16,147,99.993,8.2,a
2011-12-17,202,165.666,8,a
2011-12-18,194,153.882,7.5,a
2011-12-19,164,117.837,7.4,a
2011-12-20,134,87.864,7.1,a
2011-12-21,110,65.487,6.8,a
2011-12-22,94,52.315,6.6,a
2011-12-23,89,48.02,6.6,a
2011-12-24,80,41.061,6.3,a
2011-12-25,72,35.498,6.1,a
2011-12-26,68,32.503,6.1,a
2011-12-27,64,30.192,6.2,a
2011-12-28,61,27.895,6.4,a
2011-12-29,54,24.344,6.3,a
2011-12-30,55,24.567,6,a
2011-12-31,53,23.536,5.8,a
2012-01-01,51,22.352,7.5,a
2012-01-02,49,21.378,7.4,a
2012-01-03,107,66.22,7.9,a
2012-01-04,137,90.348,8.7,a
2012-01-05,127,80.869,8.8,a
2012-01-06,107,62.889,8.4,a
2012-01-07,97,54.141,8,a
2012-01-08,88,46.953,7.8,a
2012-01-09,76,38.299,7.8,a
2012-01-10,76,37.918,7.8,a
2012-01-11,70,33.849,7.6,a
2012-01-12,63,29.651,7.4,a
2012-01-13,62,28.852,7.4,a
2012-01-14,59,26.742,7.3,a
2012-01-15,55,24.664,6.7,a
2012-01-16,51,22.554,6.3,a
2012-01-17,44,19.126,6,a
2012-01-18,45,19.606,6.2,a
2012-01-19,43,18.709,6.4,a
2012-01-20,41,17.688,6.8,a
2012-01-21,41,17.593,6.9,a
2012-01-22,39,16.871,7.1,a
2012-01-23,38,16.462,7.5,a
2012-01-24,38,16.146,7.9,a
2012-01-25,37,15.64,7.6,a
2012-01-26,35,14.988,6.9,a
2012-01-27,33,14.196,6.2,a
2012-01-28,31,13.536,5.8,a
2012-01-29,29,12.691,5.7,a
2012-01-30,29,12.652,5.7,a
2012-01-31,28,12.417,5.4,a
2012-02-01,27,11.908,5.2,a
2012-02-02,26,11.397,4.7,a
2012-02-03,24,10.969,4.1,a
2012-02-04,24,10.795,3.7,a
2012-02-05,24,10.838,3.5,a
2012-02-06,23,10.609,3.3,a
2012-02-07,23,10.495,3.3,a
2012-02-08,22,10.272,3.3,a
2012-02-09,21,9.982,3.3,a
2012-02-10,21,9.832,3.3,a
2012-02-11,20,9.645,3.2,a
2012-02-12,19,9.33,3.2,a
2012-02-13,18,9.035,3.3,a
2012-02-14,18,8.761,3.3,a
2012-02-15,17,8.541,3.6,a
2012-02-16,16,8.422,4.1,a
2012-02-17,16,8.176,4.4,a
2012-02-18,15,8.049,4.9,a
2012-02-19,15,8.037,5.2,a
2012-02-20,21,10.035,5.5,a
2012-02-21,25,11.073,5.4,a
2012-02-22,23,10.638,5.7,a
2012-02-23,22,10.3,5.8,a
2012-02-24,27,11.891,6.1,a
2012-02-25,36,15.645,6.4,a
2012-02-26,49,21.664,7,a
2012-02-27,50,21.861,7.4,a
2012-02-28,44,18.975,7.2,a
2012-02-29,40,17.276,7.5,a
2012-03-01,43,18.357,8,a
2012-03-02,43,18.689,8.6,a
2012-03-03,43,18.551,8.7,a
2012-03-04,42,18.202,8.8,a
2012-03-05,40,17.202,8.6,a
2012-03-06,38,16.409,8.5,a
2012-03-07,33,14.193,8.3,a
2012-03-08,34,14.708,8,a
2012-03-09,33,14.213,8,a
2012-03-10,31,13.39,8.1,a
2012-03-11,30,12.89,8.2,a
2012-03-12,29,12.684,8.6,a
2012-03-13,28,12.309,9,a
2012-03-14,26,11.522,9.5,a
2012-03-15,26,11.514,9.6,a
2012-03-16,25,11.204,9.6,a
2012-03-17,24,10.709,9.8,a
2012-03-18,23,10.495,9.9,a
2012-03-19,25,11.121,10,a
2012-03-20,38,16.53,10.2,a
2012-03-21,38,16.096,10.4,a
2012-03-22,33,14.156,10.6,a
2012-03-23,31,13.471,10.6,a
2012-03-24,29,12.606,10.7,a
2012-03-25,27,12.046,11.1,a
2012-03-26,25,11.326,11.3,a
2012-03-27,24,10.925,11.3,a
2012-03-28,23,10.638,11.4,a
2012-03-29,22,10.244,11.4,a
2012-03-30,22,10.078,11.5,a
2012-03-31,21,9.928,11.5,a
2012-04-01,21,9.779,11.4,a
2012-04-02,20,9.593,11.2,a
2012-04-03,19,9.2,11.2,a
2012-04-04,19,9.317,11.5,a
2012-04-05,22,10.092,11.6,a
2012-04-06,31,13.538,11.8,a
2012-04-07,60,28.55,11.8,a
2012-04-08,115,71.565,10.1,a
2012-04-09,97,54.561,9,a
2012-04-10,69,33.354,9.5,a
2012-04-11,54,24.439,9.9,a
2012-04-12,63,29.42,10.2,a
2012-04-13,65,30.738,10.5,a
2012-04-14,63,29.57,10.3,a
2012-04-15,57,26.068,10.1,a
2012-04-16,58,26.64,10.4,a
2012-04-17,63,29.26,10.5,a
2012-04-18,59,27.131,10.6,a
2012-04-19,53,23.356,10.9,a
2012-04-20,49,21.655,11,a
2012-04-21,50,21.766,11.1,a
2012-04-22,56,25.183,11.1,a
2012-04-23,78,39.326,10.5,a
2012-04-24,79,40.421,10.2,a
2012-04-25,92,50.24,10.5,a
2012-04-26,82,42.526,11.2,a
2012-04-27,69,33.173,11.9,a
2012-04-28,62,29.092,12.4,a
2012-04-29,55,24.453,12.8,a
2012-04-30,53,23.379,12.9,a
2012-05-01,50,22.134,13.3,a
2012-05-02,51,22.352,13.9,a
2012-05-03,48,20.724,14.3,a
2012-05-04,43,18.29,14.7,a
2012-05-05,41,17.649,14.7,a
2012-05-06,40,17.149,14.2,a
2012-05-07,62,29.419,13.8,a
2012-05-08,79,39.971,13.5,a
2012-05-09,67,31.9,13.8,a
2012-05-10,56,25.405,14.1,a
2012-05-11,49,21.598,14.6,a
2012-05-12,49,21.586,15.2,a
2012-05-13,161,119.06,13.9,a
2012-05-14,143,97.496,12.3,a
2012-05-15,106,62.262,12.8,a
2012-05-16,87,46.592,12.7,a
2012-05-17,91,49.38,12.1,a
2012-05-18,79,39.95,13,a
2012-05-19,69,33.52,13.5,a
2012-05-20,65,30.823,13.9,a
2012-05-21,65,30.598,13.9,a
2012-05-22,70,34.024,13.1,a
2012-05-23,63,29.55,13.4,a
2012-05-24,67,31.782,14.3,a
2012-05-25,65,30.845,14.7,a
2012-05-26,62,28.984,14.7,a
2012-05-27,59,26.961,14.4,a
2012-05-28,54,23.979,14.7,a
2012-05-29,51,22.617,14.9,a
2012-05-30,48,20.706,15.2,a
2012-05-31,46,20.014,15.6,a
2012-06-01,45,19.527,15.1,a
2012-06-02,45,19.364,14.3,a
2012-06-03,43,18.416,14.3,a
2012-06-04,42,18.302,14.4,a
2012-06-05,72,35.593,14.6,a
2012-06-06,58,26.468,14.7,a
2012-06-07,48,20.915,14.8,a
2012-06-08,42,17.971,15.2,a
2012-06-09,44,19.281,15.5,a
2012-06-10,53,23.288,15.2,a
2012-06-11,53,23.8,15.1,a
2012-06-12,98,57.649,14.5,a
2012-06-13,142,95.644,13.6,a
2012-06-14,175,130.707,13.4,a
2012-06-15,139,93.229,13.6,a
2012-06-16,107,62.904,13.6,a
2012-06-17,85,45.126,14.3,a
2012-06-18,70,33.946,14.9,a
2012-06-19,63,29.089,15.3,a
2012-06-20,54,24.003,15.8,a
2012-06-21,52,22.841,16.2,a
2012-06-22,48,20.997,16.1,a
2012-06-23,43,18.46,15.7,a
2012-06-24,42,17.914,15.6,a
2012-06-25,40,17.348,15.8,a
2012-06-26,45,19.249,16.1,a
2012-06-27,39,16.723,16.3,a
2012-06-28,36,15.402,16.9,a
2012-06-29,35,14.935,17.4,a
2012-06-30,34,14.513,17.9,a
2012-07-01,32,13.946,17.4,a
2012-07-02,31,13.228,17.7,a
2012-07-03,30,13.017,17.8,a
2012-07-04,29,12.684,17.9,a
2012-07-05,36,15.762,18.1,a
2012-07-06,39,16.887,17.1,a
2012-07-07,43,18.362,16.5,a
2012-07-08,32,13.711,16.9,a
2012-07-09,29,12.515,17.3,a
2012-07-10,28,12.325,17.7,a
2012-07-11,30,13.018,18,a
2012-07-12,54,24.669,17.4,a
2012-07-13,32,13.787,17,a
2012-07-14,28,12.153,17,a
2012-07-15,28,12.202,16.6,a
2012-07-16,26,11.42,16.5,a
2012-07-17,23,10.439,16.7,a
2012-07-18,22,10.244,17.2,a
2012-07-19,20,9.633,17.5,a
2012-07-20,19,9.15,18,a
2012-07-21,19,9.102,17.5,a
2012-07-22,20,9.434,16.9,a
2012-07-23,18,8.799,16.7,a
2012-07-24,17,8.483,17,a
2012-07-25,16,8.434,16.9,a
2012-07-26,16,8.256,16.9,a
2012-07-27,13,7.552,17.7,a
2012-07-28,13,7.51,18.4,a
2012-07-29,13,7.427,18.9,a
2012-07-30,12,7.19,19,a
2012-07-31,11,7.021,19.4,a
2012-08-01,10,6.868,19.6,a
2012-08-02,9,6.673,19.8,a
2012-08-03,9,6.61,20.1,a
2012-08-04,9,6.573,20.3,a
2012-08-05,9,6.573,20.3,a
2012-08-06,8,6.391,20.4,a
2012-08-07,8,6.365,20.2,a
2012-08-08,7,6.184,20,a
2012-08-09,6,6.029,19.9,a
2012-08-10,6,5.924,19.5,a
2012-08-11,6,4.908,19.3,a
2012-08-12,6,4.949,18.8,a
2012-08-13,6,4.876,18.8,a
2012-08-14,5,4.754,19.1,a
2012-08-15,5,4.687,19.2,a
2012-08-16,8,5.689,19.3,a
2012-08-17,17,7.943,19,a
2012-08-18,10,5.902,19.1,a
2012-08-19,7,5.082,19.2,a
2012-08-20,5,4.803,19.4,a
2012-08-21,4,4.627,19.5,a
2012-08-22,4,4.499,19.8,a
2012-08-23,3,4.41,19.7,a
2012-08-24,4,4.499,19.9,a
2012-08-25,3,4.392,20.2,a
2012-08-26,10,6.117,19.1,a
2012-08-27,23,10.404,17.9,a
2012-08-28,18,8.85,17.5,a
2012-08-29,12,7.263,17.6,a
2012-08-30,8,6.437,17.8,a
2012-08-31,17,8.942,17.2,a
2012-09-01,48,21.482,16,a
2012-09-02,71,34.761,14.7,a
2012-09-03,55,25.258,14.4,a
2012-09-04,35,15.181,14.5,a
2012-09-05,32,13.72,14.4,a
2012-09-06,34,14.604,14.8,a
2012-09-07,26,11.709,15.1,a
2012-09-08,23,10.372,15,a
2012-09-09,20,9.514,15,a
2012-09-10,18,8.972,15.2,a
2012-09-11,17,8.626,15.3,a
2012-09-12,19,9.284,15,a
2012-09-13,134,90.174,13.4,a
2012-09-14,133,86.926,11.8,a
2012-09-15,98,55.603,12,a
2012-09-16,67,32.526,12.3,a
2012-09-17,46,20.186,12.3,a
2012-09-18,41,17.747,12.5,a
2012-09-19,42,18.473,12.7,a
2012-09-20,120,75.031,12.3,a
2012-09-21,113,68.243,11.4,a
2012-09-22,94,51.996,11.3,a
2012-09-23,74,37.049,11.3,a
2012-09-24,75,37.559,11.4,a
2012-09-25,87,45.931,12.1,a
2012-09-26,80,40.912,12,a
2012-09-27,76,37.748,12.3,a
2012-09-28,65,30.901,12.4,a
2012-09-29,62,28.557,12.1,a
2012-09-30,56,24.97,12.2,a
2012-10-01,50,22.017,12.5,a
2012-10-02,47,20.512,12.6,a
2012-10-03,47,20.201,12.8,a
2012-10-04,44,19.005,12.8,a
2012-10-05,41,17.45,12.8,a
2012-10-06,39,16.782,12.8,a
2012-10-07,38,16.203,12.9,a
2012-10-08,34,14.714,12.7,a
2012-10-09,34,14.513,12.6,a
2012-10-10,34,14.563,12.4,a
2012-10-11,34,14.8,12.1,a
2012-10-12,37,15.744,11.9,a
2012-10-13,36,15.553,11.8,a
2012-10-14,37,16.041,11.8,a
2012-10-15,56,25.481,12.2,a
2012-10-16,167,125.561,12.4,a
2012-10-17,162,116.139,11.6,a
2012-10-18,133,86.899,11.4,a
2012-10-19,102,58.97,11.3,a
2012-10-20,96,53.47,11.1,a
2012-10-21,90,48.751,11,a
2012-10-22,84,44.155,11,a
2012-10-23,82,42.285,11,a
2012-10-24,78,39.194,11,a
2012-10-25,73,35.956,10.9,a
2012-10-26,70,34.202,10.9,a
2012-10-27,170,128.713,11,a
2012-10-28,239,218.992,10.1,a
2012-10-29,226,197.546,9.5,a
2012-10-30,207,171.134,9.6,a
2012-10-31,187,145.174,9.8,a
2012-11-01,220,191.777,9.7,a
2012-11-02,232,205.968,10,a
2012-11-03,218,185.934,10.2,a
2012-11-04,203,165.043,10.5,a
2012-11-05,219,188.43,11.2,a
2012-11-06,224,193.503,10.4,a
2012-11-07,211,175.65,10.3,a
2012-11-08,198,158.089,10.1,a
2012-11-09,183,140.356,10,a
2012-11-10,169,123.399,10,a
2012-11-11,158,111.848,10.2,a
2012-11-12,151,104.717,10.5,a
2012-11-13,151,104.31,10.6,a
2012-11-14,150,103.589,10.5,a
2012-11-15,146,99.281,10.3,a
2012-11-16,143,96.792,10.3,a
2012-11-17,141,94.585,10.2,a
2012-11-18,139,92.603,9.8,a
2012-11-19,139,92.523,9.8,a
2012-11-20,137,90.577,9.7,a
2012-11-21,133,86.959,9.6,a
2012-11-22,119,74.168,9.6,a
2012-11-23,103,59.705,9.8,a
2012-11-24,97,53.807,9.8,a
2012-11-25,93,51.149,9.8,a
2012-11-26,88,47.205,10,a
2012-11-27,84,44.096,10.1,a
2012-11-28,168,126.407,10.5,a
2012-11-29,213,178.801,10.3,a
2012-11-30,203,165.183,9.7,a
2012-12-01,184,141.537,9.3,a
2012-12-02,169,123.11,9.1,a
2012-12-03,154,107.396,8.7,a
2012-12-04,149,102.631,8.1,a
2012-12-05,147,100.837,7.8,a
2012-12-06,144,97.573,7.9,a
2012-12-07,142,95.144,7.5,a
2012-12-08,138,91.47,6.6,a
2012-12-09,128,82.17,6.1,a
2012-12-10,113,67.79,5.8,a
2012-12-11,109,64.139,5.8,a
2012-12-12,103,59.527,5.5,a
2012-12-13,98,55.338,5.6,a
2012-12-14,95,52.161,5.7,a
2012-12-15,141,98.578,6.2,a
2012-12-16,217,183.575,6.9,a
2012-12-17,209,173.367,7.2,a
2012-12-18,194,153.839,7.3,a
2012-12-19,179,134.861,7.2,a
2012-12-20,161,114.758,6.9,a
2012-12-21,155,108.665,6.7,a
2012-12-22,149,102.466,6.6,a
2012-12-23,140,93.47,6.6,a
2012-12-24,136,89.423,6.6,a
2012-12-25,123,77.939,7.1,a
2012-12-26,117,71.899,7.6,a
2012-12-27,140,93.92,7.5,a
2012-12-28,133,86.775,7.5,a
2012-12-29,124,78.435,7.1,a
2012-12-30,117,71.796,6.9,a
2012-12-31,103,59.528,7,a
2013-01-01,104,60.558,7,a
2013-01-02,95,52.318,7.2,a
2013-01-03,92,50.242,7.5,a
2013-01-04,85,44.596,7.3,a
2013-01-05,83,42.813,7.1,a
2013-01-06,79,39.971,7.2,a
2013-01-07,73,35.877,6.9,a
2013-01-08,71,34.233,6.9,a
2013-01-09,67,31.969,7,a
2013-01-10,65,30.584,7.3,a
2013-01-11,61,27.97,7.2,a
2013-01-12,59,27.003,6.9,a
2013-01-13,57,25.887,6.6,a
2013-01-14,57,25.554,5.8,a
2013-01-15,55,24.87,5.5,a
2013-01-16,55,24.659,5.9,a
2013-01-17,55,24.659,5.8,a
2013-01-18,54,24.126,5.8,a
2013-01-19,53,23.715,5.9,a
2013-01-20,69,35.05,6.1,a
2013-01-21,160,119.21,6.3,a
2013-01-22,188,154.201,6.9,a
2013-01-23,183,147.489,7.1,a
2013-01-24,166,125.63,6.6,a
2013-01-25,158,115.053,5.4,a
2013-01-26,138,92.725,5,a
2013-01-27,120,74.828,5,a
2013-01-28,104,60.604,5.2,a
2013-01-29,105,61.015,5.7,a
2013-01-30,100,56.378,5.6,a
2013-01-31,109,64.461,5.5,a
2013-02-01,117,71.606,5.5,a
2013-02-02,174,142.082,5.5,a
2013-02-03,228,213.202,5.2,a
2013-02-04,209,183.82,5.6,a
2013-02-05,190,157.604,5.8,a
2013-02-06,187,152.527,5.5,a
2013-02-07,183,147.372,5.4,a
2013-02-08,163,121.48,5.5,a
2013-02-09,145,100.07,5.4,a
2013-02-10,130,84.543,5.3,a
2013-02-11,114,68.896,4.7,a
2013-02-12,109,64.55,4.3,a
2013-02-13,99,55.877,4.9,a
2013-02-14,96,53.43,5.2,a
2013-02-15,92,50.273,5.3,a
2013-02-16,86,45.146,5.3,a
2013-02-17,84,44.093,5.3,a
2013-02-18,83,42.811,5.3,a
2013-02-19,81,41.455,5.1,a
2013-02-20,79,39.908,5.1,a
2013-02-21,77,38.449,4.9,a
2013-02-22,72,35.418,4,a
2013-02-23,73,35.582,3.7,a
2013-02-24,71,34.82,3.6,a
2013-02-25,69,33.214,4.1,a
2013-02-26,68,32.366,5,a
2013-02-27,75,37.112,5.3,a
2013-02-28,87,46.196,5.3,a
2013-03-01,90,48.106,5.5,a
2013-03-02,106,61.53,5.7,a
2013-03-03,111,66.462,5.5,a
2013-03-04,100,56.981,5.5,a
2013-03-05,96,53.569,5.5,a
2013-03-06,95,52.42,5.8,a
2013-03-07,168,131.414,5.8,a
2013-03-08,207,180.623,6.4,a
2013-03-09,219,198.474,6.6,a
2013-03-10,232,220.331,6.6,a
2013-03-11,234,222.819,6.9,a
2013-03-12,226,209.599,7.2,a
2013-03-13,221,201.433,7.2,a
2013-03-14,220,199.75,6.8,a
2013-03-15,212,188.739,6.4,a
2013-03-16,200,170.587,6.5,a
2013-03-17,184,149.302,6.4,a
2013-03-18,180,143.245,5.7,a
2013-03-19,226,209.311,5.8,a
2013-03-20,223,204.984,6.6,a
2013-03-21,215,192.801,7.1,a
2013-03-22,208,182.998,7.1,a
2013-03-23,198,168.272,7,a
2013-03-24,187,152.812,6.4,a
2013-03-25,175,137.001,5.7,a
2013-03-26,162,119.702,5.8,a
2013-03-27,158,114.64,6.2,a
2013-03-28,152,108.402,6.4,a
2013-03-29,193,162.444,6.1,a
2013-03-30,227,211.528,6.3,a
2013-03-31,246,243.493,6.5,a
2013-04-01,245,241.648,6.5,a
2013-04-02,236,225.61,6.4,a
2013-04-03,226,209.885,6.5,a
2013-04-04,214,191.353,6.9,a
2013-04-05,205,178.304,7.2,a
2013-04-06,207,180.643,7.2,a
2013-04-07,200,170.747,7.2,a
2013-04-08,190,157.634,7.4,a
2013-04-09,182,145.484,7.8,a
2013-04-10,178,140.945,8.1,a
2013-04-11,177,139.068,8,a
2013-04-12,174,135.988,8.2,a
2013-04-13,182,145.82,8.5,a
2013-04-14,177,140.018,8.9,a
2013-04-15,171,131.329,9.5,a
2013-04-16,162,119.597,9.7,a
2013-04-17,159,116.657,9.8,a
2013-04-18,156,112.431,10.6,a
2013-04-19,151,107.091,10.8,a
2013-04-20,149,104.814,10.9,a
2013-04-21,147,102.161,11.6,a
2013-04-22,146,100.892,11.7,a
2013-04-23,142,96.842,12,a
2013-04-24,140,94.895,12.3,a
2013-04-25,138,92.76,12.5,a
2013-04-26,136,90.571,12.9,a
2013-04-27,135,89.319,13,a
2013-04-28,134,87.954,13.4,a
2013-04-29,132,85.936,13.8,a
2013-04-30,129,83.549,13.8,a
2013-05-01,124,78.125,14,a
2013-05-02,102,58.43,14,a
2013-05-03,87,46.102,13.9,a
2013-05-04,80,41.035,14.2,a
2013-05-05,81,41.7,13.6,a
2013-05-06,88,47.028,12.9,a
2013-05-07,95,52.774,13.1,a
2013-05-08,97,54.292,13.3,a
2013-05-09,90,48.721,13.7,a
2013-05-10,84,43.596,13.8,a
2013-05-11,145,105.459,13.1,a
2013-05-12,184,148.481,12.3,a
2013-05-13,161,119.559,12.5,a
2013-05-14,137,91.229,12.5,a
2013-05-15,112,66.997,12.7,a
2013-05-16,96,53.595,12.4,a
2013-05-17,112,67.304,12.1,a
2013-05-18,140,95.173,12.4,a
2013-05-19,125,79.649,12.3,a
2013-05-20,112,67.359,12.4,a
2013-05-21,110,65.842,12.6,a
2013-05-22,101,57.221,12.6,a
2013-05-23,91,49.312,12.5,a
2013-05-24,106,63.232,11.6,a
2013-05-25,143,97.675,11,a
2013-05-26,173,134.269,11.2,a
2013-05-27,169,129.345,11.6,a
2013-05-28,147,102.793,11.8,a
2013-05-29,139,93.378,11.7,a
2013-05-30,124,78.748,11.5,a
2013-05-31,123,77.272,11.2,a
2013-06-01,120,74.343,11.6,a
2013-06-02,116,71.202,12,a
2013-06-03,120,74.253,12.2,a
2013-06-04,111,66.109,12.3,a
2013-06-05,99,55.613,12.4,a
2013-06-06,97,54.293,13,a
2013-06-07,98,55.133,13.2,a
2013-06-08,91,49.521,13.3,a
2013-06-09,88,47.108,13.5,a
2013-06-10,85,44.602,13.6,a
2013-06-11,77,38.97,13.8,a
2013-06-12,79,40.12,13.8,a
2013-06-13,73,35.992,14,a
2013-06-14,70,33.738,14.4,a
2013-06-15,62,28.99,14.7,a
2013-06-16,61,28.171,15,a
2013-06-17,56,25.013,15.4,a
2013-06-18,54,23.852,15.9,a
2013-06-19,51,22.573,16.4,a
2013-06-20,49,21.418,16.6,a
2013-06-21,47,20.363,16.7,a
2013-06-22,45,19.624,16.8,a
2013-06-23,44,18.961,17,a
2013-06-24,52,23.551,16,a
2013-06-25,47,20.792,14.7,a
2013-06-26,44,18.983,14.5,a
2013-06-27,50,21.777,14.6,a
2013-06-28,46,19.96,14.7,a
2013-06-29,42,18.143,14.9,a
2013-06-30,38,16.081,15.5,a
2013-07-01,38,16.218,16.1,a
2013-07-02,37,15.581,16.3,a
2013-07-03,36,15.165,16.5,a
2013-07-04,35,14.824,16.7,a
2013-07-05,33,14.149,17,a
2013-07-06,33,14.078,17,a
2013-07-07,33,13.938,17.1,a
2013-07-08,31,13.261,17.3,a
2013-07-09,31,13.242,17.6,a
2013-07-10,30,12.969,17.8,a
2013-07-11,31,13.054,17.8,a
2013-07-12,37,15.717,17.5,a
2013-07-13,35,14.739,17,a
2013-07-14,31,13.089,17.1,a
2013-07-15,29,12.393,17.2,a
2013-07-16,29,12.514,17.3,a
2013-07-17,28,11.897,17.4,a
2013-07-18,26,11.406,17.5,a
2013-07-19,26,11.069,17.7,a
2013-07-20,25,10.711,17.8,a
2013-07-21,22,9.828,18.1,a
2013-07-22,23,10.29,18.3,a
2013-07-23,24,10.329,18.4,a
2013-07-24,25,11.006,18.5,a
2013-07-25,24,10.413,18.6,a
2013-07-26,22,9.764,18.7,a
2013-07-27,20,9.154,18.9,a
2013-07-28,19,8.653,19.5,a
2013-07-29,17,8.211,19.8,a
2013-07-30,16,7.838,19.9,a
2013-07-31,16,7.822,19.8,a
2013-08-01,15,7.562,19.9,a
2013-08-02,13,6.981,20.1,a
2013-08-03,13,6.925,20.2,a
2013-08-04,12,6.759,20.3,a
2013-08-05,12,6.639,20.5,a
2013-08-06,11,6.533,20.6,a
2013-08-07,11,6.427,20.7,a
2013-08-08,11,6.376,20.6,a
2013-08-09,15,7.553,20.4,a
2013-08-10,14,7.075,20,a
2013-08-11,12,6.77,19.8,a
2013-08-12,12,6.618,19.7,a
2013-08-13,11,6.438,19.6,a
2013-08-14,15,7.476,18.9,a
2013-08-15,16,7.677,18.3,a
2013-08-16,13,6.961,18.3,a
2013-08-17,11,6.501,18.2,a
2013-08-18,11,6.325,18.4,a
2013-08-19,10,6.164,18.6,a
2013-08-20,9,5.992,18,a
2013-08-21,9,5.934,18,a
2013-08-22,9,5.907,18.4,a
2013-08-23,8,5.798,18.4,a
2013-08-24,14,7.28,18.6,a
2013-08-25,22,10.011,17.9,a
2013-08-26,33,14.251,17.2,a
2013-08-27,35,14.937,16.7,a
2013-08-28,38,16.481,15.9,a
2013-08-29,40,16.996,15,a
2013-08-30,27,11.771,15,a
2013-08-31,20,8.975,15.3,a
2013-09-01,17,7.979,15.1,a
2013-09-02,15,7.44,15.3,a
2013-09-03,11,6.438,15.6,a
2013-09-04,10,6.245,16.3,a
2013-09-05,10,6.225,16.8,a
2013-09-06,10,6.087,17,a
2013-09-07,9,5.934,17.3,a
2013-09-08,8,5.798,17.4,a
2013-09-09,36,16.475,17.3,a
2013-09-10,59,27.402,15.8,a
2013-09-11,105,62.999,14.3,a
2013-09-12,131,85.732,12.6,a
2013-09-13,89,48.291,12.5,a
2013-09-14,70,34.372,12.6,a
2013-09-15,49,21.791,12.6,a
2013-09-16,41,17.447,13,a
2013-09-17,106,71.623,13,a
2013-09-18,164,122.264,11.6,a
2013-09-19,129,83.961,12.2,a
2013-09-20,85,44.929,12.6,a
2013-09-21,66,31.569,12.5,a
2013-09-22,52,23.163,12.6,a
2013-09-23,41,17.564,12.7,a
2013-09-24,39,16.493,12.7,a
2013-09-25,36,15.508,12.8,a
2013-09-26,34,14.521,13.1,a
2013-09-27,32,13.711,13.2,a
2013-09-28,31,13.226,13,a
2013-09-29,55,26.782,12.9,a
2013-09-30,121,76.386,12.1,a
2013-10-01,108,64.105,11.7,a
2013-10-02,79,40.778,11.8,a
2013-10-03,65,30.48,11.6,a
2013-10-04,48,21.355,11.2,a
2013-10-05,49,21.483,10.8,a
2013-10-06,47,20.529,10.8,a
2013-10-07,45,19.665,11.3,a
2013-10-08,44,18.884,11.8,a
2013-10-09,43,18.489,11.9,a
2013-10-10,43,18.489,12,a
2013-10-11,60,28.273,12.1,a
2013-10-12,83,43.453,11.5,a
2013-10-13,97,53.88,11.2,a
2013-10-14,88,46.552,11.1,a
2013-10-15,84,43.999,11,a
2013-10-16,84,43.778,11.3,a
2013-10-17,83,42.718,10.9,a
2013-10-18,78,39.381,10.7,a
2013-10-19,76,37.746,10.8,a
2013-10-20,72,34.992,11.2,a
2013-10-21,70,33.513,11.6,a
2013-10-22,69,33.158,11.8,a
2013-10-23,71,34.233,12,a
2013-10-24,71,34.681,11.8,a
2013-10-25,65,30.74,11.8,a
2013-10-26,64,29.672,12,a
2013-10-27,60,27.378,12,a
2013-10-28,55,24.896,12.2,a
2013-10-29,49,21.581,12.5,a
2013-10-30,49,21.247,12.5,a
2013-10-31,47,20.424,12.2,a
2013-11-01,44,19.121,11.9,a
2013-11-02,42,18.18,11.7,a
2013-11-03,46,20.218,12,a
2013-11-04,117,72.098,11.9,a
2013-11-05,199,172.818,11.2,a
2013-11-06,213,190.435,10.6,a
2013-11-07,201,172.254,10.6,a
2013-11-08,185,149.805,10.8,a
2013-11-09,169,129.707,11.2,a
2013-11-10,161,119.516,11,a
2013-11-11,205,178.504,10.4,a
2013-11-12,201,171.892,9.9,a
2013-11-13,185,150.16,10,a
2013-11-14,169,129.065,9.9,a
2013-11-15,154,110.391,9.7,a
2013-11-16,151,106.793,9.5,a
2013-11-17,146,100.819,9.4,a
2013-11-18,137,92.008,9.3,a
2013-11-19,128,82.805,9.2,a
2013-11-20,168,127.841,9.2,a
2013-11-21,165,124.293,9.3,a
2013-11-22,173,134.585,9.1,a
2013-11-23,191,158.906,9.1,a
2013-11-24,223,205.447,9.2,a
2013-11-25,210,185.128,8.9,a
2013-11-26,191,159.355,8.2,a
2013-11-27,169,129.739,7.8,a
2013-11-28,154,110.69,7.7,a
2013-11-29,141,96.274,7.5,a
2013-11-30,128,82.174,7.4,a
2013-12-01,107,63.562,7.4,a
2013-12-02,106,61.493,7.1,a
2013-12-03,98,54.686,6.9,a
2013-12-04,92,49.905,6.6,a
2013-12-05,88,47.104,6.5,a
2013-12-06,82,42.619,6.4,a
2013-12-07,79,40.393,6.4,a
2013-12-08,74,36.484,6.2,a
2013-12-09,71,34.513,6.3,a
2013-12-10,67,31.942,6.6,a
2013-12-11,62,28.635,6.7,a
2013-12-12,60,27.35,6.7,a
2013-12-13,55,24.557,6.6,a
2013-12-14,53,23.762,6.6,a
2013-12-15,51,22.44,6.4,a
2013-12-16,49,21.226,6.3,a
2013-12-17,47,20.218,6.2,a
2013-12-18,42,17.927,5.9,a
2013-12-19,43,18.528,5.8,a
2013-12-20,42,18.009,5.8,a
2013-12-21,41,17.438,6,a
2013-12-22,40,16.898,6.6,a
2013-12-23,38,16.419,7.1,a
2013-12-24,39,16.548,7.4,a
2013-12-25,38,16.236,7.7,a
2013-12-26,83,46.944,7.8,a
2013-12-27,136,90.189,8,a
2013-12-28,117,71.831,8,a
2013-12-29,113,68.463,7.8,a
2013-12-30,184,149.238,7.9,a
2013-12-31,164,123.242,7.9,a
2014-01-01,139,93.897,7.9,a
2014-01-02,116,70.75,7.9,a
2014-01-03,104,60.492,8,a
2014-01-04,106,61.521,8.2,a
2014-01-05,187,156.22,8.3,a
2014-01-06,215,192.153,8.5,a
2014-01-07,198,168.237,8.5,a
2014-01-08,182,146.251,8.5,a
2014-01-09,162,120.807,8.3,a
2014-01-10,148,103.676,8.4,a
2014-01-11,129,83.932,8.5,a
2014-01-12,107,63.242,8.5,a
2014-01-13,104,60.291,8.4,a
2014-01-14,100,56.98,8.5,a
2014-01-15,113,68.35,8.5,a
2014-01-16,110,64.884,8.4,a
2014-01-17,105,60.61,8.4,a
2014-01-18,145,101.115,8.6,a
2014-01-19,170,130.346,8.7,a
2014-01-20,220,201.178,8.8,a
2014-01-21,215,192.954,8.8,a
2014-01-22,199,169.299,8.7,a
2014-01-23,182,146.813,8.6,a
2014-01-24,175,136.314,8.4,a
2014-01-25,166,125.468,7.8,a
2014-01-26,160,117.116,7.7,a
2014-01-27,154,110.213,7.6,a
2014-01-28,151,106.352,7.3,a
2014-01-29,146,100.994,7,a
2014-01-30,144,98.757,6.6,a
2014-01-31,155,112.839,6.1,a
2014-02-01,179,142.069,5.8,a
2014-02-02,188,154.162,5.5,a
2014-02-03,183,147.176,5.4,a
2014-02-04,174,134.966,5.4,a
2014-02-05,166,125.199,5.2,a
2014-02-06,166,125.353,5.2,a
2014-02-07,172,133.661,5.3,a
2014-02-08,213,190.282,5.5,a
2014-02-09,231,218.399,5.7,a
2014-02-10,234,223.236,5.9,a
2014-02-11,251,252.987,6.1,a
2014-02-12,259,266.93,6.1,a
2014-02-13,254,258.284,6.2,a
2014-02-14,257,263.137,6.3,a
2014-02-15,250,249.788,6.5,a
2014-02-16,241,234.502,6.6,a
2014-02-17,246,242.525,6.9,a
2014-02-18,243,237.441,6.8,a
2014-02-19,237,228.331,6.7,a
2014-02-20,247,245.138,6.8,a
2014-02-21,243,238.307,7,a
2014-02-22,242,235.591,7.2,a
2014-02-23,239,231.165,7.2,a
2014-02-24,230,216.167,7.3,a
2014-02-25,220,200.269,7.4,a
2014-02-26,210,185.592,7.4,a
2014-02-27,200,171.222,7.5,a
2014-02-28,191,158.96,7.6,a
2014-03-01,185,149.485,7.6,a
2014-03-02,179,142.396,7.7,a
2014-03-03,174,135.718,7.7,a
2014-03-04,169,128.967,7.7,a
2014-03-05,163,122.007,7.7,a
2014-03-06,159,116.963,7.7,a
2014-03-07,151,107.499,7.8,a
2014-03-08,152,108.044,7.8,a
2014-03-09,151,107.316,7.9,a
2014-03-10,150,105.483,7.9,a
2014-03-11,149,104.24,7.9,a
2014-03-12,147,102.064,7.9,a
2014-03-13,146,101.311,8,a
2014-03-14,145,100.376,8.1,a
2014-03-15,144,98.715,8.1,a
2014-03-16,143,97.837,8.2,a
2014-03-17,142,97.108,8.3,a
2014-03-18,141,96.11,8.4,a
2014-03-19,140,94.983,8.6,a
2014-03-20,139,94,8.7,a
2014-03-21,139,93.201,8.9,a
2014-03-22,138,92.011,9,a
2014-03-23,138,92.911,9.1,a
2014-03-24,151,107.086,9.2,a
2014-03-25,154,110.105,9.2,a
2014-03-26,149,105.01,9.2,a
2014-03-27,143,97.952,9.2,a
2014-03-28,140,94.404,9.2,a
2014-03-29,137,91.226,9.4,a
2014-03-30,134,88.767,9.4,a
2014-03-31,131,85.069,9.5,a
2014-04-01,130,84.28,9.5,a
2014-04-02,128,82.746,9.7,a
2014-04-03,115,70.32,9.9,a
2014-04-04,78,39.971,10,a
2014-04-05,77,38.686,10.1,a
2014-04-06,76,37.892,10.2,a
2014-04-07,82,42.435,10.4,a
2014-04-08,67,32.048,10.6,a
2014-04-09,69,33.218,10.8,a
2014-04-10,68,32.701,11,a
2014-04-11,65,30.452,10.9,a
2014-04-12,63,29.311,10.7,a
2014-04-13,60,27.539,10.7,a
2014-04-14,61,28.387,10.8,a
2014-04-15,54,24.359,10.9,a
2014-04-16,55,24.381,11,a
2014-04-17,54,23.966,10.8,a
2014-04-18,53,23.42,10.6,a
2014-04-19,52,22.86,10.9,a
2014-04-20,53,23.791,11.3,a
2014-04-21,57,25.665,11.2,a
2014-04-22,109,65.221,11.1,a
2014-04-23,110,65.321,11.2,a
2014-04-24,98,55.015,11.1,a
2014-04-25,87,46.115,11.1,a
2014-04-26,74,36.767,11.2,a
2014-04-27,79,40.074,11.4,a
2014-04-28,86,45.578,11.5,a
2014-04-29,111,67.475,11.4,a
2014-04-30,119,74.065,11.6,a
2014-05-01,117,71.4,11.5,a
2014-05-02,108,63.359,11.5,a
2014-05-03,105,60.826,11.5,a
2014-05-04,103,58.769,11.5,a
2014-05-05,96,53.009,11.5,a
2014-05-06,88,47.018,11.7,a
2014-05-07,82,42.075,11.9,a
2014-05-08,78,39.231,11.9,a
2014-05-09,74,36.931,12.2,a
2014-05-10,71,34.32,12.5,a
2014-05-11,70,33.916,12.7,a
2014-05-12,123,78.113,12.2,a
2014-05-13,127,82.539,12,a
2014-05-14,144,99.932,11.6,a
2014-05-15,118,73.238,11.6,a
2014-05-16,93,51.367,11.5,a
2014-05-17,81,41.979,11.6,a
2014-05-18,68,32.734,11.8,a
2014-05-19,66,31.407,12.1,a
2014-05-20,62,28.576,12.6,a
2014-05-21,58,26.179,13.1,a
2014-05-22,53,23.638,13.4,a
2014-05-23,51,22.616,13.7,a
2014-05-24,49,21.547,13.8,a
2014-05-25,46,20.178,13.9,a
2014-05-26,46,20.016,14.1,a
2014-05-27,45,19.668,13.9,a
2014-05-28,45,19.454,13.7,a
2014-05-29,62,29.013,13.8,a
2014-05-30,59,26.932,13.8,a
2014-05-31,56,24.978,13.8,a
2014-06-01,48,21.052,13.6,a
2014-06-02,45,19.443,13.5,a
2014-06-03,43,18.612,13.7,a
2014-06-04,46,19.726,14,a
2014-06-05,44,19.141,14.2,a
2014-06-06,41,17.695,14.4,a
2014-06-07,40,17.14,14.8,a
2014-06-08,38,16.255,15.3,a
2014-06-09,37,15.599,15.9,a
2014-06-10,35,14.95,16.4,a
2014-06-11,34,14.396,16.8,a
2014-06-12,33,13.903,16.9,a
2014-06-13,33,13.906,16.9,a
2014-06-14,34,14.486,16.9,a
2014-06-15,33,14.184,16.7,a
2014-06-16,32,13.728,16.4,a
2014-06-17,30,13.022,16,a
2014-06-18,30,12.9,15.6,a
2014-06-19,29,12.545,15.4,a
2014-06-20,29,12.445,15.6,a
2014-06-21,31,13.399,15.8,a
2014-06-22,29,12.613,16,a
2014-06-23,28,11.944,16.4,a
2014-06-24,41,17.596,16.8,a
2014-06-25,50,22.365,16.5,a
2014-06-26,63,29.722,15.8,a
2014-06-27,47,20.736,15.4,a
2014-06-28,43,18.421,15.4,a
2014-06-29,38,16.256,15.8,a
2014-06-30,98,57.181,15.8,a
2014-07-01,106,61.694,14.6,a
2014-07-02,81,41.975,14.3,a
2014-07-03,69,33.195,14.4,a
2014-07-04,55,24.869,14.7,a
2014-07-05,54,24.267,14.8,a
2014-07-06,50,21.942,15,a
2014-07-07,46,19.973,15.4,a
2014-07-08,46,20.118,15.6,a
2014-07-09,60,27.998,15.4,a
2014-07-10,85,45.154,14.6,a
2014-07-11,106,61.424,13.8,a
2014-07-12,94,51.896,13.7,a
2014-07-13,90,48.331,13.5,a
2014-07-14,82,42.172,13.7,a
2014-07-15,88,47.272,13.8,a
2014-07-16,77,39.256,14,a
2014-07-17,66,30.973,14.5,a
2014-07-18,56,25.035,14.7,a
2014-07-19,51,22.531,15.1,a
2014-07-20,48,20.974,15.5,a
2014-07-21,48,21.16,15.6,a
2014-07-22,53,23.445,15.1,a
2014-07-23,53,23.671,14.9,a
2014-07-24,51,22.427,15.3,a
2014-07-25,44,19.018,15.5,a
2014-07-26,51,22.959,15.6,a
2014-07-27,78,40.143,15.3,a
2014-07-28,63,29.692,15.1,a
2014-07-29,54,24.051,15.2,a
2014-07-30,81,43.067,15.2,a
2014-07-31,107,62.897,14.6,a
2014-08-01,98,54.996,14.4,a
2014-08-02,85,44.732,14.7,a
2014-08-03,67,31.922,15,a
2014-08-04,51,22.878,15.3,a
2014-08-05,119,77.943,15.9,a
2014-08-06,91,49.443,15.7,a
2014-08-07,72,35.505,15.9,a
2014-08-08,58,26.32,16.2,a
2014-08-09,52,22.98,16.3,a
2014-08-10,46,19.742,16.6,a
2014-08-11,43,18.569,16.9,a
2014-08-12,41,17.534,16.8,a
2014-08-13,43,18.408,16.6,a
2014-08-14,87,47.348,16.3,a
2014-08-15,107,63.098,14.9,a
2014-08-16,109,64.591,14.3,a
2014-08-17,92,49.969,14.2,a
2014-08-18,76,38.218,14.4,a
2014-08-19,64,30.193,14.4,a
2014-08-20,60,27.602,14.5,a
2014-08-21,115,72.42,15.1,a
2014-08-22,91,49.886,14.8,a
2014-08-23,91,49.114,14.2,a
2014-08-24,110,65.762,14,a
2014-08-25,115,69.927,13.8,a
2014-08-26,111,66.176,13.4,a
2014-08-27,103,59.479,13.8,a
2014-08-28,116,70.967,14.6,a
2014-08-29,104,60.291,14.2,a
2014-08-30,92,49.88,14.1,a
2014-08-31,83,43.322,14.2,a
2014-09-01,117,72.675,14.2,a
2014-09-02,129,83.64,13.5,a
2014-09-03,151,106.798,13.5,a
2014-09-04,144,98.69,13.7,a
2014-09-05,128,81.984,13.9,a
2014-09-06,115,69.718,14,a
2014-09-07,104,60,14,a
2014-09-08,100,56.393,14.1,a
2014-09-09,94,51.489,14.3,a
2014-09-10,91,49.381,14.4,a
2014-09-11,120,76.402,14,a
2014-09-12,175,136.97,13.4,a
2014-09-13,227,212.956,13.4,a
2014-09-14,219,199.365,13.2,a
2014-09-15,208,183.245,13.5,a
2014-09-16,194,162.367,13.7,a
2014-09-17,178,140.717,13.9,a
2014-09-18,158,114.883,14.1,a
2014-09-19,144,99.242,14.2,a
2014-09-20,129,83.774,14.4,a
2014-09-21,113,68.166,14.7,a
2014-09-22,113,67.892,14.7,a
2014-09-23,151,106.992,13.9,a
2014-09-24,133,87.202,13.5,a
2014-09-25,116,70.965,13.4,a
2014-09-26,101,57.798,13.3,a
2014-09-27,95,52.142,13.7,a
2014-09-28,82,42.659,14.1,a
2014-09-29,79,39.74,14,a
2014-09-30,73,36.013,13.9,a
2014-10-01,69,33.212,13.9,a
2014-10-02,65,30.615,13.8,a
2014-10-03,62,28.448,13.8,a
2014-10-04,59,26.858,13.6,a
2014-10-05,54,24.189,13.5,a
2014-10-06,53,23.738,13.4,a
2014-10-07,51,22.704,13.4,a
2014-10-08,49,21.421,13.6,a
2014-10-09,48,21.097,14,a
2014-10-10,47,20.321,14.3,a
2014-10-11,45,19.665,14.3,a
2014-10-12,43,18.514,14.3,a
2014-10-13,43,18.374,14.3,a
2014-10-14,42,18.025,14.5,a
2014-10-15,46,19.871,14.3,a
2014-10-16,68,32.75,14,a
2014-10-17,72,35.073,13.8,a
2014-10-18,69,33.509,13.5,a
2014-10-19,64,30.018,13.3,a
2014-10-20,58,26.239,13.1,a
2014-10-21,55,24.824,13.3,a
2014-10-22,216,203.698,13,a
2014-10-23,183,147.642,12,a
2014-10-24,154,110.796,11.8,a
2014-10-25,130,84.6,11.9,a
2014-10-26,114,69.31,11.6,a
2014-10-27,106,62.103,11.4,a
2014-10-28,102,58.272,11.1,a
2014-10-29,98,55.302,10.8,a
2014-10-30,92,49.687,10.6,a
2014-10-31,87,46.365,10.5,a
2014-11-01,78,39.477,10.4,a
2014-11-02,76,37.688,10.4,a
2014-11-03,72,34.909,10.2,a
2014-11-04,68,32.209,10.5,a
2014-11-05,64,29.984,10.9,a
2014-11-06,119,75.821,11.7,a
2014-11-07,237,229.58,11.8,a
2014-11-08,271,289.814,11.8,a
2014-11-09,262,272.292,11.5,a
2014-11-10,249,248.546,11.4,a
2014-11-11,236,226.416,11.4,a
2014-11-12,233,220.541,11.5,a
2014-11-13,228,212.751,11.6,a
2014-11-14,220,200.381,11.4,a
2014-11-15,210,185.713,11.4,a
2014-11-16,204,177.11,11.4,a
2014-11-17,196,164.853,11.3,a
2014-11-18,224,207.081,11.1,a
2014-11-19,222,204.149,10.8,a
2014-11-20,210,185.054,10.5,a
2014-11-21,198,167.622,10.1,a
2014-11-22,186,152.122,9.9,a
2014-11-23,175,136.943,9.7,a
2014-11-24,162,120.681,9.5,a
2014-11-25,157,114.536,9.4,a
2014-11-26,152,107.867,9.2,a
2014-11-27,150,105.724,9,a
2014-11-28,148,103.527,9,a
2014-11-29,148,102.958,8.9,a
2014-11-30,148,103.383,8.7,a
2014-12-01,182,148.193,8.4,a
2014-12-02,212,188.373,8.3,a
2014-12-03,202,173.599,8.1,a
2014-12-04,195,163.906,8,a
2014-12-05,189,156.182,8,a
2014-12-06,185,149.423,8,a
2014-12-07,184,149.31,8,a
2014-12-08,180,143.013,8,a
2014-12-09,172,133.386,7.8,a
2014-12-10,161,119.045,7.2,a
2014-12-11,158,114.986,7.1,a
2014-12-12,154,110.797,6.8,a
2014-12-13,151,107.221,7,a
2014-12-14,148,103.675,7.3,a
2014-12-15,147,102.155,7.3,a
2014-12-16,146,101.122,7.1,a
2014-12-17,144,99.039,7.1,a
2014-12-18,144,98.572,7,a
2014-12-19,142,96.7,7,a
2014-12-20,140,94.36,7.2,a
2014-12-21,138,92.935,7,a
2014-12-22,137,91.705,6.8,a
2014-12-23,136,89.922,7.3,a
2014-12-24,134,88.168,7.5,a
2014-12-25,126,80.128,7.5,a
2014-12-26,98,55.674,7.3,a
2014-12-27,79,40.527,6.7,a
2014-12-28,77,38.448,6,a
2014-12-29,70,33.722,5.7,a
2014-12-30,70,34.041,5.3,a
2014-12-31,67,31.858,5,a
2015-01-01,63,29.546,5.1,a
2015-01-02,61,28.019,5.4,a
2015-01-03,57,25.997,5.8,a
2015-01-04,58,26.177,6.1,a
2015-01-05,59,27.051,5.9,a
2015-01-06,58,26.636,5.6,a
2015-01-07,56,25.204,5.6,a
2015-01-08,54,23.968,5.7,a
2015-01-09,52,22.907,6.1,a
2015-01-10,59,27.228,6.6,a
2015-01-11,74,37.32,7,a
2015-01-12,104,60.235,6.6,a
2015-01-13,81,42.14,6.5,a
2015-01-14,77,38.339,7.2,a
2015-01-15,68,32.514,7.3,a
2015-01-16,66,31.115,7.6,a
2015-01-17,63,29.054,8.1,a
2015-01-18,65,30.818,8,a
2015-01-19,66,30.923,7.6,a
2015-01-20,63,29.269,7.3,a
2015-01-21,61,28.269,7,a
2015-01-22,63,29.526,7.2,a
2015-01-23,65,30.844,7.5,a
2015-01-24,67,32.042,7.5,a
2015-01-25,69,33.099,7.3,a
2015-01-26,67,31.964,6.9,a
2015-01-27,64,29.931,6.5,a
2015-01-28,61,28.095,6.2,a
2015-01-29,58,26.612,6.1,a
2015-01-30,59,26.881,5.7,a
2015-01-31,60,27.372,5.5,a
2015-02-01,67,32.128,6.4,a
2015-02-02,65,30.606,6.7,a
2015-02-03,68,32.704,6.4,a
2015-02-04,66,30.924,6.1,a
2015-02-05,65,30.423,6.1,a
2015-02-06,63,29.541,5.6,a
2015-02-07,58,26.465,5.2,a
2015-02-08,59,26.93,4.9,a
2015-02-09,58,26.661,4.8,a
2015-02-10,57,25.506,5.2,a
2015-02-11,56,25.364,5.9,a
2015-02-12,63,29.587,6.3,a
2015-02-13,61,28.165,6.3,a
2015-02-14,65,30.856,6.3,a
2015-02-15,73,36.193,6.3,a
2015-02-16,87,46.244,6.3,a
2015-02-17,90,48.784,6.3,a
2015-02-18,86,45.384,6.4,a
2015-02-19,83,43.128,6.1,a
2015-02-20,78,39.583,6,a
2015-02-21,75,37.48,6.2,a
2015-02-22,97,55.775,6.4,a
2015-02-23,163,117.412,6,a
2015-02-24,154,107.839,6.9,a
2015-02-25,164,118.343,7.2,a
2015-02-26,143,96.257,7.5,a
2015-02-27,125,79.032,7.5,a
2015-02-28,110,65.695,7.4,a
2015-03-01,103,58.94,7.5,a
2015-03-02,105,60.674,7.8,a
2015-03-03,132,85.916,7.9,a
2015-03-04,125,79.012,7.7,a
2015-03-05,112,66.819,7.6,a
2015-03-06,103,59.066,7.3,a
2015-03-07,96,53.507,7.4,a
2015-03-08,88,46.5,7.6,a
2015-03-09,84,43.687,7.7,a
2015-03-10,80,40.514,7.7,a
2015-03-11,75,37.024,7.7,a
2015-03-12,73,35.753,7.7,a
2015-03-13,68,32.661,7.9,a
2015-03-14,67,31.828,7.8,a
2015-03-15,64,30.296,7.8,a
2015-03-16,62,28.877,7.7,a
2015-03-17,60,27.746,7.7,a
2015-03-18,62,28.698,8.1,a
2015-03-19,61,28.245,8.3,a
2015-03-20,59,26.979,8.3,a
2015-03-21,57,25.96,8.3,a
2015-03-22,57,25.601,8.5,a
2015-03-23,56,25.245,8.9,a
2015-03-24,55,24.8,8.9,a
2015-03-25,55,24.429,8.7,a
2015-03-26,167,128.007,8.6,a
2015-03-27,230,205.67,8.6,a
2015-03-28,233,208.14,8.8,a
2015-03-29,215,181.113,9.3,a
2015-03-30,196,155.775,9.7,a
2015-03-31,175,130.713,9.7,a
2015-04-01,147,100.48,9.7,a
2015-04-02,129,82.797,9.3,a
2015-04-03,115,70.123,9.3,a
2015-04-04,111,65.896,9.3,a
2015-04-05,106,61.563,9.2,a
2015-04-06,102,58.268,9.2,a
2015-04-07,96,53.115,9.5,a
2015-04-08,93,50.976,9.7,a
2015-04-09,91,48.875,9.8,a
2015-04-10,86,45.213,10.2,a
2015-04-11,83,43.247,10.4,a
2015-04-12,79,40.035,10.6,a
2015-04-13,71,34.403,10.8,a
2015-04-14,69,33.211,10.9,a
2015-04-15,66,31.163,11,a
2015-04-16,62,28.981,11.2,a
2015-04-17,59,26.905,11.1,a
2015-04-18,61,28.123,10.3,a
2015-04-19,72,35.446,9.7,a
2015-04-20,68,32.341,10.5,a
2015-04-21,63,29.55,11.2,a
2015-04-22,56,25.404,11.7,a
2015-04-23,54,23.993,12.1,a
2015-04-24,51,22.704,12,a
2015-04-25,50,21.916,11.9,a
2015-04-26,44,19.139,12.2,a
2015-04-27,48,20.925,12.4,a
2015-04-28,46,19.983,12.1,a
2015-04-29,48,21.186,12,a
2015-04-30,46,20.179,12.1,a
2015-05-01,45,19.627,11.8,a
2015-05-02,45,19.387,11.8,a
2015-05-03,49,21.511,12.2,a
2015-05-04,51,22.617,12.2,a
2015-05-05,48,20.742,12.8,a
2015-05-06,45,19.626,13.6,a
2015-05-07,44,19.064,14,a
2015-05-08,41,17.583,14.1,a
2015-05-09,41,17.77,14,a
2015-05-10,43,18.458,14,a
2015-05-11,39,16.839,14.1,a
2015-05-12,37,16.023,14.1,a
2015-05-13,36,15.449,14.2,a
2015-05-14,35,15.123,14.5,a
2015-05-15,46,20.033,14.4,a
2015-05-16,50,21.853,13.6,a
2015-05-17,46,20.052,13.6,a
2015-05-18,38,16.469,14.2,a
2015-05-19,37,15.693,14.7,a
2015-05-20,35,15.021,14.8,a
2015-05-21,46,19.857,14.3,a
2015-05-22,57,25.797,13,a
2015-05-23,111,67.601,11.9,a
2015-05-24,110,66.085,11.8,a
2015-05-25,85,44.586,12.4,a
2015-05-26,68,32.811,12.8,a
2015-05-27,67,31.56,12.9,a
2015-05-28,64,29.93,13,a
2015-05-29,59,26.682,13.2,a
2015-05-30,57,25.604,13.5,a
2015-05-31,53,23.764,13.6,a
2015-06-01,49,21.349,13.7,a
2015-06-02,48,20.826,14.1,a
2015-06-03,45,19.567,14.7,a
2015-06-04,43,18.533,15.1,a
2015-06-05,39,16.659,15.8,a
2015-06-06,39,16.656,16.1,a
2015-06-07,38,16.128,16.4,a
2015-06-08,36,15.416,16.5,a
2015-06-09,34,14.8,16.6,a
2015-06-10,33,14.395,16.7,a
2015-06-11,32,13.929,16.8,a
2015-06-12,31,13.373,17.1,a
2015-06-13,30,12.985,17.3,a
2015-06-14,29,12.652,17.1,a
2015-06-15,28,12.464,17.3,a
2015-06-16,29,12.558,16.9,a
2015-06-17,30,12.923,16.2,a
2015-06-18,28,12.323,16.2,a
2015-06-19,27,12.276,15.8,a
2015-06-20,29,12.48,15.7,a
2015-06-21,30,12.858,15.6,a
2015-06-22,27,12.292,15.7,a
2015-06-23,59,32.328,15.3,a
2015-06-24,184,142.188,13.7,a
2015-06-25,135,89.912,13.6,a
2015-06-26,97,54.756,13.6,a
2015-06-27,76,38.281,14.1,a
2015-06-28,76,37.941,13.8,a
2015-06-29,60,27.409,14,a
2015-06-30,59,27.126,14.3,a
2015-07-01,54,24.208,14.8,a
2015-07-02,51,22.332,15.4,a
2015-07-03,47,20.454,16,a
2015-07-04,45,19.486,16.4,a
2015-07-05,43,18.533,16.8,a
2015-07-06,41,17.762,17.1,a
2015-07-07,41,17.46,17.5,a
2015-07-08,38,16.409,17.7,a
2015-07-09,59,27.028,17.6,a
2015-07-10,52,23.017,17,a
2015-07-11,42,18.097,16.8,a
2015-07-12,37,15.787,17.2,a
2015-07-13,36,15.329,17.5,a
2015-07-14,34,14.783,17.8,a
2015-07-15,33,14.228,18.1,a
2015-07-16,32,13.699,18.5,a
2015-07-17,29,12.751,19,a
2015-07-18,29,12.574,19.2,a
2015-07-19,28,12.215,19.6,a
2015-07-20,27,11.907,19.7,a
2015-07-21,26,11.635,19.9,a
2015-07-22,25,11.232,20.1,a
2015-07-23,25,11.187,20.1,a
2015-07-24,24,11.187,20,a
2015-07-25,29,12.858,20,a
2015-07-26,27,12.017,19,a
2015-07-27,25,11.336,18.1,a
2015-07-28,27,11.742,17.4,a
2015-07-29,29,12.837,16.7,a
2015-07-30,42,18.173,16.3,a
2015-07-31,50,22.155,16,a
2015-08-01,43,18.762,16.3,a
2015-08-02,36,15.613,16.9,a
2015-08-03,36,15.433,17.2,a
2015-08-04,32,13.901,17.6,a
2015-08-05,29,12.513,18.1,a
2015-08-06,26,11.487,18.5,a
2015-08-07,23,10.376,19,a
2015-08-08,22,10.286,19.2,a
2015-08-09,21,9.941,19.2,a
2015-08-10,20,9.513,19.2,a
2015-08-11,19,9.124,19.2,a
2015-08-12,18,8.871,19.1,a
2015-08-13,17,8.601,19.2,a
2015-08-14,17,8.532,19.3,a
2015-08-15,17,8.506,19.2,a
2015-08-16,17,8.469,18.8,a
2015-08-17,21,9.774,18.2,a
2015-08-18,29,12.546,17.7,a
2015-08-19,28,12.16,17,a
2015-08-20,39,16.798,16.7,a
2015-08-21,35,15.056,16,a
2015-08-22,26,11.691,15.9,a
2015-08-23,24,10.811,16.1,a
2015-08-24,22,10.217,16,a
2015-08-25,30,13.532,16.6,a
2015-08-26,50,22.321,16.5,a
2015-08-27,38,16.372,16.1,a
2015-08-28,28,12.395,16.1,a
2015-08-29,25,11.354,16.3,a
2015-08-30,22,10.19,16.8,a
2015-08-31,20,9.487,17.4,a
2015-09-01,18,8.922,17.5,a
2015-09-02,17,8.541,17.3,a
2015-09-03,15,8.141,17,a
2015-09-04,30,13.3,16.8,a
2015-09-05,85,45.997,15.8,a
2015-09-06,84,43.812,14.5,a
2015-09-07,60,28.131,14.1,a
2015-09-08,41,17.738,13.9,a
2015-09-09,31,13.611,13.8,a
2015-09-10,24,10.782,13.7,a
2015-09-11,21,9.902,13.9,a
2015-09-12,19,9.254,14.3,a
2015-09-13,17,8.712,14.5,a
2015-09-14,16,8.35,14.6,a
2015-09-15,17,8.517,15.2,a
2015-09-16,17,8.464,15.5,a
2015-09-17,27,12.14,15.9,a
2015-09-18,29,12.607,16,a
2015-09-19,24,10.748,15.8,a
2015-09-20,19,9.269,15.8,a
2015-09-21,15,8.175,15.3,a
2015-09-22,14,7.87,14.9,a
2015-09-23,15,8.097,14.6,a
2015-09-24,52,23.945,13.8,a
2015-09-25,72,35.414,13.2,a
2015-09-26,71,34.223,13.3,a
2015-09-27,50,22.102,13.3,a
2015-09-28,42,18.122,13.1,a
2015-09-29,34,14.659,12.7,a
2015-09-30,29,12.64,12.5,a
2015-10-01,27,11.756,12.3,a
2015-10-02,24,11.014,12.3,a
2015-10-03,24,10.709,12.4,a
2015-10-04,24,10.767,12.6,a
2015-10-05,25,11.042,12.9,a
2015-10-06,29,12.846,13.1,a
2015-10-07,71,38.354,13.3,a
2015-10-08,106,62.137,13.2,a
2015-10-09,85,44.663,13,a
2015-10-10,61,28.504,12.7,a
2015-10-11,97,56.314,12.2,a
2015-10-12,123,78.052,11.8,a
2015-10-13,95,52.183,11.4,a
2015-10-14,131,86.42,11.4,a
2015-10-15,199,159.953,11.3,a
2015-10-16,200,160.435,11.2,a
2015-10-17,185,141.848,10.9,a
2015-10-18,158,112.04,10.9,a
2015-10-19,156,109.69,11,a
2015-10-20,169,123.618,10.5,a
2015-10-21,150,103.317,10.3,a
2015-10-22,136,89.801,10.3,a
2015-10-23,120,74.688,10.2,a
2015-10-24,112,67.496,10.4,a
2015-10-25,100,57.074,10.2,a
2015-10-26,94,51.324,10.1,a
2015-10-27,85,44.815,10.1,a
2015-10-28,81,41.554,10.3,a
2015-10-29,73,36.194,10.5,a
2015-10-30,67,31.742,10.5,a
2015-10-31,66,31.216,10.2,a
2015-11-01,63,29.261,9.9,a
2015-11-02,60,27.35,9.5,a
2015-11-03,56,25.109,9.1,a
2015-11-04,51,22.342,9.1,a
2015-11-05,50,21.72,9.6,a
2015-11-06,45,19.608,9.8,a
2015-11-07,44,19.124,9.7,a
2015-11-08,43,18.63,9.6,a
2015-11-09,41,17.764,9.7,a
2015-11-10,39,16.691,9.7,a
2015-11-11,38,16.268,9.7,a
2015-11-12,37,15.848,9.7,a
2015-11-13,36,15.432,9.6,a
2015-11-14,35,15.02,9.6,a
2015-11-15,34,14.619,9.6,a
2015-11-16,33,14.272,9.6,a
2015-11-17,32,13.995,9.6,a
2015-11-18,31,13.503,9.7,a
2015-11-19,30,13.114,9.7,a
2015-11-20,29,12.7,10,a
2015-11-21,47,21.894,10,a
2015-11-22,89,48.032,8.4,a
2015-11-23,80,40.652,8,a
2015-11-24,69,33.398,8.2,a
2015-11-25,57,25.963,8.2,a
2015-11-26,55,24.57,8,a
2015-11-27,50,21.888,7.6,a
2015-11-28,47,20.657,7.7,a
2015-11-29,46,19.728,7.9,a
2015-11-30,42,18.291,7.8,a
2015-12-01,47,20.48,8.2,a
2015-12-02,58,26.193,8.8,a
2015-12-03,56,25.321,8.8,a
2015-12-04,52,23.043,8.8,a
2015-12-05,49,21.356,8.6,a
2015-12-06,47,20.49,8.4,a
2015-12-07,45,19.271,8.4,a
2015-12-08,44,18.964,8.1,a
2015-12-09,43,18.473,7.9,a
2015-12-10,42,17.819,7.9,a
2015-12-11,41,17.404,7.7,a
2015-12-12,40,16.943,7.5,a
2015-12-13,39,16.48,7.2,a
2015-12-14,36,15.643,7.1,a
2015-12-15,36,15.432,7.4,a
2015-12-16,35,15.123,7.5,a
2015-12-17,33,14.18,7.4,a
2015-12-18,33,14.211,7.2,a
2015-12-19,32,13.863,7,a
2015-12-20,31,13.486,6.9,a
2015-12-21,29,12.597,6.9,a
2015-12-22,29,12.527,7.3,a
2015-12-23,28,12.276,7.5,a
2015-12-24,27,12.045,7.6,a
2015-12-25,27,11.847,7.5,a
2015-12-26,26,11.589,7.3,a
2015-12-27,26,11.41,6.9,a
2015-12-28,25,11.129,6.5,a
2015-12-29,24,10.838,6.2,a
2015-12-30,23,10.566,6.1,a
2015-12-31,21,9.974,5.6,a
2016-01-01,21,9.832,5.2,a
2016-01-02,21,9.832,4.8,a
2016-01-03,21,9.928,4.3,a
2016-01-04,21,9.832,4.1,a
2016-01-05,21,9.832,4.2,a
2016-01-06,22,10.065,4.3,a
2016-01-07,23,10.495,4.7,a
2016-01-08,28,12.366,5,a
2016-01-09,57,28.027,5.7,a
2016-01-10,169,132.882,6.9,a
2016-01-11,192,159.771,8.3,a
2016-01-12,211,186.612,8.4,a
2016-01-13,195,164.881,7.7,a
2016-01-14,180,143.96,7.3,a
2016-01-15,164,123.092,7.2,a
2016-01-16,153,109.166,7.1,a
2016-01-17,136,91.358,6.6,a
2016-01-18,119,75.685,6.4,a
2016-01-19,107,65.177,6.1,a
2016-01-20,100,58.735,6.1,a
2016-01-21,95,55.417,6,a
2016-01-22,89,50.542,5.9,a
2016-01-23,85,47.389,5.5,a
2016-01-24,78,41.93,5.2,a
2016-01-25,73,38.169,5.5,a
2016-01-26,68,34.965,5.8,a
2016-01-27,62,30.801,5.8,a
2016-01-28,61,30.012,6.4,a
2016-01-29,59,28.833,6.8,a
2016-01-30,57,27.462,6.8,a
2016-01-31,54,26.14,6.8,a
2016-02-01,54,25.603,7.3,a
2016-02-02,52,24.668,7.6,a
2016-02-03,57,28.134,7.8,a
2016-02-04,88,49.461,7,a
2016-02-05,82,45.188,6.6,a
2016-02-06,72,37.957,6.6,a
2016-02-07,68,35.221,7.1,a
2016-02-08,86,48.746,7.7,a
2016-02-09,136,91.01,8.1,a
2016-02-10,187,155.301,7.9,a
2016-02-11,187,153.441,7.6,a
2016-02-12,164,123.289,7.4,a
2016-02-13,158,115.32,7.1,a
2016-02-14,168,128.083,7.1,a
2016-02-15,210,185.229,6.9,a
2016-02-16,219,198.379,6.8,a
2016-02-17,217,195.617,6.5,a
2016-02-18,211,187.387,6.6,a
2016-02-19,208,183.367,7,a
2016-02-20,206,180.013,7.2,a
2016-02-21,198,167.993,7.2,a
2016-02-22,189,155.728,7.6,a
2016-02-23,183,148.18,7.8,a
2016-02-24,177,139.891,7.9,a
2016-02-25,165,124.326,7.5,a
2016-02-26,161,118.522,7.6,a
2016-02-27,156,112.232,7.3,a
2016-02-28,159,116.122,7.3,a
2016-02-29,193,161.91,7.5,a
2016-03-01,204,176.963,7.8,a
2016-03-02,199,170.657,7.6,a
2016-03-03,202,173.659,7.4,a
2016-03-04,203,175.478,7.3,a
2016-03-05,194,162.212,7.5,a
2016-03-06,198,168.584,7.8,a
2016-03-07,209,184.21,7.6,a
2016-03-08,206,180.256,7.5,a
2016-03-09,199,169.761,7.6,a
2016-03-10,191,158.585,7.7,a
2016-03-11,181,144.559,7.8,a
2016-03-12,171,131.418,7.7,a
2016-03-13,158,115.558,7.5,a
2016-03-14,155,111.883,7.6,a
2016-03-15,152,107.601,7.3,a
2016-03-16,148,103.263,7,a
2016-03-17,145,100.368,7.4,a
2016-03-18,142,96.588,7.4,a
2016-03-19,141,95.53,7.5,a
2016-03-20,139,94.238,7.6,a
2016-03-21,138,92.963,7.8,a
2016-03-22,136,90.431,8.2,a
2016-03-23,134,88.682,8.1,a
2016-03-24,127,82.067,8.1,a
2016-03-25,101,60.089,8.4,a
2016-03-26,90,51.419,8.5,a
2016-03-27,78,42.608,8.6,a
2016-03-28,80,43.593,8.6,a
2016-03-29,76,40.664,8.7,a
2016-03-30,72,37.805,9,a
2016-03-31,66,33.614,9.2,a
2016-04-01,65,33.179,9.7,a
2016-04-02,63,31.622,10,a
2016-04-03,61,30.229,9.7,a
2016-04-04,59,28.993,9.9,a
2016-04-05,56,27.152,10.3,a
2016-04-06,55,26.603,10.4,a
2016-04-07,53,25.401,10.8,a
2016-04-08,51,24.243,10.7,a
2016-04-09,55,26.354,10.2,a
2016-04-10,57,27.618,10.1,a
2016-04-11,55,26.759,11,a
2016-04-12,53,25.022,11.5,a
2016-04-13,48,22.313,11.9,a
2016-04-14,61,30.691,11.6,a
2016-04-15,57,27.762,11.3,a
2016-04-16,55,26.169,11.6,a
2016-04-17,51,24.119,12,a
2016-04-18,48,22.476,12.2,a
2016-04-19,45,20.389,12.1,a
2016-04-20,44,19.847,11.8,a
2016-04-21,42,18.886,11.8,a
2016-04-22,41,18.189,12.2,a
2016-04-23,39,17.454,12.2,a
2016-04-24,39,17.474,11.8,a
2016-04-25,39,17.455,11,a
2016-04-26,37,16.592,10.6,a
2016-04-27,38,16.939,10.3,a
2016-04-28,51,24.286,9.2,a
2016-04-29,70,36.955,9.3,a
2016-04-30,82,45.373,10.3,a
2016-05-01,94,54.638,10.6,a
2016-05-02,125,81.553,9.9,a
2016-05-03,129,85.365,10.5,a
2016-05-04,92,52.985,10.9,a
2016-05-05,81,44.426,11,a
2016-05-06,75,39.703,11.5,a
2016-05-07,71,37.276,11.9,a
2016-05-08,71,36.956,11.9,a
2016-05-09,68,34.904,11.8,a
2016-05-10,65,33.18,11.5,a
2016-05-11,59,29.282,11.1,a
2016-05-12,83,46.492,11.5,a
2016-05-13,134,91.131,11.6,a
2016-05-14,173,133.996,11.3,a
2016-05-15,214,191.61,11.2,a
2016-05-16,212,188.532,11.1,a
2016-05-17,192,160.811,11.6,a
2016-05-18,170,131.083,11.7,a
2016-05-19,144,99.047,11.6,a
2016-05-20,124,80.039,11.9,a
2016-05-21,106,64.665,12.3,a
2016-05-22,101,60.097,12.9,a
2016-05-23,93,53.823,12.9,a
2016-05-24,88,49.99,12.5,a
2016-05-25,78,42.186,12.7,a
2016-05-26,74,39.378,13.6,a
2016-05-27,66,33.959,14,a
2016-05-28,64,32.315,14.3,a
2016-05-29,61,30.257,14.5,a
2016-05-30,60,29.742,14.2,a
2016-05-31,67,34.009,13.8,a
2016-06-01,65,33.069,13.6,a
2016-06-02,59,28.688,13.9,a
2016-06-03,60,29.824,14.3,a
2016-06-04,60,29.42,14.7,a
2016-06-05,56,26.919,14.7,a
2016-06-06,60,29.83,14.7,a
2016-06-07,51,24.067,15.3,a
2016-06-08,47,21.729,15.5,a
2016-06-09,47,21.703,15,a
2016-06-10,66,34.138,14.3,a
2016-06-11,78,42.341,14.3,a
2016-06-12,132,87.863,14.1,a
2016-06-13,122,78.189,13.7,a
2016-06-14,100,59.023,13.5,a
2016-06-15,189,163.409,13.9,a
2016-06-16,210,186.015,13.5,a
2016-06-17,187,153.522,14.5,a
2016-06-18,145,101.306,14.1,a
2016-06-19,119,75.805,13.6,a
2016-06-20,106,64.186,13.4,a
2016-06-21,98,57.557,14.1,a
2016-06-22,85,47.544,14.7,a
2016-06-23,78,42.13,15,a
2016-06-24,68,34.68,15.4,a
2016-06-25,65,33.18,15.3,a
2016-06-26,65,32.933,14.9,a
2016-06-27,64,32.239,14.5,a
2016-06-28,64,32.12,14.5,a
2016-06-29,63,31.484,15.2,a
2016-06-30,60,29.745,15.5,a
2016-07-01,55,26.236,15.8,a
2016-07-02,51,24.294,16.3,a
2016-07-03,77,42.328,16.2,a
2016-07-04,69,35.779,15.6,a
2016-07-05,52,24.558,16.3,a
2016-07-06,51,23.848,16.8,a
2016-07-07,47,21.612,17,a
2016-07-08,44,20.056,17,a
2016-07-09,42,18.932,17,a
2016-07-10,41,18.122,17.2,a
2016-07-11,39,17.257,17.8,a
2016-07-12,38,16.728,18.2,a
2016-07-13,38,17.065,18.1,a
2016-07-14,56,27.198,17.6,a
2016-07-15,37,16.665,16.3,a
2016-07-16,38,16.845,15.4,a
2016-07-17,37,16.263,15.1,a
2016-07-18,36,15.75,16,a
2016-07-19,34,15.219,17.1,a
2016-07-20,33,14.474,18,a
2016-07-21,32,14.018,18.4,a
2016-07-22,31,13.712,18.5,a
2016-07-23,31,13.712,18.5,a
2016-07-24,30,13.285,18.5,a
2016-07-25,30,13.13,18.5,a
2016-07-26,30,13.183,18.4,a
2016-07-27,28,12.335,18.5,a
2016-07-28,28,12.42,18.3,a
2016-07-29,29,13.041,18.3,a
2016-07-30,28,12.304,18.5,a
2016-07-31,25,11.457,18.6,a
2016-08-01,24,11.056,18.2,a
2016-08-02,24,11.008,18,a
2016-08-03,23,10.539,18,a
2016-08-04,22,10.19,18.2,a
2016-08-05,22,9.996,18.1,a
2016-08-06,22,10.144,17.9,a
2016-08-07,21,9.789,18.2,a
2016-08-08,21,9.717,18.1,a
2016-08-09,20,9.443,18.1,a
2016-08-10,26,11.708,17.6,a
2016-08-11,30,13.243,16.6,a
2016-08-12,25,11.137,16,a
2016-08-13,22,10.144,16.5,a
2016-08-14,22,10.144,17,a
2016-08-15,21,9.789,17.7,a
2016-08-16,20,9.443,18.1,a
2016-08-17,25,11.262,17.9,a
2016-08-18,26,11.733,17.6,a
2016-08-19,35,15.48,17.8,a
2016-08-20,32,14.144,18,a
2016-08-21,41,18.345,18.3,a
2016-08-22,48,22.648,16.6,a
2016-08-23,35,15.719,16.2,a
2016-08-24,26,11.647,16.5,a
2016-08-25,26,11.522,16.5,a
2016-08-26,24,10.757,16.7,a
2016-08-27,22,10.085,16.9,a
2016-08-28,21,9.63,17.2,a
2016-08-29,20,9.596,17.4,a
2016-08-30,67,34.697,16.5,a
2016-08-31,37,16.881,15.9,a
2016-09-01,26,11.773,16.3,a
2016-09-02,25,11.143,16.7,a
2016-09-03,21,9.937,16.7,a
2016-09-04,20,9.401,16.8,a
2016-09-05,20,9.331,16.9,a
2016-09-06,19,9.205,16.2,a
2016-09-07,16,8.185,16.2,a
2016-09-08,17,8.401,16.3,a
2016-09-09,16,8.036,16.4,a
2016-09-10,15,7.864,16.6,a
2016-09-11,14,7.58,16.7,a
2016-09-12,12,7.045,16.9,a
2016-09-13,11,6.878,17.2,a
2016-09-14,11,6.696,17.2,a
2016-09-15,11,6.726,17.3,a
2016-09-16,14,7.662,17.2,a
2016-09-17,33,14.442,16.8,a
2016-09-18,32,14.154,15.9,a
2016-09-19,29,12.832,15.4,a
2016-09-20,25,11.269,15,a
2016-09-21,21,9.91,14.6,a
2016-09-22,19,9.055,14.3,a
2016-09-23,15,7.944,14.3,a
2016-09-24,15,7.769,14.3,a
2016-09-25,13,7.387,14.3,a
2016-09-26,13,7.209,14.2,a
2016-09-27,12,6.962,14.2,a
2016-09-28,11,6.795,14.1,a
2016-09-29,11,6.775,14.2,a
2016-09-30,10,6.578,14.3,a
2016-10-01,10,6.539,14.4,a
2016-10-02,11,6.78,14.3,a
2016-10-03,18,8.852,14.2,a
2016-10-04,19,9.061,13.8,a
2016-10-05,17,8.363,13.4,a
2016-10-06,16,8.085,12.8,a
2016-10-07,14,7.688,12.3,a
2016-10-08,14,7.569,11.9,a
2016-10-09,13,7.198,11.6,a
2016-10-10,12,7.067,11.1,a
2016-10-11,13,7.307,10.9,a
2016-10-12,13,7.285,10.7,a
2016-10-13,13,7.252,10.5,a
2016-10-14,14,7.444,10.6,a
2016-10-15,29,13.688,10.9,a
2016-10-16,57,27.986,11.3,a
2016-10-17,48,22.353,11.9,a
2016-10-18,38,17.15,11.9,a
2016-10-19,33,14.698,11.7,a
2016-10-20,98,62.63,11.3,a
2016-10-21,171,131.122,10.6,a
2016-10-22,155,112.071,10.3,a
2016-10-23,132,87.663,10.3,a
2016-10-24,104,63.115,10.6,a
2016-10-25,110,67.763,11.1,a
2016-10-26,156,114.124,11.7,a
2016-10-27,148,103.782,10.9,a
2016-10-28,131,85.819,10.3,a
2016-10-29,109,66.838,10.1,a
2016-10-30,93,53.295,10.1,a
2016-10-31,79,43.224,10.2,a
2016-11-01,74,38.869,10.1,a
2016-11-02,67,34.268,10.2,a
2016-11-03,63,31.843,10.4,a
2016-11-04,60,29.853,10,a
2016-11-05,60,29.587,9.7,a
2016-11-06,167,129.19,10.7,a
2016-11-07,208,182.364,10.2,a
2016-11-08,207,181.63,9.5,a
2016-11-09,196,165.88,9.2,a
2016-11-10,181,145.205,9.2,a
2016-11-11,171,131.697,9.1,a
2016-11-12,195,163.973,8.9,a
2016-11-13,189,155.923,8.6,a
2016-11-14,173,134.842,8.3,a
2016-11-15,153,109.2,7.9,a
2016-11-16,144,99.355,7.7,a
2016-11-17,131,86.647,7.9,a
2016-11-18,124,80.14,8.2,a
2016-11-19,168,130.961,8.8,a
2016-11-20,200,170.73,8.9,a
2016-11-21,189,156.072,9,a
2016-11-22,183,148.32,9.2,a
2016-11-23,172,132.84,9.4,a
2016-11-24,156,113.157,9.6,a
2016-11-25,153,108.612,9.9,a
2016-11-26,149,104.756,9.9,a
2016-11-27,144,99.521,10,a
2016-11-28,140,95.379,9.7,a
2016-11-29,137,91.584,8.9,a
2016-11-30,133,88.207,8.6,a
2016-12-01,128,83.352,8.3,a
2016-12-02,120,75.805,8.1,a
2016-12-03,101,60.021,7.8,a
2016-12-04,93,53.717,7.6,a
2016-12-05,90,51.318,7.5,a
2016-12-06,86,48.154,7.1,a
2016-12-07,81,44.187,7,a
2016-12-08,75,40.122,6.6,a
2016-12-09,68,35.006,6.3,a
2016-12-10,65,32.871,6.3,a
2016-12-11,62,30.964,6.2,a
2016-12-12,59,28.889,6.5,a
2016-12-13,55,26.259,6.6,a
2016-12-14,53,25.249,6.3,a
2016-12-15,50,23.476,6.2,a
2016-12-16,46,21.239,6.4,a
2016-12-17,46,20.826,6.1,a
2016-12-18,44,19.894,5.5,a
2016-12-19,42,18.977,5.2,a
2016-12-20,40,18.055,5.3,a
2016-12-21,39,17.454,5.4,a
2016-12-22,36,15.848,5.3,a
2016-12-23,36,15.936,5.2,a
2016-12-24,35,15.556,5,a
2016-12-25,35,15.273,5,a
2016-12-26,34,14.862,5,a
2016-12-27,33,14.437,5.2,a
2016-12-28,32,13.946,5.3,a
2016-12-29,31,13.516,5.4,a
2016-12-30,29,12.953,5,a
2016-12-31,28,12.556,4.6,a
2017-01-01,27,12.168,4.2,a
2017-01-02,27,12.048,4,a
2017-01-03,27,12.116,4.4,a
2017-01-04,27,11.883,4.6,a
2017-01-05,26,11.473,4.6,a
2017-01-06,24,10.961,4.2,a
2017-01-07,22,10.235,3.6,a
2017-01-08,22,10.1,3.4,a
2017-01-09,21,9.848,3,a
2017-01-10,21,9.789,3,a
2017-01-11,20,9.558,2.8,a
2017-01-12,20,9.345,3,a
2017-01-13,56,30.705,3.3,a
2017-01-14,92,52.769,4.4,a
2017-01-15,83,45.529,6.4,a
2017-01-16,65,32.981,6.3,a
2017-01-17,47,21.845,5.6,a
2017-01-18,42,18.732,5.4,a
2017-01-19,38,17.003,5.2,a
2017-01-20,34,14.864,4.8,a
2017-01-21,33,14.584,4.5,a
2017-01-22,32,14.163,4.1,a
2017-01-23,31,13.712,4,a
2017-01-24,30,13.321,4.1,a
2017-01-25,29,12.78,4.2,a
2017-01-26,28,12.369,4.4,a
2017-01-27,27,12.015,4.4,a
2017-01-28,26,11.75,4.3,a
2017-01-29,25,11.44,4.2,a
2017-01-30,25,11.103,4.1,a
2017-01-31,24,10.977,4.2,a
2017-02-01,78,45.888,4.8,a
2017-02-02,149,105.994,6.6,a
2017-02-03,176,138.394,6.9,a
2017-02-04,187,153.061,6.7,a
2017-02-05,201,172.676,6.3,a
2017-02-06,214,191.236,6.4,a
2017-02-07,210,185.709,6.7,a
2017-02-08,197,167.82,6.7,a
2017-02-09,184,149.129,6.1,a
2017-02-10,167,126.299,6,a
2017-02-11,155,111.945,6,a
2017-02-12,148,104.07,5.9,a
2017-02-13,142,97.469,5.7,a
2017-02-14,139,93.477,5.5,a
2017-02-15,133,87.632,5.4,a
2017-02-16,120,76.127,5.4,a
2017-02-17,97,56.934,5.5,a
2017-02-18,94,54.514,6.2,a
2017-02-19,91,52.267,6.3,a
2017-02-20,86,48.192,6.1,a
2017-02-21,83,45.745,6.1,a
2017-02-22,77,41.337,6.2,a
2017-02-23,73,38.69,6.7,a
2017-02-24,77,42.044,7.1,a
2017-02-25,124,80.569,6.2,a
2017-02-26,116,72.6,6.4,a
2017-02-27,103,61.811,6.9,a
2017-02-28,95,55.253,7.4,a
2017-03-01,132,89.098,7.5,a
2017-03-02,144,99.674,7.3,a
2017-03-03,132,87.158,7.8,a
2017-03-04,119,75.658,8.1,a
2017-03-05,132,87.634,8.1,a
2017-03-06,131,86.078,8.1,a
2017-03-07,130,85.268,8.2,a
2017-03-08,127,82.155,8.2,a
2017-03-09,115,72.094,8.2,a
2017-03-10,104,62.811,8.4,a
2017-03-11,99,58.489,8.3,a
2017-03-12,92,52.546,8.3,a
2017-03-13,84,46.927,8.3,a
2017-03-14,79,42.514,8.3,a
2017-03-15,75,39.493,8.6,a
2017-03-16,70,36.404,8.8,a
2017-03-17,66,33.884,9,a
2017-03-18,60,29.611,9.1,a
2017-03-19,60,29.663,9,a
2017-03-20,57,27.829,9.3,a
2017-03-21,55,26.218,9.9,a
2017-03-22,52,24.619,9.9,a
2017-03-23,50,23.426,9.7,a
2017-03-24,45,20.428,9.9,a
2017-03-25,46,20.991,10.3,a
2017-03-26,44,20.171,10,a
2017-03-27,43,19.319,9.4,a
2017-03-28,41,18.324,9.3,a
2017-03-29,39,17.545,9.9,a
2017-03-30,38,16.892,10.5,a
2017-03-31,38,16.611,11.1,a
2017-04-01,35,15.329,11.4,a
2017-04-02,34,14.955,11.5,a
2017-04-03,33,14.408,11.5,a
2017-04-04,32,14.352,11.5,a
2017-04-05,43,19.241,11.7,a
2017-04-06,36,15.989,11.7,a
2017-04-07,33,14.572,11.6,a
2017-04-08,31,13.842,11.8,a
2017-04-09,30,13.158,12.3,a
2017-04-10,30,13.206,12.7,a
2017-04-11,30,13.298,12.6,a
2017-04-12,35,15.449,12.4,a
2017-04-13,33,14.705,12.4,a
2017-04-14,30,13.327,12.7,a
2017-04-15,40,18.178,12.7,a
2017-04-16,42,18.904,12.3,a
2017-04-17,85,47.97,11.3,a
2017-04-18,71,37.276,10.1,a
2017-04-19,69,35.848,9.3,a
2017-04-20,52,24.618,9.3,a
2017-04-21,48,22.286,9.8,a
2017-04-22,43,19.461,10.3,a
2017-04-23,40,17.738,10.5,a
2017-04-24,36,15.854,10.8,a
2017-04-25,35,15.404,11,a
2017-04-26,34,14.808,11,a
2017-04-27,74,44.414,11.2,a
2017-04-28,210,187.163,10.8,a
2017-04-29,214,192.227,10.2,a
2017-04-30,189,156.04,10.3,a
2017-05-01,163,122.092,10.7,a
2017-05-02,127,82.703,11.3,a
2017-05-03,98,57.736,11.3,a
2017-05-04,89,50.81,11.2,a
2017-05-05,80,43.669,10.9,a
2017-05-06,75,40.093,11.2,a
2017-05-07,70,36.532,11.7,a
2017-05-08,69,35.564,11.9,a
2017-05-09,70,36.053,11.8,a
2017-05-10,68,34.623,11.8,a
2017-05-11,62,30.698,11.7,a
2017-05-12,60,29.959,12.1,a
2017-05-13,59,29.185,12.7,a
2017-05-14,61,30.241,13.3,a
2017-05-15,73,38.797,13.2,a
2017-05-16,55,26.82,13.3,a
2017-05-17,51,24.293,13.7,a
2017-05-18,49,22.548,14,a
2017-05-19,47,21.952,14.1,a
2017-05-20,47,21.531,13.9,a
2017-05-21,60,29.831,13.1,a
2017-05-22,54,26.046,13.4,a
2017-05-23,51,23.775,14.3,a
2017-05-24,46,21.017,14.3,a
2017-05-25,55,26.767,14,a
2017-05-26,58,28.26,13.9,a
2017-05-27,50,23.687,13.9,a
2017-05-28,41,18.338,14.5,a
2017-05-29,38,16.684,15,a
2017-05-30,37,16.332,15.5,a
2017-05-31,36,15.71,15.9,a
2017-06-01,34,14.937,16.2,a
2017-06-02,32,14.282,16.3,a
2017-06-03,33,14.391,16.2,a
2017-06-04,31,13.581,16.2,a
2017-06-05,29,12.922,15.9,a
2017-06-06,29,13.036,15.7,a
2017-06-07,51,23.981,15,a
2017-06-08,39,17.694,14.4,a
2017-06-09,35,15.322,14.8,a
2017-06-10,30,13.464,15.3,a
2017-06-11,28,12.377,16.2,a
2017-06-12,25,11.326,16.8,a
2017-06-13,25,11.233,17.4,a
2017-06-14,22,10.251,17.3,a
2017-06-15,22,10.335,17.5,a
2017-06-16,25,11.301,17.6,a
2017-06-17,31,13.764,17.2,a
2017-06-18,24,11.138,17.3,a
2017-06-19,21,10.159,17.6,a
2017-06-20,20,9.618,17.9,a
2017-06-21,20,9.82,18.3,a
2017-06-22,40,18.281,17.8,a
2017-06-23,24,11.221,17.9,a
2017-06-24,19,9.468,17.9,a
2017-06-25,25,11.954,18.4,a
2017-06-26,39,17.408,18.4,a
2017-06-27,24,11.249,18.1,a
2017-06-28,41,21.054,17.8,a
2017-06-29,137,94.663,15.8,a
2017-06-30,88,50.241,15.7,a
2017-07-01,121,78.263,15.4,a
2017-07-02,92,52.923,14.7,a
2017-07-03,66,33.885,14.5,a
2017-07-04,43,19.714,15.1,a
2017-07-05,38,16.72,15.8,a
2017-07-06,32,13.93,16.7,a
2017-07-07,28,12.308,17.2,a
2017-07-08,25,11.205,17.6,a
2017-07-09,23,10.601,18.2,a
2017-07-10,21,9.854,18.7,a
2017-07-11,21,9.972,18.9,a
2017-07-12,20,9.781,19.2,a
2017-07-13,18,9.021,19,a
2017-07-14,16,8.452,18.3,a
2017-07-15,16,8.548,18.1,a
2017-07-16,15,8.256,17.9,a
2017-07-17,14,7.879,18,a
2017-07-18,13,7.702,18.2,a
2017-07-19,12,7.481,18.4,a
2017-07-20,11,7.266,18.8,a
2017-07-21,10,7.088,19.2,a
2017-07-22,10,7.014,19.7,a
2017-07-23,10,6.996,19.9,a
2017-07-24,22,11.702,19.6,a
2017-07-25,54,26.245,18,a
2017-07-26,34,15.079,16.6,a
2017-07-27,25,11.274,16.6,a
2017-07-28,17,8.835,16.7,a
2017-07-29,16,8.446,17.2,a
2017-07-30,14,7.963,17.7,a
2017-07-31,13,7.682,18.3,a
2017-08-01,13,7.671,18.9,a
2017-08-02,12,7.403,19.4,a
2017-08-03,11,7.154,19.8,a
2017-08-04,9,6.914,20.2,a
2017-08-05,9,6.721,20.4,a
2017-08-06,11,7.778,20.3,a
2017-08-07,31,13.521,19.4,a
2017-08-08,23,10.841,18.9,a
2017-08-09,17,8.718,18.9,a
2017-08-10,14,7.9,18.6,a
2017-08-11,13,7.703,18.7,a
2017-08-12,11,7.315,17.9,a
2017-08-13,10,6.987,17.9,a
2017-08-14,8,6.677,18.2,a
2017-08-15,7,6.509,18.4,a
2017-08-16,7,6.37,18.6,a
2017-08-17,6,6.227,18.9,a
2017-08-18,6,6.167,19.2,a
2017-08-19,5,6.025,18.8,a
2017-08-20,12,7.489,18.6,a
2017-08-21,12,7.395,18.2,a
2017-08-22,9,6.74,18,a
2017-08-23,7,6.37,18,a
2017-08-24,6,6.189,18.1,a
2017-08-25,5,6.01,18.3,a
2017-08-26,4,5.873,18.6,a
2017-08-27,4,5.825,18.8,a
2017-08-28,4,5.808,18.8,a
2017-08-29,5,6.046,18.6,a
2017-08-30,5,5.974,18.7,a
2017-08-31,4,5.804,18.9,a
2017-09-01,5,6.157,18.6,a
2017-09-02,17,8.779,17.9,a
2017-09-03,30,13.515,16.8,a
2017-09-04,27,12.432,16.1,a
2017-09-05,12,7.701,16,a
2017-09-06,11,7.365,15.9,a
2017-09-07,19,9.916,15.8,a
2017-09-08,18,9.023,15,a
2017-09-09,17,8.727,14.8,a
2017-09-10,31,15.011,14.8,a
2017-09-11,120,77.836,13.9,a
2017-09-12,154,111.859,13.1,a
2017-09-13,180,144.065,12.2,a
2017-09-14,150,106.383,12.2,a
2017-09-15,164,123.163,12.4,a
2017-09-16,215,193.479,12.2,a
2017-09-17,225,208.58,12.2,a
2017-09-18,221,202.445,12.3,a
2017-09-19,235,224.327,12,a
2017-09-20,241,233.789,11.6,a
2017-09-21,233,221.375,11.7,a
2017-09-22,222,203.784,12.3,a
2017-09-23,209,184.032,12.6,a
2017-09-24,195,163.927,12.8,a
2017-09-25,185,150.021,12.6,a
2017-09-26,177,138.833,12.5,a
2017-09-27,167,126.425,12.5,a
2017-09-28,153,109.133,12.5,a
2017-09-29,149,105.182,12.4,a
2017-09-30,145,99.785,12.3,a
2017-10-01,141,96.491,12.2,a
2017-10-02,137,92.062,12.2,a
2017-10-03,136,90.506,12.3,a
2017-10-04,133,87.85,12.5,a
2017-10-05,130,84.939,12.6,a
2017-10-06,124,79.509,12.8,a
2017-10-07,119,75.169,12.2,a
2017-10-08,111,68.294,11.9,a
2017-10-09,88,49.713,12,a
2017-10-10,82,45.03,12.1,a
2017-10-11,70,36.604,12.1,a
2017-10-12,68,35.193,12.1,a
2017-10-13,64,32.261,12.2,a
2017-10-14,60,29.825,12.1,a
2017-10-15,56,27.359,12,a
2017-10-16,52,24.847,12,a
2017-10-17,50,23.304,12,a
2017-10-18,47,21.872,12.1,a
2017-10-19,43,19.524,12,a
2017-10-20,44,19.801,11.9,a
2017-10-21,42,18.683,11.8,a
2017-10-22,48,22.539,11.8,a
2017-10-23,137,93.829,11.1,a
2017-10-24,109,66.595,10.9,a
2017-10-25,87,48.975,10.8,a
2017-10-26,71,36.999,10.7,a
2017-10-27,66,33.912,10.8,a
2017-10-28,62,31.213,10.7,a
2017-10-29,58,28.622,10.5,a
2017-10-30,53,24.938,10.5,a
2017-10-31,51,23.921,10,a
2017-11-01,48,22.474,9.7,a
2017-11-02,46,21.298,9.8,a
2017-11-03,45,20.288,10.3,a
2017-11-04,43,19.388,10.5,a
2017-11-05,41,18.435,10.6,a
2017-11-06,67,36.782,10.6,a
2017-11-07,177,141.012,9.8,a
2017-11-08,190,157.405,9.9,a
2017-11-09,161,119.912,10,a
2017-11-10,135,90.687,9.9,a
2017-11-11,114,71.506,9.6,a
2017-11-12,101,59.708,9.6,a
2017-11-13,184,154.425,8.7,a
2017-11-14,198,169.197,8.2,a
2017-11-15,178,141.148,8.5,a
2017-11-16,153,110.13,8.6,a
2017-11-17,136,90.94,8.6,a
2017-11-18,126,81.966,8.6,a
2017-11-19,119,75.321,8.3,a
2017-11-20,104,62.747,7.9,a
2017-11-21,99,58.152,7.8,a
2017-11-22,92,52.925,8.4,a
2017-11-23,88,49.824,8.8,a
2017-11-24,80,43.53,8.5,a
2017-11-25,78,41.936,8.4,a
2017-11-26,173,139.144,8.1,a
2017-11-27,173,134.561,7.6,a
2017-11-28,148,104.221,7.4,a
2017-11-29,154,111.469,7.6,a
2017-11-30,175,137.45,7.2,a
2017-12-01,168,127.167,7.5,a
2017-12-02,152,108.291,7.5,a
2017-12-03,144,99.615,7,a
2017-12-04,128,83.817,6.4,a
2017-12-05,112,69.479,6.1,a
2017-12-06,106,64.182,6.2,a
2017-12-07,102,60.4,6.4,a
2017-12-08,131,90.31,7.1,a
2017-12-09,223,205.085,6,a
2017-12-10,215,192.394,5.8,a
2017-12-11,231,218.875,6.5,a
2017-12-12,252,254.233,8.3,a
2017-12-13,250,250.577,7.7,a
2017-12-14,244,240.47,7.3,a
2017-12-15,244,239.194,7.8,a
2017-12-16,248,246.538,7.3,a
2017-12-17,238,229.907,6.9,a
2017-12-18,227,210.632,6.5,a
2017-12-19,213,190.752,6,a
2017-12-20,200,170.905,5.7,a
2017-12-21,185,150.331,5.7,a
2017-12-22,171,132.244,5.8,a
2017-12-23,157,113.856,5.7,a
2017-12-24,154,110.262,5.6,a
2017-12-25,150,105.332,5.5,a
2017-12-26,149,104.709,5.7,a
2017-12-27,157,114.26,6.1,a
2017-12-28,229,215.347,6.5,a
2017-12-29,225,207.358,6.3,a
2017-12-30,211,186.792,6.3,a
2017-12-31,197,166.521,6.1,a
2018-01-01,193,161.241,6.4,a
2018-01-02,213,189.489,6.4,a
2018-01-03,203,175.181,6.5,a
2018-01-04,193,160.691,6.5,a
2018-01-05,183,147.049,6.4,a
2018-01-06,176,138.648,6.7,a
2018-01-07,172,133.032,6.9,a
2018-01-08,166,125.507,6.9,a
2018-01-09,167,126.803,7,a
2018-01-10,201,172.196,7.3,a
2018-01-11,190,157.841,7.3,a
2018-01-12,179,142.474,7.2,a
2018-01-13,169,129.362,7.2,a
2018-01-14,155,111.578,7,a
2018-01-15,154,110.261,6.8,a
2018-01-16,152,107.503,6.7,a
2018-01-17,150,105.788,6.8,a
2018-01-18,148,103.028,6.6,a
2018-01-19,148,103.313,6.6,a
2018-01-20,160,117.191,6.5,a
2018-01-21,156,113.271,6.4,a
2018-01-22,152,108.424,6.1,a
2018-01-23,148,103.728,6,a
2018-01-24,144,98.623,5.9,a
2018-01-25,141,95.793,5.8,a
2018-01-26,138,92.713,6.2,a
2018-01-27,132,87.29,6.3,a
2018-01-28,112,69.32,6.2,a
2018-01-29,87,48.601,6.4,a
2018-01-30,84,46.154,6.5,a
2018-01-31,80,43.256,6.7,a
2018-02-01,78,42.37,6.9,a
2018-02-02,127,84.691,6.5,a
2018-02-03,145,99.901,5.2,a
2018-02-04,138,92.843,6.2,a
2018-02-05,124,80.131,6.5,a
2018-02-06,113,70.427,6.5,a
2018-02-07,108,66.114,6,a
2018-02-08,100,59.463,6.2,a
2018-02-09,100,58.826,6.5,a
2018-02-10,98,57.805,6.5,a
2018-02-11,100,59.342,6.2,a
2018-02-12,93,53.47,5.8,a
2018-02-13,90,51.025,5.6,a
2018-02-14,83,45.515,5.9,a
2018-02-15,81,44.587,5.6,a
2018-02-16,77,41.182,5.3,a
2018-02-17,74,39.312,5.7,a
2018-02-18,80,43.341,6,a
2018-02-19,90,51.35,5.7,a
2018-02-20,87,49.112,5.7,a
2018-02-21,85,47.038,5.9,a
2018-02-22,81,44.337,5.5,a
2018-02-23,78,41.905,5.2,a
2018-02-24,72,38.119,5.4,a
2018-02-25,70,36.604,5,a
2018-02-26,67,34.507,4.1,a
2018-02-27,63,31.716,3.9,a
2018-02-28,61,30.446,4.1,a
2018-03-01,59,29.233,4.1,a
2018-03-02,58,28.593,4.4,a
2018-03-03,57,27.493,4.6,a
2018-03-04,55,26.448,5,a
2018-03-05,54,25.909,5.4,a
2018-03-06,55,26.397,5.2,a
2018-03-07,57,28.087,5.7,a
2018-03-08,94,54.559,6.1,a
2018-03-09,118,74.339,6.2,a
2018-03-10,160,118.196,6.5,a
2018-03-11,191,159.01,6.6,a
2018-03-12,221,201.908,7,a
2018-03-13,222,202.619,7.6,a
2018-03-14,216,194.835,7.9,a
2018-03-15,212,189.31,8.1,a
2018-03-16,217,195.555,8,a
2018-03-17,224,206.828,7.8,a
2018-03-18,229,214.507,7.4,a
2018-03-19,221,201.399,6.6,a
2018-03-20,208,183.372,6.5,a
2018-03-21,195,163.935,6.5,a
2018-03-22,180,142.952,6.5,a
2018-03-23,167,126.536,6.3,a
2018-03-24,153,109.928,6.5,a
2018-03-25,151,107.314,6.6,a
2018-03-26,147,102.712,6.6,a
2018-03-27,145,99.732,6.8,a
2018-03-28,144,98.878,7,a
2018-03-29,146,101.115,7.4,a
2018-03-30,182,146.668,7.8,a
2018-03-31,176,137.485,8.1,a
2018-04-01,172,132.89,8.2,a
2018-04-02,156,113.164,8.5,a
2018-04-03,149,104.851,8.9,a
2018-04-04,143,98.056,8.9,a
2018-04-05,136,91.086,9.1,a
2018-04-06,134,88.868,9.5,a
2018-04-07,127,82.062,9.6,a
2018-04-08,121,77.256,9.8,a
2018-04-09,118,74.731,9.9,a
2018-04-10,114,71.247,10,a
2018-04-11,109,66.546,10.4,a
2018-04-12,114,71.67,10.5,a
2018-04-13,173,134.46,10.4,a
2018-04-14,148,103.515,10.6,a
2018-04-15,142,96.914,10.8,a
2018-04-16,133,88.244,11.1,a
2018-04-17,141,95.499,11.4,a
2018-04-18,134,89.492,11.6,a
2018-04-19,117,73.891,11.7,a
2018-04-20,111,68.705,11.9,a
2018-04-21,103,61.915,12.2,a
2018-04-22,97,56.423,12.5,a
2018-04-23,90,50.837,12.7,a
2018-04-24,85,47.396,12.8,a
2018-04-25,78,42.259,12.9,a
2018-04-26,75,40.03,13.2,a
2018-04-27,72,37.716,13.1,a
2018-04-28,66,33.398,13.4,a
2018-04-29,65,32.872,13.5,a
2018-04-30,62,30.611,13.6,a
2018-05-01,58,28.569,13.5,a
2018-05-02,54,26.051,13.6,a
2018-05-03,56,26.761,14,a
2018-05-04,59,29.499,14.3,a
2018-05-05,69,35.809,13.9,a
2018-05-06,60,29.7,14.2,a
2018-05-07,56,26.815,14.4,a
2018-05-08,51,23.899,14.6,a
2018-05-09,57,27.968,14.4,a
2018-05-10,52,24.873,14.3,a
2018-05-11,52,24.347,14.1,a
2018-05-12,51,24.033,14.4,a
2018-05-13,50,23.53,14.6,a
2018-05-14,49,23.002,14.2,a
2018-05-15,103,62.16,13.4,a
2018-05-16,83,46.457,12.8,a
2018-05-17,73,38.723,13.2,a
2018-05-18,62,30.789,13.4,a
2018-05-19,63,31.738,13.5,a
2018-05-20,57,27.992,13.7,a
2018-05-21,52,24.498,14,a
2018-05-22,50,23.499,14.1,a
2018-05-23,48,22.523,14,a
2018-05-24,44,20.252,14,a
2018-05-25,45,20.521,14.6,a
2018-05-26,45,20.265,15.2,a
2018-05-27,42,19,15.7,a
2018-05-28,40,18.055,15.7,a
2018-05-29,42,19.18,15.4,a
2018-05-30,58,28.606,14.8,a
2018-05-31,51,23.831,14.9,a
2018-06-01,42,19.037,15.1,a
2018-06-02,40,17.98,15.5,a
2018-06-03,38,16.956,15.8,a
2018-06-04,34,15.111,16.3,a
2018-06-05,40,18.102,16.5,a
2018-06-06,41,18.59,16.1,a
2018-06-07,40,18.085,15.8,a
2018-06-08,37,16.415,15.6,a
2018-06-09,40,17.684,15.8,a
2018-06-10,38,16.913,16.4,a
2018-06-11,37,16.472,16.9,a
2018-06-12,35,15.201,17,a
2018-06-13,37,16.385,16.5,a
2018-06-14,38,16.693,16.1,a
2018-06-15,37,16.371,16,a
2018-06-16,36,16.001,16,a
2018-06-17,34,15.031,15.9,a
2018-06-18,32,14.054,16.1,a
2018-06-19,31,13.823,16.4,a
2018-06-20,30,13.427,16.7,a
2018-06-21,29,13.024,17.4,a
2018-06-22,66,35.321,17,a
2018-06-23,66,34.118,15.3,a
2018-06-24,52,24.729,15,a
2018-06-25,46,21.24,15,a
2018-06-26,45,20.781,14.7,a
2018-06-27,42,19.138,14.8,a
2018-06-28,40,17.76,14.8,a
2018-06-29,37,16.5,14.8,a
2018-06-30,35,15.385,15.3,a
2018-07-01,34,14.992,15.5,a
2018-07-02,33,14.479,15.6,a
2018-07-03,34,14.895,16.1,a
2018-07-04,61,30.797,16.5,a
2018-07-05,43,19.602,16.5,a
2018-07-06,45,20.616,16.6,a
2018-07-07,43,19.688,16.1,a
2018-07-08,40,17.939,16.1,a
2018-07-09,38,16.959,16.2,a
2018-07-10,32,13.952,16.2,a
2018-07-11,66,34.848,16.1,a
2018-07-12,106,64.281,14.9,a
2018-07-13,100,59.716,15.4,a
2018-07-14,80,43.748,15.7,a
2018-07-15,66,33.646,15.7,a
2018-07-16,52,24.885,15.7,a
2018-07-17,40,17.825,16.2,a
2018-07-18,38,16.773,16.4,a
2018-07-19,35,15.431,16.8,a
2018-07-20,31,13.538,17,a
2018-07-21,30,13.398,17,a
2018-07-22,36,15.891,17.2,a
2018-07-23,39,17.183,16.5,a
2018-07-24,31,13.64,16.6,a
2018-07-25,29,12.924,17.1,a
2018-07-26,29,12.844,17.4,a
2018-07-27,27,12.196,17.8,a
2018-07-28,25,11.369,18.2,a
2018-07-29,23,10.53,18.5,a
2018-07-30,21,9.936,18.8,a
2018-07-31,20,9.618,19,a
2018-08-01,19,9.516,19.2,a
2018-08-02,22,10.339,19.5,a
2018-08-03,20,9.686,19.3,a
2018-08-04,18,9.215,19.3,a
2018-08-05,17,8.758,19.3,a
2018-08-06,15,8.214,19.6,a
2018-08-07,14,7.994,19.8,a
2018-08-08,13,7.805,19.9,a
2018-08-09,13,7.702,20,a
2018-08-10,12,7.51,19.9,a
2018-08-11,12,7.5,19.6,a
2018-08-12,11,7.364,19.8,a
2018-08-13,11,7.266,19.9,a
2018-08-14,28,13.212,19.6,a
2018-08-15,19,9.458,19,a
2018-08-16,14,8.017,18.9,a
2018-08-17,13,7.742,19,a
2018-08-18,13,7.742,19.2,a
2018-08-19,12,7.481,19.2,a
2018-08-20,11,7.286,19.3,a
2018-08-21,10,7.116,19.4,a
2018-08-22,9,6.862,19.4,a
2018-08-23,8,6.66,19.5,a
2018-08-24,9,6.949,19.3,a
2018-08-25,42,20.739,18.5,a
2018-08-26,162,121.806,14.9,a
2018-08-27,123,80.907,13.5,a
2018-08-28,78,42.344,14,a
2018-08-29,57,27.908,13.9,a
2018-08-30,39,18.063,14.4,a
2018-08-31,91,52.575,14.5,a
2018-09-01,88,50.592,14.9,a
2018-09-02,112,69.121,14.7,a
2018-09-03,102,61.246,14.4,a
2018-09-04,108,65.783,13.7,a
2018-09-05,82,45.426,13.7,a
2018-09-06,59,29.406,13.9,a
2018-09-07,48,22.068,14.2,a
2018-09-08,43,19.294,14.3,a
2018-09-09,39,17.157,14.5,a
2018-09-10,34,15.064,14.8,a
2018-09-11,33,14.735,15,a
2018-09-12,31,13.772,15,a
2018-09-13,30,13.341,15,a
2018-09-14,29,13.07,15.1,a
2018-09-15,46,21.547,15.3,a
2018-09-16,37,16.3,15.4,a
2018-09-17,28,12.421,15.7,a
2018-09-18,27,12.259,15.7,a
2018-09-19,26,11.693,15.8,a
2018-09-20,24,10.972,16,a
2018-09-21,22,10.309,15.9,a
2018-09-22,23,10.705,15.4,a
2018-09-23,26,11.61,14.5,a
2018-09-24,110,73.237,14.3,a
2018-09-25,109,67.649,13.2,a
2018-09-26,57,28.601,12.3,a
2018-09-27,45,20.685,12,a
2018-09-28,37,16.254,12,a
2018-09-29,30,13.322,12.2,a
2018-09-30,28,12.484,12.2,a
2018-10-01,26,11.761,12,a
2018-10-02,28,12.63,12,a
2018-10-03,26,11.738,11.9,a
2018-10-04,22,10.476,12,a
2018-10-05,21,9.853,12.1,a
2018-10-06,20,9.61,12.3,a
2018-10-07,86,51.032,12.8,a
2018-10-08,89,50.44,12.8,a
2018-10-09,78,42.236,12.4,a
2018-10-10,56,27.237,12.2,a
2018-10-11,48,22.126,12.1,a
2018-10-12,41,18.28,12.1,a
2018-10-13,38,16.652,12,a
2018-10-14,35,15.429,12,a
2018-10-15,32,14.165,11.9,a
2018-10-16,32,14.228,11.9,a
2018-10-17,31,13.599,12,a
2018-10-18,29,12.71,12.4,a
2018-10-19,27,12.242,12.6,a
2018-10-20,26,11.775,12.6,a
2018-10-21,26,11.745,12.2,a
2018-10-22,26,11.807,11.6,a
2018-10-23,25,11.203,11.2,a
2018-10-24,24,11.145,11.1,a
2018-10-25,23,10.784,11.2,a
2018-10-26,22,10.227,11.3,a
2018-10-27,22,10.173,11.8,a
2018-10-28,38,18.103,12.5,a
2018-10-29,93,54.071,12.8,a
2018-10-30,195,164.983,12,a
2018-10-31,184,149.12,11,a
2018-11-01,169,129.287,10.7,a
2018-11-02,179,142.681,10.9,a
2018-11-03,190,156.888,11.3,a
2018-11-04,179,141.779,11.3,a
2018-11-05,156,113.559,11.3,a
2018-11-06,163,121.658,11.3,a
2018-11-07,168,126.945,11.4,a
2018-11-08,154,111.07,11.3,a
2018-11-09,150,105.652,11.1,a
2018-11-10,144,98.985,11.1,a
2018-11-11,137,91.49,11.2,a
2018-11-12,127,82.037,11.3,a
2018-11-13,115,72.235,11.2,a
2018-11-14,105,62.973,11,a
2018-11-15,97,56.512,10.7,a
2018-11-16,92,52.991,10.3,a
2018-11-17,87,48.672,9.9,a
2018-11-18,83,45.871,9.5,a
2018-11-19,76,40.864,9.4,a
2018-11-20,77,41.298,9.1,a
2018-11-21,75,39.671,8.9,a
2018-11-22,76,40.39,9.2,a
2018-11-23,80,43.293,9.2,a
2018-11-24,90,51.164,9.3,a
2018-11-25,178,141.825,9.2,a
2018-11-26,195,164.834,9.3,a
2018-11-27,186,152.412,9.1,a
2018-11-28,153,109.681,8.3,a
2018-11-29,129,84.714,7.7,a
2018-11-30,113,70.006,7.6,a
2018-12-01,97,57.049,7.6,a
2018-12-02,90,51.323,7.9,a
2018-12-03,81,43.928,8.4,a
2018-12-04,77,41.511,8.7,a
2018-12-05,70,36.343,8.4,a
2018-12-06,69,35.564,8,a
2018-12-07,66,33.518,7.8,a
2018-12-08,76,41.207,7.9,a
2018-12-09,103,61.384,7.6,a
2018-12-10,105,63.493,7.6,a
2018-12-11,93,53.435,7.5,a
2018-12-12,86,47.787,7.1,a
2018-12-13,79,42.73,6.7,a
2018-12-14,75,39.733,6.8,a
2018-12-15,71,37.018,6.8,a
2018-12-16,67,34.086,6.4,a
2018-12-17,64,31.954,6.2,a
2018-12-18,60,29.8,6.3,a
2018-12-19,55,26.664,6.2,a
2018-12-20,54,25.808,6.4,a
2018-12-21,53,25.222,6.6,a
2018-12-22,53,25.274,6.9,a
2018-12-23,56,27.044,7.2,a
2018-12-24,58,28.197,7.4,a
2018-12-25,57,27.96,7,a
2018-12-26,55,26.577,6.2,a
2018-12-27,54,25.63,5.9,a
2018-12-28,51,23.877,5.8,a
2018-12-29,50,23.131,5.6,a
2018-12-30,48,22.353,5.7,a
2018-12-31,46,21.346,5.6,a
2019-01-01,44,19.755,5.9,a
2019-01-02,43,19.159,6,a
2019-01-03,41,18.256,5.6,a
2019-01-04,38,16.902,5.2,a
2019-01-05,38,16.791,5,a
2019-01-06,37,16.351,5,a
2019-01-07,36,15.922,5.1,a
2019-01-08,34,14.994,5.2,a
2019-01-09,34,15.104,5.4,a
2019-01-10,34,14.918,5.5,a
2019-01-11,33,14.461,5.4,a
2019-01-12,32,13.998,5.2,a
2019-01-13,31,13.666,5.1,a
2019-01-14,30,13.307,5.4,a
2019-01-15,30,13.123,5.5,a
2019-01-16,28,12.628,5.6,a
2019-01-17,28,12.562,6.1,a
2019-01-18,66,35.251,6.1,a
2019-01-19,78,41.98,5.1,a
2019-01-20,66,33.477,5.9,a
2019-01-21,54,26.073,6,a
2019-01-22,48,22.305,5.8,a
2019-01-23,44,20.243,5.6,a
2019-01-24,42,18.933,5.4,a
2019-01-25,37,16.472,5.3,a
2019-01-26,36,16.077,4.9,a
2019-01-27,35,15.634,4.7,a
2019-01-28,67,35.902,4.9,a
2019-01-29,93,53.651,5.9,a
2019-01-30,89,50.124,6.7,a
2019-01-31,75,40.115,6.6,a
2019-02-01,75,40.451,6.4,a
2019-02-02,189,158.205,6.5,a
2019-02-03,246,243.543,7.1,a
2019-02-04,236,226.547,7.5,a
2019-02-05,224,207.283,7,a
2019-02-06,212,188.171,6.6,a
2019-02-07,197,167.646,6.3,a
2019-02-08,182,146.518,6.3,a
2019-02-09,167,125.818,6.2,a
2019-02-10,151,107.106,6.3,a
2019-02-11,165,123.308,6.5,a
2019-02-12,154,111.164,6.4,a
2019-02-13,148,103.313,6.4,a
2019-02-14,142,97.028,6.4,a
2019-02-15,135,90.136,6.4,a
2019-02-16,121,77.192,6.5,a
2019-02-17,107,64.834,6.5,a
2019-02-18,102,61.056,6.7,a
2019-02-19,97,56.694,6.8,a
2019-02-20,92,52.965,7,a
2019-02-21,91,52.003,7.1,a
2019-02-22,89,50.017,7.3,a
2019-02-23,86,47.801,6.8,a
2019-02-24,80,43.755,6.3,a
2019-02-25,76,40.848,6.9,a
2019-02-26,74,39.194,7.3,a
2019-02-27,69,35.518,7.5,a
2019-02-28,67,34.137,7.6,a
2019-03-01,64,32.314,7.7,a
2019-03-02,61,30.448,7.6,a
2019-03-03,55,26.501,7.7,a
2019-03-04,54,26.115,7.8,a
2019-03-05,52,24.845,8.1,a
2019-03-06,49,23.132,8.1,a
2019-03-07,47,21.801,8.1,a
2019-03-08,45,20.451,8.5,a
2019-03-09,44,19.801,8.7,a
2019-03-10,42,18.773,8.5,a
2019-03-11,41,18.511,8.3,a
2019-03-12,46,21.374,7.9,a
2019-03-13,43,19.547,7.8,a
2019-03-14,44,19.916,8.1,a
2019-03-15,44,20.311,8.4,a
2019-03-16,43,19.341,8.7,a
2019-03-17,40,18.018,9.1,a
2019-03-18,43,19.681,9.1,a
2019-03-19,53,25.202,8.3,a
2019-03-20,51,23.944,8.2,a
2019-03-21,49,22.815,8.3,a
2019-03-22,44,20.089,8.7,a
2019-03-23,44,19.87,9.1,a
2019-03-24,42,19.114,9.5,a
2019-03-25,43,19.355,9.6,a
2019-03-26,63,32.016,9.2,a
2019-03-27,50,23.552,8.7,a
2019-03-28,47,21.779,8.7,a
2019-03-29,45,20.476,9,a
2019-03-30,41,18.427,9.5,a
2019-03-31,40,17.927,9.9,a
2019-04-01,39,17.157,10.3,a
2019-04-02,37,16.176,10.5,a
2019-04-03,36,15.902,10.6,a
2019-04-04,36,15.729,10.5,a
2019-04-05,53,26.894,10.4,a
2019-04-06,90,50.969,9.4,a
2019-04-07,73,38.464,9.2,a
2019-04-08,64,32.349,9.5,a
2019-04-09,57,27.907,9.6,a
2019-04-10,56,27.096,9.7,a
2019-04-11,76,40.941,9.8,a
2019-04-12,96,56.129,9.3,a
2019-04-13,87,48.849,9.1,a
2019-04-14,79,42.722,9.3,a
2019-04-15,68,35.291,9.4,a
2019-04-16,66,33.744,10,a
2019-04-17,62,31.103,10.3,a
2019-04-18,58,28.596,10.6,a
2019-04-19,54,25.585,10.8,a
2019-04-20,52,24.795,11.1,a
2019-04-21,48,22.038,11.3,a
2019-04-22,48,22.111,11.5,a
2019-04-23,51,23.96,11.3,a
2019-04-24,64,32.265,10.8,a
2019-04-25,67,34.056,11.4,a
2019-04-26,61,30.265,11.9,a
2019-04-27,52,24.55,11.7,a
2019-04-28,62,31.415,10.9,a
2019-04-29,103,61.494,9.9,a
2019-04-30,87,48.921,10.3,a
2019-05-01,71,36.959,11,a
2019-05-02,63,31.635,11.7,a
2019-05-03,57,27.594,11.8,a
2019-05-04,59,28.849,11.3,a
2019-05-05,101,60.908,10.7,a
2019-05-06,118,74.857,9.8,a
2019-05-07,100,59.23,10.2,a
2019-05-08,82,44.814,10.6,a
2019-05-09,79,42.904,10.6,a
2019-05-10,96,55.622,10.7,a
2019-05-11,91,52.267,11.3,a
2019-05-12,125,81.895,10.9,a
2019-05-13,146,100.858,10.1,a
2019-05-14,141,96.278,9.7,a
2019-05-15,129,83.911,9.4,a
2019-05-16,131,86.331,9.8,a
2019-05-17,114,70.683,10.4,a
2019-05-18,104,62.142,10.7,a
2019-05-19,98,57.672,10.8,a
2019-05-20,107,65.38,10.9,a
2019-05-21,105,63.55,10.8,a
2019-05-22,110,67.351,10.9,a
2019-05-23,116,73.001,11.5,a
2019-05-24,104,62.24,11.9,a
2019-05-25,94,54.623,12.2,a
2019-05-26,93,53.622,11.9,a
2019-05-27,92,52.662,11.9,a
2019-05-28,144,104.491,12,a
2019-05-29,234,223.662,11.9,a
2019-05-30,237,227.505,11.6,a
2019-05-31,226,210.291,12.2,a
2019-06-01,213,190.092,12.9,a
2019-06-02,196,165.891,13.8,a
2019-06-03,177,139.844,14.1,a
2019-06-04,161,119.03,14.5,a
2019-06-05,145,100.175,14.9,a
2019-06-06,142,96.784,15.3,a
2019-06-07,137,91.426,15.7,a
2019-06-08,127,82.592,16,a
2019-06-09,111,68.209,16.3,a
2019-06-10,97,56.681,16.5,a
2019-06-11,89,50.2,16.4,a
2019-06-12,84,46.834,16.2,a
2019-06-13,77,41.151,16.7,a
2019-06-14,70,36.243,16.8,a
2019-06-15,67,34.054,16.8,a
2019-06-16,63,31.596,16.8,a
2019-06-17,57,27.587,17.1,a
2019-06-18,55,26.556,17.3,a
2019-06-19,53,25.003,17.4,a
2019-06-20,53,25.16,17.2,a
2019-06-21,48,22.402,17.6,a
2019-06-22,61,30.912,17.6,a
2019-06-23,69,35.575,16.8,a
2019-06-24,56,27.335,17.1,a
2019-06-25,49,22.793,17.8,a
2019-06-26,43,19.626,18.5,a
2019-06-27,41,18.325,18.9,a
2019-06-28,39,17.463,19,a
2019-06-29,38,16.693,18.9,a
2019-06-30,36,15.962,18.8,a
2019-07-01,34,14.944,18.8,a
2019-07-02,38,16.92,18.9,a
2019-07-03,44,20.181,18.7,a
2019-07-04,41,18.594,18.3,a
2019-07-05,36,16.089,18.3,a
2019-07-06,33,14.609,18.3,a
2019-07-07,34,15.133,18.5,a
2019-07-08,46,21.26,18.2,a
2019-07-09,90,51.769,17,a
2019-07-10,57,27.928,16.6,a
2019-07-11,40,18.018,17,a
2019-07-12,36,15.768,17.5,a
2019-07-13,35,15.463,17.4,a
2019-07-14,36,15.946,17.1,a
2019-07-15,31,13.709,17.1,a
2019-07-16,27,12.112,17.1,a
2019-07-17,26,11.822,17.5,a
2019-07-18,27,12.07,17.8,a
2019-07-19,27,12.197,18,a
2019-07-20,23,10.721,18.4,a
2019-07-21,23,10.54,18.7,a
2019-07-22,21,10.145,19,a
2019-07-23,20,9.761,19.3,a
2019-07-24,19,9.365,19.6,a
2019-07-25,17,8.887,19.9,a
2019-07-26,16,8.469,20.3,a
2019-07-27,15,8.325,20.3,a
2019-07-28,36,17.009,19.3,a
2019-07-29,48,22.482,17.9,a
2019-07-30,31,13.869,17.4,a
2019-07-31,28,12.377,17.7,a
2019-08-01,28,12.531,17.9,a
2019-08-02,42,20.237,18,a
2019-08-03,96,56.6,16.8,a
2019-08-04,62,31.077,16.6,a
2019-08-05,47,21.542,16.6,a
2019-08-06,38,16.936,16.7,a
2019-08-07,34,14.781,17.1,a
2019-08-08,33,14.629,17.1,a
2019-08-09,31,13.691,17.1,a
2019-08-10,29,12.856,17.4,a
2019-08-11,28,12.433,17.4,a
2019-08-12,27,12.022,17.8,a
2019-08-13,26,11.7,17.8,a
2019-08-14,30,13.257,17.5,a
2019-08-15,28,12.57,17.1,a
2019-08-16,25,11.442,17,a
2019-08-17,24,10.841,17.1,a
2019-08-18,23,10.655,17.4,a
2019-08-19,21,10,17.7,a
2019-08-20,21,9.944,18,a
2019-08-21,20,9.542,17.9,a
2019-08-22,18,9.19,17.7,a
2019-08-23,18,9.031,17.7,a
2019-08-24,18,8.975,17.9,a
2019-08-25,21,9.853,17.7,a
2019-08-26,19,9.466,17.6,a
2019-08-27,19,9.363,17.9,a
2019-08-28,17,8.935,18.1,a
2019-08-29,17,8.803,18.3,a
2019-08-30,17,8.803,18.2,a
2019-08-31,16,8.641,18.4,a
2019-09-01,15,8.323,18.3,a
2019-09-02,16,8.599,18,a
2019-09-03,32,14.562,17.6,a
2019-09-04,26,11.897,17.1,a
2019-09-05,18,9.271,16.8,a
2019-09-06,18,9.208,16.2,a
2019-09-07,23,10.706,15.7,a
2019-09-08,43,19.501,15.1,a
2019-09-09,67,34.47,14.6,a
2019-09-10,61,30.529,14.2,a
2019-09-11,45,20.466,13.9,a
2019-09-12,38,16.722,13.9,a
2019-09-13,31,13.67,14.1,a
2019-09-14,28,12.422,14.4,a
2019-09-15,26,11.713,14.9,a
2019-09-16,25,11.291,15.2,a
2019-09-17,24,10.941,15.4,a
2019-09-18,25,11.211,15.2,a
2019-09-19,21,10.143,14.8,a
2019-09-20,20,9.723,14.3,a
2019-09-21,19,9.503,14,a
2019-09-22,18,9.178,13.5,a
2019-09-23,29,14.319,13.8,a
2019-09-24,56,27.35,14.1,a
2019-09-25,40,17.779,14.3,a
2019-09-26,45,20.404,14.6,a
2019-09-27,40,18.105,14.5,a
2019-09-28,39,17.615,14.3,a
2019-09-29,54,26.028,14.4,a
2019-09-30,38,16.879,14.6,a
2019-10-01,30,13.279,14.8,a
2019-10-02,47,24.141,14.7,a
2019-10-03,107,64.862,13.6,a
2019-10-04,85,47.296,12.5,a
2019-10-05,63,31.942,12.3,a
2019-10-06,47,21.841,12.3,a
2019-10-07,43,19.619,12.2,a
2019-10-08,39,17.479,12.1,a
2019-10-09,38,16.591,11.9,a
2019-10-10,45,20.653,12.2,a
2019-10-11,44,20.133,12.5,a
2019-10-12,39,17.513,12.7,a
2019-10-13,36,15.943,12.8,a
2019-10-14,33,14.455,12.9,a
2019-10-15,32,14.033,13.1,a
2019-10-16,47,22.032,13.3,a
2019-10-17,54,25.559,13.1,a
2019-10-18,47,21.817,12.7,a
2019-10-19,41,18.275,12.5,a
2019-10-20,36,16.042,12.7,a
2019-10-21,31,13.825,12.9,a
2019-10-22,30,13.358,13,a
2019-10-23,29,12.841,13.1,a
2019-10-24,28,12.449,12.9,a
2019-10-25,27,12.165,12.6,a
2019-10-26,25,11.531,12.3,a
2019-10-27,23,10.634,12.1,a
2019-10-28,23,10.544,11.8,a
2019-10-29,23,10.82,11.7,a
2019-10-30,27,12.006,11.3,a
2019-10-31,26,11.728,10.9,a
2019-11-01,25,11.189,10.5,a
2019-11-02,24,10.883,10.3,a
2019-11-03,42,20.036,10.7,a
2019-11-04,80,43.668,11.8,a
2019-11-05,100,59.598,11.8,a
2019-11-06,168,128.801,11.4,a
2019-11-07,177,139.298,10.9,a
2019-11-08,158,115.918,10.4,a
2019-11-09,170,130.272,10.5,a
2019-11-10,154,110.508,10.3,a
2019-11-11,139,93.581,9.9,a
2019-11-12,142,98.386,10,a
2019-11-13,195,163.893,9.9,a
2019-11-14,200,171.138,9.7,a
2019-11-15,187,153.417,9.6,a
2019-11-16,210,185.304,9.8,a
2019-11-17,210,186.248,10,a
2019-11-18,223,204.344,10,a
2019-11-19,213,190.811,9.7,a
2019-11-20,204,176.966,9.7,a
2019-11-21,197,166.982,9.7,a
2019-11-22,188,153.997,9.6,a
2019-11-23,178,140.511,9.6,a
2019-11-24,168,127.225,9.6,a
2019-11-25,154,111.02,9.6,a
2019-11-26,150,105.653,9.4,a
2019-11-27,149,104.711,9.3,a
2019-11-28,165,123.812,9.6,a
2019-11-29,154,110.345,9.5,a
2019-11-30,151,107.172,9.2,a
2019-12-01,147,102.751,8.8,a
2019-12-02,180,145.843,8.5,a
2019-12-03,206,180.616,8.4,a
2019-12-04,191,159.32,7.7,a
2019-12-05,175,137.099,7.5,a
2019-12-06,155,112.33,7.1,a
2019-12-07,149,105.139,7.2,a
2019-12-08,143,97.875,7,a
2019-12-09,142,97.028,7.3,a
2019-12-10,149,104.011,7.3,a
2019-12-11,139,93.878,6.7,a
2019-12-12,122,77.958,6.5,a
2019-12-13,106,64.24,6.7,a
2019-12-14,107,64.705,6.4,a
2019-12-15,103,62.021,6.7,a
2019-12-16,125,81.239,7.2,a
2019-12-17,153,108.877,7.8,a
2019-12-18,144,99.236,8.1,a
2019-12-19,131,86.575,8.2,a
2019-12-20,124,79.921,8.3,a
2019-12-21,155,116.869,8.7,a
2019-12-22,209,184.965,8.8,a
2019-12-23,215,192.673,8.6,a
2019-12-24,201,172.932,8.2,a
2019-12-25,184,149.419,7.9,a
2019-12-26,165,123.811,7.6,a
2019-12-27,154,110.464,7.6,a
2019-12-28,146,101.628,7.3,a
2019-12-29,139,93.879,6.7,a
2019-12-30,129,84.693,6.4,a
2019-12-31,118,74.879,6.4,a
2020-01-01,106,64.682,6.3,a
2020-01-02,102,60.402,6.1,a
2020-01-03,97,57.097,5.9,a
2020-01-04,94,54.582,5.8,a
2020-01-05,91,52.07,5.7,a
2020-01-06,87,48.892,5.3,a
2020-01-07,83,45.685,5,a
2020-01-08,79,42.399,5,a
2020-01-09,73,38.182,5,a
2020-01-10,70,36.577,5.3,a
2020-01-11,66,33.857,5.4,a
2020-01-12,63,31.348,5.6,a
2020-01-13,57,27.65,5.4,a
2020-01-14,56,27.331,5.3,a
2020-01-15,54,25.555,5.5,a
2020-01-16,50,23.599,5.8,a
2020-01-17,48,22.353,6.2,a
2020-01-18,45,20.478,6.1,a
2020-01-19,45,20.382,6.1,a
2020-01-20,43,19.343,5.9,a
2020-01-21,40,17.618,5.8,a
2020-01-22,39,17.545,5.6,a
2020-01-23,38,17.035,5.3,a
2020-01-24,37,16.375,5.1,a
2020-01-25,36,15.882,5.3,a
2020-01-26,36,15.941,5.9,a
2020-01-27,37,16.351,6.6,a
2020-01-28,39,17.275,7.1,a
2020-01-29,59,29.282,7.2,a
2020-01-30,57,27.965,6.9,a
2020-01-31,51,24.154,6.9,a
2020-02-01,43,19.49,7.5,a
2020-02-02,41,18.279,8,a
2020-02-03,41,18.503,8.3,a
2020-02-04,46,21.525,8.4,a
2020-02-05,58,28.584,7.6,a
2020-02-06,52,24.86,6.6,a
2020-02-07,47,21.957,6.2,a
2020-02-08,44,20.244,6.3,a
2020-02-09,41,18.617,6.3,a
2020-02-10,40,17.81,6.7,a
2020-02-11,41,18.571,7.5,a
2020-02-12,42,18.885,8.1,a
2020-02-13,41,18.282,7.8,a
2020-02-14,41,18.173,7.7,a
2020-02-15,42,19.113,7.7,a
2020-02-16,44,20.218,7.6,a
2020-02-17,42,19.114,7.6,a
2020-02-18,41,18.078,8.1,a
2020-02-19,39,17.157,8.3,a
2020-02-20,38,16.651,8.2,a
2020-02-21,36,15.752,7.7,a
2020-02-22,35,15.5,7.5,a
2020-02-23,34,14.863,7.8,a
2020-02-24,33,14.533,8.1,a
2020-02-25,32,14.103,8.4,a
2020-02-26,37,16.274,8.4,a
2020-02-27,45,20.336,7.9,a
2020-02-28,44,19.939,7.7,a
2020-02-29,43,19.48,7.4,a
2020-03-01,53,26.355,7.8,a
2020-03-02,165,123.939,8.4,a
2020-03-03,189,156.475,8.6,a
2020-03-04,190,157.833,8.4,a
2020-03-05,175,136.996,8.2,a
2020-03-06,168,127.33,8.1,a
2020-03-07,161,119.222,8.2,a
2020-03-08,149,104.168,8.2,a
2020-03-09,133,88.493,8.2,a
2020-03-10,114,71.402,8.3,a
2020-03-11,100,59.402,8.6,a
2020-03-12,94,54.256,9,a
2020-03-13,88,49.664,9,a
2020-03-14,82,45.095,8.9,a
2020-03-15,77,41.237,8.8,a
2020-03-16,72,37.832,8.5,a
2020-03-17,66,33.371,8.6,a
2020-03-18,64,32.204,9.3,a
2020-03-19,60,29.88,9.6,a
2020-03-20,57,27.961,9.8,a
2020-03-21,55,26.639,10.1,a
2020-03-22,55,26.252,9.8,a
2020-03-23,48,22.414,8.6,a
2020-03-24,47,21.611,7.7,a
2020-03-25,44,19.923,7.5,a
2020-03-26,44,19.778,7.4,a
2020-03-27,42,19.159,7.5,a
2020-03-28,41,18.391,8.3,a
2020-03-29,40,17.728,9.4,a
2020-03-30,39,17.32,9.6,a
2020-03-31,38,17.055,9.2,a
2020-04-01,37,16.139,8.8,a
2020-04-02,36,15.98,8.8,a
2020-04-03,35,15.575,9.1,a
2020-04-04,34,15.049,9.6,a
2020-04-05,31,13.849,10,a
2020-04-06,31,13.841,10.4,a
2020-04-07,30,13.275,10.6,a
2020-04-08,30,13.073,10.7,a
2020-04-09,29,12.872,10.8,a
2020-04-10,28,12.628,11,a
2020-04-11,28,12.401,11.4,a
2020-04-12,27,12.037,11.9,a
2020-04-13,25,11.354,12.1,a
2020-04-14,28,12.474,11.5,a
2020-04-15,28,12.393,11,a
2020-04-16,25,11.472,10.9,a
2020-04-17,24,11.027,11.2,a
2020-04-18,23,10.798,11.8,a
2020-04-19,23,10.572,12.6,a
2020-04-20,22,10.335,12.7,a
2020-04-21,22,10.281,12.6,a
2020-04-22,21,10.078,12.4,a
2020-04-23,21,9.931,12.5,a
2020-04-24,20,9.734,12.5,a
2020-04-25,20,9.631,12.8,a
2020-04-26,19,9.439,13.4,a
2020-04-27,19,9.426,13.6,a
2020-04-28,18,9.104,13.5,a
2020-04-29,20,9.629,13.4,a
2020-04-30,24,10.974,13.4,a
2020-05-01,28,12.711,13.5,a
2020-05-02,32,14.307,13.4,a
2020-05-03,41,18.392,13.2,a
2020-05-04,40,17.646,13,a
2020-05-05,34,14.894,12.5,a
2020-05-06,32,13.983,12.2,a
2020-05-07,28,12.568,12.3,a
2020-05-08,26,11.718,12.7,a
2020-05-09,26,11.607,13.4,a
2020-05-10,25,11.203,13.6,a
2020-05-11,24,11.012,13.5,a
2020-05-12,33,15.019,13.1,a
2020-05-13,49,22.733,12.1,a
2020-05-14,50,23.33,12,a
2020-05-15,55,26.754,12.1,a
2020-05-16,108,65.058,11.4,a
2020-05-17,104,60.328,11,a
2020-05-18,81,41.814,11.4,a
2020-05-19,63,29.246,11.5,a
2020-05-20,49,21.598,11.6,a
2020-05-21,48,20.786,12.2,a
2020-05-22,43,18.457,12.8,a
2020-05-23,39,16.513,13.1,a
2020-05-24,65,31.094,13.5,a
2020-05-25,55,24.632,13.3,a
2020-05-26,44,19.008,13.1,a
2020-05-27,39,16.812,13,a
2020-05-28,35,14.721,13,a
2020-05-29,33,14.272,13.1,a
2020-05-30,30,13.025,12.9,a
2020-05-31,30,12.68,12.8,a
2020-06-01,28,12.094,13.3,a
2020-06-02,26,11.373,13.9,a
2020-06-03,25,10.974,14.4,a
2020-06-04,25,10.816,14.7,a
2020-06-05,73,38.117,14.1,a
2020-06-06,97,54.034,12.7,a
2020-06-07,77,38.592,12.6,a
2020-06-08,151,113.353,12.7,a
2020-06-09,212,188.463,11.8,a
2020-06-10,212,188.619,11.7,a
2020-06-11,196,165.252,12.4,a
2020-06-12,175,137.56,12.9,a
2020-06-13,148,103.712,13.3,a
2020-06-14,121,75.729,13.8,a
2020-06-15,98,55.297,13.7,a
2020-06-16,91,49.484,13.5,a
2020-06-17,82,42.091,13.9,a
2020-06-18,74,36.935,14,a
2020-06-19,71,34.239,14.5,a
2020-06-20,63,29.315,14.3,a
2020-06-21,62,28.546,14.1,a
2020-06-22,60,27.596,14.2,a
2020-06-23,57,25.678,14.9,a
2020-06-24,50,21.766,15.2,a
2020-06-25,49,21.377,15.1,a
2020-06-26,56,25.089,15,a
2020-06-27,50,21.861,15.6,a
2020-06-28,44,19.108,16.5,a
2020-06-29,42,17.854,16.8,a
2020-06-30,40,17.271,16.4,a
2020-07-01,38,16.291,16.6,a
2020-07-02,38,16.131,17,a
2020-07-03,47,20.898,16.6,a
2020-07-04,61,28.283,15.4,a
2020-07-05,47,20.199,15.7,a
2020-07-06,39,17.05,16.6,a
2020-07-07,80,41.127,16.5,a
2020-07-08,74,37.099,15.3,a
2020-07-09,57,25.678,15.2,a
2020-07-10,44,18.98,15.7,a
2020-07-11,41,17.508,16.2,a
2020-07-12,43,18.678,16.1,a
2020-07-13,33,14.345,16.1,a
2020-07-14,35,14.77,16.1,a
2020-07-15,33,14.132,16.2,a
2020-07-16,32,13.571,16.6,a
2020-07-17,35,15.116,16.6,a
2020-07-18,33,14.133,16.3,a
2020-07-19,31,13.107,16.4,a
2020-07-20,29,12.328,16.8,a
2020-07-21,28,11.829,17.2,a
2020-07-22,30,12.969,18,a
2020-07-23,42,18.266,17.8,a
2020-07-24,46,19.957,17.2,a
2020-07-25,43,18.297,16.6,a
2020-07-26,35,15.142,16.5,a
2020-07-27,32,13.47,16.9,a
2020-07-28,30,12.697,17.4,a
2020-07-29,28,12.123,17.9,a
2020-07-30,45,20.004,18.6,a
2020-07-31,29,12.496,18.9,a
2020-08-01,26,11.31,19.1,a
2020-08-02,26,11.447,18.6,a
2020-08-03,47,21.248,17.9,a
2020-08-04,66,31.42,16.6,a
2020-08-05,51,22.412,15.8,a
2020-08-06,46,19.945,15.5,a
2020-08-07,41,17.709,15.9,a
2020-08-08,35,15.143,16.6,a
2020-08-09,37,15.599,17,a
2020-08-10,36,15.201,17.3,a
2020-08-11,35,14.788,17,a
2020-08-12,34,14.502,16.9,a
2020-08-13,37,15.696,16.8,a
2020-08-14,40,17.105,16.9,a
2020-08-15,47,20.367,16.8,a
2020-08-16,43,18.627,16.5,a
2020-08-17,41,17.557,16.6,a
2020-08-18,41,17.42,16.2,a
2020-08-19,38,16.294,16,a
2020-08-20,33,14.293,16.2,a
2020-08-21,30,12.972,16.6,a
2020-08-22,30,12.629,17.3,a
2020-08-23,29,12.226,17.3,a
2020-08-24,28,11.879,17.3,a
2020-08-25,25,10.916,17.3,a
2020-08-26,25,10.847,17.1,a
2020-08-27,24,10.489,17.2,a
2020-08-28,23,10.183,17.5,a
2020-08-29,22,9.913,17.6,a
2020-08-30,25,10.764,17.6,a
2020-08-31,37,16.335,17.3,a
2020-09-01,85,44.404,15.9,a
2020-09-02,79,42.628,14.8,a
2020-09-03,68,35.159,14.3,a
2020-09-04,62,30.644,14.4,a
2020-09-05,62,31.128,14.5,a
2020-09-06,66,33.521,14.5,a
2020-09-07,64,32.155,14.6,a
2020-09-08,61,30.422,14.6,a
2020-09-09,55,26.437,14.8,a
2020-09-10,52,24.42,15.1,a
2020-09-11,46,20.981,15.4,a
2020-09-12,43,19.389,15.8,a
2020-09-13,40,17.678,16.1,a
2020-09-14,36,15.741,16.3,a
2020-09-15,34,14.957,16.5,a
2020-09-16,32,14.247,16.6,a
2020-09-17,30,13.253,16.5,a
2020-09-18,28,12.402,16.3,a
2020-09-19,27,12.258,16.1,a
2020-09-20,26,11.761,15.9,a
2020-09-21,24,10.916,15.6,a
2020-09-22,24,11.012,15.5,a
2020-09-23,25,11.189,15.6,a
2020-09-24,24,10.87,15.8,a
2020-09-25,60,31.208,15.9,a
2020-09-26,131,87.293,14,a
2020-09-27,102,60.945,13,a
2020-09-28,136,95.342,12.8,a
2020-09-29,154,111.541,12.6,a
2020-09-30,129,84.676,12.5,a
2020-10-01,104,62.577,12.4,a
2020-10-02,89,50.788,12.6,a
2020-10-03,88,50.145,12.8,a
2020-10-04,124,79.743,13.1,a
2020-10-05,134,90.078,12.8,a
2020-10-06,131,86.918,12.5,a
2020-10-07,152,110.801,12.5,a
2020-10-08,176,137.924,12,a
2020-10-09,153,109.402,12,a
2020-10-10,145,100.292,12.2,a
2020-10-11,174,140.216,11.9,a
2020-10-12,227,211.268,10.9,a
2020-10-13,213,190.331,10.9,a
2020-10-14,200,171.795,11,a
2020-10-15,204,178.094,10.8,a
2020-10-16,218,196.828,10.5,a
2020-10-17,209,183.73,10.7,a
2020-10-18,196,165.759,10.6,a
2020-10-19,181,145.317,10.6,a
2020-10-20,164,123.406,10.7,a
2020-10-21,152,108.185,10.7,a
2020-10-22,146,101.619,11,a
2020-10-23,142,97.152,11.2,a
2020-10-24,140,94.714,11.3,a
2020-10-25,143,97.765,11.5,a
2020-10-26,140,94.544,11.5,a
2020-10-27,147,102.622,11.6,a
2020-10-28,151,107.57,11.6,a
2020-10-29,131,86.509,11.4,a
2020-10-30,117,73.546,11.3,a
2020-10-31,110,67.326,11.3,a
2020-11-01,104,62.752,11.2,a
2020-11-02,97,56.974,11.2,a
2020-11-03,94,54.349,11.5,a
2020-11-04,89,50.216,11.3,a
2020-11-05,82,44.852,11.2,a
2020-11-06,78,42.306,11,a
2020-11-07,71,36.866,10.5,a
2020-11-08,68,34.792,10.1,a
2020-11-09,64,32.343,10,a
2020-11-10,59,28.845,9.9,a
2020-11-11,57,27.697,10,a
2020-11-12,54,25.758,10,a
2020-11-13,49,22.971,10.1,a
2020-11-14,48,22.353,10.2,a
2020-11-15,46,21.275,10.1,a
2020-11-16,73,42.98,10.1,a
2020-11-17,176,139.098,9.8,a
2020-11-18,146,101.801,9.7,a
2020-11-19,126,82.003,9.5,a
2020-11-20,104,62.785,9.4,a
2020-11-21,93,53.286,8.9,a
2020-11-22,86,48.209,8.2,a
2020-11-23,81,44.154,8.1,a
2020-11-24,74,38.849,8.3,a
2020-11-25,70,36.346,8.1,a
2020-11-26,64,32.145,7.9,a
2020-11-27,62,31.019,8,a
2020-11-28,59,28.994,8,a
2020-11-29,56,26.787,7.9,a
2020-11-30,52,24.422,7.5,a
2020-12-01,48,22.199,7,a
2020-12-02,48,22.255,6.6,a
2020-12-03,49,22.998,6,a
2020-12-04,46,21.396,6.1,a
2020-12-05,66,35.042,6.5,a
2020-12-06,163,127.083,6.6,a
2020-12-07,220,200.821,7.5,a
2020-12-08,211,187.028,7.6,a
2020-12-09,207,181.089,7.4,a
2020-12-10,199,170.07,7.4,a
2020-12-11,187,152.737,7.4,a
2020-12-12,174,135.968,7.2,a
2020-12-13,157,114.492,7.1,a
2020-12-14,151,106.652,6.9,a
2020-12-15,145,99.714,6.7,a
2020-12-16,137,92.134,6.7,a
2020-12-17,117,73.883,6.8,a
2020-12-18,103,61.376,7.1,a
2020-12-19,95,55.323,7.3,a
2020-12-20,93,53.387,7.3,a
2020-12-21,89,50.149,7.3,a
2020-12-22,82,45.131,7.5,a
2020-12-23,78,42.335,7.8,a
2020-12-24,74,39.224,8.1,a
2020-12-25,135,95.254,8.1,a
2020-12-26,177,139.522,7.6,a
2020-12-27,152,108.881,7.1,a
2020-12-28,133,88.671,6.9,a
2020-12-29,179,143.642,6.3,a
2020-12-30,212,189.128,7.1,a
2020-12-31,203,175.72,7.4,a
2021-01-01,189,155.689,7.3,a
2021-01-02,198,168.57,7.2,a
2021-01-03,231,217.901,7.2,a
2021-01-04,219,199.398,7.4,a
2021-01-05,206,179.88,7.4,a
2021-01-06,198,168.025,6.8,a
2021-01-07,188,153.965,6.6,a
2021-01-08,175,137.16,6.6,a
2021-01-09,160,117.92,6.4,a
2021-01-10,148,103.775,6.2,a
2021-01-11,139,93.339,6,a
2021-01-12,127,81.014,5.5,a
2021-01-13,117,71.767,5.4,a
2021-01-14,110,65.042,5.3,a
2021-01-15,104,60.225,5.2,a
2021-01-16,99,55.528,4.8,a
2021-01-17,94,51.957,4.7,a
2021-01-18,89,47.415,4.9,a
2021-01-19,86,45.303,4.9,a
2021-01-20,81,41.889,5.3,a
2021-01-21,84,44.077,5.9,a
2021-01-22,115,70.578,6.4,a
2021-01-23,186,152.95,6.9,a
2021-01-24,187,153.735,6.8,a
2021-01-25,175,137.054,6.4,a
2021-01-26,151,107.698,6.4,a
2021-01-27,137,91.167,6.2,a
2021-01-28,123,77.746,6,a
2021-01-29,114,69.134,6.3,a
2021-01-30,109,64.477,6.7,a
2021-01-31,137,93.697,6.5,a
2021-02-01,143,97.898,6.2,a
2021-02-02,135,89.231,6.4,a
2021-02-03,123,77.82,6.7,a
2021-02-04,116,71.127,7.4,a
2021-02-05,122,76.639,7.6,a
2021-02-06,124,78.033,7.6,a
2021-02-07,121,75.178,7.8,a
2021-02-08,175,136.53,8.1,a
2021-02-09,185,150.242,7.8,a
2021-02-10,211,187.793,8,a
2021-02-11,224,206.762,7.6,a
2021-02-12,211,186.269,6.5,a
2021-02-13,195,164.525,6,a
2021-02-14,180,143.445,6,a
2021-02-15,161,119.236,5.7,a
2021-02-16,153,108.976,5.7,a
2021-02-17,148,103.207,5.6,a
2021-02-18,143,97.846,5.5,a
2021-02-19,138,92.723,6,a
2021-02-20,128,82.79,6.3,a
2021-02-21,110,65.757,6.7,a
2021-02-22,99,56.104,6.9,a
2021-02-23,96,53.36,7,a
2021-02-24,92,50.078,7.1,a
2021-02-25,90,48.38,7.2,a
2021-02-26,87,45.942,7.4,a
2021-02-27,84,43.563,7.5,a
2021-02-28,78,39.449,7.4,a
2021-03-01,74,36.918,7.3,a
2021-03-02,67,32.162,7.5,a
2021-03-03,65,30.796,7.6,a
2021-03-04,60,27.71,8,a
2021-03-05,60,27.557,8.4,a
2021-03-06,68,32.889,8.2,a
2021-03-07,59,26.847,7.5,a
2021-03-08,54,24.358,7.3,a
2021-03-09,51,22.495,7.7,a
2021-03-10,50,22.002,7.7,a
2021-03-11,47,20.62,7.6,a
2021-03-12,48,21.035,7.9,a
2021-03-13,58,26.265,8.4,a
2021-03-14,64,30.611,8.3,a
2021-03-15,70,33.66,7.5,a
2021-03-16,72,35.427,7.8,a
2021-03-17,64,30.241,7.9,a
2021-03-18,59,27.116,7.9,a
2021-03-19,54,24.312,7.8,a
2021-03-20,52,22.795,7.7,a
2021-03-21,49,21.312,7.4,a
2021-03-22,45,19.674,7.5,a
2021-03-23,44,19.023,8,a
2021-03-24,42,17.838,8.5,a
2021-03-25,41,17.345,8.9,a
2021-03-26,39,16.771,9.2,a
2021-03-27,38,16.222,9.3,a
2021-03-28,36,15.333,9.2,a
2021-03-29,35,14.972,9.2,a
2021-03-30,34,14.489,9.7,a
2021-03-31,32,13.657,10.4,a
2021-04-01,32,13.779,11,a
2021-04-02,32,13.656,11.2,a
2021-04-03,46,20.468,11.3,a
2021-04-04,37,15.875,10.5,a
2021-04-05,34,14.621,10,a
2021-04-06,39,16.691,9,a
2021-04-07,41,17.782,7.7,a
2021-04-08,43,18.534,7.6,a
2021-04-09,52,23.081,8,a
2021-04-10,50,22.176,9,a
2021-04-11,49,21.225,9.5,a
2021-04-12,72,36.973,9.6,a
2021-04-13,199,170.787,8.5,a
2021-04-14,189,156.153,8.5,a
2021-04-15,156,113.414,8.7,a
2021-04-16,116,71.583,9.1,a
2021-04-17,94,52.064,9.3,a
2021-04-18,84,43.821,9.2,a
2021-04-19,77,38.611,9.1,a
2021-04-20,72,35.534,9.6,a
2021-04-21,67,31.723,9.9,a
2021-04-22,61,28.035,10.3,a
2021-04-23,59,27.102,10.9,a
2021-04-24,55,24.804,11.1,a
2021-04-25,53,23.806,11.2,a
2021-04-26,52,22.771,11,a
2021-04-27,50,21.978,10.1,a
2021-04-28,49,21.225,9.5,a
2021-04-29,46,19.775,10,a
2021-04-30,59,26.979,11,a
2021-05-01,82,42.495,11.3,a
2021-05-02,119,74.253,11.2,a
2021-05-03,157,115.756,10.5,a
2021-05-04,145,101.034,10.5,a
2021-05-05,125,79.933,10.8,a
2021-05-06,181,146.062,10,a
2021-05-07,175,136.965,9.7,a
2021-05-08,194,163.172,10.3,a
2021-05-09,158,116.855,11,a
2021-05-10,127,81.864,11.7,a
2021-05-11,107,62.582,12.1,a
2021-05-12,99,55.382,12,a
2021-05-13,97,54.22,11.6,a
2021-05-14,110,65.005,11.3,a
2021-05-15,115,70.261,11.5,a
2021-05-16,120,74.419,11.7,a
2021-05-17,177,143.482,11.9,a
2021-05-18,204,176.583,11.6,a
2021-05-19,215,192.686,11.5,a
2021-05-20,216,194.087,11.4,a
2021-05-21,202,173.807,12.2,a
2021-05-22,182,146.612,12.1,a
2021-05-23,168,127.813,12.3,a
2021-05-24,165,123.885,12,a
2021-05-25,184,148.754,11.8,a
2021-05-26,172,133.636,12.3,a
2021-05-27,155,111.704,12.5,a
2021-05-28,143,98.172,12.8,a
2021-05-29,130,84.44,12.8,a
2021-05-30,118,72.604,12.7,a
2021-05-31,106,61.693,12.9,a
2021-06-01,99,55.414,13.2,a
2021-06-02,92,50.448,13.5,a
2021-06-03,87,46.43,13.7,a
2021-06-04,82,42.17,14,a
2021-06-05,77,38.961,14.5,a
2021-06-06,73,35.837,14.6,a
2021-06-07,78,39.487,14.4,a
2021-06-08,74,36.615,14.5,a
2021-06-09,66,31.492,15.1,a
2021-06-10,63,29.134,15.1,a
2021-06-11,56,25.402,15.3,a
2021-06-12,54,24.29,15.5,a
2021-06-13,49,21.277,16,a
2021-06-14,48,21.183,16.3,a
2021-06-15,47,20.218,16.3,a
2021-06-16,43,18.441,16.5,a
2021-06-17,43,18.354,17,a
2021-06-18,41,17.741,17.3,a
2021-06-19,40,17.047,17.5,a
2021-06-20,39,16.569,17.7,a
2021-06-21,38,16.076,17.9,a
2021-06-22,36,15.314,18.2,a
2021-06-23,35,14.864,18.2,a
2021-06-24,33,14.243,18.3,a
2021-06-25,32,13.832,18.3,a
2021-06-26,32,13.516,18.3,a
2021-06-27,31,13.116,18.4,a
2021-06-28,30,12.754,18.5,a
2021-06-29,29,12.327,18.6,a
2021-06-30,28,12.059,18.8,a
2021-07-01,29,12.382,18.3,a
2021-07-02,31,13.099,17.9,a
2021-07-03,28,12.024,17.8,a
2021-07-04,28,12.132,17.5,a
2021-07-05,66,31.404,17.3,a
2021-07-06,37,16.06,17.4,a
2021-07-07,33,14.241,18,a
2021-07-08,29,12.261,18.2,a
2021-07-09,27,11.459,18.7,a
2021-07-10,23,10.213,18.9,a
2021-07-11,32,14.773,19,a
2021-07-12,26,11.445,19.2,a
2021-07-13,23,10.145,19,a
2021-07-14,31,13.213,18.9,a
2021-07-15,27,11.544,18.5,a
2021-07-16,26,11.18,17.8,a
2021-07-17,26,11.376,17.3,a
2021-07-18,27,11.691,17,a
2021-07-19,38,16.247,16.9,a
2021-07-20,28,12.036,17.2,a
2021-07-21,24,10.308,17.7,a
2021-07-22,23,10.083,17.9,a
2021-07-23,22,9.823,18.3,a
2021-07-24,21,9.34,18.3,a
2021-07-25,20,8.932,18.4,a
2021-07-26,19,8.56,18.5,a
2021-07-27,18,8.424,18.4,a
2021-07-28,16,7.76,18.5,a
2021-07-29,14,7.149,18.7,a
2021-07-30,13,6.826,19.2,a
2021-07-31,12,6.524,19.3,a
2021-08-01,14,6.998,19,a
2021-08-02,18,8.259,18.5,a
2021-08-03,15,7.299,18.6,a
2021-08-04,14,6.956,18.4,a
2021-08-05,27,11.92,18.2,a
2021-08-06,25,10.824,17.7,a
2021-08-07,19,8.762,17.8,a
2021-08-08,16,7.587,18.1,a
2021-08-09,15,7.236,18.2,a
2021-08-10,13,6.825,18.6,a
2021-08-11,12,6.598,18.9,a
2021-08-12,11,6.239,19.2,a
2021-08-13,10,5.986,19.3,a
2021-08-14,9,5.745,19.6,a
2021-08-15,8,5.527,19.8,a
2021-08-16,7,5.4,19.9,a
2021-08-17,15,7.433,19.5,a
2021-08-18,11,6.147,19.1,a
2021-08-19,9,5.641,18.9,a
2021-08-20,8,5.418,18.9,a
2021-08-21,7,5.234,18.9,a
2021-08-22,6,5.099,19,a
2021-08-23,17,8.558,18.3,a
2021-08-24,21,9.417,17.7,a
2021-08-25,14,7.134,17.6,a
2021-08-26,11,6.155,17.3,a
2021-08-27,15,7.403,17.2,a
2021-08-28,13,6.692,16.6,a
2021-08-29,10,5.958,16.5,a
2021-08-30,9,5.641,16.1,a
2021-08-31,8,5.463,16.1,a
2021-09-01,7,5.293,16.3,a
2021-09-02,6,5.116,16.3,a
2021-09-03,6,5.099,16.4,a
2021-09-04,5,4.91,16.4,a
2021-09-05,5,4.874,16.3,a
2021-09-06,4,4.751,16.4,a
2021-09-07,4,4.736,16.4,a
2021-09-08,4,4.716,16.5,a
2021-09-09,4,4.736,16.4,a
2021-09-10,3,4.629,16.4,a
2021-09-11,3,4.575,16.5,a
2021-09-12,3,4.575,16.5,a
2021-09-13,3,4.532,16.5,a
2021-09-14,2,4.466,16.7,a
2021-09-15,2,4.429,16.7,a
2021-09-16,2,4.424,16.7,a
2021-09-17,13,7.149,16.6,a
2021-09-18,21,9.347,16.1,a
2021-09-19,16,7.725,15.7,a
2021-09-20,22,9.789,15.3,a
2021-09-21,18,8.255,14.7,a
2021-09-22,13,6.702,14.4,a
2021-09-23,11,6.185,14.2,a
2021-09-24,9,5.806,14.1,a
2021-09-25,7,5.4,14.3,a
2021-09-26,7,5.267,14.5,a
2021-09-27,7,5.323,14.8,a
2021-09-28,7,5.305,15,a
2021-09-29,16,10.054,15.4,a
2021-09-30,53,23.603,15.2,a
2021-10-01,28,12.292,14.7,a
2021-10-02,18,8.38,14.6,a
2021-10-03,14,6.982,14.3,a
2021-10-04,12,6.447,14.3,a
2021-10-05,10,5.945,14,a
2021-10-06,21,10.392,13.9,a
2021-10-07,85,44.824,12.8,a
2021-10-08,74,36.301,12.1,a
2021-10-09,57,26.233,11.7,a
2021-10-10,45,19.508,11.3,a
2021-10-11,39,16.523,10.9,a
2021-10-12,32,13.803,10.5,a
2021-10-13,27,11.732,10.7,a
2021-10-14,26,11.083,10.6,a
2021-10-15,24,10.38,10.5,a
2021-10-16,23,9.929,10.4,a
2021-10-17,21,9.445,10.3,a
2021-10-18,20,9.105,10.3,a
2021-10-19,19,8.759,10.3,a
2021-10-20,18,8.228,10.6,a
2021-10-21,16,7.706,10.9,a
2021-10-22,16,7.666,11.3,a
2021-10-23,17,8.039,11.6,a
2021-10-24,16,7.811,11.4,a
2021-10-25,16,7.666,11,a
2021-10-26,16,7.576,10.4,a
2021-10-27,15,7.359,10,a
2021-10-28,14,7.029,9.6,a
2021-10-29,12,6.559,9.3,a
2021-10-30,11,6.248,8.9,a
2021-10-31,10,6.09,8.9,a
2021-11-01,10,6.125,9,a
2021-11-02,64,32.346,9.6,a
2021-11-03,83,43.1,10.4,a
2021-11-04,138,92.902,10.6,a
2021-11-05,116,71.752,10.1,a
2021-11-06,85,44.645,10,a
2021-11-07,66,31.082,10.2,a
2021-11-08,68,32.556,10.1,a
2021-11-09,75,37.802,9.8,a
2021-11-10,62,28.552,9.5,a
2021-11-11,56,25.002,9.3,a
2021-11-12,49,21.442,9.2,a
2021-11-13,46,19.726,9.4,a
2021-11-14,43,18.414,9.7,a
2021-11-15,40,17.068,9.8,a
2021-11-16,38,16.333,9.7,a
2021-11-17,36,15.513,9.5,a
2021-11-18,35,14.9,9.5,a
2021-11-19,32,13.73,9.3,a
2021-11-20,31,13.36,9,a
2021-11-21,29,12.565,8.6,a
2021-11-22,28,12.192,8.6,a
2021-11-23,26,11.183,8.6,a
2021-11-24,25,10.824,8.2,a
2021-11-25,24,10.569,7.9,a
2021-11-26,38,16.783,7.7,a
2021-11-27,110,67.494,7.8,a
2021-11-28,171,133.139,8.4,a
2021-11-29,192,160.094,8.2,a
2021-11-30,162,121.052,7.8,a
2021-12-01,122,76.934,7.6,a
2021-12-02,165,129.584,8,a
2021-12-03,206,180.54,7.6,a
2021-12-04,188,154.805,7.7,a
2021-12-05,178,141.394,7.8,a
2021-12-06,177,140.085,7.6,a
2021-12-07,153,110.043,7.5,a
2021-12-08,140,94.893,7.2,a
2021-12-09,126,80.226,6.4,a
2021-12-10,111,66.091,6.7,a
2021-12-11,103,59.02,6.9,a
2021-12-12,94,51.688,6.6,a
2021-12-13,87,46.01,6.5,a
2021-12-14,82,42.317,6.4,a
2021-12-15,76,38.255,6.5,a
2021-12-16,78,39.341,6.6,a
2021-12-17,82,42.513,6.5,a
2021-12-18,81,41.483,6.4,a
2021-12-19,78,39.609,6.3,a
2021-12-20,75,37.077,5.9,a
2021-12-21,69,33.139,5.8,a
2021-12-22,64,30.035,5.9,a
2021-12-23,61,28.421,6.2,a
2021-12-24,61,28.173,6.4,a
2021-12-25,79,40.127,7,a
2021-12-26,115,71.025,7.3,a
2021-12-27,132,86.253,7.3,a
2021-12-28,128,82.085,7.4,a
2021-12-29,115,69.795,7.4,a
2021-12-30,106,61.83,7.4,a
2021-12-31,99,55.801,7.3,a
2022-01-01,93,51.156,7.1,a
2022-01-02,86,45.102,6.9,a
2022-01-03,81,41.736,7,a
2022-01-04,74,36.798,7.6,a
2022-01-05,78,39.221,8,a
2022-01-06,113,68.134,7,a
2022-01-07,105,60.951,6.7,a
2022-01-08,95,52.129,6.4,a
2022-01-09,88,46.74,6.1,a
2022-01-10,78,39.559,6.3,a
2022-01-11,73,35.677,6.3,a
2022-01-12,67,32.341,5.8,a
2022-01-13,61,28.382,5.4,a
2022-01-14,60,27.522,5.4,a
2022-01-15,58,26.104,5.5,a
2022-01-16,56,24.988,5.6,a
2022-01-17,53,23.585,5.5,a
2022-01-18,52,22.928,5.3,a
2022-01-19,50,22.088,5.2,a
2022-01-20,48,21.082,5.2,a
2022-01-21,48,20.822,5.5,a
2022-01-22,47,20.446,5.4,a
2022-01-23,46,19.829,5.3,a
2022-01-24,44,18.728,5.4,a
2022-01-25,42,17.861,5.5,a
2022-01-26,41,17.569,5.5,a
2022-01-27,40,17.195,5.3,a
2022-01-28,38,16.277,5.3,a
2022-01-29,38,16.022,5.4,a
2022-01-30,37,15.749,5.5,a
2022-01-31,36,15.513,5.3,a
2022-02-01,36,15.332,5.5,a
2022-02-02,35,14.935,5.6,a
2022-02-03,34,14.685,5.7,a
2022-02-04,34,14.31,6,a
2022-02-05,35,14.81,6.6,a
2022-02-06,37,15.767,6.8,a
2022-02-07,38,16.369,6.9,a
2022-02-08,41,17.55,6.6,a
2022-02-09,40,17.197,6.6,a
2022-02-10,39,16.515,6.3,a
2022-02-11,37,15.694,6.7,a
2022-02-12,36,15.477,7,a
2022-02-13,35,14.972,7.1,a
2022-02-14,34,14.649,6.7,a
2022-02-15,36,15.498,6.5,a
2022-02-16,67,32.524,6.7,a
2022-02-17,66,31.056,7.2,a
2022-02-18,63,29.656,7.6,a
2022-02-19,59,27.23,7.9,a
2022-02-20,96,54.195,7.9,a
2022-02-21,98,55.269,7.9,a
2022-02-22,94,51.745,7.7,a
2022-02-23,83,43.366,7.6,a
2022-02-24,76,37.69,7.6,a
2022-02-25,71,34.79,7.5,a
2022-02-26,83,42.973,7.1,a
2022-02-27,76,37.918,7,a
2022-02-28,70,33.817,6.9,a
2022-03-01,65,30.572,7.1,a
2022-03-02,61,28.299,7.1,a
2022-03-03,58,26.303,7,a
2022-03-04,54,24.338,7.2,a
2022-03-05,52,23.152,7.1,a
2022-03-06,50,21.872,6.8,a
2022-03-07,48,20.678,6.7,a
2022-03-08,45,19.386,6.8,a
2022-03-09,42,18.242,6.9,a
2022-03-10,42,17.835,7.1,a
2022-03-11,40,17.158,7.3,a
2022-03-12,38,16.078,7.2,a
2022-03-13,37,15.767,7,a
2022-03-14,35,15.135,6.9,a
2022-03-15,34,14.685,7.2,a
2022-03-16,33,14.31,7.8,a
2022-03-17,32,13.657,8.3,a
2022-03-18,31,13.066,8.5,a
2022-03-19,30,12.978,8.5,a
2022-03-20,30,12.634,8.4,a
2022-03-21,29,12.209,8.2,a
2022-03-22,27,11.46,8,a
2022-03-23,27,11.657,8.1,a
2022-03-24,26,11.035,8.5,a
2022-03-25,25,10.824,8.9,a
2022-03-26,25,10.633,9.2,a
2022-03-27,24,10.411,9.6,a
2022-03-28,23,10.067,9.8,a
2022-03-29,23,10.067,10,a
2022-03-30,23,10.067,9.9,a
2022-03-31,35,16.051,9.7,a
2022-04-01,106,61.67,8.9,a
2022-04-02,126,80.493,8.6,a
2022-04-03,125,79.952,8.2,a
2022-04-04,113,67.847,8.7,a
2022-04-05,99,56.215,8.9,a
2022-04-06,92,50.285,9.2,a
2022-04-07,83,43.397,9.5,a
2022-04-08,79,40.153,9.5,a
2022-04-09,76,37.895,9.2,a
2022-04-10,81,41.883,8.5,a
2022-04-11,82,42.099,9.2,a
2022-04-12,79,40.3,9.6,a
2022-04-13,73,35.713,10,a
2022-04-14,67,31.895,10.4,a
2022-04-15,63,29.111,10.6,a
2022-04-16,59,26.762,10.5,a
2022-04-17,55,24.432,10.4,a
2022-04-18,52,22.995,10.1,a
2022-04-19,49,21.254,10.2,a
2022-04-20,49,21.612,10.3,a
2022-04-21,47,20.178,10.3,a
2022-04-22,54,24.313,10.1,a
2022-04-23,63,29.679,10.1,a
2022-04-24,59,27.179,10.8,a
2022-04-25,57,25.771,11.2,a
2022-04-26,52,23.251,11.1,a
2022-04-27,55,24.71,11.2,a
2022-04-28,56,25.299,11.6,a
2022-04-29,50,22.101,11.7,a
2022-04-30,48,21.014,11.9,a
2022-05-01,50,22.365,12,a
2022-05-02,86,45.923,11.4,a
2022-05-03,73,36.078,11.7,a
2022-05-04,62,28.455,12.1,a
2022-05-05,54,23.987,12.2,a
2022-05-06,50,22.177,12,a
2022-05-07,50,21.827,11.5,a
2022-05-08,68,33.027,11.6,a
2022-05-09,66,31.508,12,a
2022-05-10,56,25.155,12.6,a
2022-05-11,51,22.756,13.2,a
2022-05-12,47,20.304,13.7,a
2022-05-13,43,18.3,14.1,a
2022-05-14,41,17.74,14.3,a
2022-05-15,40,17.234,14.4,a
2022-05-16,39,16.699,14.5,a
2022-05-17,35,14.79,14.8,a
2022-05-18,34,14.364,14.9,a
2022-05-19,32,13.572,14.7,a
2022-05-20,31,13.237,14.7,a
2022-05-21,30,12.943,15,a
2022-05-22,30,12.617,15.5,a
2022-05-23,29,12.276,15.8,a
2022-05-24,26,11.25,16,a
2022-05-25,25,10.844,16,a
2022-05-26,26,11.18,15.7,a
2022-05-27,24,10.601,15.9,a
2022-05-28,25,10.954,15.4,a
2022-05-29,26,11.294,14.4,a
2022-05-30,27,11.491,13.6,a
2022-05-31,24,10.602,13.6,a
2022-06-01,23,10.037,14.4,a
2022-06-02,22,9.64,15.3,a
2022-06-03,21,9.34,16.1,a
2022-06-04,20,8.959,17,a
2022-06-05,19,8.63,17.5,a
2022-06-06,18,8.309,17.8,a
2022-06-07,18,8.496,17.7,a
2022-06-08,34,14.523,17.3,a
2022-06-09,27,11.902,16.2,a
2022-06-10,21,9.895,15.6,a
2022-06-11,21,9.764,15.6,a
2022-06-12,20,9.471,15.8,a
2022-06-13,19,9.02,16.1,a
2022-06-14,18,8.778,16.9,a
2022-06-15,17,8.425,17.4,a
2022-06-16,16,8.156,17.8,a
2022-06-17,16,8.056,17.9,a
2022-06-18,15,7.82,18.2,a
2022-06-19,14,7.539,18.4,a
2022-06-20,12,7.13,18.7,a
2022-06-21,11,6.724,19.2,a
2022-06-22,11,6.713,19.3,a
2022-06-23,10,6.476,19.3,a
2022-06-24,19,9.165,19.4,a
2022-06-25,18,8.713,19.3,a
2022-06-26,14,7.603,19.3,a
2022-06-27,11,6.781,19.4,a
2022-06-28,10,6.414,19.6,a
2022-06-29,13,7.165,19.7,a
2022-06-30,12,6.882,19.9,a
2022-07-01,9,6.33,20.3,a
2022-07-02,12,6.914,20.1,a
2022-07-03,10,6.5,20.2,a
2022-07-04,8,5.899,20.5,a
2022-07-05,13,7.893,20.5,a
2022-07-06,19,9.335,20.2,a
2022-07-07,11,6.727,19.9,a
2022-07-08,18,8.858,19.4,a
2022-07-09,16,8.085,18.8,a
2022-07-10,10,6.577,18.6,a
2022-07-11,8,5.997,18.6,a
2022-07-12,6,5.624,18.5,a
2022-07-13,5,5.399,18.7,a
2022-07-14,4,5.193,19,a
2022-07-15,4,5.046,19.2,a
2022-07-16,5,5.39,19.6,a
2022-07-17,5,5.243,19.8,a
2022-07-18,3,5.005,20,a
2022-07-19,2,4.826,20.4,a
2022-07-20,2,4.722,20.7,a
2022-07-21,1,4.608,20.9,a
2022-07-22,1,4.525,21.3,a
2022-07-23,0,4.459,21.4,a
2022-07-24,1,4.559,21.6,a
2022-07-25,1,4.512,22,a
2022-07-26,0,4.439,21.3,a
2022-07-27,1,4.565,21,a
2022-07-28,1,4.545,20.9,a
2022-07-29,0,4.412,21.3,a
2022-07-30,1,4.539,20.7,a
2022-07-31,1,4.572,20.4,a
2022-08-01,0,4.485,20.5,a
2022-08-02,2,4.769,20.3,a
2022-08-03,2,4.826,20.4,a
2022-08-04,1,4.615,20.7,a
2022-08-05,0,4.432,20.9,a
2022-08-06,1,4.699,21,a
2022-08-07,0,4.421,20.6,a
2022-08-08,-1,4.263,20.2,a
2022-08-09,-2,4.166,20.5,a
2022-08-10,-2,4.126,20.5,a
2022-08-11,-2,4.126,20.5,a
2022-08-12,-2,4.126,20.1,a
2022-08-13,-2,4.126,19.2,a
2022-08-14,-2,4.126,19.5,a
2022-08-15,-2,4.132,19.6,a
2022-08-16,-2,4.079,19.9,a
2022-08-17,-3,4.047,20.3,a
2022-08-18,-2,4.089,20.3,a
2022-08-19,0,4.375,19.9,a
2022-08-20,4,5.032,19.8,a
2022-08-21,4,5.071,19.4,a
2022-08-22,2,4.666,18.8,a
2022-08-23,0,4.432,18.8,a
2022-08-24,-1,4.325,19,a
2022-08-25,-1,4.212,19.4,a
2022-08-26,-2,4.16,19.4,a
2022-08-27,-2,4.126,19.2,a
2022-08-28,-1,4.27,19.1,a
2022-08-29,0,4.447,19.3,a
2022-08-30,0,4.368,19.6,a
2022-08-31,-1,4.264,19.2,a
2022-09-01,1,4.601,18.4,a
2022-09-02,2,4.783,18.1,a
2022-09-03,0,4.397,18.1,a
2022-09-04,-2,4.178,18.2,a
2022-09-05,-3,4.053,18.2,a
2022-09-06,-4,3.929,18.5,a
2022-09-07,-4,3.883,18.6,a
2022-09-08,-3,4.073,18.2,a
2022-09-09,5,5.323,17.7,a
2022-09-10,18,9.03,17.2,a
2022-09-11,21,9.773,16.6,a
2022-09-12,16,8.024,16.3,a
2022-09-13,12,6.907,16,a
2022-09-14,8,6.079,15.9,a
2022-09-15,45,26.338,16.7,a
2022-09-16,221,206.572,14.9,a
2022-09-17,255,259.81,13,a
2022-09-18,234,223.368,12.3,a
2022-09-19,219,199.263,13.3,a
2022-09-20,197,166.853,13.9,a
2022-09-21,142,98.376,14,a
2022-09-22,106,61.852,13.6,a
2022-09-23,83,43.402,12.8,a
2022-09-24,73,36.058,12.4,a
2022-09-25,95,58.485,12.6,a
2022-09-26,207,180.598,12.9,a
2022-09-27,205,178.967,12.5,a
2022-09-28,200,170.579,12.2,a
2022-09-29,227,214.455,12.8,a
2022-09-30,248,246.962,12.9,a
2022-10-01,240,233.748,12.9,a
2022-10-02,229,214.614,13,a
2022-10-03,217,195.351,13.1,a
2022-10-04,203,175.756,13.2,a
2022-10-05,185,149.754,13.3,a
2022-10-06,146,102.231,13.4,a
2022-10-07,118,72.562,13.4,a
2022-10-08,101,57.941,13.4,a
2022-10-09,87,46.036,13.5,a
2022-10-10,79,39.986,13.4,a
2022-10-11,71,34.337,13.4,a
2022-10-12,63,29.107,13.3,a
2022-10-13,59,26.86,13.1,a
2022-10-14,52,22.926,13,a
2022-10-15,49,21.504,12.9,a
2022-10-16,47,20.2,13,a
2022-10-17,44,18.983,13,a
2022-10-18,41,17.516,13,a
2022-10-19,40,17.103,12.9,a
2022-10-20,39,16.49,12.9,a
2022-10-21,37,15.954,12.9,a
2022-10-22,44,19.714,12.7,a
2022-10-23,57,25.996,12.8,a
2022-10-24,49,21.48,12.9,a
2022-10-25,69,33.964,13.1,a
2022-10-26,80,40.53,13.1,a
2022-10-27,67,31.77,13,a
2022-10-28,56,25.162,12.9,a
2022-10-29,49,21.378,12.7,a
2022-10-30,45,19.464,12.6,a
2022-10-31,42,17.97,12.5,a
2022-11-01,39,16.814,12.4,a
2022-11-02,37,15.989,12.3,a
2022-11-03,37,15.731,12.3,a
2022-11-04,44,19.021,12.4,a
2022-11-05,49,21.348,12.4,a
2022-11-06,44,18.804,12.2,a
2022-11-07,40,16.958,11.9,a
2022-11-08,38,16.145,11.6,a
2022-11-09,38,16.438,11.4,a
2022-11-10,50,22.284,11.4,a
2022-11-11,63,29.704,11.7,a
2022-11-12,60,27.747,11.7,a
2022-11-13,53,23.77,11.5,a
2022-11-14,50,21.982,11.3,a
2022-11-15,46,20.098,11.2,a
2022-11-16,50,22.139,11.2,a
2022-11-17,66,31.037,11.2,a
2022-11-18,81,41.833,11.2,a
2022-11-19,103,59.195,11.1,a
2022-11-20,113,68.279,10.7,a
2022-11-21,117,71.683,10.5,a
2022-11-22,114,68.874,10.3,a
2022-11-23,167,127.302,10.1,a
2022-11-24,145,100.848,10,a
2022-11-25,133,87.486,9.9,a
2022-11-26,118,73.049,9.8,a
2022-11-27,105,61.364,9.6,a
2022-11-28,98,54.609,9.4,a
2022-11-29,91,49.387,9.2,a
2022-11-30,87,45.753,9.1,a
2022-12-01,81,41.401,8.9,a
2022-12-02,80,40.996,8.8,a
2022-12-03,79,39.849,8.7,a
2022-12-04,85,44.933,8.5,a
2022-12-05,112,68.045,8.5,a
2022-12-06,179,143.141,8.6,a
2022-12-07,162,120.195,8.7,a
2022-12-08,147,102.085,8.7,a
2022-12-09,163,125.364,8.7,a
2022-12-10,233,221.783,8.6,a
2022-12-11,228,212.356,8.6,a
2022-12-12,219,198.717,8.5,a
2022-12-13,207,181.589,8.2,a
2022-12-14,194,163.17,7.9,a
2022-12-15,180,143.548,7.7,a
2022-12-16,205,179.062,7.5,a
2022-12-17,221,201.714,7.5,a
2022-12-18,215,192.623,7.6,a
2022-12-19,205,177.898,7.5,a
2022-12-20,193,160.719,7.4,a
2022-12-21,180,143.535,7.3,a
2022-12-22,169,129.407,7.3,a
2022-12-23,156,113.366,7.3,a
2022-12-24,153,109.321,7.4,a
2022-12-25,148,103.867,7.4,a
2022-12-26,145,100.009,7.4,a
2022-12-27,142,96.791,7.5,a
2022-12-28,140,94.628,7.6,a
2022-12-29,137,91.565,7.6,a
2022-12-30,137,91.969,7.7,a
2022-12-31,146,100.798,7.8,a
2023-01-01,136,90.08,8,a
2023-01-02,122,76.45,8.2,a
2023-01-03,111,66.663,8.3,a
2023-01-04,104,59.751,8.5,a
2023-01-05,99,55.829,8.5,a
2023-01-06,94,51.693,8.6,a
2023-01-07,89,47.408,8.6,a
2023-01-08,85,44.444,8.6,a
2023-01-09,133,93.6,8.6,a
2023-01-10,192,160.087,8.7,a
2023-01-11,174,135.364,8.6,a
2023-01-12,151,107.134,8.5,a
2023-01-13,137,91.475,8.4,a
2023-01-14,120,74.647,8.3,a
2023-01-15,108,63.82,8.2,a
2023-01-16,156,115.084,8.1,a
2023-01-17,165,124.154,7.8,a
2023-01-18,173,134.333,7.7,a
2023-01-19,187,152.679,7.6,a
2023-01-20,182,145.716,7.6,a
2023-01-21,171,130.973,7.4,a
2023-01-22,152,108.613,7.3,a
2023-01-23,159,117.29,7.1,a
2023-01-24,149,105.23,6.9,a
2023-01-25,142,96.351,6.8,a
2023-01-26,136,90.504,6.8,a
2023-01-27,128,81.864,6.8,a
2023-01-28,119,73.82,6.7,a
2023-01-29,110,65.051,6.6,a
2023-01-30,104,59.774,6.5,a
2023-01-31,98,54.723,6.5,a
2023-02-01,94,51.52,6.3,a
2023-02-02,91,49.471,6.2,a
2023-02-03,88,46.787,6.1,a
2023-02-04,98,54.718,6.2,a
2023-02-05,101,57.413,6.2,a
2023-02-06,95,52.548,6.1,a
2023-02-07,83,43.459,6,a
2023-02-08,81,41.183,5.8,a
2023-02-09,75,37.236,5.6,a
2023-02-10,70,34.154,5.5,a
2023-02-11,65,30.535,5.5,a
2023-02-12,63,29.672,5.4,a
2023-02-13,60,27.285,5.6,a
2023-02-14,60,27.694,5.8,a
2023-02-15,61,28.118,5.9,a
2023-02-16,61,28.168,5.9,a
2023-02-17,69,33.361,6,a
2023-02-18,93,50.657,6.1,a
2023-02-19,116,70.562,6.4,a
2023-02-20,111,66.298,6.7,a
2023-02-21,104,60.082,6.9,a
2023-02-22,99,55.477,7.1,a
2023-02-23,90,48.348,7.1,a
2023-02-24,86,45.206,7.2,a
2023-02-25,83,43.215,7.2,a
2023-02-26,87,45.909,7.3,a
2023-02-27,86,45.461,7.2,a
2023-02-28,83,43.342,6.9,a
2023-03-01,81,41.394,6.9,a
2023-03-02,81,41.239,6.8,a
2023-03-03,81,41.667,6.9,a
2023-03-04,88,46.963,7,a
2023-03-05,87,46.074,7.1,a
2023-03-06,83,43.417,7.2,a
2023-03-07,83,43.184,7.2,a
2023-03-08,85,44.79,7.3,a
2023-03-09,88,46.686,7.5,a
2023-03-10,85,44.823,7.7,a
2023-03-11,81,41.69,7.8,a
2023-03-12,80,41.118,7.8,a
2023-03-13,78,39.163,7.8,a
2023-03-14,75,37.334,7.7,a
2023-03-15,76,37.976,7.8,a
2023-03-16,77,38.625,7.9,a
2023-03-17,76,38.303,7.8,a
2023-03-18,72,35.507,7.9,a
2023-03-19,70,33.595,8,a
2023-03-20,66,31.537,8.2,a
2023-03-21,65,30.453,8.4,a
2023-03-22,61,28.373,8.5,a
2023-03-23,59,26.93,8.7,a
2023-03-24,56,25.391,8.9,a
2023-03-25,58,26.651,9.1,a
2023-03-26,64,30.318,9.2,a
2023-03-27,155,114.755,9.1,a
2023-03-28,132,86.91,9,a
2023-03-29,110,65.24,8.8,a
2023-03-30,91,49.548,8.8,a
2023-03-31,84,43.571,8.9,a
2023-04-01,107,62.792,9,a
2023-04-02,110,65.278,9.1,a
2023-04-03,102,58.705,9.3,a
2023-04-04,90,48.405,9.3,a
2023-04-05,82,42.235,9,a
2023-04-06,76,38.102,8.9,a
2023-04-07,71,34.577,8.9,a
2023-04-08,67,32.062,9.1,a
2023-04-09,67,32.023,9.2,a
2023-04-10,60,27.841,9.2,a
2023-04-11,59,27.028,9.3,a
2023-04-12,57,25.626,9.3,a
2023-04-13,80,45.723,9.4,a
2023-04-14,192,159.595,9.3,a
2023-04-15,180,143.988,9.1,a
2023-04-16,173,134.483,9.1,a
2023-04-17,154,110.12,9.1,a
2023-04-18,143,98.344,9.1,a
2023-04-19,123,77.325,9.2,a
2023-04-20,107,62.992,9.4,a
2023-04-21,97,54.029,9.5,a
2023-04-22,91,49.256,9.5,a
2023-04-23,83,43.014,9.7,a
2023-04-24,83,42.823,9.9,a
2023-04-25,98,55.17,9.9,a
2023-04-26,97,53.847,9.9,a
2023-04-27,86,45.533,10,a
2023-04-28,74,36.704,10.1,a
2023-04-29,74,36.269,10.1,a
2023-04-30,70,33.765,10.4,a
2023-05-01,66,31.112,10.7,a
2023-05-02,69,33.24,10.8,a
2023-05-03,79,40.214,10.8,a
2023-05-04,78,39.255,10.7,a
2023-05-05,72,35.138,11,a
2023-05-06,69,32.858,11.3,a
2023-05-07,65,30.664,11.5,a
2023-05-08,62,28.548,11.7,a
2023-05-09,58,26.168,11.7,a
2023-05-10,57,25.792,11.6,a
2023-05-11,102,62.023,11.5,a
2023-05-12,137,91.727,11.3,a
2023-05-13,132,86.154,11.2,a
2023-05-14,145,101.268,11.2,a
2023-05-15,173,134.586,11.1,a
2023-05-16,167,126.314,11.3,a
2023-05-17,173,134.256,11.2,a
2023-05-18,154,110.935,11.1,a
2023-05-19,138,92.929,11.1,a
2023-05-20,125,79.86,11.1,a
2023-05-21,117,71.65,11.2,a
2023-05-22,110,65.153,11.6,a
2023-05-23,102,57.99,11.9,a
2023-05-24,99,55.834,12.6,a
2023-05-25,92,49.914,12.3,a
2023-05-26,87,45.785,12.5,a
2023-05-27,82,42.019,12.8,a
2023-05-28,78,39.64,13,a
2023-05-29,73,36.073,13.2,a
2023-05-30,71,34.264,13.4,a
2023-05-31,67,31.991,13.5,a
2023-06-01,63,29.125,13.5,a
2023-06-02,63,29.628,13.7,a
2023-06-03,76,38.256,14,a
2023-06-04,65,30.684,14.1,a
2023-06-05,70,34.388,14.2,a
2023-06-06,100,56.585,14.1,a
2023-06-07,118,73.004,14,a
2023-06-08,109,64.746,14.2,a
2023-06-09,97,53.872,14.3,a
2023-06-10,94,52.204,14.5,a
2023-06-11,84,44.071,14.4,a
2023-06-12,77,38.52,14.5,a
2023-06-13,68,32.532,14.6,a
2023-06-14,60,27.816,14.8,a
2023-06-15,56,25.224,14.9,a
2023-06-16,52,22.808,15,a
2023-06-17,48,20.759,15.2,a
2023-06-18,47,20.551,15.3,a
2023-06-19,44,19.046,15.5,a
2023-06-20,43,18.412,15.8,a
2023-06-21,40,17.272,16.3,a
2023-06-22,39,16.777,16.7,a
2023-06-23,38,16.252,17,a
2023-06-24,40,17.163,17,a
2023-06-25,36,15.586,17,a
2023-06-26,34,14.606,17,a
2023-06-27,40,17.834,17.2,a
2023-06-28,45,19.527,17.1,a
2023-06-29,34,14.8,16.9,a
2023-06-30,33,14.095,17,a
2023-07-01,33,13.974,17.1,a
2023-07-02,33,14.219,17.2,a
2023-07-03,43,21.357,17.3,a
2023-07-04,80,41.735,17.2,a
2023-07-05,49,21.358,17.1,a
2023-07-06,41,17.516,17.2,a
2023-07-07,36,15.3,17.1,a
2023-07-08,33,13.94,17.2,a
2023-07-09,29,12.615,17.5,a
2023-07-10,27,11.588,17.8,a
2023-07-11,26,11.212,18.3,a
2023-07-12,26,11.423,18.6,a
2023-07-13,59,31.378,18.7,a
2023-07-14,116,72.809,18.1,a
2023-07-15,66,31.772,17.6,a
2023-07-16,50,21.86,17.8,a
2023-07-17,35,14.864,18.2,a
2023-07-18,32,13.646,18.7,a
2023-07-19,44,18.95,18.8,a
2023-07-20,38,16.458,18.5,a
2023-07-21,38,16.423,18.4,a
2023-07-22,62,30.079,17.9,a
2023-07-23,48,21.316,17.2,a
2023-07-24,32,13.93,17.1,a
2023-07-25,98,63.838,17.1,a
2023-07-26,157,115.519,16.5,a
2023-07-27,130,84.681,15.7,a
2023-07-28,94,51.729,15.5,a
2023-07-29,69,33.317,15.7,a
2023-07-30,105,63.121,16.6,a
2023-07-31,99,56.241,17,a
2023-08-01,76,37.739,16.6,a
2023-08-02,87,46.076,16,a
2023-08-03,78,39.301,15.6,a
2023-08-04,186,160.066,15.7,a
2023-08-05,257,262.85,15.1,a
2023-08-06,251,251.72,14.8,a
2023-08-07,244,239.778,14.6,a
2023-08-08,231,218.164,14.5,a
2023-08-09,218,196.933,14.7,a
2023-08-10,201,172.387,14.9,a
2023-08-11,178,141.301,15.3,a
2023-08-12,149,105.345,15.6,a
2023-08-13,134,88.875,15.9,a
2023-08-14,122,76.543,16.1,a
2023-08-15,109,64.852,16.3,a
2023-08-16,95,52.549,16.5,a
2023-08-17,91,49.213,16.7,a
2023-08-18,82,42.521,16.9,a
2023-08-19,75,37.015,17.1,a
2023-08-20,70,34.102,17.3,a
2023-08-21,63,29.104,17.5,a
2023-08-22,60,27.474,17.8,a
2023-08-23,54,24.254,17.7,a
2023-08-24,52,22.907,17.8,a
2023-08-25,48,21.058,18,a
2023-08-26,46,20.136,18.2,a
2023-08-27,44,19.181,18.3,a
2023-08-28,63,33.069,18.3,a
2023-08-29,94,52.817,18,a
2023-08-30,114,69.134,17.5,a
2023-08-31,143,98.036,16.7,a
2023-09-01,130,84.437,16.4,a
2023-09-02,105,61.145,16.3,a
2023-09-03,83,42.99,16.3,a
2023-09-04,69,33.633,16.3,a
2023-09-05,63,29.447,16.3,a
2023-09-06,60,27.428,16.2,a
2023-09-07,54,23.978,16.2,a
2023-09-08,51,22.707,16.2,a
2023-09-09,47,20.643,16.2,a
2023-09-10,46,20.115,16.3,a
2023-09-11,44,19.141,16.4,a
2023-09-12,42,18.085,16.4,a
2023-09-13,41,17.589,16.5,a
2023-09-14,42,17.858,16.6,a
2023-09-15,41,17.551,16.6,a
2023-09-16,39,16.65,16.6,a
2023-09-17,37,15.981,16.6,a
2023-09-18,36,15.317,16.5,a
2023-09-19,67,33.733,16.4,a
2023-09-20,68,32.909,16.3,a
2023-09-21,51,22.361,16.3,a
2023-09-22,48,21.085,16.1,a
2023-09-23,66,32.793,16,a
2023-09-24,89,47.392,15.6,a
2023-09-25,82,42.098,14.9,a
2023-09-26,64,30.063,14.7,a
2023-09-27,53,23.732,14.8,a
2023-09-28,46,20.062,14.9,a
2023-09-29,43,18.263,14.9,a
2023-09-30,40,17.051,14.8,a
2023-10-01,37,15.658,14.7,a
2023-10-02,33,14.22,14.8,a
2023-10-03,33,14.112,14.9,a
2023-10-04,32,13.503,14.9,a
2023-10-05,30,12.701,14.9,a
2023-10-06,28,12.117,14.8,a
2023-10-07,28,12.046,14.7,a
2023-10-08,27,11.65,14.6,a
2023-10-09,26,11.164,14.6,a
2023-10-10,24,10.468,14.6,a
2023-10-11,24,10.513,14.7,a
2023-10-12,23,10.25,14.7,a
2023-10-13,22,9.898,14.8,a
2023-10-14,22,9.658,14.8,a
2023-10-15,62,31.057,14.8,a
2023-10-16,67,32.647,14.2,a
2023-10-17,50,21.987,13.3,a
2023-10-18,39,16.606,12.8,a
2023-10-19,56,28.182,12.6,a
2023-10-20,145,100.506,13,a
2023-10-21,139,93.295,13.3,a
2023-10-22,124,79.159,13.1,a
2023-10-23,99,56.242,12.9,a
2023-10-24,81,41.852,12.7,a
2023-10-25,146,102.69,13,a
2023-10-26,155,111.983,12.5,a
2023-10-27,198,170.172,12.7,a
2023-10-28,213,190.241,12.6,a
2023-10-29,191,158.668,12.4,a
2023-10-30,174,135.224,12.3,a
2023-10-31,188,154.96,12.6,a
2023-11-01,196,165.973,12.3,a
2023-11-02,184,148.325,12.2,a
2023-11-03,192,160.655,12.3,a
2023-11-04,196,164.733,12,a
2023-11-05,209,184.549,11.8,a
2023-11-06,204,177.54,11.8,a
2023-11-07,192,159.674,11.6,a
2023-11-08,179,142.653,11.5,a
2023-11-09,166,125.542,11.3,a
2023-11-10,180,144.551,11.2,a
2023-11-11,206,179.042,11.1,a
2023-11-12,204,177.47,10.8,a
2023-11-13,194,162.819,10.5,a
2023-11-14,181,144.494,10.5,a
2023-11-15,171,131.231,10.6,a
2023-11-16,156,113.337,10.5,a
2023-11-17,152,108.435,10.3,a
2023-11-18,150,105.39,10.3,a
2023-11-19,147,101.829,10,a
2023-11-20,144,98.988,9.9,a
2023-11-21,142,96.88,9.9,a
2023-11-22,140,95.118,9.9,a
2023-11-23,139,92.98,9.6,a
2023-11-24,136,90.578,9.4,a
2023-11-25,136,90.008,9.3,a
2023-11-26,134,88.212,9,a
2023-11-27,131,85.482,8.7,a
2023-11-28,122,77.072,8.5,a
2023-11-29,96,53.281,8.4,a
2023-11-30,106,64.296,8.3,a
2023-12-01,198,168.842,8.1,a
2023-12-02,211,187.855,8.8,a
2023-12-03,216,194.264,8.8,a
2023-12-04,207,180.596,8.5,a
2023-12-05,195,163.984,8.2,a
2023-12-06,183,147.977,8.1,a
2023-12-07,172,132.532,8.1,a
2023-12-08,159,116.143,7.9,a
2023-12-09,155,111.585,7.7,a
2023-12-10,152,108.338,7.6,a
2023-12-11,151,106.397,7.5,a
2023-12-12,151,106.493,7.5,a
2023-12-13,190,159.822,7.6,a
2023-12-14,234,222.75,7.8,a
2023-12-15,224,206.879,8,a
2023-12-16,213,189.29,7.9,a
2023-12-17,199,169.404,7.6,a
2023-12-18,183,147.946,7.4,a
2023-12-19,164,123.048,7.3,a
2023-12-20,156,112.485,7.2,a
2023-12-21,148,103.858,7,a
2023-12-22,144,99.131,7,a
2023-12-23,139,93.699,7,a
2023-12-24,133,86.932,7,a
2023-12-25,119,73.555,7,a
2023-12-26,105,60.621,7.2,a
2023-12-27,97,54.063,7.3,a
2023-12-28,94,51.55,7.4,a
2023-12-29,88,46.655,7.5,a
2023-12-30,87,45.684,7.7,a
2023-12-31,84,43.404,7.8,a
2024-01-01,93,50.901,7.9,a
2024-01-02,99,55.403,8,a
2024-01-03,96,53.089,7.9,a
2024-01-04,91,48.844,8,a
2024-01-05,86,45.686,8,a
2024-01-06,146,110.662,7.9,a
2024-01-07,215,193.41,8.1,a
2024-01-08,206,180.363,8,a
2024-01-09,190,156.582,7.7,a
2024-01-10,171,131.825,7.4,a
2024-01-11,152,107.907,7.1,a
2024-01-12,143,98.386,6.9,a
2024-01-13,122,77.162,6.7,a
2024-01-14,111,66.63,6.5,a
2024-01-15,103,58.818,6.5,a
2024-01-16,98,54.925,6.7,a
2024-01-17,96,53.118,6.6,a
2024-01-18,138,95.619,6.6,a
2024-01-19,171,132.373,6.8,a
2024-01-20,171,130.969,6.5,a
2024-01-21,154,110.229,6.4,a
2024-01-22,152,107.666,6.2,a
2024-01-23,146,100.888,6.1,a
2024-01-24,131,85.394,6,a
2024-01-25,126,80.296,6.1,a
2024-01-26,126,80.337,6.2,a
2024-01-27,122,76.081,6.2,a
2024-01-28,114,69.487,6.1,a
2024-01-29,108,63.879,6,a
2024-01-30,102,58.25,5.9,a
2024-01-31,98,54.537,5.9,a
2024-02-01,91,48.898,5.9,a
2024-02-02,88,46.652,5.9,a
2024-02-03,82,42.558,6.1,a
2024-02-04,80,40.754,6.1,a
2024-02-05,77,38.745,6.3,a
2024-02-06,75,37.538,6.6,a
2024-02-07,73,36.011,6.9,a
2024-02-08,70,33.792,7,a
2024-02-09,68,32.342,7.2,a
2024-02-10,82,42.982,7.5,a
2024-02-11,164,127.148,7.7,a
2024-02-12,184,149.396,7.8,a
2024-02-13,172,132.538,7.9,a
2024-02-14,155,112.016,7.9,a
2024-02-15,146,101.515,7.9,a
2024-02-16,128,82.589,8,a
2024-02-17,114,69.312,8,a
2024-02-18,104,59.893,8.1,a
2024-02-19,99,55.475,8.2,a
2024-02-20,95,52.232,8.2,a
2024-02-21,90,48.619,8.2,a
2024-02-22,85,44.41,8.3,a
2024-02-23,85,44.775,8.4,a
2024-02-24,115,70.174,8.4,a
2024-02-25,115,70.003,8.4,a
2024-02-26,108,63.891,8.4,a
2024-02-27,100,56.919,8.4,a
2024-02-28,97,54.501,8.5,a
2024-02-29,95,52.027,8.8,a
2024-03-01,92,49.669,8.8,a
2024-03-02,89,47.673,8.9,a
2024-03-03,90,48.246,9.1,a
2024-03-04,89,47.623,9,a
2024-03-05,86,45.463,9.1,a
2024-03-06,88,47.152,9.2,a
2024-03-07,104,59.926,9,a
2024-03-08,104,60.322,8.9,a
2024-03-09,99,56.261,8.6,a
2024-03-10,117,72.259,8.7,a
2024-03-11,174,135.674,8.7,a
2024-03-12,156,113.283,8.9,a
2024-03-13,140,94.97,9.1,a
2024-03-14,122,76.1,9.1,a
2024-03-15,107,62.97,9.2,a
2024-03-16,101,57.308,9.4,a
2024-03-17,90,48.993,9.5,a
2024-03-18,87,45.975,9.6,a
2024-03-19,83,42.693,9.6,a
2024-03-20,77,38.957,9.5,a
2024-03-21,73,35.927,9.6,a
2024-03-22,68,32.572,10,a
2024-03-23,67,31.852,10.2,a
2024-03-24,110,65.675,9.4,a
2024-03-25,101,57.52,9.2,a
2024-03-26,93,50.808,9.5,a
2024-03-27,89,47.335,9.6,a
2024-03-28,126,84.213,9.6,a
2024-03-29,199,169.748,9.6,a
2024-03-30,171,132.015,9.9,a
2024-03-31,150,105.849,10.1,a
2024-04-01,134,88.481,10.2,a
2024-04-02,156,113.242,10.4,a
2024-04-03,157,114.046,10.1,a
2024-04-04,150,105.262,10.1,a
2024-04-05,138,92.491,10.6,a
2024-04-06,125,79.371,10.9,a
2024-04-07,109,64.427,11.2,a
2024-04-08,101,57.416,11.4,a
2024-04-09,97,53.674,11.6,a
2024-04-10,89,47.94,11.6,a
2024-04-11,85,44.395,11.4,a
2024-04-12,82,42.443,11.8,a
2024-04-13,78,39.583,12.2,a
2024-04-14,72,34.907,12.7,a
2024-04-15,69,33.432,13,a
2024-04-16,68,32.595,12.8,a
2024-04-17,70,34.131,11.5,a
2024-04-18,65,30.824,11.3,a
2024-04-19,61,28.248,11.4,a
2024-04-20,55,24.684,11.6,a
2024-04-21,54,24.151,11.6,a
2024-04-22,52,22.995,11.6,a
2024-04-23,65,30.852,11.1,a
2024-04-24,96,53.602,10.2,a
2024-04-25,102,58.679,10.1,a
2024-04-26,98,55.195,10.4,a
2024-04-27,87,46.385,10.9,a
2024-04-28,80,40.546,11.1,a
2024-04-29,73,36.139,11.7,a
2024-04-30,65,30.726,12.4,a
2024-05-01,62,28.527,12.7,a
2024-05-02,61,28.096,12.5,a
2024-05-03,65,30.936,12,a
2024-05-04,79,40.098,11.7,a
2024-05-05,67,32.207,12.1,a
2024-05-06,65,30.514,12.1,a
2024-05-07,64,29.813,12,a
2024-05-08,100,58.694,11.9,a
2024-05-09,111,66.796,12,a
2024-05-10,90,48.69,12.1,a
2024-05-11,75,37.726,12.4,a
2024-05-12,64,29.962,12.7,a
2024-05-13,62,29.081,12.9,a
2024-05-14,62,28.976,12.7,a
2024-05-15,57,25.83,12.6,a
2024-05-16,56,24.987,13,a
2024-05-17,98,56.623,12.8,a
2024-05-18,75,37.399,13.1,a
2024-05-19,68,32.745,13,a
2024-05-20,58,26.589,13.3,a
2024-05-21,74,38.781,13.5,a
2024-05-22,123,77.775,13,a
2024-05-23,129,83.479,12.6,a
2024-05-24,114,69.392,12.6,a
2024-05-25,93,51.392,12.7,a
2024-05-26,84,43.85,12.7,a
2024-05-27,76,37.987,13.2,a
2024-05-28,90,48.818,13.6,a
2024-05-29,124,78.894,13.3,a
2024-05-30,108,63.629,13.2,a
2024-05-31,178,146.675,13,a
2024-06-01,220,199.982,12.5,a
2024-06-02,208,182.651,12.7,a
2024-06-03,198,168.878,13,a
2024-06-04,187,153.659,13.2,a
2024-06-05,167,126.42,13.6,a
2024-06-06,155,111.405,14,a
2024-06-07,144,99.014,14.4,a
2024-06-08,134,88.685,14.9,a
2024-06-09,115,71.579,15.3,a
2024-06-10,103,61.933,15.5,a
2024-06-11,185,153.517,15.3,a
2024-06-12,196,165.856,14.4,a
2024-06-13,182,146.083,13.9,a
2024-06-14,159,117.048,13.8,a
2024-06-15,139,94.684,14.1,a
2024-06-16,115,72.273,14.5,a
2024-06-17,99,58.626,14.8,a
2024-06-18,90,51.23,15.1,a
2024-06-19,83,45.428,15.4,a
2024-06-20,75,40.011,15.7,a
2024-06-21,71,36.867,15.6,a
2024-06-22,66,33.724,15.6,a
2024-06-23,63,31.46,15.8,a
2024-06-24,59,29.127,15.9,a
2024-06-25,56,27.227,15.7,a
2024-06-26,68,35.921,15.9,a
2024-06-27,89,50.852,15.8,a
2024-06-28,63,31.566,16,a
2024-06-29,55,26.277,16.5,a
2024-06-30,49,22.651,17,a
2024-07-01,67,35.364,17.3,a
2024-07-02,124,80.066,16.5,a
2024-07-03,99,59.081,16,a
2024-07-04,71,37.45,15.8,a
2024-07-05,59,29.043,16,a
2024-07-06,53,25.178,16.3,a
2024-07-07,52,24.792,16.6,a
2024-07-08,58,28.073,16.8,a
2024-07-09,44,20.063,17.2,a
2024-07-10,43,19.41,17.6,a
2024-07-11,41,18.369,18,a
2024-07-12,39,17.526,18.4,a
2024-07-13,39,17.443,18.4,a
2024-07-14,38,17.016,18.5,a
2024-07-15,36,15.845,18.4,a
2024-07-16,34,15.16,18.6,a
2024-07-17,33,14.336,18.8,a
2024-07-18,32,13.981,19,a
2024-07-19,31,13.977,19.2,a
2024-07-20,50,23.998,19.3,a
2024-07-21,39,18.879,18.7,a
2024-07-22,35,15.328,18.7,a
2024-07-23,33,14.338,18.9,a
2024-07-24,30,13.41,18.9,a
2024-07-25,28,12.434,18.8,a
2024-07-26,25,11.394,19,a
2024-07-27,25,11.336,19.2,a
2024-07-28,26,11.691,19.4,a
2024-07-29,28,12.671,19.7,a
2024-07-30,25,11.205,19.7,a
2024-07-31,23,10.589,19.8,a
2024-08-01,29,13.67,19.9,a
2024-08-02,32,15.529,19.6,a
2024-08-03,26,11.853,19.4,a
2024-08-04,23,10.771,19.3,a
2024-08-05,22,10.254,19.3,a
2024-08-06,20,9.839,19.5,a
2024-08-07,22,10.439,19.6,a
2024-08-08,23,10.703,19.9,a
2024-08-09,20,9.58,19.8,a
2024-08-10,18,9.202,20.2,a
2024-08-11,17,8.781,20.5,a
2024-08-12,16,8.525,20.8,a
2024-08-13,16,8.424,20.9,a
2024-08-14,15,8.311,20.6,a
2024-08-15,14,8.082,20.4,a
2024-08-16,13,7.742,20.4,a
2024-08-17,13,7.651,20.3,a
2024-08-18,13,7.746,19.9,a
2024-08-19,20,9.942,19.3,a
2024-08-20,42,18.795,18.7,a
2024-08-21,29,13.109,18,a
2024-08-22,20,9.764,18.1,a
2024-08-23,19,9.364,18.2,a
2024-08-24,17,8.724,18.4,a
2024-08-25,15,8.3,18.7,a
2024-08-26,14,7.879,18.8,a
2024-08-27,13,7.753,18.7,a
2024-08-28,12,7.591,19,a
2024-08-29,11,7.364,19.3,a
2024-08-30,11,7.266,19.5,a
2024-08-31,10,6.962,19.5,a
2024-09-01,9,6.798,19.4,a
2024-09-02,9,6.833,19.3,a
2024-09-03,10,6.969,19.2,a
2024-09-04,8,6.695,19,a
2024-09-05,10,7.005,18.6,a
2024-09-06,13,7.631,18.2,a
2024-09-07,11,7.296,18.1,a
2024-09-08,10,6.994,17.8,a
2024-09-09,46,22.479,17.6,a
2024-09-10,58,28.287,16.1,a
2024-09-11,35,16.425,15.2,a
2024-09-12,116,89.1,14.9,a
2024-09-13,218,197.17,12.8,a
2024-09-14,207,181.574,11.9,a
2024-09-15,192,160.674,12,a
2024-09-16,173,134.099,12.2,a
2024-09-17,147,102.911,12.2,a
2024-09-18,124,79.968,12.4,a
2024-09-19,103,62.063,12.9,a
2024-09-20,91,52.304,13.1,a
2024-09-21,82,45.145,13.1,a
2024-09-22,75,40.164,13,a
2024-09-23,70,36.232,13.1,a
2024-09-24,80,43.855,13.3,a
2024-09-25,83,45.724,13.5,a
2024-09-26,81,44.524,13.2,a
2024-09-27,80,43.41,13.6,a
2024-09-28,79,43.021,13.6,a
2024-09-29,101,60.023,13,a
2024-09-30,86,48.248,12.6,a
2024-10-01,78,42.414,12.5,a
2024-10-02,90,54.329,12.9,a
2024-10-03,211,188.157,12.7,a
2024-10-04,235,223.864,11.8,a
2024-10-05,225,208.404,11.5,a
2024-10-06,215,193.164,11.7,a
2024-10-07,201,173.404,11.6,a
2024-10-08,186,151.547,12.1,a
2024-10-09,185,150.489,12.6,a
2024-10-10,185,150.517,12.5,a
2024-10-11,202,174.584,12.7,a
2024-10-12,192,159.236,12.4,a
2024-10-13,180,142.875,12.4,a
2024-10-14,163,120.935,12.5,a
2024-10-15,154,110.532,12.5,a
2024-10-16,149,104.524,12.7,a
2024-10-17,144,99.157,12.6,a
2024-10-18,142,96.883,12.7,a
2024-10-19,143,97.544,12.7,a
2024-10-20,140,94.677,12.7,a
2024-10-21,134,89.227,12.4,a
2024-10-22,126,81.648,12.3,a
2024-10-23,100,59.795,12.4,a
2024-10-24,124,80.373,12.6,a
2024-10-25,130,85.28,12.2,a
2024-10-26,120,76.475,12.2,a
2024-10-27,105,63.36,12.3,a
2024-10-28,93,53.312,12.1,a
2024-10-29,87,48.893,12.2,a
2024-10-30,76,40.639,12.1,a
2024-10-31,72,37.923,11.7,a
2024-11-01,69,35.392,11.6,a
2024-11-02,65,33.014,11.5,a
2024-11-03,59,28.749,11.4,a
2024-11-04,58,28.012,11,a
2024-11-05,55,26.476,10.5,a
2024-11-06,50,23.501,10.2,a
2024-11-07,50,23.303,10.2,a
2024-11-08,48,22.305,10.3,a
2024-11-09,46,21.322,10.3,a
2024-11-10,45,20.475,10.1,a
2024-11-11,44,20.079,9.9,a
2024-11-12,42,19.113,9.7,a
2024-11-13,41,18.57,9.5,a
2024-11-14,40,17.966,9.2,a
2024-11-15,39,17.361,8.9,a
2024-11-16,37,16.571,8.8,a
2024-11-17,37,16.273,8.7,a
2024-11-18,36,15.882,8.8,a
2024-11-19,33,14.718,9.2,a
2024-11-20,36,15.763,9.7,a
2024-11-21,39,17.422,9.4,a
2024-11-22,103,64.465,8.1,a
2024-11-23,117,73.983,8.1,a
2024-11-24,96,56.086,8.5,a
2024-11-25,81,44.427,8.9,a
2024-11-26,73,38.31,9.4,a
2024-11-27,105,65.469,9.7,a
2024-11-28,144,99.286,9.6,a
2024-11-29,135,89.869,9.5,a
2024-11-30,117,73.309,9,a
2024-12-01,98,57.584,8.6,a
2024-12-02,90,50.91,8.5,a
2024-12-03,85,47.261,8.3,a
2024-12-04,77,41.541,8.5,a
2024-12-05,74,38.868,8.4,a
2024-12-06,68,34.921,7.8,a
2024-12-07,66,33.573,7.5,a
2024-12-08,63,31.321,7.5,a
2024-12-09,57,28.015,7.7,a
2024-12-10,56,26.784,7.8,a
2024-12-11,52,24.858,7.8,a
2024-12-12,51,23.722,7.7,a
2024-12-13,49,22.668,7.6,a
2024-12-14,46,20.866,7.2,a
2024-12-15,45,20.544,7,a
2024-12-16,44,19.755,6.9,a
2024-12-17,42,19.067,6.8,a
2024-12-18,41,18.458,6.7,a
2024-12-19,40,17.834,6.9,a
2024-12-20,101,62.75,7.3,a
2024-12-21,116,73.001,7.1,a
2024-12-22,101,60.078,6.9,a
2024-12-23,91,52.147,6.6,a
2024-12-24,86,48.285,6.5,a
2024-12-25,78,42.007,6.6,a
2024-12-26,76,40.572,6.4,a
2024-12-27,70,36.343,5.9,a
2024-12-28,68,34.704,5.7,a
2024-12-29,63,31.67,5.7,a
2024-12-30,62,30.636,5.7,a
2024-12-31,61,30.255,5.8,a
2026-09-06,2.4,5.613,19,m
2026-09-07,1.4,5.462,19.1,m
2026-09-08,1,5.395,19.2,m
2026-09-09,5,6.135,18.9,m
2026-09-10,64.3,37.118,17.8,m
2026-09-11,151.4,108.354,14.3,m
2026-09-12,139.2,94.975,13,m
2026-09-13,99.8,59.2,13,m
2026-09-14,70,36.604,13.3,m
2026-09-15,48.7,22.8,13.5,m
2026-09-16,39.5,17.579,13.7,m
2026-09-17,36.5,16.108,13.8,m
2026-09-18,46.7,21.504,13.5,m
2026-09-19,43.8,19.892,13.6,m
2026-09-20,35.9,16.017,13.8,m
2026-09-21,31.4,13.867,13.8,m
2026-09-22,29.5,13.109,13.4,m
2026-09-23,26.7,11.975,13.3,m
2026-09-24,24.2,11.108,13,m
2026-09-25,22.9,10.637,13,m
2026-09-26,21.5,10.15,12.9,m
2026-09-27,20.3,9.787,13,m
2026-09-28,18.5,9.228,13.2,m
2026-09-29,16.5,8.654,13.3,m
2026-09-30,15.1,8.295,13.4,m
2026-10-01,13.9,7.957,13.4,m
2026-10-02,12.3,7.58,13.3,m
2026-10-03,12,7.5,13.1,m
2026-10-04,11.3,7.34,12.9,m
2026-10-05,10.3,7.112,12.6,m
2026-10-06,10,7.04,12.5,m
2026-10-07,9.6,6.944,12.3,m
2026-10-08,17.7,9.462,12.9,m
2026-10-09,77,41.669,12.9,m
2026-10-10,84.3,46.786,12.4,m
