date,level,flow,temp,src
1946-01-01,,114,,a
1946-01-02,,114,,a
1946-01-03,,114,,a
1946-01-04,,114,,a
1946-01-05,,99.5,,a
1946-01-06,,99.5,,a
1946-01-07,,92.2,,a
1946-01-08,,92.2,,a
1946-01-09,,85,,a
1946-01-10,,85,,a
1946-01-11,,85,,a
1946-01-12,,78,,a
1946-01-13,,78,,a
1946-01-14,,71,,a
1946-01-15,,71,,a
1946-01-16,,65,,a
1946-01-17,,65,,a
1946-01-18,,59,,a
1946-01-19,,59,,a
1946-01-20,,59,,a
1946-01-21,,53,,a
1946-01-22,,53,,a
1946-01-23,,53,,a
1946-01-24,,53,,a
1946-01-25,,53,,a
1946-01-26,,53,,a
1946-01-27,,53,,a
1946-01-28,,53,,a
1946-01-29,,53,,a
1946-01-30,,53,,a
1946-01-31,,53,,a
1946-02-01,,53,,a
1946-02-02,,47,,a
1946-02-03,,47,,a
1946-02-04,,47,,a
1946-02-05,,59,,a
1946-02-06,,71,,a
1946-02-07,,65,,a
1946-02-08,,59,,a
1946-02-09,,65,,a
1946-02-10,,107,,a
1946-02-11,,78,,a
1946-02-12,,71,,a
1946-02-13,,71,,a
1946-02-14,,59,,a
1946-02-15,,59,,a
1946-02-16,,59,,a
1946-02-17,,59,,a
1946-02-18,,59,,a
1946-02-19,,59,,a
1946-02-20,,53,,a
1946-02-21,,53,,a
1946-02-22,,59,,a
1946-02-23,,59,,a
1946-02-24,,53,,a
1946-02-25,,53,,a
1946-02-26,,47,,a
1946-02-27,,47,,a
1946-02-28,,47,,a
1946-03-01,,59,,a
1946-03-02,,71,,a
1946-03-03,,78,,a
1946-03-04,,92.2,,a
1946-03-05,,85,,a
1946-03-06,,78,,a
1946-03-07,,99.5,,a
1946-03-08,,99.5,,a
1946-03-09,,107,,a
1946-03-10,,107,,a
1946-03-11,,99.5,,a
1946-03-12,,92.2,,a
1946-03-13,,85,,a
1946-03-14,,85,,a
1946-03-15,,254,,a
1946-03-16,,154,,a
1946-03-17,,137,,a
1946-03-18,,122,,a
1946-03-19,,114,,a
1946-03-20,,99.5,,a
1946-03-21,,92.2,,a
1946-03-22,,85,,a
1946-03-23,,85,,a
1946-03-24,,85,,a
1946-03-25,,85,,a
1946-03-26,,92.2,,a
1946-03-27,,99.5,,a
1946-03-28,,92.2,,a
1946-03-29,,85,,a
1946-03-30,,85,,a
1946-03-31,,85,,a
1946-04-01,,85,,a
1946-04-02,,99.5,,a
1946-04-03,,99.5,,a
1946-04-04,,107,,a
1946-04-05,,107,,a
1946-04-06,,99.5,,a
1946-04-07,,99.5,,a
1946-04-08,,99.5,,a
1946-04-09,,92.2,,a
1946-04-10,,99.5,,a
1946-04-11,,107,,a
1946-04-12,,114,,a
1946-04-13,,99.5,,a
1946-04-14,,92.2,,a
1946-04-15,,85,,a
1946-04-16,,85,,a
1946-04-17,,99.5,,a
1946-04-18,,99.5,,a
1946-04-19,,99.5,,a
1946-04-20,,99.5,,a
1946-04-21,,92.2,,a
1946-04-22,,85,,a
1946-04-23,,85,,a
1946-04-24,,85,,a
1946-04-25,,85,,a
1946-04-26,,85,,a
1946-04-27,,85,,a
1946-04-28,,78,,a
1946-04-29,,78,,a
1946-04-30,,85,,a
1946-05-01,,85,,a
1946-05-02,,85,,a
1946-05-03,,85,,a
1946-05-04,,85,,a
1946-05-05,,85,,a
1946-05-06,,85,,a
1946-05-07,,85,,a
1946-05-08,,85,,a
1946-05-09,,78,,a
1946-05-10,,78,,a
1946-05-11,,78,,a
1946-05-12,,78,,a
1946-05-13,,71,,a
1946-05-14,,78,,a
1946-05-15,,114,,a
1946-05-16,,137,,a
1946-05-17,,122,,a
1946-05-18,,129,,a
1946-05-19,,85,,a
1946-05-20,,85,,a
1946-05-21,,85,,a
1946-05-22,,78,,a
1946-05-23,,85,,a
1946-05-24,,85,,a
1946-05-25,,92.2,,a
1946-05-26,,85,,a
1946-05-27,,129,,a
1946-05-28,,107,,a
1946-05-29,,92.2,,a
1946-05-30,,85,,a
1946-05-31,,85,,a
1946-06-01,,78,,a
1946-06-02,,78,,a
1946-06-03,,122,,a
1946-06-04,,145,,a
1946-06-05,,122,,a
1946-06-06,,99.5,,a
1946-06-07,,85,,a
1946-06-08,,85,,a
1946-06-09,,85,,a
1946-06-10,,78,,a
1946-06-11,,71,,a
1946-06-12,,78,,a
1946-06-13,,78,,a
1946-06-14,,198,,a
1946-06-15,,154,,a
1946-06-16,,122,,a
1946-06-17,,107,,a
1946-06-18,,92.2,,a
1946-06-19,,85,,a
1946-06-20,,78,,a
1946-06-21,,85,,a
1946-06-22,,189,,a
1946-06-23,,340.5,,a
1946-06-24,,239,,a
1946-06-25,,180,,a
1946-06-26,,154,,a
1946-06-27,,129,,a
1946-06-28,,122,,a
1946-06-29,,107,,a
1946-06-30,,107,,a
1946-07-01,,99.5,,a
1946-07-02,,92.2,,a
1946-07-03,,99.5,,a
1946-07-04,,99.5,,a
1946-07-05,,92.2,,a
1946-07-06,,85,,a
1946-07-07,,85,,a
1946-07-08,,198,,a
1946-07-09,,347.5,,a
1946-07-10,,171,,a
1946-07-11,,137,,a
1946-07-12,,122,,a
1946-07-13,,114,,a
1946-07-14,,107,,a
1946-07-15,,99.5,,a
1946-07-16,,114,,a
1946-07-17,,107,,a
1946-07-18,,107,,a
1946-07-19,,99.5,,a
1946-07-20,,92.2,,a
1946-07-21,,92.2,,a
1946-07-22,,129,,a
1946-07-23,,114,,a
1946-07-24,,107,,a
1946-07-25,,92.2,,a
1946-07-26,,92.2,,a
1946-07-27,,85,,a
1946-07-28,,85,,a
1946-07-29,,78,,a
1946-07-30,,78,,a
1946-07-31,,85,,a
1946-08-01,,78,,a
1946-08-02,,99.5,,a
1946-08-03,,85,,a
1946-08-04,,71,,a
1946-08-05,,78,,a
1946-08-06,,71,,a
1946-08-07,,78,,a
1946-08-08,,71,,a
1946-08-09,,71,,a
1946-08-10,,71,,a
1946-08-11,,65,,a
1946-08-12,,71,,a
1946-08-13,,65,,a
1946-08-14,,65,,a
1946-08-15,,65,,a
1946-08-16,,65,,a
1946-08-17,,107,,a
1946-08-18,,92.2,,a
1946-08-19,,85,,a
1946-08-20,,71,,a
1946-08-21,,71,,a
1946-08-22,,65,,a
1946-08-23,,78,,a
1946-08-24,,78,,a
1946-08-25,,71,,a
1946-08-26,,65,,a
1946-08-27,,65,,a
1946-08-28,,65,,a
1946-08-29,,65,,a
1946-08-30,,65,,a
1946-08-31,,59,,a
1946-09-01,,92.2,,a
1946-09-02,,85,,a
1946-09-03,,85,,a
1946-09-04,,122,,a
1946-09-05,,99.5,,a
1946-09-06,,85,,a
1946-09-07,,78,,a
1946-09-08,,71,,a
1946-09-09,,65,,a
1946-09-10,,71,,a
1946-09-11,,65,,a
1946-09-12,,65,,a
1946-09-13,,59,,a
1946-09-14,,59,,a
1946-09-15,,59,,a
1946-09-16,,59,,a
1946-09-17,,59,,a
1946-09-18,,59,,a
1946-09-19,,53,,a
1946-09-20,,53,,a
1946-09-21,,53,,a
1946-09-22,,65,,a
1946-09-23,,59,,a
1946-09-24,,59,,a
1946-09-25,,53,,a
1946-09-26,,59,,a
1946-09-27,,53,,a
1946-09-28,,53,,a
1946-09-29,,53,,a
1946-09-30,,53,,a
1946-10-01,,53,,a
1946-10-02,,47,,a
1946-10-03,,53,,a
1946-10-04,,53,,a
1946-10-05,,53,,a
1946-10-06,,53,,a
1946-10-07,,59,,a
1946-10-08,,53,,a
1946-10-09,,53,,a
1946-10-10,,53,,a
1946-10-11,,47,,a
1946-10-12,,47,,a
1946-10-13,,47,,a
1946-10-14,,47,,a
1946-10-15,,47,,a
1946-10-16,,47,,a
1946-10-17,,47,,a
1946-10-18,,47,,a
1946-10-19,,42,,a
1946-10-20,,47,,a
1946-10-21,,47,,a
1946-10-22,,107,,a
1946-10-23,,99.5,,a
1946-10-24,,78,,a
1946-10-25,,78,,a
1946-10-26,,71,,a
1946-10-27,,59,,a
1946-10-28,,65,,a
1946-10-29,,59,,a
1946-10-30,,78,,a
1946-10-31,,71,,a
1946-11-01,,71,,a
1946-11-02,,243.5,,a
1946-11-03,,254,,a
1946-11-04,,145,,a
1946-11-05,,114,,a
1946-11-06,,99.5,,a
1946-11-07,,92.2,,a
1946-11-08,,85,,a
1946-11-09,,78,,a
1946-11-10,,254,,a
1946-11-11,,154,,a
1946-11-12,,122,,a
1946-11-13,,107,,a
1946-11-14,,92.2,,a
1946-11-15,,107,,a
1946-11-16,,114,,a
1946-11-17,,145,,a
1946-11-18,,235,,a
1946-11-19,,171,,a
1946-11-20,,137,,a
1946-11-21,,122,,a
1946-11-22,,235,,a
1946-11-23,,198,,a
1946-11-24,,162,,a
1946-11-25,,137,,a
1946-11-26,,122,,a
1946-11-27,,114,,a
1946-11-28,,107,,a
1946-11-29,,99.5,,a
1946-11-30,,92.2,,a
1946-12-01,,107,,a
1946-12-02,,107,,a
1946-12-03,,99.5,,a
1946-12-04,,107,,a
1946-12-05,,114,,a
1946-12-06,,114,,a
1946-12-07,,107,,a
1946-12-08,,99.5,,a
1946-12-09,,99.5,,a
1946-12-10,,92.2,,a
1946-12-11,,92.2,,a
1946-12-12,,92.2,,a
1946-12-13,,85,,a
1946-12-14,,85,,a
1946-12-15,,85,,a
1946-12-16,,85,,a
1946-12-17,,78,,a
1946-12-18,,71,,a
1946-12-19,,71,,a
1946-12-20,,71,,a
1946-12-21,,65,,a
1946-12-22,,65,,a
1946-12-23,,65,,a
1946-12-24,,65,,a
1946-12-25,,59,,a
1946-12-26,,59,,a
1946-12-27,,59,,a
1946-12-28,,53,,a
1946-12-29,,53,,a
1946-12-30,,53,,a
1946-12-31,,53,,a
1947-01-01,,53,,a
1947-01-02,,53,,a
1947-01-03,,53,,a
1947-01-04,,53,,a
1947-01-05,,53,,a
1947-01-06,,53,,a
1947-01-07,,53,,a
1947-01-08,,53,,a
1947-01-09,,47,,a
1947-01-10,,47,,a
1947-01-11,,47,,a
1947-01-12,,47,,a
1947-01-13,,47,,a
1947-01-14,,59,,a
1947-01-15,,71,,a
1947-01-16,,59,,a
1947-01-17,,59,,a
1947-01-18,,53,,a
1947-01-19,,53,,a
1947-01-20,,53,,a
1947-01-21,,53,,a
1947-01-22,,53,,a
1947-01-23,,53,,a
1947-01-24,,53,,a
1947-01-25,,53,,a
1947-01-26,,53,,a
1947-01-27,,47,,a
1947-01-28,,47,,a
1947-01-29,,47,,a
1947-01-30,,47,,a
1947-01-31,,47,,a
1947-02-01,,47,,a
1947-02-02,,47,,a
1947-02-03,,47,,a
1947-02-04,,47,,a
1947-02-05,,107,,a
1947-02-06,,78,,a
1947-02-07,,65,,a
1947-02-08,,59,,a
1947-02-09,,59,,a
1947-02-10,,59,,a
1947-02-11,,122,,a
1947-02-12,,154,,a
1947-02-13,,107,,a
1947-02-14,,99.5,,a
1947-02-15,,85,,a
1947-02-16,,85,,a
1947-02-17,,78,,a
1947-02-18,,78,,a
1947-02-19,,71,,a
1947-02-20,,71,,a
1947-02-21,,71,,a
1947-02-22,,65,,a
1947-02-23,,78,,a
1947-02-24,,355.5,,a
1947-02-25,,226,,a
1947-02-26,,154,,a
1947-02-27,,129,,a
1947-02-28,,107,,a
1947-03-01,,107,,a
1947-03-02,,99.5,,a
1947-03-03,,99.5,,a
1947-03-04,,92.2,,a
1947-03-05,,92.2,,a
1947-03-06,,235,,a
1947-03-07,,275,,a
1947-03-08,,275,,a
1947-03-09,,216,,a
1947-03-10,,145,,a
1947-03-11,,162,,a
1947-03-12,,154,,a
1947-03-13,,180,,a
1947-03-14,,180,,a
1947-03-15,,298,,a
1947-03-16,,298,,a
1947-03-17,,226,,a
1947-03-18,,254,,a
1947-03-19,,275,,a
1947-03-20,,386.167,,a
1947-03-21,,319.083,,a
1947-03-22,,309.5,,a
1947-03-23,,321.958,,a
1947-03-24,,516.146,,a
1947-03-25,,436.5,,a
1947-03-26,,596.417,,a
1947-03-27,,381.854,,a
1947-03-28,,308.063,,a
1947-03-29,,275,,a
1947-03-30,,275,,a
1947-03-31,,402,,a
1947-04-01,,425,,a
1947-04-02,,298,,a
1947-04-03,,275,,a
1947-04-04,,254,,a
1947-04-05,,427.5,,a
1947-04-06,,321,,a
1947-04-07,,275,,a
1947-04-08,,245,,a
1947-04-09,,254,,a
1947-04-10,,245,,a
1947-04-11,,198,,a
1947-04-12,,180,,a
1947-04-13,,154,,a
1947-04-14,,145,,a
1947-04-15,,145,,a
1947-04-16,,162,,a
1947-04-17,,189,,a
1947-04-18,,216,,a
1947-04-19,,216,,a
1947-04-20,,180,,a
1947-04-21,,180,,a
1947-04-22,,180,,a
1947-04-23,,171,,a
1947-04-24,,171,,a
1947-04-25,,171,,a
1947-04-26,,162,,a
1947-04-27,,180,,a
1947-04-28,,180,,a
1947-04-29,,207,,a
1947-04-30,,198,,a
1947-05-01,,171,,a
1947-05-02,,162,,a
1947-05-03,,162,,a
1947-05-04,,162,,a
1947-05-05,,162,,a
1947-05-06,,154,,a
1947-05-07,,145,,a
1947-05-08,,129,,a
1947-05-09,,122,,a
1947-05-10,,114,,a
1947-05-11,,122,,a
1947-05-12,,122,,a
1947-05-13,,114,,a
1947-05-14,,122,,a
1947-05-15,,122,,a
1947-05-16,,122,,a
1947-05-17,,122,,a
1947-05-18,,114,,a
1947-05-19,,114,,a
1947-05-20,,114,,a
1947-05-21,,107,,a
1947-05-22,,122,,a
1947-05-23,,171,,a
1947-05-24,,171,,a
1947-05-25,,145,,a
1947-05-26,,137,,a
1947-05-27,,137,,a
1947-05-28,,129,,a
1947-05-29,,129,,a
1947-05-30,,122,,a
1947-05-31,,122,,a
1947-06-01,,114,,a
1947-06-02,,107,,a
1947-06-03,,107,,a
1947-06-04,,107,,a
1947-06-05,,107,,a
1947-06-06,,107,,a
1947-06-07,,107,,a
1947-06-08,,107,,a
1947-06-09,,99.5,,a
1947-06-10,,99.5,,a
1947-06-11,,92.2,,a
1947-06-12,,92.2,,a
1947-06-13,,92.2,,a
1947-06-14,,92.2,,a
1947-06-15,,92.2,,a
1947-06-16,,92.2,,a
1947-06-17,,92.2,,a
1947-06-18,,85,,a
1947-06-19,,85,,a
1947-06-20,,85,,a
1947-06-21,,78,,a
1947-06-22,,78,,a
1947-06-23,,99.5,,a
1947-06-24,,92.2,,a
1947-06-25,,92.2,,a
1947-06-26,,92.2,,a
1947-06-27,,85,,a
1947-06-28,,85,,a
1947-06-29,,78,,a
1947-06-30,,78,,a
1947-07-01,,78,,a
1947-07-02,,71,,a
1947-07-03,,71,,a
1947-07-04,,78,,a
1947-07-05,,92.2,,a
1947-07-06,,85,,a
1947-07-07,,85,,a
1947-07-08,,78,,a
1947-07-09,,71,,a
1947-07-10,,298,,a
1947-07-11,,235,,a
1947-07-12,,137,,a
1947-07-13,,129,,a
1947-07-14,,114,,a
1947-07-15,,107,,a
1947-07-16,,85,,a
1947-07-17,,78,,a
1947-07-18,,71,,a
1947-07-19,,78,,a
1947-07-20,,71,,a
1947-07-21,,85,,a
1947-07-22,,99.5,,a
1947-07-23,,85,,a
1947-07-24,,78,,a
1947-07-25,,71,,a
1947-07-26,,71,,a
1947-07-27,,65,,a
1947-07-28,,65,,a
1947-07-29,,65,,a
1947-07-30,,59,,a
1947-07-31,,59,,a
1947-08-01,,71,,a
1947-08-02,,65,,a
1947-08-03,,59,,a
1947-08-04,,59,,a
1947-08-05,,59,,a
1947-08-06,,53,,a
1947-08-07,,71,,a
1947-08-08,,65,,a
1947-08-09,,65,,a
1947-08-10,,59,,a
1947-08-11,,53,,a
1947-08-12,,59,,a
1947-08-13,,59,,a
1947-08-14,,53,,a
1947-08-15,,53,,a
1947-08-16,,47,,a
1947-08-17,,35.1,,a
1947-08-18,,35.1,,a
1947-08-19,,33.2,,a
1947-08-20,,31.3,,a
1947-08-21,,33.2,,a
1947-08-22,,39,,a
1947-08-23,,35.1,,a
1947-08-24,,33.2,,a
1947-08-25,,33.2,,a
1947-08-26,,31.3,,a
1947-08-27,,31.3,,a
1947-08-28,,29.4,,a
1947-08-29,,29.4,,a
1947-08-30,,29.4,,a
1947-08-31,,29.4,,a
1947-09-01,,27.5,,a
1947-09-02,,26,,a
1947-09-03,,26,,a
1947-09-04,,26,,a
1947-09-05,,26,,a
1947-09-06,,24.5,,a
1947-09-07,,24.5,,a
1947-09-08,,24.5,,a
1947-09-09,,23,,a
1947-09-10,,24.5,,a
1947-09-11,,23,,a
1947-09-12,,23,,a
1947-09-13,,23,,a
1947-09-14,,23,,a
1947-09-15,,23,,a
1947-09-16,,21.5,,a
1947-09-17,,21.5,,a
1947-09-18,,21.5,,a
1947-09-19,,21.5,,a
1947-09-20,,20,,a
1947-09-21,,20,,a
1947-09-22,,20,,a
1947-09-23,,26,,a
1947-09-24,,24.5,,a
1947-09-25,,33.2,,a
1947-09-26,,73.8,,a
1947-09-27,,33.2,,a
1947-09-28,,49.4,,a
1947-09-29,,39,,a
1947-09-30,,35.1,,a
1947-10-01,,31.3,,a
1947-10-02,,29.4,,a
1947-10-03,,29.4,,a
1947-10-04,,29.4,,a
1947-10-05,,29.4,,a
1947-10-06,,29.4,,a
1947-10-07,,24.5,,a
1947-10-08,,24.5,,a
1947-10-09,,24.5,,a
1947-10-10,,23,,a
1947-10-11,,23,,a
1947-10-12,,21.5,,a
1947-10-13,,21.5,,a
1947-10-14,,21.5,,a
1947-10-15,,20,,a
1947-10-16,,20,,a
1947-10-17,,20,,a
1947-10-18,,20,,a
1947-10-19,,20,,a
1947-10-20,,18.8,,a
1947-10-21,,18.8,,a
1947-10-22,,18.8,,a
1947-10-23,,18.8,,a
1947-10-24,,18.8,,a
1947-10-25,,18.8,,a
1947-10-26,,18.8,,a
1947-10-27,,18.8,,a
1947-10-28,,20,,a
1947-10-29,,20,,a
1947-10-30,,21.5,,a
1947-10-31,,23,,a
1947-11-01,,21.5,,a
1947-11-02,,21.5,,a
1947-11-03,,21.5,,a
1947-11-04,,23,,a
1947-11-05,,23,,a
1947-11-06,,21.5,,a
1947-11-07,,21.5,,a
1947-11-08,,20,,a
1947-11-09,,20,,a
1947-11-10,,20,,a
1947-11-11,,18.8,,a
1947-11-12,,18.8,,a
1947-11-13,,18.8,,a
1947-11-14,,18.8,,a
1947-11-15,,18.8,,a
1947-11-16,,17.6,,a
1947-11-17,,17.6,,a
1947-11-18,,21.5,,a
1947-11-19,,20,,a
1947-11-20,,20,,a
1947-11-21,,21.5,,a
1947-11-22,,26,,a
1947-11-23,,26,,a
1947-11-24,,29.4,,a
1947-11-25,,27.5,,a
1947-11-26,,26,,a
1947-11-27,,24.5,,a
1947-11-28,,23,,a
1947-11-29,,187.86,,a
1947-11-30,,744.208,,a
1947-12-01,,343.713,,a
1947-12-02,,558.317,,a
1947-12-03,,388.917,,a
1947-12-04,,216,,a
1947-12-05,,254,,a
1947-12-06,,162,,a
1947-12-07,,120,,a
1947-12-08,,99.5,,a
1947-12-09,,90.8,,a
1947-12-10,,71,,a
1947-12-11,,66.2,,a
1947-12-12,,59,,a
1947-12-13,,54.2,,a
1947-12-14,,49.4,,a
1947-12-15,,47,,a
1947-12-16,,45,,a
1947-12-17,,41,,a
1947-12-18,,39,,a
1947-12-19,,37,,a
1947-12-20,,35.1,,a
1947-12-21,,33.2,,a
1947-12-22,,33.2,,a
1947-12-23,,31.3,,a
1947-12-24,,31.3,,a
1947-12-25,,29.4,,a
1947-12-26,,27.5,,a
1947-12-27,,27.5,,a
1947-12-28,,29.4,,a
1947-12-29,,29.4,,a
1947-12-30,,209,,a
1947-12-31,,145,,a
1948-01-01,,115,,a
1948-01-02,,94,,a
1948-01-03,,82.8,,a
1948-01-04,,77.6,,a
1948-01-05,,75.2,,a
1948-01-06,,77.6,,a
1948-01-07,,91.2,,a
1948-01-08,,366.167,,a
1948-01-09,,164,,a
1948-01-10,,154,,a
1948-01-11,,133,,a
1948-01-12,,118,,a
1948-01-13,,110,,a
1948-01-14,,102,,a
1948-01-15,,91.2,,a
1948-01-16,,88.4,,a
1948-01-17,,154,,a
1948-01-18,,151,,a
1948-01-19,,151,,a
1948-01-20,,181,,a
1948-01-21,,151,,a
1948-01-22,,133,,a
1948-01-23,,118,,a
1948-01-24,,110,,a
1948-01-25,,261,,a
1948-01-26,,325,,a
1948-01-27,,261,,a
1948-01-28,,746.3,,a
1948-01-29,,484.458,,a
1948-01-30,,316,,a
1948-01-31,,241,,a
1948-02-01,,191,,a
1948-02-02,,167,,a
1948-02-03,,154,,a
1948-02-04,,142,,a
1948-02-05,,130,,a
1948-02-06,,115,,a
1948-02-07,,110,,a
1948-02-08,,104,,a
1948-02-09,,99.2,,a
1948-02-10,,94,,a
1948-02-11,,91.2,,a
1948-02-12,,88.4,,a
1948-02-13,,85.6,,a
1948-02-14,,80,,a
1948-02-15,,77.6,,a
1948-02-16,,75.2,,a
1948-02-17,,72.8,,a
1948-02-18,,70.4,,a
1948-02-19,,68,,a
1948-02-20,,65.8,,a
1948-02-21,,65.8,,a
1948-02-22,,65.8,,a
1948-02-23,,65.8,,a
1948-02-24,,63.6,,a
1948-02-25,,61.4,,a
1948-02-26,,59.2,,a
1948-02-27,,59.2,,a
1948-02-28,,57,,a
1948-02-29,,57,,a
1948-03-01,,57,,a
1948-03-02,,54.8,,a
1948-03-03,,54.8,,a
1948-03-04,,57,,a
1948-03-05,,57,,a
1948-03-06,,61.4,,a
1948-03-07,,63.6,,a
1948-03-08,,68,,a
1948-03-09,,72.8,,a
1948-03-10,,94,,a
1948-03-11,,113,,a
1948-03-12,,107,,a
1948-03-13,,96.6,,a
1948-03-14,,85.6,,a
1948-03-15,,77.6,,a
1948-03-16,,77.6,,a
1948-03-17,,75.2,,a
1948-03-18,,77.6,,a
1948-03-19,,75.2,,a
1948-03-20,,75.2,,a
1948-03-21,,72.8,,a
1948-03-22,,70.4,,a
1948-03-23,,68,,a
1948-03-24,,75.2,,a
1948-03-25,,72.8,,a
1948-03-26,,70.4,,a
1948-03-27,,68,,a
1948-03-28,,63.6,,a
1948-03-29,,61.4,,a
1948-03-30,,59.2,,a
1948-03-31,,59.2,,a
1948-04-01,,59.2,,a
1948-04-02,,65.8,,a
1948-04-03,,145,,a
1948-04-04,,107,,a
1948-04-05,,96.6,,a
1948-04-06,,184,,a
1948-04-07,,384,,a
1948-04-08,,184,,a
1948-04-09,,148,,a
1948-04-10,,130,,a
1948-04-11,,110,,a
1948-04-12,,102,,a
1948-04-13,,99.2,,a
1948-04-14,,104,,a
1948-04-15,,102,,a
1948-04-16,,96.6,,a
1948-04-17,,96.6,,a
1948-04-18,,102,,a
1948-04-19,,104,,a
1948-04-20,,107,,a
1948-04-21,,110,,a
1948-04-22,,115,,a
1948-04-23,,121,,a
1948-04-24,,115,,a
1948-04-25,,113,,a
1948-04-26,,110,,a
1948-04-27,,104,,a
1948-04-28,,96.6,,a
1948-04-29,,102,,a
1948-04-30,,91.2,,a
1948-05-01,,142,,a
1948-05-02,,161,,a
1948-05-03,,124,,a
1948-05-04,,113,,a
1948-05-05,,110,,a
1948-05-06,,113,,a
1948-05-07,,118,,a
1948-05-08,,118,,a
1948-05-09,,118,,a
1948-05-10,,118,,a
1948-05-11,,121,,a
1948-05-12,,121,,a
1948-05-13,,118,,a
1948-05-14,,115,,a
1948-05-15,,113,,a
1948-05-16,,113,,a
1948-05-17,,110,,a
1948-05-18,,107,,a
1948-05-19,,102,,a
1948-05-20,,96.6,,a
1948-05-21,,91.2,,a
1948-05-22,,91.2,,a
1948-05-23,,88.4,,a
1948-05-24,,82.8,,a
1948-05-25,,85.6,,a
1948-05-26,,85.6,,a
1948-05-27,,82.8,,a
1948-05-28,,88.4,,a
1948-05-29,,91.2,,a
1948-05-30,,96.6,,a
1948-05-31,,241,,a
1948-06-01,,142,,a
1948-06-02,,115,,a
1948-06-03,,107,,a
1948-06-04,,570.442,,a
1948-06-05,,472.517,,a
1948-06-06,,241,,a
1948-06-07,,188,,a
1948-06-08,,148,,a
1948-06-09,,130,,a
1948-06-10,,115,,a
1948-06-11,,110,,a
1948-06-12,,107,,a
1948-06-13,,104,,a
1948-06-14,,102,,a
1948-06-15,,99.2,,a
1948-06-16,,94,,a
1948-06-17,,88.4,,a
1948-06-18,,85.6,,a
1948-06-19,,85.6,,a
1948-06-20,,397.083,,a
1948-06-21,,325,,a
1948-06-22,,202,,a
1948-06-23,,151,,a
1948-06-24,,198,,a
1948-06-25,,170,,a
1948-06-26,,133,,a
1948-06-27,,113,,a
1948-06-28,,107,,a
1948-06-29,,379.583,,a
1948-06-30,,261,,a
1948-07-01,,181,,a
1948-07-02,,282,,a
1948-07-03,,198,,a
1948-07-04,,170,,a
1948-07-05,,148,,a
1948-07-06,,335.758,,a
1948-07-07,,269,,a
1948-07-08,,191,,a
1948-07-09,,446.5,,a
1948-07-10,,349.083,,a
1948-07-11,,402,,a
1948-07-12,,269,,a
1948-07-13,,249,,a
1948-07-14,,174,,a
1948-07-15,,157,,a
1948-07-16,,154,,a
1948-07-17,,195,,a
1948-07-18,,221,,a
1948-07-19,,174,,a
1948-07-20,,154,,a
1948-07-21,,136,,a
1948-07-22,,130,,a
1948-07-23,,121,,a
1948-07-24,,151,,a
1948-07-25,,184,,a
1948-07-26,,303,,a
1948-07-27,,217,,a
1948-07-28,,184,,a
1948-07-29,,157,,a
1948-07-30,,139,,a
1948-07-31,,130,,a
1948-08-01,,121,,a
1948-08-02,,118,,a
1948-08-03,,115,,a
1948-08-04,,113,,a
1948-08-05,,113,,a
1948-08-06,,121,,a
1948-08-07,,113,,a
1948-08-08,,107,,a
1948-08-09,,107,,a
1948-08-10,,102,,a
1948-08-11,,102,,a
1948-08-12,,107,,a
1948-08-13,,241,,a
1948-08-14,,198,,a
1948-08-15,,121,,a
1948-08-16,,115,,a
1948-08-17,,107,,a
1948-08-18,,102,,a
1948-08-19,,99.2,,a
1948-08-20,,99.2,,a
1948-08-21,,102,,a
1948-08-22,,127,,a
1948-08-23,,115,,a
1948-08-24,,104,,a
1948-08-25,,99.2,,a
1948-08-26,,96.6,,a
1948-08-27,,94,,a
1948-08-28,,99.2,,a
1948-08-29,,99.2,,a
1948-08-30,,139,,a
1948-08-31,,115,,a
1948-09-01,,102,,a
1948-09-02,,96.6,,a
1948-09-03,,94,,a
1948-09-04,,91.2,,a
1948-09-05,,102,,a
1948-09-06,,167,,a
1948-09-07,,130,,a
1948-09-08,,115,,a
1948-09-09,,104,,a
1948-09-10,,99.2,,a
1948-09-11,,91.2,,a
1948-09-12,,85.6,,a
1948-09-13,,82.8,,a
1948-09-14,,94,,a
1948-09-15,,88.4,,a
1948-09-16,,82.8,,a
1948-09-17,,80,,a
1948-09-18,,75.2,,a
1948-09-19,,75.2,,a
1948-09-20,,75.2,,a
1948-09-21,,72.8,,a
1948-09-22,,94,,a
1948-09-23,,85.6,,a
1948-09-24,,80,,a
1948-09-25,,75.2,,a
1948-09-26,,72.8,,a
1948-09-27,,70.4,,a
1948-09-28,,68,,a
1948-09-29,,68,,a
1948-09-30,,65.8,,a
1948-10-01,,63.6,,a
1948-10-02,,63.6,,a
1948-10-03,,63.6,,a
1948-10-04,,61.4,,a
1948-10-05,,61.4,,a
1948-10-06,,77.6,,a
1948-10-07,,77.6,,a
1948-10-08,,94,,a
1948-10-09,,96.6,,a
1948-10-10,,94,,a
1948-10-11,,82.8,,a
1948-10-12,,77.6,,a
1948-10-13,,75.2,,a
1948-10-14,,72.8,,a
1948-10-15,,70.4,,a
1948-10-16,,68,,a
1948-10-17,,70.4,,a
1948-10-18,,68,,a
1948-10-19,,65.8,,a
1948-10-20,,238.854,,a
1948-10-21,,269,,a
1948-10-22,,151,,a
1948-10-23,,121,,a
1948-10-24,,107,,a
1948-10-25,,94,,a
1948-10-26,,88.4,,a
1948-10-27,,484.75,,a
1948-10-28,,417.917,,a
1948-10-29,,365,,a
1948-10-30,,253,,a
1948-10-31,,202,,a
1948-11-01,,202,,a
1948-11-02,,177,,a
1948-11-03,,151,,a
1948-11-04,,136,,a
1948-11-05,,121,,a
1948-11-06,,127,,a
1948-11-07,,154,,a
1948-11-08,,284.75,,a
1948-11-09,,325,,a
1948-11-10,,202,,a
1948-11-11,,164,,a
1948-11-12,,142,,a
1948-11-13,,130,,a
1948-11-14,,121,,a
1948-11-15,,113,,a
1948-11-16,,107,,a
1948-11-17,,177,,a
1948-11-18,,151,,a
1948-11-19,,130,,a
1948-11-20,,121,,a
1948-11-21,,113,,a
1948-11-22,,107,,a
1948-11-23,,104,,a
1948-11-24,,96.6,,a
1948-11-25,,94,,a
1948-11-26,,91.2,,a
1948-11-27,,88.4,,a
1948-11-28,,85.6,,a
1948-11-29,,82.8,,a
1948-11-30,,80,,a
1948-12-01,,80,,a
1948-12-02,,77.6,,a
1948-12-03,,75.2,,a
1948-12-04,,72.8,,a
1948-12-05,,72.8,,a
1948-12-06,,70.4,,a
1948-12-07,,70.4,,a
1948-12-08,,68,,a
1948-12-09,,68,,a
1948-12-10,,68,,a
1948-12-11,,68,,a
1948-12-12,,68,,a
1948-12-13,,65.8,,a
1948-12-14,,65.8,,a
1948-12-15,,65.8,,a
1948-12-16,,63.6,,a
1948-12-17,,63.6,,a
1948-12-18,,63.6,,a
1948-12-19,,61.4,,a
1948-12-20,,59.2,,a
1948-12-21,,59.2,,a
1948-12-22,,59.2,,a
1948-12-23,,59.2,,a
1948-12-24,,57,,a
1948-12-25,,54.8,,a
1948-12-26,,52.6,,a
1948-12-27,,52.6,,a
1948-12-28,,52.6,,a
1948-12-29,,52.6,,a
1948-12-30,,52.6,,a
1948-12-31,,52.6,,a
1949-01-01,,96.6,,a
1949-01-02,,72.8,,a
1949-01-03,,333.8,,a
1949-01-04,,706.388,,a
1949-01-05,,679.8,,a
1949-01-06,,379.2,,a
1949-01-07,,245,,a
1949-01-08,,180.6,,a
1949-01-09,,148,,a
1949-01-10,,130,,a
1949-01-11,,112.6,,a
1949-01-12,,104.4,,a
1949-01-13,,94,,a
1949-01-14,,85.6,,a
1949-01-15,,80,,a
1949-01-16,,75.2,,a
1949-01-17,,70.4,,a
1949-01-18,,70.4,,a
1949-01-19,,68,,a
1949-01-20,,65.8,,a
1949-01-21,,63.6,,a
1949-01-22,,63.6,,a
1949-01-23,,61.4,,a
1949-01-24,,59.2,,a
1949-01-25,,57,,a
1949-01-26,,57,,a
1949-01-27,,54.8,,a
1949-01-28,,54.8,,a
1949-01-29,,52.6,,a
1949-01-30,,52.6,,a
1949-01-31,,50.4,,a
1949-02-01,,50.4,,a
1949-02-02,,50.4,,a
1949-02-03,,48.2,,a
1949-02-04,,44.2,,a
1949-02-05,,42.4,,a
1949-02-06,,42.4,,a
1949-02-07,,42.4,,a
1949-02-08,,42.4,,a
1949-02-09,,42.4,,a
1949-02-10,,42.4,,a
1949-02-11,,42.4,,a
1949-02-12,,42.4,,a
1949-02-13,,40.6,,a
1949-02-14,,40.6,,a
1949-02-15,,40.6,,a
1949-02-16,,40.6,,a
1949-02-17,,38.8,,a
1949-02-18,,38.8,,a
1949-02-19,,38.8,,a
1949-02-20,,38.8,,a
1949-02-21,,37,,a
1949-02-22,,37,,a
1949-02-23,,37,,a
1949-02-24,,37,,a
1949-02-25,,37,,a
1949-02-26,,37,,a
1949-02-27,,37,,a
1949-02-28,,35.2,,a
1949-03-01,,35.2,,a
1949-03-02,,35.2,,a
1949-03-03,,35.2,,a
1949-03-04,,33.4,,a
1949-03-05,,33.4,,a
1949-03-06,,33.4,,a
1949-03-07,,33.4,,a
1949-03-08,,33.4,,a
1949-03-09,,33.4,,a
1949-03-10,,33.4,,a
1949-03-11,,33.4,,a
1949-03-12,,33.4,,a
1949-03-13,,33.4,,a
1949-03-14,,31.6,,a
1949-03-15,,33.4,,a
1949-03-16,,33.4,,a
1949-03-17,,33.4,,a
1949-03-18,,33.4,,a
1949-03-19,,33.4,,a
1949-03-20,,31.6,,a
1949-03-21,,31.6,,a
1949-03-22,,29.8,,a
1949-03-23,,29.8,,a
1949-03-24,,29.8,,a
1949-03-25,,29.8,,a
1949-03-26,,29.8,,a
1949-03-27,,28,,a
1949-03-28,,28,,a
1949-03-29,,28,,a
1949-03-30,,26.8,,a
1949-03-31,,28,,a
1949-04-01,,28,,a
1949-04-02,,28.6,,a
1949-04-03,,28,,a
1949-04-04,,28,,a
1949-04-05,,28,,a
1949-04-06,,31.6,,a
1949-04-07,,35.2,,a
1949-04-08,,70.4,,a
1949-04-09,,59.2,,a
1949-04-10,,48.2,,a
1949-04-11,,40.6,,a
1949-04-12,,37,,a
1949-04-13,,37,,a
1949-04-14,,35.2,,a
1949-04-15,,35.2,,a
1949-04-16,,35.2,,a
1949-04-17,,38.8,,a
1949-04-18,,38.8,,a
1949-04-19,,37,,a
1949-04-20,,37,,a
1949-04-21,,37,,a
1949-04-22,,40.6,,a
1949-04-23,,38.8,,a
1949-04-24,,38.8,,a
1949-04-25,,37,,a
1949-04-26,,37,,a
1949-04-27,,85.6,,a
1949-04-28,,145,,a
1949-04-29,,94,,a
1949-04-30,,70.4,,a
1949-05-01,,70.4,,a
1949-05-02,,85.6,,a
1949-05-03,,107,,a
1949-05-04,,85.6,,a
1949-05-05,,72.8,,a
1949-05-06,,68,,a
1949-05-07,,63.6,,a
1949-05-08,,57,,a
1949-05-09,,52.6,,a
1949-05-10,,50.4,,a
1949-05-11,,48.2,,a
1949-05-12,,48.2,,a
1949-05-13,,51.4,,a
1949-05-14,,54.8,,a
1949-05-15,,88.4,,a
1949-05-16,,80,,a
1949-05-17,,85.6,,a
1949-05-18,,70.4,,a
1949-05-19,,70.4,,a
1949-05-20,,68,,a
1949-05-21,,63.6,,a
1949-05-22,,59.2,,a
1949-05-23,,61.4,,a
1949-05-24,,63.6,,a
1949-05-25,,59.2,,a
1949-05-26,,59.2,,a
1949-05-27,,63.6,,a
1949-05-28,,75.2,,a
1949-05-29,,85.6,,a
1949-05-30,,75.2,,a
1949-05-31,,70.4,,a
1949-06-01,,63.6,,a
1949-06-02,,68,,a
1949-06-03,,70.4,,a
1949-06-04,,65.8,,a
1949-06-05,,70.4,,a
1949-06-06,,65.8,,a
1949-06-07,,61.4,,a
1949-06-08,,57,,a
1949-06-09,,52.6,,a
1949-06-10,,50.4,,a
1949-06-11,,48.2,,a
1949-06-12,,46,,a
1949-06-13,,57,,a
1949-06-14,,52.6,,a
1949-06-15,,50.4,,a
1949-06-16,,54.8,,a
1949-06-17,,54.8,,a
1949-06-18,,52.6,,a
1949-06-19,,48.2,,a
1949-06-20,,46,,a
1949-06-21,,46,,a
1949-06-22,,44.2,,a
1949-06-23,,42.4,,a
1949-06-24,,42.4,,a
1949-06-25,,40.6,,a
1949-06-26,,38.8,,a
1949-06-27,,38.8,,a
1949-06-28,,37,,a
1949-06-29,,37,,a
1949-06-30,,35.2,,a
1949-07-01,,37,,a
1949-07-02,,37,,a
1949-07-03,,35.2,,a
1949-07-04,,35.2,,a
1949-07-05,,35.2,,a
1949-07-06,,35.2,,a
1949-07-07,,33.4,,a
1949-07-08,,40.6,,a
1949-07-09,,75.2,,a
1949-07-10,,109.8,,a
1949-07-11,,80,,a
1949-07-12,,63.6,,a
1949-07-13,,57,,a
1949-07-14,,48.2,,a
1949-07-15,,46,,a
1949-07-16,,48.2,,a
1949-07-17,,68,,a
1949-07-18,,72.8,,a
1949-07-19,,75.2,,a
1949-07-20,,63.6,,a
1949-07-21,,59.2,,a
1949-07-22,,52.6,,a
1949-07-23,,48.2,,a
1949-07-24,,44.2,,a
1949-07-25,,42.4,,a
1949-07-26,,40.6,,a
1949-07-27,,38.8,,a
1949-07-28,,37,,a
1949-07-29,,37,,a
1949-07-30,,37,,a
1949-07-31,,35.2,,a
1949-08-01,,35.2,,a
1949-08-02,,35.2,,a
1949-08-03,,33.4,,a
1949-08-04,,75.2,,a
1949-08-05,,107.9,,a
1949-08-06,,80,,a
1949-08-07,,72.8,,a
1949-08-08,,51.5,,a
1949-08-09,,51.5,,a
1949-08-10,,46,,a
1949-08-11,,59.2,,a
1949-08-12,,57.3,,a
1949-08-13,,52.6,,a
1949-08-14,,48.2,,a
1949-08-15,,52.6,,a
1949-08-16,,124,,a
1949-08-17,,118.2,,a
1949-08-18,,82.8,,a
1949-08-19,,68,,a
1949-08-20,,57,,a
1949-08-21,,46,,a
1949-08-22,,50.4,,a
1949-08-23,,48.2,,a
1949-08-24,,46,,a
1949-08-25,,42.4,,a
1949-08-26,,42.4,,a
1949-08-27,,40.6,,a
1949-08-28,,38.8,,a
1949-08-29,,40.6,,a
1949-08-30,,40.6,,a
1949-08-31,,40.6,,a
1949-09-01,,40.6,,a
1949-09-02,,40.6,,a
1949-09-03,,40.6,,a
1949-09-04,,40.6,,a
1949-09-05,,38.8,,a
1949-09-06,,37,,a
1949-09-07,,35.2,,a
1949-09-08,,35.2,,a
1949-09-09,,35.2,,a
1949-09-10,,37,,a
1949-09-11,,38.8,,a
1949-09-12,,40.6,,a
1949-09-13,,38.8,,a
1949-09-14,,37,,a
1949-09-15,,38.8,,a
1949-09-16,,54.8,,a
1949-09-17,,52.6,,a
1949-09-18,,48.2,,a
1949-09-19,,44.2,,a
1949-09-20,,42.4,,a
1949-09-21,,40.6,,a
1949-09-22,,40.6,,a
1949-09-23,,38.8,,a
1949-09-24,,37,,a
1949-09-25,,37,,a
1949-09-26,,35.2,,a
1949-09-27,,35.2,,a
1949-09-28,,35.2,,a
1949-09-29,,33.4,,a
1949-09-30,,33.4,,a
1949-10-01,,33.4,,a
1949-10-02,,46,,a
1949-10-03,,59.2,,a
1949-10-04,,48.2,,a
1949-10-05,,44.2,,a
1949-10-06,,40.6,,a
1949-10-07,,40.6,,a
1949-10-08,,38.8,,a
1949-10-09,,38.8,,a
1949-10-10,,37,,a
1949-10-11,,35.2,,a
1949-10-12,,35.2,,a
1949-10-13,,35.2,,a
1949-10-14,,33.4,,a
1949-10-15,,33.4,,a
1949-10-16,,33.4,,a
1949-10-17,,31.6,,a
1949-10-18,,31.6,,a
1949-10-19,,31.6,,a
1949-10-20,,31.6,,a
1949-10-21,,29.8,,a
1949-10-22,,29.8,,a
1949-10-23,,29.8,,a
1949-10-24,,29.8,,a
1949-10-25,,29.8,,a
1949-10-26,,28,,a
1949-10-27,,28,,a
1949-10-28,,28,,a
1949-10-29,,65.8,,a
1949-10-30,,52.6,,a
1949-10-31,,46,,a
1949-11-01,,44.2,,a
1949-11-02,,40.6,,a
1949-11-03,,40.6,,a
1949-11-04,,40.6,,a
1949-11-05,,38.8,,a
1949-11-06,,37,,a
1949-11-07,,46,,a
1949-11-08,,68,,a
1949-11-09,,63.6,,a
1949-11-10,,54.8,,a
1949-11-11,,50.4,,a
1949-11-12,,48.2,,a
1949-11-13,,50.4,,a
1949-11-14,,54.8,,a
1949-11-15,,121,,a
1949-11-16,,96.6,,a
1949-11-17,,80,,a
1949-11-18,,72.8,,a
1949-11-19,,70.4,,a
1949-11-20,,72.8,,a
1949-11-21,,115.4,,a
1949-11-22,,163.8,,a
1949-11-23,,136,,a
1949-11-24,,413.7,,a
1949-11-25,,349.3,,a
1949-11-26,,569.4,,a
1949-11-27,,989,,a
1949-11-28,,696.4,,a
1949-11-29,,360.8,,a
1949-11-30,,241,,a
1949-12-01,,167,,a
1949-12-02,,142,,a
1949-12-03,,140.5,,a
1949-12-04,,139,,a
1949-12-05,,136,,a
1949-12-06,,136,,a
1949-12-07,,143.5,,a
1949-12-08,,177.2,,a
1949-12-09,,184,,a
1949-12-10,,167,,a
1949-12-11,,142,,a
1949-12-12,,136,,a
1949-12-13,,131.5,,a
1949-12-14,,125.5,,a
1949-12-15,,124,,a
1949-12-16,,131.5,,a
1949-12-17,,131.5,,a
1949-12-18,,128.5,,a
1949-12-19,,124,,a
1949-12-20,,118.2,,a
1949-12-21,,114,,a
1949-12-22,,112.6,,a
1949-12-23,,109.8,,a
1949-12-24,,105.7,,a
1949-12-25,,104.4,,a
1949-12-26,,103.1,,a
1949-12-27,,101.8,,a
1949-12-28,,100.5,,a
1949-12-29,,99.2,,a
1949-12-30,,97.9,,a
1949-12-31,,95.3,,a
1950-01-01,,44.2,,a
1950-01-02,,44.2,,a
1950-01-03,,43.3,,a
1950-01-04,,43.3,,a
1950-01-05,,42.4,,a
1950-01-06,,40.6,,a
1950-01-07,,38.8,,a
1950-01-08,,38.8,,a
1950-01-09,,37,,a
1950-01-10,,37,,a
1950-01-11,,35.2,,a
1950-01-12,,35.2,,a
1950-01-13,,35.2,,a
1950-01-14,,33.4,,a
1950-01-15,,33.4,,a
1950-01-16,,31.6,,a
1950-01-17,,31.6,,a
1950-01-18,,46,,a
1950-01-19,,40.6,,a
1950-01-20,,37,,a
1950-01-21,,37,,a
1950-01-22,,35.2,,a
1950-01-23,,33.4,,a
1950-01-24,,31.6,,a
1950-01-25,,29.8,,a
1950-01-26,,29.8,,a
1950-01-27,,28,,a
1950-01-28,,28,,a
1950-01-29,,29.8,,a
1950-01-30,,29.8,,a
1950-01-31,,28,,a
1950-02-01,,26.8,,a
1950-02-02,,26.8,,a
1950-02-03,,26.8,,a
1950-02-04,,26.8,,a
1950-02-05,,26.8,,a
1950-02-06,,29.8,,a
1950-02-07,,80,,a
1950-02-08,,54.8,,a
1950-02-09,,50.4,,a
1950-02-10,,46,,a
1950-02-11,,46,,a
1950-02-12,,121,,a
1950-02-13,,113,,a
1950-02-14,,94,,a
1950-02-15,,241,,a
1950-02-16,,133,,a
1950-02-17,,102,,a
1950-02-18,,102,,a
1950-02-19,,91.2,,a
1950-02-20,,80,,a
1950-02-21,,77.6,,a
1950-02-22,,72.8,,a
1950-02-23,,68,,a
1950-02-24,,63.6,,a
1950-02-25,,65.8,,a
1950-02-26,,127,,a
1950-02-27,,99.2,,a
1950-02-28,,99.2,,a
1950-03-01,,80,,a
1950-03-02,,70.4,,a
1950-03-03,,68,,a
1950-03-04,,61.4,,a
1950-03-05,,57,,a
1950-03-06,,50.4,,a
1950-03-07,,54.8,,a
1950-03-08,,54.8,,a
1950-03-09,,61.4,,a
1950-03-10,,68,,a
1950-03-11,,65.8,,a
1950-03-12,,63.6,,a
1950-03-13,,65.8,,a
1950-03-14,,61.4,,a
1950-03-15,,54.8,,a
1950-03-16,,50.4,,a
1950-03-17,,46,,a
1950-03-18,,48.2,,a
1950-03-19,,52.6,,a
1950-03-20,,52.6,,a
1950-03-21,,54.8,,a
1950-03-22,,57,,a
1950-03-23,,54.8,,a
1950-03-24,,54.8,,a
1950-03-25,,54.8,,a
1950-03-26,,54.8,,a
1950-03-27,,52.6,,a
1950-03-28,,52.6,,a
1950-03-29,,50.4,,a
1950-03-30,,48.2,,a
1950-03-31,,48.2,,a
1950-04-01,,46,,a
1950-04-02,,46,,a
1950-04-03,,46,,a
1950-04-04,,54.8,,a
1950-04-05,,50.4,,a
1950-04-06,,48.2,,a
1950-04-07,,46,,a
1950-04-08,,44.2,,a
1950-04-09,,44.2,,a
1950-04-10,,44.2,,a
1950-04-11,,48.2,,a
1950-04-12,,52.6,,a
1950-04-13,,70.4,,a
1950-04-14,,121,,a
1950-04-15,,130,,a
1950-04-16,,191,,a
1950-04-17,,191,,a
1950-04-18,,174,,a
1950-04-19,,157,,a
1950-04-20,,127,,a
1950-04-21,,127,,a
1950-04-22,,170,,a
1950-04-23,,154,,a
1950-04-24,,177,,a
1950-04-25,,151,,a
1950-04-26,,261,,a
1950-04-27,,174,,a
1950-04-28,,202,,a
1950-04-29,,157,,a
1950-04-30,,133,,a
1950-05-01,,121,,a
1950-05-02,,118,,a
1950-05-03,,113,,a
1950-05-04,,113,,a
1950-05-05,,110,,a
1950-05-06,,107,,a
1950-05-07,,102,,a
1950-05-08,,102,,a
1950-05-09,,104,,a
1950-05-10,,104,,a
1950-05-11,,104,,a
1950-05-12,,102,,a
1950-05-13,,102,,a
1950-05-14,,104,,a
1950-05-15,,99.2,,a
1950-05-16,,96.6,,a
1950-05-17,,96.6,,a
1950-05-18,,96.6,,a
1950-05-19,,99.2,,a
1950-05-20,,121,,a
1950-05-21,,110,,a
1950-05-22,,107,,a
1950-05-23,,107,,a
1950-05-24,,113,,a
1950-05-25,,113,,a
1950-05-26,,107,,a
1950-05-27,,102,,a
1950-05-28,,99.2,,a
1950-05-29,,104,,a
1950-05-30,,99.2,,a
1950-05-31,,94,,a
1950-06-01,,80,,a
1950-06-02,,82.8,,a
1950-06-03,,85.6,,a
1950-06-04,,70.4,,a
1950-06-05,,70.4,,a
1950-06-06,,68,,a
1950-06-07,,65.8,,a
1950-06-08,,65.8,,a
1950-06-09,,65.8,,a
1950-06-10,,63.6,,a
1950-06-11,,63.6,,a
1950-06-12,,70.4,,a
1950-06-13,,68,,a
1950-06-14,,68,,a
1950-06-15,,70.4,,a
1950-06-16,,68,,a
1950-06-17,,63.6,,a
1950-06-18,,68,,a
1950-06-19,,82.8,,a
1950-06-20,,70.4,,a
1950-06-21,,63.6,,a
1950-06-22,,59.2,,a
1950-06-23,,59.2,,a
1950-06-24,,59.2,,a
1950-06-25,,59.2,,a
1950-06-26,,57,,a
1950-06-27,,61.4,,a
1950-06-28,,57,,a
1950-06-29,,52.6,,a
1950-06-30,,50.4,,a
1950-07-01,,50.4,,a
1950-07-02,,50.4,,a
1950-07-03,,48.2,,a
1950-07-04,,46,,a
1950-07-05,,44.2,,a
1950-07-06,,44.2,,a
1950-07-07,,44.2,,a
1950-07-08,,63.6,,a
1950-07-09,,48.2,,a
1950-07-10,,46,,a
1950-07-11,,46,,a
1950-07-12,,46,,a
1950-07-13,,46,,a
1950-07-14,,44.2,,a
1950-07-15,,37,,a
1950-07-16,,57,,a
1950-07-17,,46,,a
1950-07-18,,44.2,,a
1950-07-19,,44.2,,a
1950-07-20,,44.2,,a
1950-07-21,,44.2,,a
1950-07-22,,42.4,,a
1950-07-23,,40.6,,a
1950-07-24,,40.6,,a
1950-07-25,,46,,a
1950-07-26,,46,,a
1950-07-27,,42.4,,a
1950-07-28,,40.6,,a
1950-07-29,,38.8,,a
1950-07-30,,40.6,,a
1950-07-31,,42.4,,a
1950-08-01,,42.4,,a
1950-08-02,,40.6,,a
1950-08-03,,65.8,,a
1950-08-04,,188,,a
1950-08-05,,107,,a
1950-08-06,,75.2,,a
1950-08-07,,63.6,,a
1950-08-08,,59.2,,a
1950-08-09,,46,,a
1950-08-10,,44.2,,a
1950-08-11,,42.4,,a
1950-08-12,,38.8,,a
1950-08-13,,38.8,,a
1950-08-14,,37,,a
1950-08-15,,37,,a
1950-08-16,,37,,a
1950-08-17,,37,,a
1950-08-18,,44.2,,a
1950-08-19,,42.4,,a
1950-08-20,,42.4,,a
1950-08-21,,38.8,,a
1950-08-22,,37,,a
1950-08-23,,35.2,,a
1950-08-24,,33.4,,a
1950-08-25,,31.6,,a
1950-08-26,,31.6,,a
1950-08-27,,29.8,,a
1950-08-28,,29.8,,a
1950-08-29,,29.8,,a
1950-08-30,,28,,a
1950-08-31,,28,,a
1950-09-01,,28,,a
1950-09-02,,31.6,,a
1950-09-03,,31.6,,a
1950-09-04,,35.2,,a
1950-09-05,,35.2,,a
1950-09-06,,33.4,,a
1950-09-07,,33.4,,a
1950-09-08,,31.6,,a
1950-09-09,,29.8,,a
1950-09-10,,29.8,,a
1950-09-11,,29.8,,a
1950-09-12,,28,,a
1950-09-13,,28,,a
1950-09-14,,28,,a
1950-09-15,,28,,a
1950-09-16,,29.8,,a
1950-09-17,,37,,a
1950-09-18,,42.4,,a
1950-09-19,,38.8,,a
1950-09-20,,37,,a
1950-09-21,,37,,a
1950-09-22,,102,,a
1950-09-23,,99.2,,a
1950-09-24,,72.8,,a
1950-09-25,,50.4,,a
1950-09-26,,48.2,,a
1950-09-27,,59.2,,a
1950-09-28,,174,,a
1950-09-29,,102,,a
1950-09-30,,88.4,,a
1950-10-01,,61.4,,a
1950-10-02,,75.2,,a
1950-10-03,,85.6,,a
1950-10-04,,99.2,,a
1950-10-05,,72.8,,a
1950-10-06,,65.8,,a
1950-10-07,,59.2,,a
1950-10-08,,52.6,,a
1950-10-09,,50.4,,a
1950-10-10,,46,,a
1950-10-11,,44.2,,a
1950-10-12,,42.4,,a
1950-10-13,,42.4,,a
1950-10-14,,40.6,,a
1950-10-15,,38.8,,a
1950-10-16,,38.8,,a
1950-10-17,,37,,a
1950-10-18,,37,,a
1950-10-19,,37,,a
1950-10-20,,37,,a
1950-10-21,,35.2,,a
1950-10-22,,33.4,,a
1950-10-23,,33.4,,a
1950-10-24,,31.6,,a
1950-10-25,,31.6,,a
1950-10-26,,40.6,,a
1950-10-27,,50.4,,a
1950-10-28,,44.2,,a
1950-10-29,,44.2,,a
1950-10-30,,42.4,,a
1950-10-31,,50.4,,a
1950-11-01,,48.2,,a
1950-11-02,,80,,a
1950-11-03,,72.8,,a
1950-11-04,,249,,a
1950-11-05,,127,,a
1950-11-06,,99.2,,a
1950-11-07,,85.6,,a
1950-11-08,,70.4,,a
1950-11-09,,68,,a
1950-11-10,,63.6,,a
1950-11-11,,59.2,,a
1950-11-12,,59.2,,a
1950-11-13,,184,,a
1950-11-14,,303,,a
1950-11-15,,347,,a
1950-11-16,,221,,a
1950-11-17,,130,,a
1950-11-18,,102,,a
1950-11-19,,88.4,,a
1950-11-20,,75.2,,a
1950-11-21,,412,,a
1950-11-22,,241,,a
1950-11-23,,571.375,,a
1950-11-24,,370,,a
1950-11-25,,241,,a
1950-11-26,,167,,a
1950-11-27,,184,,a
1950-11-28,,157,,a
1950-11-29,,121,,a
1950-11-30,,115,,a
1950-12-01,,102,,a
1950-12-02,,94,,a
1950-12-03,,88.4,,a
1950-12-04,,118,,a
1950-12-05,,261,,a
1950-12-06,,164,,a
1950-12-07,,139,,a
1950-12-08,,151,,a
1950-12-09,,164,,a
1950-12-10,,184,,a
1950-12-11,,164,,a
1950-12-12,,167,,a
1950-12-13,,164,,a
1950-12-14,,145,,a
1950-12-15,,161,,a
1950-12-16,,167,,a
1950-12-17,,161,,a
1950-12-18,,184,,a
1950-12-19,,133,,a
1950-12-20,,121,,a
1950-12-21,,113,,a
1950-12-22,,96.6,,a
1950-12-23,,96.6,,a
1950-12-24,,94,,a
1950-12-25,,94,,a
1950-12-26,,121,,a
1950-12-27,,121,,a
1950-12-28,,107,,a
1950-12-29,,102,,a
1950-12-30,,94,,a
1950-12-31,,88.4,,a
1951-01-01,,81.6,,a
1951-01-02,,81.6,,a
1951-01-03,,109.2,,a
1951-01-04,,227.2,,a
1951-01-05,,211.2,,a
1951-01-06,,150,,a
1951-01-07,,147,,a
1951-01-08,,132,,a
1951-01-09,,116.2,,a
1951-01-10,,107.8,,a
1951-01-11,,102.4,,a
1951-01-12,,99.8,,a
1951-01-13,,181,,a
1951-01-14,,187,,a
1951-01-15,,159,,a
1951-01-16,,135,,a
1951-01-17,,119,,a
1951-01-18,,110.6,,a
1951-01-19,,105,,a
1951-01-20,,99.8,,a
1951-01-21,,92,,a
1951-01-22,,86.8,,a
1951-01-23,,84.2,,a
1951-01-24,,81.6,,a
1951-01-25,,94.9,,a
1951-01-26,,135,,a
1951-01-27,,178,,a
1951-01-28,,156,,a
1951-01-29,,132,,a
1951-01-30,,119,,a
1951-01-31,,105,,a
1951-02-01,,99.8,,a
1951-02-02,,94.6,,a
1951-02-03,,92,,a
1951-02-04,,89.4,,a
1951-02-05,,86.8,,a
1951-02-06,,412,,a
1951-02-07,,921.6,,a
1951-02-08,,211.2,,a
1951-02-09,,132,,a
1951-02-10,,208,,a
1951-02-11,,168.4,,a
1951-02-12,,162,,a
1951-02-13,,205,,a
1951-02-14,,274,,a
1951-02-15,,240,,a
1951-02-16,,263.2,,a
1951-02-17,,178,,a
1951-02-18,,168.4,,a
1951-02-19,,162,,a
1951-02-20,,153,,a
1951-02-21,,138,,a
1951-02-22,,199,,a
1951-02-23,,162,,a
1951-02-24,,147,,a
1951-02-25,,132,,a
1951-02-26,,153,,a
1951-02-27,,159,,a
1951-02-28,,138,,a
1951-03-01,,126.8,,a
1951-03-02,,107.8,,a
1951-03-03,,105,,a
1951-03-04,,113.4,,a
1951-03-05,,107.8,,a
1951-03-06,,105,,a
1951-03-07,,105,,a
1951-03-08,,129.4,,a
1951-03-09,,150,,a
1951-03-10,,159,,a
1951-03-11,,141,,a
1951-03-12,,135,,a
1951-03-13,,202,,a
1951-03-14,,193,,a
1951-03-15,,542,,a
1951-03-16,,281.2,,a
1951-03-17,,224.24,,a
1951-03-18,,193,,a
1951-03-19,,310,,a
1951-03-20,,306.4,,a
1951-03-21,,274,,a
1951-03-22,,224,,a
1951-03-23,,178,,a
1951-03-24,,162,,a
1951-03-25,,156,,a
1951-03-26,,141,,a
1951-03-27,,132,,a
1951-03-28,,124.2,,a
1951-03-29,,178,,a
1951-03-30,,147,,a
1951-03-31,,141,,a
1951-04-01,,230.4,,a
1951-04-02,,208,,a
1951-04-03,,187,,a
1951-04-04,,187,,a
1951-04-05,,187,,a
1951-04-06,,168.4,,a
1951-04-07,,159,,a
1951-04-08,,162,,a
1951-04-09,,240,,a
1951-04-10,,217.6,,a
1951-04-11,,234,,a
1951-04-12,,256,,a
1951-04-13,,187,,a
1951-04-14,,171.6,,a
1951-04-15,,168.4,,a
1951-04-16,,159,,a
1951-04-17,,153,,a
1951-04-18,,153,,a
1951-04-19,,150,,a
1951-04-20,,147,,a
1951-04-21,,153,,a
1951-04-22,,184,,a
1951-04-23,,178,,a
1951-04-24,,159,,a
1951-04-25,,153,,a
1951-04-26,,174.8,,a
1951-04-27,,184,,a
1951-04-28,,178,,a
1951-04-29,,184,,a
1951-04-30,,243.2,,a
1951-05-01,,240,,a
1951-05-02,,263.2,,a
1951-05-03,,256,,a
1951-05-04,,240,,a
1951-05-05,,224,,a
1951-05-06,,220.8,,a
1951-05-07,,208,,a
1951-05-08,,196,,a
1951-05-09,,243.2,,a
1951-05-10,,243.2,,a
1951-05-11,,330,,a
1951-05-12,,243.2,,a
1951-05-13,,211.2,,a
1951-05-14,,193,,a
1951-05-15,,178,,a
1951-05-16,,171.6,,a
1951-05-17,,220.8,,a
1951-05-18,,168.4,,a
1951-05-19,,162,,a
1951-05-20,,147,,a
1951-05-21,,159,,a
1951-05-22,,153,,a
1951-05-23,,216,,a
1951-05-24,,216,,a
1951-05-25,,208,,a
1951-05-26,,199,,a
1951-05-27,,216,,a
1951-05-28,,208,,a
1951-05-29,,208,,a
1951-05-30,,202,,a
1951-05-31,,193,,a
1951-06-01,,181,,a
1951-06-02,,181,,a
1951-06-03,,181,,a
1951-06-04,,162,,a
1951-06-05,,156,,a
1951-06-06,,156,,a
1951-06-07,,156,,a
1951-06-08,,135,,a
1951-06-09,,171.6,,a
1951-06-10,,208,,a
1951-06-11,,184,,a
1951-06-12,,178,,a
1951-06-13,,162,,a
1951-06-14,,156,,a
1951-06-15,,135,,a
1951-06-16,,153,,a
1951-06-17,,156,,a
1951-06-18,,150,,a
1951-06-19,,150,,a
1951-06-20,,150,,a
1951-06-21,,147,,a
1951-06-22,,147,,a
1951-06-23,,143.2,,a
1951-06-24,,129.4,,a
1951-06-25,,126.8,,a
1951-06-26,,126.8,,a
1951-06-27,,126.8,,a
1951-06-28,,113.4,,a
1951-06-29,,105,,a
1951-06-30,,102.4,,a
1951-07-01,,107.8,,a
1951-07-02,,116.2,,a
1951-07-03,,110.6,,a
1951-07-04,,107.8,,a
1951-07-05,,102.4,,a
1951-07-06,,119,,a
1951-07-07,,107.8,,a
1951-07-08,,99.8,,a
1951-07-09,,97.2,,a
1951-07-10,,97.2,,a
1951-07-11,,92,,a
1951-07-12,,92,,a
1951-07-13,,92,,a
1951-07-14,,89.4,,a
1951-07-15,,89.4,,a
1951-07-16,,89.4,,a
1951-07-17,,89.4,,a
1951-07-18,,113.4,,a
1951-07-19,,102.4,,a
1951-07-20,,102.4,,a
1951-07-21,,89.4,,a
1951-07-22,,86.4,,a
1951-07-23,,84.2,,a
1951-07-24,,144,,a
1951-07-25,,162,,a
1951-07-26,,159,,a
1951-07-27,,132,,a
1951-07-28,,110.6,,a
1951-07-29,,97.2,,a
1951-07-30,,92,,a
1951-07-31,,86.8,,a
1951-08-01,,86.8,,a
1951-08-02,,84.2,,a
1951-08-03,,81.6,,a
1951-08-04,,86.8,,a
1951-08-05,,79,,a
1951-08-06,,76.4,,a
1951-08-07,,73.8,,a
1951-08-08,,68.6,,a
1951-08-09,,66,,a
1951-08-10,,81.6,,a
1951-08-11,,81.6,,a
1951-08-12,,86.8,,a
1951-08-13,,76.4,,a
1951-08-14,,71.2,,a
1951-08-15,,68.6,,a
1951-08-16,,66,,a
1951-08-17,,66,,a
1951-08-18,,66,,a
1951-08-19,,66,,a
1951-08-20,,66,,a
1951-08-21,,66,,a
1951-08-22,,64,,a
1951-08-23,,62,,a
1951-08-24,,60,,a
1951-08-25,,60,,a
1951-08-26,,58,,a
1951-08-27,,58,,a
1951-08-28,,58,,a
1951-08-29,,58,,a
1951-08-30,,56,,a
1951-08-31,,56,,a
1951-09-01,,56,,a
1951-09-02,,56,,a
1951-09-03,,56,,a
1951-09-04,,56,,a
1951-09-05,,56,,a
1951-09-06,,56,,a
1951-09-07,,53.8,,a
1951-09-08,,53.8,,a
1951-09-09,,53.8,,a
1951-09-10,,53.8,,a
1951-09-11,,53.8,,a
1951-09-12,,51.6,,a
1951-09-13,,51.6,,a
1951-09-14,,51.6,,a
1951-09-15,,41.4,,a
1951-09-16,,41.4,,a
1951-09-17,,39.6,,a
1951-09-18,,116.2,,a
1951-09-19,,89.4,,a
1951-09-20,,71.2,,a
1951-09-21,,62,,a
1951-09-22,,56,,a
1951-09-23,,53.8,,a
1951-09-24,,49.4,,a
1951-09-25,,49.4,,a
1951-09-26,,97.2,,a
1951-09-27,,71.2,,a
1951-09-28,,84.2,,a
1951-09-29,,64,,a
1951-09-30,,61,,a
1951-10-01,,64,,a
1951-10-02,,73.8,,a
1951-10-03,,66,,a
1951-10-04,,62,,a
1951-10-05,,60,,a
1951-10-06,,60,,a
1951-10-07,,58,,a
1951-10-08,,51.6,,a
1951-10-09,,47.2,,a
1951-10-10,,45,,a
1951-10-11,,45,,a
1951-10-12,,43.2,,a
1951-10-13,,43.2,,a
1951-10-14,,43.2,,a
1951-10-15,,41.4,,a
1951-10-16,,41.4,,a
1951-10-17,,41.4,,a
1951-10-18,,39.6,,a
1951-10-19,,39.6,,a
1951-10-20,,39.6,,a
1951-10-21,,37.8,,a
1951-10-22,,37.8,,a
1951-10-23,,37.8,,a
1951-10-24,,41.4,,a
1951-10-25,,43.2,,a
1951-10-26,,71.2,,a
1951-10-27,,64,,a
1951-10-28,,62,,a
1951-10-29,,53.8,,a
1951-10-30,,49.4,,a
1951-10-31,,47.2,,a
1951-11-01,,47.2,,a
1951-11-02,,277.6,,a
1951-11-03,,147,,a
1951-11-04,,113.4,,a
1951-11-05,,132,,a
1951-11-06,,102.4,,a
1951-11-07,,99.8,,a
1951-11-08,,124.2,,a
1951-11-09,,486,,a
1951-11-10,,390,,a
1951-11-11,,256,,a
1951-11-12,,224,,a
1951-11-13,,804,,a
1951-11-14,,608,,a
1951-11-15,,292,,a
1951-11-16,,211.2,,a
1951-11-17,,162,,a
1951-11-18,,141,,a
1951-11-19,,126.8,,a
1951-11-20,,119,,a
1951-11-21,,135,,a
1951-11-22,,370,,a
1951-11-23,,310,,a
1951-11-24,,196,,a
1951-11-25,,150,,a
1951-11-26,,132,,a
1951-11-27,,119,,a
1951-11-28,,102.4,,a
1951-11-29,,97.2,,a
1951-11-30,,92,,a
1951-12-01,,84.2,,a
1951-12-02,,81.6,,a
1951-12-03,,79,,a
1951-12-04,,79,,a
1951-12-05,,73.8,,a
1951-12-06,,68.6,,a
1951-12-07,,141,,a
1951-12-08,,110.6,,a
1951-12-09,,97.2,,a
1951-12-10,,92,,a
1951-12-11,,86.8,,a
1951-12-12,,81.6,,a
1951-12-13,,73.8,,a
1951-12-14,,73.8,,a
1951-12-15,,68.6,,a
1951-12-16,,66,,a
1951-12-17,,66,,a
1951-12-18,,64,,a
1951-12-19,,64,,a
1951-12-20,,62,,a
1951-12-21,,62,,a
1951-12-22,,58,,a
1951-12-23,,58,,a
1951-12-24,,56,,a
1951-12-25,,56,,a
1951-12-26,,53.8,,a
1951-12-27,,58,,a
1951-12-28,,69.9,,a
1951-12-29,,71.2,,a
1951-12-30,,71.2,,a
1951-12-31,,68.6,,a
1952-01-01,52,68.6,,a
1952-01-02,48,64,,a
1952-01-03,46,62,,a
1952-01-04,74,97.2,,a
1952-01-05,60,79,,a
1952-01-06,54,71.2,,a
1952-01-07,48,64,,a
1952-01-08,48,64,,a
1952-01-09,46,62,,a
1952-01-10,44,60,,a
1952-01-11,48,64,,a
1952-01-12,46,62,,a
1952-01-13,46,62,,a
1952-01-14,44,60,,a
1952-01-15,44,60,,a
1952-01-16,42,58,,a
1952-01-17,42,58,,a
1952-01-18,42,58,,a
1952-01-19,50,66,,a
1952-01-20,42,58,,a
1952-01-21,38,53.8,,a
1952-01-22,36,51.6,,a
1952-01-23,36,51.6,,a
1952-01-24,36,51.6,,a
1952-01-25,34,49.4,,a
1952-01-26,34,49.4,,a
1952-01-27,34,49.4,,a
1952-01-28,34,49.4,,a
1952-01-29,34,49.4,,a
1952-01-30,32,47.2,,a
1952-01-31,30,45,,a
1952-02-01,34,49.4,,a
1952-02-02,36,51.6,,a
1952-02-03,34,49.4,,a
1952-02-04,32,47.2,,a
1952-02-05,30,45,,a
1952-02-06,30,45,,a
1952-02-07,30,45,,a
1952-02-08,30,45,,a
1952-02-09,30,45,,a
1952-02-10,28,43.2,,a
1952-02-11,28,43.2,,a
1952-02-12,28,43.2,,a
1952-02-13,34,49.4,,a
1952-02-14,56,73.8,,a
1952-02-15,50,66,,a
1952-02-16,46,62,,a
1952-02-17,40,56,,a
1952-02-18,36,51.6,,a
1952-02-19,34,49.4,,a
1952-02-20,30,45,,a
1952-02-21,28,43.2,,a
1952-02-22,30,45,,a
1952-02-23,30,45,,a
1952-02-24,34,49.4,,a
1952-02-25,36,51.6,,a
1952-02-26,38,52.7,,a
1952-02-27,42,58,,a
1952-02-28,44,60,,a
1952-02-29,44,60,,a
1952-03-01,44,60,,a
1952-03-02,46,62,,a
1952-03-03,46,62,,a
1952-03-04,60,79,,a
1952-03-05,70,92,,a
1952-03-06,72,94.6,,a
1952-03-07,66,86.8,,a
1952-03-08,60,79,,a
1952-03-09,56,73.8,,a
1952-03-10,50,66,,a
1952-03-11,48,64,,a
1952-03-12,46,62,,a
1952-03-13,48,64,,a
1952-03-14,50,66,,a
1952-03-15,48,64,,a
1952-03-16,48,64,,a
1952-03-17,46,62,,a
1952-03-18,48,64,,a
1952-03-19,58,76.4,,a
1952-03-20,58,76.4,,a
1952-03-21,54,71.2,,a
1952-03-22,68,89.4,,a
1952-03-23,72,94.6,,a
1952-03-24,84,110.6,,a
1952-03-25,104,138,,a
1952-03-26,126,171.6,,a
1952-03-27,170,240,,a
1952-03-28,116,156,,a
1952-03-29,106,141,,a
1952-03-30,140,193,,a
1952-03-31,210,310,,a
1952-04-01,220,330,,a
1952-04-02,310,542,,a
1952-04-03,240,370,,a
1952-04-04,170,240,,a
1952-04-05,132,181,,a
1952-04-06,114,153,,a
1952-04-07,112,150,,a
1952-04-08,104,138,,a
1952-04-09,104,138,,a
1952-04-10,116,156,,a
1952-04-11,126,171.6,,a
1952-04-12,124,168.4,,a
1952-04-13,124,168.4,,a
1952-04-14,118,159,,a
1952-04-15,122,165.2,,a
1952-04-16,120,162,,a
1952-04-17,124,168.4,,a
1952-04-18,120,162,,a
1952-04-19,116,156,,a
1952-04-20,116,156,,a
1952-04-21,104,138,,a
1952-04-22,118,159,,a
1952-04-23,110,147,,a
1952-04-24,102,135,,a
1952-04-25,100,132,,a
1952-04-26,90,119,,a
1952-04-27,102,135,,a
1952-04-28,102,135,,a
1952-04-29,98,129.4,,a
1952-04-30,90,119,,a
1952-05-01,88,116.2,,a
1952-05-02,84,110.6,,a
1952-05-03,84,110.6,,a
1952-05-04,84,110.6,,a
1952-05-05,92,121.6,,a
1952-05-06,110,147,,a
1952-05-07,112,150,,a
1952-05-08,88,116.2,,a
1952-05-09,82,107.8,,a
1952-05-10,84,110.6,,a
1952-05-11,78,102.4,,a
1952-05-12,78,102.4,,a
1952-05-13,76,99.8,,a
1952-05-14,72,94.6,,a
1952-05-15,66,86.8,,a
1952-05-16,64,84.2,,a
1952-05-17,56,73.8,,a
1952-05-18,54,71.2,,a
1952-05-19,52,68.6,,a
1952-05-20,50,66,,a
1952-05-21,50,66,,a
1952-05-22,48,64,,a
1952-05-23,38,53.8,,a
1952-05-24,48,64,,a
1952-05-25,42,58,,a
1952-05-26,40,56,,a
1952-05-27,38,53.8,,a
1952-05-28,38,53.8,,a
1952-05-29,38,53.8,,a
1952-05-30,40,56,,a
1952-05-31,38,53.8,,a
1952-06-01,36,51.6,,a
1952-06-02,34,49.4,,a
1952-06-03,32,48.3,,a
1952-06-04,34,49.4,,a
1952-06-05,36,51.6,,a
1952-06-06,34,49.4,,a
1952-06-07,36,51.6,,a
1952-06-08,44,60,,a
1952-06-09,38,53.8,,a
1952-06-10,50,66,,a
1952-06-11,48,64,,a
1952-06-12,44,60,,a
1952-06-13,38,53.8,,a
1952-06-14,38,53.8,,a
1952-06-15,36,51.6,,a
1952-06-16,34,49.4,,a
1952-06-17,30,45,,a
1952-06-18,26,41.4,,a
1952-06-19,24,39.6,,a
1952-06-20,32,47.2,,a
1952-06-21,94,124.2,,a
1952-06-22,74,97.2,,a
1952-06-23,56,73.8,,a
1952-06-24,56,73.8,,a
1952-06-25,54,71.2,,a
1952-06-26,44,60,,a
1952-06-27,40,56,,a
1952-06-28,32,47.2,,a
1952-06-29,30,45,,a
1952-06-30,28,43.2,,a
1952-07-01,28,43.2,,a
1952-07-02,22,37.8,,a
1952-07-03,28,43.2,,a
1952-07-04,28,43.2,,a
1952-07-05,18,34.4,,a
1952-07-06,12,29.6,,a
1952-07-07,18,34.4,,a
1952-07-08,22,37.8,,a
1952-07-09,18,34.4,,a
1952-07-10,18,34.4,,a
1952-07-11,24,39.6,,a
1952-07-12,22,37.8,,a
1952-07-13,26,41.4,,a
1952-07-14,20,36,,a
1952-07-15,18,34.4,,a
1952-07-16,18,34.4,,a
1952-07-17,28,43.2,,a
1952-07-18,24,39.6,,a
1952-07-19,22,37.2,,a
1952-07-20,24,39.6,,a
1952-07-21,18,34.4,,a
1952-07-22,16,32.8,,a
1952-07-23,16,32.8,,a
1952-07-24,24,39.6,,a
1952-07-25,34,49.4,,a
1952-07-26,38,53.8,,a
1952-07-27,30,45,,a
1952-07-28,20,36,,a
1952-07-29,38,53.8,,a
1952-07-30,130,178,,a
1952-07-31,78,102.4,,a
1952-08-01,56,73.8,,a
1952-08-02,48,64,,a
1952-08-03,38,53.8,,a
1952-08-04,34,49.4,,a
1952-08-05,32,47.2,,a
1952-08-06,28,43.2,,a
1952-08-07,22,37.8,,a
1952-08-08,24,39.6,,a
1952-08-09,20,36,,a
1952-08-10,20,36,,a
1952-08-11,72,94.6,,a
1952-08-12,58,76.4,,a
1952-08-13,40,56,,a
1952-08-14,32,47.2,,a
1952-08-15,28,43.2,,a
1952-08-16,26,41.4,,a
1952-08-17,24,39.6,,a
1952-08-18,48,64,,a
1952-08-19,58,76.4,,a
1952-08-20,56,73.8,,a
1952-08-21,140,193,,a
1952-08-22,100,132,,a
1952-08-23,70,92,,a
1952-08-24,60,79,,a
1952-08-25,58,76.4,,a
1952-08-26,80,105,,a
1952-08-27,64,84.2,,a
1952-08-28,54,71.2,,a
1952-08-29,46,62,,a
1952-08-30,42,58,,a
1952-08-31,36,51.6,,a
1952-09-01,30,45,,a
1952-09-02,30,45,,a
1952-09-03,28,43.2,,a
1952-09-04,34,49.4,,a
1952-09-05,34,49.4,,a
1952-09-06,64,84.2,,a
1952-09-07,180,256,,a
1952-09-08,202,295.6,,a
1952-09-09,190,274,,a
1952-09-10,196,284.8,,a
1952-09-11,170,240,,a
1952-09-12,170,240,,a
1952-09-13,280,460,,a
1952-09-14,170,240,,a
1952-09-15,128,174.8,,a
1952-09-16,104,138,,a
1952-09-17,92,121.6,,a
1952-09-18,78,152.4,,a
1952-09-19,72,94.6,,a
1952-09-20,102,135,,a
1952-09-21,84,110.6,,a
1952-09-22,74,97.2,,a
1952-09-23,70,92,,a
1952-09-24,62,81.6,,a
1952-09-25,58,76.4,,a
1952-09-26,54,71.2,,a
1952-09-27,214,318,,a
1952-09-28,168,236.8,,a
1952-09-29,130,178,,a
1952-09-30,160,224,,a
1952-10-01,128,174.8,,a
1952-10-02,154,214.4,,a
1952-10-03,186,266.8,,a
1952-10-04,134,184,,a
1952-10-05,116,156,,a
1952-10-06,98,129.4,,a
1952-10-07,84,110.6,,a
1952-10-08,74,97.2,,a
1952-10-09,70,92,,a
1952-10-10,74,97.2,,a
1952-10-11,62,81.6,,a
1952-10-12,70,92,,a
1952-10-13,72,94.6,,a
1952-10-14,68,89.4,,a
1952-10-15,142,196,,a
1952-10-16,106,141,,a
1952-10-17,90,119,,a
1952-10-18,84,110.6,,a
1952-10-19,74,97.2,,a
1952-10-20,70,92,,a
1952-10-21,88,116.2,,a
1952-10-22,280,460,,a
1952-10-23,190,274,,a
1952-10-24,154,214.4,,a
1952-10-25,124,168.4,,a
1952-10-26,144,199,,a
1952-10-27,390,850,,a
1952-10-28,250,390,,a
1952-10-29,156,217.6,,a
1952-10-30,127,173.2,,a
1952-10-31,148,205,,a
1952-11-01,138,190,,a
1952-11-02,122,165.2,,a
1952-11-03,110,147,,a
1952-11-04,100,132,,a
1952-11-05,86,113.4,,a
1952-11-06,80,105,,a
1952-11-07,84,110.6,,a
1952-11-08,82,107.8,,a
1952-11-09,74,97.2,,a
1952-11-10,70,92,,a
1952-11-11,68,89.4,,a
1952-11-12,68,89.4,,a
1952-11-13,74,97.2,,a
1952-11-14,70,92,,a
1952-11-15,68,89.4,,a
1952-11-16,60,79,,a
1952-11-17,58,76.4,,a
1952-11-18,56,78.8,,a
1952-11-19,54,71.2,,a
1952-11-20,104,138,,a
1952-11-21,118,159,,a
1952-11-22,90,119,,a
1952-11-23,80,105,,a
1952-11-24,72,94.6,,a
1952-11-25,68,89.4,,a
1952-11-26,68,89.4,,a
1952-11-27,66,86.8,,a
1952-11-28,58,76.4,,a
1952-11-29,58,76.4,,a
1952-11-30,60,79,,a
1952-12-01,58,76.4,,a
1952-12-02,56,73.8,,a
1952-12-03,58,76.4,,a
1952-12-04,60,79,,a
1952-12-05,62,81.6,,a
1952-12-06,52,68.6,,a
1952-12-07,52,68.6,,a
1952-12-08,46,62,,a
1952-12-09,48,64,,a
1952-12-10,48,64,,a
1952-12-11,48,64,,a
1952-12-12,50,66,,a
1952-12-13,48,64,,a
1952-12-14,178,252.8,,a
1952-12-15,134,184,,a
1952-12-16,146,202,,a
1952-12-17,100,132,,a
1952-12-18,90,119,,a
1952-12-19,78,102.4,,a
1952-12-20,70,92,,a
1952-12-21,64,84.2,,a
1952-12-22,52,68.6,,a
1952-12-23,56,73.8,,a
1952-12-24,52,68.6,,a
1952-12-25,54,71.2,,a
1952-12-26,48,64,,a
1952-12-27,46,62,,a
1952-12-28,46,62,,a
1952-12-29,46,62,,a
1952-12-30,46,62,,a
1952-12-31,48,64,,a
1953-01-01,,121,,a
1953-01-02,,162,,a
1953-01-03,,148,,a
1953-01-04,,118,,a
1953-01-05,,102,,a
1953-01-06,,94,,a
1953-01-07,,92.6,,a
1953-01-08,,88.4,,a
1953-01-09,,77.6,,a
1953-01-10,,77.6,,a
1953-01-11,,70.4,,a
1953-01-12,,57,,a
1953-01-13,,65.8,,a
1953-01-14,,66.9,,a
1953-01-15,,64.7,,a
1953-01-16,,54.8,,a
1953-01-17,,57,,a
1953-01-18,,88.4,,a
1953-01-19,,46,,a
1953-01-20,,38.8,,a
1953-01-21,,35.2,,a
1953-01-22,,44.2,,a
1953-01-23,,46,,a
1953-01-24,,47.688,,a
1953-01-25,,99.2,,a
1953-01-26,,32.5,,a
1953-01-27,,53.5,,a
1953-01-28,,50.4,,a
1953-01-29,,22,,a
1953-01-30,,64.1,,a
1953-01-31,,50.4,,a
1953-02-01,,54.8,,a
1953-02-02,,37,,a
1953-02-03,,94,,a
1953-02-04,,40.6,,a
1953-02-05,,37,,a
1953-02-06,,22,,a
1953-02-07,,44.2,,a
1953-02-08,,91.2,,a
1953-02-09,,37,,a
1953-02-10,,61.4,,a
1953-02-11,,46,,a
1953-02-12,,48.642,,a
1953-02-13,,65.8,,a
1953-02-14,,35.2,,a
1953-02-15,,68,,a
1953-02-16,,29.8,,a
1953-02-17,,26.8,,a
1953-02-18,,72.8,,a
1953-02-19,,37,,a
1953-02-20,,40.6,,a
1953-02-21,,53.146,,a
1953-02-22,,46,,a
1953-02-23,,57.15,,a
1953-02-24,,46,,a
1953-02-25,,74,,a
1953-02-26,,99.2,,a
1953-02-27,,102,,a
1953-02-28,,68,,a
1953-03-01,,75.2,,a
1953-03-02,,68,,a
1953-03-03,,38.8,,a
1953-03-04,,94,,a
1953-03-05,,91.196,,a
1953-03-06,,111,,a
1953-03-07,,151,,a
1953-03-08,,151,,a
1953-03-09,,44.2,,a
1953-03-10,,25.6,,a
1953-03-11,,148,,a
1953-03-12,,133,,a
1953-03-13,,72.875,,a
1953-03-14,,136,,a
1953-03-15,,104,,a
1953-03-16,,37,,a
1953-03-17,,121,,a
1953-03-18,,121,,a
1953-03-19,,85.938,,a
1953-03-20,,82.8,,a
1953-03-21,,77.6,,a
1953-03-22,,121,,a
1953-03-23,,46,,a
1953-03-24,,136,,a
1953-03-25,,157,,a
1953-03-26,,161,,a
1953-03-27,,24.4,,a
1953-03-28,,176,,a
1953-03-29,,99.2,,a
1953-03-30,,109.913,,a
1953-03-31,,139,,a
1953-04-01,,110,,a
1953-04-02,,157,,a
1953-04-03,,121,,a
1953-04-04,,24.4,,a
1953-04-05,,167,,a
1953-04-06,,127.667,,a
1953-04-07,,177,,a
1953-04-08,,157,,a
1953-04-09,,151,,a
1953-04-10,,157,,a
1953-04-11,,123.267,,a
1953-04-12,,145,,a
1953-04-13,,73.5,,a
1953-04-14,,145,,a
1953-04-15,,79,,a
1953-04-16,,198,,a
1953-04-17,,153.875,,a
1953-04-18,,116.825,,a
1953-04-19,,91.625,,a
1953-04-20,,68,,a
1953-04-21,,151,,a
1953-04-22,,128.504,,a
1953-04-23,,127.571,,a
1953-04-24,,130.75,,a
1953-04-25,,167,,a
1953-04-26,,164,,a
1953-04-27,,75.004,,a
1953-04-28,,226.333,,a
1953-04-29,,274,,a
1953-04-30,,151.388,,a
1953-05-01,,119.717,,a
1953-05-02,,110,,a
1953-05-03,,91.2,,a
1953-05-04,,89.063,,a
1953-05-05,,167,,a
1953-05-06,,84.058,,a
1953-05-07,,137.196,,a
1953-05-08,,149.133,,a
1953-05-09,,88.4,,a
1953-05-10,,94,,a
1953-05-11,,60.408,,a
1953-05-12,,78.367,,a
1953-05-13,,70.4,,a
1953-05-14,,72.363,,a
1953-05-15,,72.8,,a
1953-05-16,,48.583,,a
1953-05-17,,70.767,,a
1953-05-18,,53.658,,a
1953-05-19,,69.292,,a
1953-05-20,,85.6,,a
1953-05-21,,68,,a
1953-05-22,,72.8,,a
1953-05-23,,68,,a
1953-05-24,,57,,a
1953-05-25,,65.8,,a
1953-05-26,,68,,a
1953-05-27,,59.2,,a
1953-05-28,,200.763,,a
1953-05-29,,225,,a
1953-05-30,,136,,a
1953-05-31,,121,,a
1953-06-01,,90.863,,a
1953-06-02,,91.2,,a
1953-06-03,,133.042,,a
1953-06-04,,94,,a
1953-06-05,,94,,a
1953-06-06,,104,,a
1953-06-07,,72.8,,a
1953-06-08,,45.958,,a
1953-06-09,,159.75,,a
1953-06-10,,161,,a
1953-06-11,,157,,a
1953-06-12,,139.308,,a
1953-06-13,,121,,a
1953-06-14,,101,,a
1953-06-15,,38.8,,a
1953-06-16,,99.2,,a
1953-06-17,,94,,a
1953-06-18,,85.6,,a
1953-06-19,,80,,a
1953-06-20,,85.6,,a
1953-06-21,,75.2,,a
1953-06-22,,50.4,,a
1953-06-23,,72.8,,a
1953-06-24,,72.8,,a
1953-06-25,,65.8,,a
1953-06-26,,59.2,,a
1953-06-27,,57,,a
1953-06-28,,59.2,,a
1953-06-29,,48.2,,a
1953-06-30,,54.8,,a
1953-07-01,,54.8,,a
1953-07-02,,50.4,,a
1953-07-03,,57,,a
1953-07-04,,68,,a
1953-07-05,,59.2,,a
1953-07-06,,61.4,,a
1953-07-07,,72.8,,a
1953-07-08,,65.8,,a
1953-07-09,,136,,a
1953-07-10,,57,,a
1953-07-11,,68,,a
1953-07-12,,72.8,,a
1953-07-13,,63.6,,a
1953-07-14,,61.4,,a
1953-07-15,,59.2,,a
1953-07-16,,50.4,,a
1953-07-17,,24.4,,a
1953-07-18,,18.792,,a
1953-07-19,,44.2,,a
1953-07-20,,63.6,,a
1953-07-21,,65.8,,a
1953-07-22,,61.4,,a
1953-07-23,,52.6,,a
1953-07-24,,48.2,,a
1953-07-25,,48.2,,a
1953-07-26,,44.2,,a
1953-07-27,,31.6,,a
1953-07-28,,44.2,,a
1953-07-29,,43.3,,a
1953-07-30,,50.4,,a
1953-07-31,,59.2,,a
1953-08-01,,38.8,,a
1953-08-02,,54.8,,a
1953-08-03,,180.188,,a
1953-08-04,,279.5,,a
1953-08-05,,241,,a
1953-08-06,,110,,a
1953-08-07,,91.2,,a
1953-08-08,,72.8,,a
1953-08-09,,66.9,,a
1953-08-10,,57,,a
1953-08-11,,43.788,,a
1953-08-12,,59.642,,a
1953-08-13,,48.2,,a
1953-08-14,,40.6,,a
1953-08-15,,46,,a
1953-08-16,,44.2,,a
1953-08-17,,22,,a
1953-08-18,,37,,a
1953-08-19,,54.8,,a
1953-08-20,,35.2,,a
1953-08-21,,31.6,,a
1953-08-22,,86.3,,a
1953-08-23,,304.683,,a
1953-08-24,,161.925,,a
1953-08-25,,102,,a
1953-08-26,,104,,a
1953-08-27,,96.6,,a
1953-08-28,,115,,a
1953-08-29,,91.2,,a
1953-08-30,,77.6,,a
1953-08-31,,59.2,,a
1953-09-01,,72.8,,a
1953-09-02,,54.333,,a
1953-09-03,,40.6,,a
1953-09-04,,40.6,,a
1953-09-05,,37,,a
1953-09-06,,38.8,,a
1953-09-07,,22,,a
1953-09-08,,41.688,,a
1953-09-09,,22,,a
1953-09-10,,29.8,,a
1953-09-11,,193.125,,a
1953-09-12,,202,,a
1953-09-13,,124,,a
1953-09-14,,77.6,,a
1953-09-15,,77.6,,a
1953-09-16,,68,,a
1953-09-17,,63.6,,a
1953-09-18,,63.6,,a
1953-09-19,,37,,a
1953-09-20,,63.808,,a
1953-09-21,,134.592,,a
1953-09-22,,130,,a
1953-09-23,,121,,a
1953-09-24,,110,,a
1953-09-25,,113,,a
1953-09-26,,77.6,,a
1953-09-27,,65.8,,a
1953-09-28,,68,,a
1953-09-29,,133.367,,a
1953-09-30,,80,,a
1953-10-01,,22,,a
1953-10-02,,46,,a
1953-10-03,,62.55,,a
1953-10-04,,57,,a
1953-10-05,,44.2,,a
1953-10-06,,68,,a
1953-10-07,,54.8,,a
1953-10-08,,49.792,,a
1953-10-09,,48.833,,a
1953-10-10,,59.2,,a
1953-10-11,,54.8,,a
1953-10-12,,61.4,,a
1953-10-13,,48.463,,a
1953-10-14,,48.833,,a
1953-10-15,,22,,a
1953-10-16,,136,,a
1953-10-17,,136,,a
1953-10-18,,115,,a
1953-10-19,,80,,a
1953-10-20,,65.8,,a
1953-10-21,,80,,a
1953-10-22,,77.6,,a
1953-10-23,,72.8,,a
1953-10-24,,75.2,,a
1953-10-25,,31.6,,a
1953-10-26,,210.167,,a
1953-10-27,,261,,a
1953-10-28,,261,,a
1953-10-29,,175,,a
1953-10-30,,202,,a
1953-10-31,,164,,a
1953-11-01,,118,,a
1953-11-02,,136,,a
1953-11-03,,136,,a
1953-11-04,,174,,a
1953-11-05,,148,,a
1953-11-06,,139,,a
1953-11-07,,145,,a
1953-11-08,,118,,a
1953-11-09,,133,,a
1953-11-10,,96.6,,a
1953-11-11,,91.2,,a
1953-11-12,,82.8,,a
1953-11-13,,82.8,,a
1953-11-14,,80,,a
1953-11-15,,82.8,,a
1953-11-16,,77.6,,a
1953-11-17,,75.2,,a
1953-11-18,,77.6,,a
1953-11-19,,57,,a
1953-11-20,,72.8,,a
1953-11-21,,54.8,,a
1953-11-22,,65.8,,a
1953-11-23,,40.6,,a
1953-11-24,,46,,a
1953-11-25,,47.875,,a
1953-11-26,,37,,a
1953-11-27,,22,,a
1953-11-28,,44.2,,a
1953-11-29,,50.4,,a
1953-11-30,,26.8,,a
1953-12-01,,46.542,,a
1953-12-02,,45.258,,a
1953-12-03,,49.065,,a
1953-12-04,,45.258,,a
1953-12-05,,28,,a
1953-12-06,,28,,a
1953-12-07,,48.833,,a
1953-12-08,,51.633,,a
1953-12-09,,48.833,,a
1953-12-10,,48.833,,a
1953-12-11,,49.792,,a
1953-12-12,,48.833,,a
1953-12-13,,22,,a
1953-12-14,,22,,a
1953-12-15,,36,,a
1953-12-16,,40.008,,a
1953-12-17,,43.146,,a
1953-12-18,,42.104,,a
1953-12-19,,47.5,,a
1953-12-20,,18.7,,a
1953-12-21,,22,,a
1953-12-22,,45.25,,a
1953-12-23,,44.2,,a
1953-12-24,,46,,a
1953-12-25,,46,,a
1953-12-26,,49.417,,a
1953-12-27,,37,,a
1953-12-28,,51.233,,a
1953-12-29,,40.6,,a
1953-12-30,,33.4,,a
1953-12-31,,47.788,,a
1954-01-01,15,32,,a
1954-01-02,10,28,,a
1954-01-03,8,26.6,,a
1954-01-04,11,28.8,,a
1954-01-05,10,28,,a
1954-01-06,20,36,,a
1954-01-07,18,34.4,,a
1954-01-08,20,36,,a
1954-01-09,24,39.6,,a
1954-01-10,18,34.4,,a
1954-01-11,14,31.2,,a
1954-01-12,15,32,,a
1954-01-13,5,24.5,,a
1954-01-14,6,25.2,,a
1954-01-15,8,26.6,,a
1954-01-16,6,25.2,,a
1954-01-17,5,24.5,,a
1954-01-18,18,34.4,,a
1954-01-19,8,26.6,,a
1954-01-20,20,36,,a
1954-01-21,20,36,,a
1954-01-22,20,36,,a
1954-01-23,15,32,,a
1954-01-24,20,36,,a
1954-01-25,23,38.7,,a
1954-01-26,23,38.7,,a
1954-01-27,15,32,,a
1954-01-28,15,32,,a
1954-01-29,17,33.6,,a
1954-01-30,10,28,,a
1954-01-31,8,26.6,,a
1954-02-01,6,25.2,,a
1954-02-02,7,25.9,,a
1954-02-03,14,31.2,,a
1954-02-04,15,32,,a
1954-02-05,15,32,,a
1954-02-06,11,28.8,,a
1954-02-07,10,28,,a
1954-02-08,10,28,,a
1954-02-09,9,27.3,,a
1954-02-10,15,32,,a
1954-02-11,20,36,,a
1954-02-12,12,29.6,,a
1954-02-13,6,25.2,,a
1954-02-14,10,28,,a
1954-02-15,10,28,,a
1954-02-16,18,34.4,,a
1954-02-17,22,37.8,,a
1954-02-18,20,36,,a
1954-02-19,15,32,,a
1954-02-20,19,35.2,,a
1954-02-21,14,31.2,,a
1954-02-22,10,28,,a
1954-02-23,13,30.4,,a
1954-02-24,10,28,,a
1954-02-25,9,27.3,,a
1954-02-26,11,28.8,,a
1954-02-27,13,30.4,,a
1954-02-28,11,28.8,,a
1954-03-01,98,135,,a
1954-03-02,116,156,,a
1954-03-03,88,116,,a
1954-03-04,78,102,,a
1954-03-05,210,337,,a
1954-03-06,160,219,,a
1954-03-07,102,136,,a
1954-03-08,80,105,,a
1954-03-09,76,100,,a
1954-03-10,65,85.5,,a
1954-03-11,61,80.3,,a
1954-03-12,51,67.3,,a
1954-03-13,48,64,,a
1954-03-14,50,66,,a
1954-03-15,69,90.7,,a
1954-03-16,62,81.6,,a
1954-03-17,61,80.3,,a
1954-03-18,51,67.3,,a
1954-03-19,55,72.5,,a
1954-03-20,60,79,,a
1954-03-21,70,92,,a
1954-03-22,68,89.4,,a
1954-03-23,64,84.2,,a
1954-03-24,58,76.4,,a
1954-03-25,68,89.4,,a
1954-03-26,65,85.5,,a
1954-03-27,65,85.5,,a
1954-03-28,105,140,,a
1954-03-29,86,113,,a
1954-03-30,80,105,,a
1954-03-31,72,94.6,,a
1954-04-01,69,90.7,,a
1954-04-02,62,81.6,,a
1954-04-03,70,92,,a
1954-04-04,64,84.2,,a
1954-04-05,75,98.5,,a
1954-04-06,91,120,,a
1954-04-07,90,119,,a
1954-04-08,80,105,,a
1954-04-09,74,97.2,,a
1954-04-10,74,97.2,,a
1954-04-11,58,76.4,,a
1954-04-12,46,62,,a
1954-04-13,52,68.6,,a
1954-04-14,50,66,,a
1954-04-15,47,63,,a
1954-04-16,49,65,,a
1954-04-17,51,67.3,,a
1954-04-18,38,53.8,,a
1954-04-19,40,56,,a
1954-04-20,37,52.7,,a
1954-04-21,35,50.5,,a
1954-04-22,35,50.5,,a
1954-04-23,39,54.9,,a
1954-04-24,35,50,,a
1954-04-25,30,45,,a
1954-04-26,21,36.9,,a
1954-04-27,40,56,,a
1954-04-28,50,66,,a
1954-04-29,50,66,,a
1954-04-30,73,95.9,,a
1954-05-01,143,198,,a
1954-05-02,101,134,,a
1954-05-03,107,145,,a
1954-05-04,252,402,,a
1954-05-05,160,217,,a
1954-05-06,188,272,,a
1954-05-07,174,244,,a
1954-05-08,140,193,,a
1954-05-09,110,147,,a
1954-05-10,104,138,,a
1954-05-11,100,132,,a
1954-05-12,99,131,,a
1954-05-13,92,122,,a
1954-05-14,82,108,,a
1954-05-15,75,98.5,,a
1954-05-16,70,92,,a
1954-05-17,75,98.8,,a
1954-05-18,147,203,,a
1954-05-19,130,179,,a
1954-05-20,100,132,,a
1954-05-21,85,112,,a
1954-05-22,77,101,,a
1954-05-23,72,94.6,,a
1954-05-24,70,92,,a
1954-05-25,70,92,,a
1954-05-26,68,89.4,,a
1954-05-27,67,88.1,,a
1954-05-28,66,86.8,,a
1954-05-29,67,88.1,,a
1954-05-30,60,79,,a
1954-05-31,71,93.3,,a
1954-06-01,134,195,,a
1954-06-02,179,256,,a
1954-06-03,124,168,,a
1954-06-04,112,146,,a
1954-06-05,233,353,,a
1954-06-06,166,234,,a
1954-06-07,148,105,,a
1954-06-08,144,199,,a
1954-06-09,120,162,,a
1954-06-10,105,140,,a
1954-06-11,99,131,,a
1954-06-12,92,122,,a
1954-06-13,82,108,,a
1954-06-14,77,101,,a
1954-06-15,72,95,,a
1954-06-16,76,100,,a
1954-06-17,70,92,,a
1954-06-18,74,97.2,,a
1954-06-19,70,92,,a
1954-06-20,67,88.1,,a
1954-06-21,67,88.1,,a
1954-06-22,70,92,,a
1954-06-23,66,86.8,,a
1954-06-24,66,86.8,,a
1954-06-25,61,80.3,,a
1954-06-26,60,79,,a
1954-06-27,56,73.8,,a
1954-06-28,56,73.8,,a
1954-06-29,200,292,,a
1954-06-30,136,187,,a
1954-07-01,107,143,,a
1954-07-02,98,129,,a
1954-07-03,90,119,,a
1954-07-04,75,98.5,,a
1954-07-05,78,102,,a
1954-07-06,96,127,,a
1954-07-07,93,123,,a
1954-07-08,111,149,,a
1954-07-09,100,132,,a
1954-07-10,83,109,,a
1954-07-11,76,99.8,,a
1954-07-12,80,105,,a
1954-07-13,80,105,,a
1954-07-14,90,119,,a
1954-07-15,82,108,,a
1954-07-16,75,98.5,,a
1954-07-17,82,108,,a
1954-07-18,74,97,,a
1954-07-19,121,168,,a
1954-07-20,184,259,,a
1954-07-21,116,156,,a
1954-07-22,85,112,,a
1954-07-23,76,99.8,,a
1954-07-24,68,89.4,,a
1954-07-25,60,79,,a
1954-07-26,62,81.6,,a
1954-07-27,58,76.4,,a
1954-07-28,53,69.9,,a
1954-07-29,51,67.3,,a
1954-07-30,48,64,,a
1954-07-31,48,64,,a
1954-08-01,38,53.8,,a
1954-08-02,61,80.3,,a
1954-08-03,53,69.9,,a
1954-08-04,36,51.6,,a
1954-08-05,33,48.3,,a
1954-08-06,29,44.1,,a
1954-08-07,34,49.4,,a
1954-08-08,30,45,,a
1954-08-09,29,44.1,,a
1954-08-10,32,47.2,,a
1954-08-11,69,90.7,,a
1954-08-12,63,82.9,,a
1954-08-13,51,67.3,,a
1954-08-14,45,61,,a
1954-08-15,40,56,,a
1954-08-16,75,98.5,,a
1954-08-17,90,119,,a
1954-08-18,68,89.4,,a
1954-08-19,57,75.1,,a
1954-08-20,48,64,,a
1954-08-21,45,61,,a
1954-08-22,40,56,,a
1954-08-23,40,56,,a
1954-08-24,41,57,,a
1954-08-25,40,56,,a
1954-08-26,33,48.3,,a
1954-08-27,39,54.9,,a
1954-08-28,40,56,,a
1954-08-29,41,57,,a
1954-08-30,38,53.8,,a
1954-08-31,29,44.1,,a
1954-09-01,30,45,,a
1954-09-02,32,47.2,,a
1954-09-03,30,45,,a
1954-09-04,29,44.1,,a
1954-09-05,19,35.2,,a
1954-09-06,25,40.5,,a
1954-09-07,31,46.1,,a
1954-09-08,27,42.3,,a
1954-09-09,29,44.1,,a
1954-09-10,30,45,,a
1954-09-11,31,46.1,,a
1954-09-12,27,42.3,,a
1954-09-13,25,40.5,,a
1954-09-14,22,37.8,,a
1954-09-15,23,38.7,,a
1954-09-16,35,50.5,,a
1954-09-17,43,59,,a
1954-09-18,35,50.5,,a
1954-09-19,33,48.3,,a
1954-09-20,33,48.3,,a
1954-09-21,103,148,,a
1954-09-22,226,349,,a
1954-09-23,131,180,,a
1954-09-24,85,112,,a
1954-09-25,74,97.2,,a
1954-09-26,65,85.5,,a
1954-09-27,55,72.5,,a
1954-09-28,50,66,,a
1954-09-29,86,113,,a
1954-09-30,100,132,,a
1954-10-01,73,95.9,,a
1954-10-02,60,79,,a
1954-10-03,28,43.2,,a
1954-10-04,22,37.8,,a
1954-10-05,48,64,,a
1954-10-06,50,66,,a
1954-10-07,54,71.2,,a
1954-10-08,57,75.1,,a
1954-10-09,52,68,,a
1954-10-10,45,61,,a
1954-10-11,43,59,,a
1954-10-12,47,63,,a
1954-10-13,40,56,,a
1954-10-14,39,54.9,,a
1954-10-15,38,53.8,,a
1954-10-16,35,50.5,,a
1954-10-17,25,40.5,,a
1954-10-18,37,52.7,,a
1954-10-19,35,50.5,,a
1954-10-20,25,40.5,,a
1954-10-21,26,41.4,,a
1954-10-22,18,34.4,,a
1954-10-23,47,63,,a
1954-10-24,28,43.2,,a
1954-10-25,22,37.8,,a
1954-10-26,188,298,,a
1954-10-27,160,224,,a
1954-10-28,110,147,,a
1954-10-29,79,104,,a
1954-10-30,75,98.5,,a
1954-10-31,54,71.2,,a
1954-11-01,50,66,,a
1954-11-02,50,66,,a
1954-11-03,54,71.2,,a
1954-11-04,51,67.3,,a
1954-11-05,52,68.6,,a
1954-11-06,50,66,,a
1954-11-07,34,49.4,,a
1954-11-08,29,44.1,,a
1954-11-09,40,56,,a
1954-11-10,64,86.6,,a
1954-11-11,240,400,,a
1954-11-12,180,260,,a
1954-11-13,120,162,,a
1954-11-14,95,126,,a
1954-11-15,78,102,,a
1954-11-16,65,85.5,,a
1954-11-17,62,81.6,,a
1954-11-18,59,77.7,,a
1954-11-19,47,63,,a
1954-11-20,58,76.4,,a
1954-11-21,40,56,,a
1954-11-22,45,61,,a
1954-11-23,42,58,,a
1954-11-24,45,61,,a
1954-11-25,47,63,,a
1954-11-26,46,62,,a
1954-11-27,45,61,,a
1954-11-28,45,61,,a
1954-11-29,42,58,,a
1954-11-30,59,77.7,,a
1954-12-01,65,85.5,,a
1954-12-02,77,101,,a
1954-12-03,84,111,,a
1954-12-04,72,94.6,,a
1954-12-05,55,72.5,,a
1954-12-06,52,68.6,,a
1954-12-07,50,66,,a
1954-12-08,51,67.3,,a
1954-12-09,52,68.6,,a
1954-12-10,132,181,,a
1954-12-11,280,542,,a
1954-12-12,362,745,,a
1954-12-13,202,296,,a
1954-12-14,168,237,,a
1954-12-15,118,159,,a
1954-12-16,100,132,,a
1954-12-17,85,112,,a
1954-12-18,80,105,,a
1954-12-19,74,97.2,,a
1954-12-20,70,92,,a
1954-12-21,58,76.4,,a
1954-12-22,56,73.8,,a
1954-12-23,54,71.2,,a
1954-12-24,52,68.6,,a
1954-12-25,50,66,,a
1954-12-26,40,56,,a
1954-12-27,46,62,,a
1954-12-28,44,60,,a
1954-12-29,40,56,,a
1954-12-30,40,56,,a
1954-12-31,37,52.7,,a
1955-01-01,127,55.57,,a
1955-01-02,134,63,,a
1955-01-03,133,61.9,,a
1955-01-04,134,63,,a
1955-01-05,130,58.6,,a
1955-01-06,128,56.58,,a
1955-01-07,130,58.6,,a
1955-01-08,127,55.57,,a
1955-01-09,122,50.52,,a
1955-01-10,134,63,,a
1955-01-11,132,60.8,,a
1955-01-12,128,56.58,,a
1955-01-13,122,50.52,,a
1955-01-14,132,60.8,,a
1955-01-15,136,65.2,,a
1955-01-16,130,58.6,,a
1955-01-17,219,179.8,,a
1955-01-18,200,149.5,,a
1955-01-19,190,134.5,,a
1955-01-20,156,88.7,,a
1955-01-21,153,85.1,,a
1955-01-22,148,79.12,,a
1955-01-23,134,63,,a
1955-01-24,138,67.4,,a
1955-01-25,138,67.4,,a
1955-01-26,132,60.8,,a
1955-01-27,133,61.9,,a
1955-01-28,128,56.58,,a
1955-01-29,131,59.7,,a
1955-01-30,121,49.51,,a
1955-01-31,114,43.1,,a
1955-02-01,131,59.7,,a
1955-02-02,148,79.12,,a
1955-02-03,176,149.4,,a
1955-02-04,163,97.43,,a
1955-02-05,153,85.1,,a
1955-02-06,139,68.5,,a
1955-02-07,158,91.1,,a
1955-02-08,146,76.74,,a
1955-02-09,142,71.98,,a
1955-02-10,145,75.55,,a
1955-02-11,140,69.6,,a
1955-02-12,138,67.4,,a
1955-02-13,126,54.56,,a
1955-02-14,131,59.7,,a
1955-02-15,133,61.9,,a
1955-02-16,128,56.58,,a
1955-02-17,140,69.6,,a
1955-02-18,303,351.1,,a
1955-02-19,279,297.25,,a
1955-02-20,214,171.6,,a
1955-02-21,187,130.3,,a
1955-02-22,189,133.1,,a
1955-02-23,164,98.74,,a
1955-02-24,160,93.5,,a
1955-02-25,162,96.12,,a
1955-02-26,159,92.3,,a
1955-02-27,146,76.74,,a
1955-02-28,150,81.5,,a
1955-03-01,148,79.12,,a
1955-03-02,140,69.6,,a
1955-03-03,135,64.1,,a
1955-03-04,127,55.57,,a
1955-03-05,130,58.6,,a
1955-03-06,130,58.6,,a
1955-03-07,132,60.8,,a
1955-03-08,130,58.6,,a
1955-03-09,128,56.58,,a
1955-03-10,130,58.6,,a
1955-03-11,130,58.6,,a
1955-03-12,131,59.7,,a
1955-03-13,121,49.51,,a
1955-03-14,126,54.56,,a
1955-03-15,124,52.54,,a
1955-03-16,123,51.53,,a
1955-03-17,135,64.1,,a
1955-03-18,140,69.6,,a
1955-03-19,134,63,,a
1955-03-20,129,57.59,,a
1955-03-21,148,79.12,,a
1955-03-22,268,272.8,,a
1955-03-23,238,212.9,,a
1955-03-24,231,200.3,,a
1955-03-25,248,232.1,,a
1955-03-26,264,264.4,,a
1955-03-27,270,277,,a
1955-03-28,277,292.75,,a
1955-03-29,278,295,,a
1955-03-30,238,212.9,,a
1955-03-31,216,174.9,,a
1955-04-01,193,139,,a
1955-04-02,182,123.3,,a
1955-04-03,174,112.16,,a
1955-04-04,172,109.38,,a
1955-04-05,174,112.16,,a
1955-04-06,166,101.36,,a
1955-04-07,164,98.74,,a
1955-04-08,181,121.9,,a
1955-04-09,180,120.5,,a
1955-04-10,181,121.9,,a
1955-04-11,172,109.38,,a
1955-04-12,177,116.33,,a
1955-04-13,179,119.11,,a
1955-04-14,162,96.12,,a
1955-04-15,161,94.81,,a
1955-04-16,157,89.9,,a
1955-04-17,159,92.3,,a
1955-04-18,144,74.36,,a
1955-04-19,149,80.31,,a
1955-04-20,142,71.98,,a
1955-04-21,143,73.17,,a
1955-04-22,142,71.98,,a
1955-04-23,138,67.4,,a
1955-04-24,135,64.1,,a
1955-04-25,145,75.55,,a
1955-04-26,139,68.5,,a
1955-04-27,138,67.4,,a
1955-04-28,146,76.74,,a
1955-04-29,156,88.7,,a
1955-04-30,153,85.1,,a
1955-05-01,154,86.3,,a
1955-05-02,161,94.81,,a
1955-05-03,171,107.99,,a
1955-05-04,182,123.3,,a
1955-05-05,168,103.98,,a
1955-05-06,164,98.74,,a
1955-05-07,172,109.38,,a
1955-05-08,236,209.3,,a
1955-05-09,198,146.5,,a
1955-05-10,183,124.7,,a
1955-05-11,174,112.16,,a
1955-05-12,204,155.7,,a
1955-05-13,218,178.2,,a
1955-05-14,198,146.5,,a
1955-05-15,180,120.5,,a
1955-05-16,316,380.3,,a
1955-05-17,254,244,,a
1955-05-18,220,181.5,,a
1955-05-19,278,295,,a
1955-05-20,260,256,,a
1955-05-21,170,106.6,,a
1955-05-22,212,168.3,,a
1955-05-23,199,148,,a
1955-05-24,194,140.5,,a
1955-05-25,183,124.7,,a
1955-05-26,177,116.33,,a
1955-05-27,168,103.98,,a
1955-05-28,183,124.7,,a
1955-05-29,188,131.7,,a
1955-05-30,192,137.5,,a
1955-05-31,182,123.3,,a
1955-06-01,165,100,,a
1955-06-02,168,103.98,,a
1955-06-03,158,91.1,,a
1955-06-04,163,97.43,,a
1955-06-05,148,79.12,,a
1955-06-06,154,86.3,,a
1955-06-07,162,96.12,,a
1955-06-08,158,91.1,,a
1955-06-09,156,88.7,,a
1955-06-10,158,91.1,,a
1955-06-11,202,152.6,,a
1955-06-12,230,198.5,,a
1955-06-13,198,146.5,,a
1955-06-14,188,131.7,,a
1955-06-15,164,98.74,,a
1955-06-16,169,105.29,,a
1955-06-17,158,91.1,,a
1955-06-18,158,91.1,,a
1955-06-19,141,70.79,,a
1955-06-20,151,82.7,,a
1955-06-21,163,97.43,,a
1955-06-22,157,89.9,,a
1955-06-23,163,97.43,,a
1955-06-24,153,85.1,,a
1955-06-25,148,79.12,,a
1955-06-26,145,75.55,,a
1955-06-27,135,61.1,,a
1955-06-28,158,91.1,,a
1955-06-29,160,93.5,,a
1955-06-30,157,89.9,,a
1955-07-01,154,86.3,,a
1955-07-02,148,79.12,,a
1955-07-03,141,70.79,,a
1955-07-04,142,71.98,,a
1955-07-05,153,85.1,,a
1955-07-06,149,80.31,,a
1955-07-07,146,76.74,,a
1955-07-08,140,69.6,,a
1955-07-09,145,75.55,,a
1955-07-10,139,68.5,,a
1955-07-11,136,65.2,,a
1955-07-12,120,48.5,,a
1955-07-13,110,39.5,,a
1955-07-14,110,39.5,,a
1955-07-15,110,39.5,,a
1955-07-16,112,41.3,,a
1955-07-17,112,41.3,,a
1955-07-18,106,35.94,,a
1955-07-19,137,66.3,,a
1955-07-20,122,50.52,,a
1955-07-21,136,65.2,,a
1955-07-22,134,63,,a
1955-07-23,121,49.51,,a
1955-07-24,122,50.52,,a
1955-07-25,130,58.6,,a
1955-07-26,125,53.55,,a
1955-07-27,126,54.56,,a
1955-07-28,129,57.59,,a
1955-07-29,129,57.59,,a
1955-07-30,128,56.58,,a
1955-07-31,124,52.54,,a
1955-08-01,119,47.6,,a
1955-08-02,120,48.5,,a
1955-08-03,119,47.6,,a
1955-08-04,122,50.52,,a
1955-08-05,125,53.55,,a
1955-08-06,106,35.94,,a
1955-08-07,106,35.94,,a
1955-08-08,127,55.57,,a
1955-08-09,106,35.94,,a
1955-08-10,111,40.4,,a
1955-08-11,112,41.3,,a
1955-08-12,108,37.72,,a
1955-08-13,108,37.72,,a
1955-08-14,110,39.5,,a
1955-08-15,118,46.7,,a
1955-08-16,123,51.53,,a
1955-08-17,110,39.5,,a
1955-08-18,106,35.94,,a
1955-08-19,108,37.72,,a
1955-08-20,125,53.55,,a
1955-08-21,100,30.6,,a
1955-08-22,110,39.5,,a
1955-08-23,108,37.72,,a
1955-08-24,110,39.5,,a
1955-08-25,108,37.72,,a
1955-08-26,106,35.94,,a
1955-08-27,104,34.16,,a
1955-08-28,102,32.38,,a
1955-08-29,100,30.6,,a
1955-08-30,100,30.6,,a
1955-08-31,102,32.38,,a
1955-09-01,113,42.2,,a
1955-09-02,109,38.61,,a
1955-09-03,108,37.72,,a
1955-09-04,102,32.38,,a
1955-09-05,100,30.6,,a
1955-09-06,114,43.1,,a
1955-09-07,144,43.1,,a
1955-09-08,112,41.3,,a
1955-09-09,121,49.51,,a
1955-09-10,120,48.5,,a
1955-09-11,128,56.58,,a
1955-09-12,106,35.94,,a
1955-09-13,105,35.05,,a
1955-09-14,202,152.6,,a
1955-09-15,304,353.3,,a
1955-09-16,236,209.3,,a
1955-09-17,189,133.1,,a
1955-09-18,163,97.43,,a
1955-09-19,138,67.4,,a
1955-09-20,147,77.93,,a
1955-09-21,134,63,,a
1955-09-22,109,38.61,,a
1955-09-23,109,38.61,,a
1955-09-24,122,50.52,,a
1955-09-25,124,52.54,,a
1955-09-26,122,50.52,,a
1955-09-27,124,52.54,,a
1955-09-28,118,46.7,,a
1955-09-29,112,41.3,,a
1955-09-30,114,43.1,,a
1955-10-01,112,41.3,,a
1955-10-02,103,33.27,,a
1955-10-03,104,34.16,,a
1955-10-04,108,37.72,,a
1955-10-05,112,41.3,,a
1955-10-06,109,38.61,,a
1955-10-07,112,41.3,,a
1955-10-08,116,44.9,,a
1955-10-09,107,36.83,,a
1955-10-10,105,35.05,,a
1955-10-11,106,35.94,,a
1955-10-12,108,37.72,,a
1955-10-13,108,37.72,,a
1955-10-14,109,38.61,,a
1955-10-15,110,39.5,,a
1955-10-16,107,36.83,,a
1955-10-17,119,47.6,,a
1955-10-18,205,157.25,,a
1955-10-19,332,417.7,,a
1955-10-20,250,236,,a
1955-10-21,204,155.7,,a
1955-10-22,208,161.9,,a
1955-10-23,217,176.55,,a
1955-10-24,106,143.5,,a
1955-10-25,188,131.7,,a
1955-10-26,169,105.29,,a
1955-10-27,163,97.43,,a
1955-10-28,154,86.3,,a
1955-10-29,167,102.67,,a
1955-10-30,172,109.38,,a
1955-10-31,159,92.3,,a
1955-11-01,154,86.3,,a
1955-11-02,156,88.7,,a
1955-11-03,156,88.7,,a
1955-11-04,162,96.12,,a
1955-11-05,172,109.38,,a
1955-11-06,162,96.12,,a
1955-11-07,162,96.12,,a
1955-11-08,160,93.5,,a
1955-11-09,158,91.1,,a
1955-11-10,148,79.12,,a
1955-11-11,171,107.99,,a
1955-11-12,192,137.5,,a
1955-11-13,180,120.5,,a
1955-11-14,178,117.72,,a
1955-11-15,195,142,,a
1955-11-16,182,123.3,,a
1955-11-17,173,110.77,,a
1955-11-18,163,97.43,,a
1955-11-19,160,93.5,,a
1955-11-20,142,71.98,,a
1955-11-21,149,80.31,,a
1955-11-22,140,69.6,,a
1955-11-23,137,66.3,,a
1955-11-24,138,67.4,,a
1955-11-25,138,67.4,,a
1955-11-26,142,71.98,,a
1955-11-27,126,54.56,,a
1955-11-28,125,53.55,,a
1955-11-29,121,49.51,,a
1955-11-30,113,42.2,,a
1955-12-01,116,44.9,,a
1955-12-02,142,71.98,,a
1955-12-03,157,89.9,,a
1955-12-04,144,74.36,,a
1955-12-05,136,65.2,,a
1955-12-06,138,67.4,,a
1955-12-07,132,60.8,,a
1955-12-08,130,58.6,,a
1955-12-09,129,57.5,,a
1955-12-10,128,56.58,,a
1955-12-11,117,45.8,,a
1955-12-12,130,58.6,,a
1955-12-13,122,50.52,,a
1955-12-14,121,49.51,,a
1955-12-15,140,69.6,,a
1955-12-16,187,130.3,,a
1955-12-17,166,101.36,,a
1955-12-18,142,71.98,,a
1955-12-19,142,71.98,,a
1955-12-20,136,65.2,,a
1955-12-21,132,60.8,,a
1955-12-22,132,60.8,,a
1955-12-23,131,59.7,,a
1955-12-24,128,56.58,,a
1955-12-25,119,47.6,,a
1955-12-26,122,50.52,,a
1955-12-27,124,52.54,,a
1955-12-28,119,47.6,,a
1955-12-29,122,50.52,,a
1955-12-30,134,63,,a
1955-12-31,150,81.5,,a
1956-01-01,137,66.3,,a
1956-01-02,132,60.8,,a
1956-01-03,128,56.58,,a
1956-01-04,130,58.6,,a
1956-01-05,122,50.52,,a
1956-01-06,123,51.53,,a
1956-01-07,128,56.58,,a
1956-01-08,128,56.58,,a
1956-01-09,132,60.8,,a
1956-01-10,129,57.59,,a
1956-01-11,137,66.3,,a
1956-01-12,127,55.57,,a
1956-01-13,134,63,,a
1956-01-14,160,93.5,,a
1956-01-15,156,88.7,,a
1956-01-16,168,103.98,,a
1956-01-17,156,88.7,,a
1956-01-18,155,87.5,,a
1956-01-19,215,173.25,,a
1956-01-20,204,155.7,,a
1956-01-21,179,119.11,,a
1956-01-22,156,88.7,,a
1956-01-23,149,80.31,,a
1956-01-24,146,76.74,,a
1956-01-25,140,69.6,,a
1956-01-26,134,63,,a
1956-01-27,137,66.3,,a
1956-01-28,132,60.8,,a
1956-01-29,132,60.8,,a
1956-01-30,124,52.54,,a
1956-01-31,131,59.7,,a
1956-02-01,130,58.6,,a
1956-02-02,122,50.52,,a
1956-02-03,116,44.9,,a
1956-02-04,120,48.5,,a
1956-02-05,117,45.8,,a
1956-02-06,116,44.9,,a
1956-02-07,112,41.3,,a
1956-02-08,110,39.5,,a
1956-02-09,108,37.72,,a
1956-02-10,106,35.94,,a
1956-02-11,104,34.16,,a
1956-02-12,106,35.94,,a
1956-02-13,108,37.72,,a
1956-02-14,107,36.83,,a
1956-02-15,104,34.16,,a
1956-02-16,102,32.38,,a
1956-02-17,102,32.38,,a
1956-02-18,107,36.83,,a
1956-02-19,110,39.5,,a
1956-02-20,102,32.38,,a
1956-02-21,102,32.38,,a
1956-02-22,103,33.27,,a
1956-02-23,104,34.16,,a
1956-02-24,102,32.38,,a
1956-02-25,107,36.83,,a
1956-02-26,104,34.16,,a
1956-02-27,102,32.38,,a
1956-02-28,101,31.49,,a
1956-02-29,96,27.58,,a
1956-03-01,98,29.08,,a
1956-03-02,98,29.08,,a
1956-03-03,103,33.27,,a
1956-03-04,106,35.94,,a
1956-03-05,112,41.3,,a
1956-03-06,122,50.52,,a
1956-03-07,115,44,,a
1956-03-08,110,39.5,,a
1956-03-09,104,34.16,,a
1956-03-10,106,35.94,,a
1956-03-11,108,37.72,,a
1956-03-12,103,33.27,,a
1956-03-13,105,35.05,,a
1956-03-14,102,32.38,,a
1956-03-15,98,29.08,,a
1956-03-16,97,28.32,,a
1956-03-17,100,30.6,,a
1956-03-18,100,30.6,,a
1956-03-19,100,30.6,,a
1956-03-20,100,30.6,,a
1956-03-21,101,31.49,,a
1956-03-22,102,32.38,,a
1956-03-23,121,49.51,,a
1956-03-24,153,85.1,,a
1956-03-25,135,64.1,,a
1956-03-26,150,81.5,,a
1956-03-27,146,76.74,,a
1956-03-28,137,66.3,,a
1956-03-29,134,63,,a
1956-03-30,128,56.58,,a
1956-03-31,144,112.16,,a
1956-04-01,128,56.58,,a
1956-04-02,149,80.31,,a
1956-04-03,146,76.74,,a
1956-04-04,141,70.79,,a
1956-04-05,162,96.12,,a
1956-04-06,157,89.9,,a
1956-04-07,153,85.1,,a
1956-04-08,143,73.17,,a
1956-04-09,140,69.6,,a
1956-04-10,125,53.55,,a
1956-04-11,123,51.53,,a
1956-04-12,124,52.54,,a
1956-04-13,122,50.52,,a
1956-04-14,132,60.8,,a
1956-04-15,170,106.6,,a
1956-04-16,214,171.6,,a
1956-04-17,210,165,,a
1956-04-18,216,174.9,,a
1956-04-19,206,158.8,,a
1956-04-20,192,137.5,,a
1956-04-21,180,120.5,,a
1956-04-22,172,109.38,,a
1956-04-23,218,178.2,,a
1956-04-24,217,176.55,,a
1956-04-25,221,183.2,,a
1956-04-26,222,184.9,,a
1956-04-27,225,190,,a
1956-04-28,250,236,,a
1956-04-29,229,196.8,,a
1956-04-30,290,321.5,,a
1956-05-01,228,195.1,,a
1956-05-02,215,173.25,,a
1956-05-03,192,137.5,,a
1956-05-04,176,114.94,,a
1956-05-05,173,110.77,,a
1956-05-06,168,103.98,,a
1956-05-07,168,103.98,,a
1956-05-08,175,113.55,,a
1956-05-09,170,106.6,,a
1956-05-10,182,123.3,,a
1956-05-11,190,134.5,,a
1956-05-12,185,127.5,,a
1956-05-13,164,98.74,,a
1956-05-14,158,91.1,,a
1956-05-15,151,82.7,,a
1956-05-16,150,81.5,,a
1956-05-17,151,82.7,,a
1956-05-18,151,82.7,,a
1956-05-19,148,79.12,,a
1956-05-20,161,94.81,,a
1956-05-21,203,154.15,,a
1956-05-22,190,134.5,,a
1956-05-23,183,124.7,,a
1956-05-24,178,117.72,,a
1956-05-25,197,145,,a
1956-05-26,224,188.3,,a
1956-05-27,192,137.5,,a
1956-05-28,183,124.7,,a
1956-05-29,184,126.1,,a
1956-05-30,169,105.29,,a
1956-05-31,168,103.98,,a
1956-06-01,180,120.5,,a
1956-06-02,320,389.5,,a
1956-06-03,266,268.6,,a
1956-06-04,227,193.4,,a
1956-06-05,200,149.5,,a
1956-06-06,195,142,,a
1956-06-07,187,130.3,,a
1956-06-08,169,105.29,,a
1956-06-09,184,126.1,,a
1956-06-10,164,98.74,,a
1956-06-11,175,113.55,,a
1956-06-12,184,126.1,,a
1956-06-13,185,127.5,,a
1956-06-14,177,116.33,,a
1956-06-15,168,103.98,,a
1956-06-16,226,191.7,,a
1956-06-17,220,181.5,,a
1956-06-18,196,143.5,,a
1956-06-19,210,165,,a
1956-06-20,200,149.5,,a
1956-06-21,212,168.3,,a
1956-06-22,211,166.65,,a
1956-06-23,198,146.5,,a
1956-06-24,181,121.9,,a
1956-06-25,171,107.99,,a
1956-06-26,184,126.1,,a
1956-06-27,176,114.94,,a
1956-06-28,173,110.77,,a
1956-06-29,172,109.38,,a
1956-06-30,170,106.6,,a
1956-07-01,154,86.3,,a
1956-07-02,158,91.1,,a
1956-07-03,166,101.36,,a
1956-07-04,174,112.16,,a
1956-07-05,167,102.67,,a
1956-07-06,162,96.12,,a
1956-07-07,158,91.1,,a
1956-07-08,144,74.36,,a
1956-07-09,142,71.98,,a
1956-07-10,147,77.93,,a
1956-07-11,156,88.7,,a
1956-07-12,146,76.74,,a
1956-07-13,146,76.74,,a
1956-07-14,145,75.55,,a
1956-07-15,149,80.31,,a
1956-07-16,172,109.38,,a
1956-07-17,220,181.5,,a
1956-07-18,198,146.5,,a
1956-07-19,167,102.67,,a
1956-07-20,162,96.12,,a
1956-07-21,190,134.5,,a
1956-07-22,174,112.16,,a
1956-07-23,168,103.98,,a
1956-07-24,158,91.1,,a
1956-07-25,151,82.7,,a
1956-07-26,143,73.17,,a
1956-07-27,139,68.5,,a
1956-07-28,140,69.6,,a
1956-07-29,132,60.8,,a
1956-07-30,126,54.56,,a
1956-07-31,130,58.6,,a
1956-08-01,130,58.6,,a
1956-08-02,128,56.58,,a
1956-08-03,138,67.4,,a
1956-08-04,135,64.1,,a
1956-08-05,126,54.56,,a
1956-08-06,122,50.52,,a
1956-08-07,121,49.51,,a
1956-08-08,123,51.53,,a
1956-08-09,130,58.6,,a
1956-08-10,125,53.55,,a
1956-08-11,123,51.53,,a
1956-08-12,114,43.1,,a
1956-08-13,119,47.6,,a
1956-08-14,118,46.7,,a
1956-08-15,134,63,,a
1956-08-16,149,80.31,,a
1956-08-17,137,66.3,,a
1956-08-18,133,61.9,,a
1956-08-19,126,54.56,,a
1956-08-20,120,48.5,,a
1956-08-21,131,59.7,,a
1956-08-22,134,63,,a
1956-08-23,168,103.98,,a
1956-08-24,197,137.5,,a
1956-08-25,177,116.33,,a
1956-08-26,181,121.9,,a
1956-08-27,215,173.25,,a
1956-08-28,188,131.7,,a
1956-08-29,156,88.7,,a
1956-08-30,151,82.7,,a
1956-08-31,146,76.74,,a
1956-09-01,135,64.1,,a
1956-09-02,130,58.6,,a
1956-09-03,127,55.57,,a
1956-09-04,130,58.6,,a
1956-09-05,128,56.58,,a
1956-09-06,126,54.56,,a
1956-09-07,126,54.56,,a
1956-09-08,126,54.56,,a
1956-09-09,110,39.5,,a
1956-09-10,120,48.5,,a
1956-09-11,120,48.5,,a
1956-09-12,112,41.3,,a
1956-09-13,112,41.3,,a
1956-09-14,111,40.4,,a
1956-09-15,111,40.4,,a
1956-09-16,90,23,,a
1956-09-17,92,24.52,,a
1956-09-18,100,30.6,,a
1956-09-19,102,32.38,,a
1956-09-20,98,29.08,,a
1956-09-21,104,34.16,,a
1956-09-22,92,24.52,,a
1956-09-23,91,23.76,,a
1956-09-24,91,23.76,,a
1956-09-25,91,23.76,,a
1956-09-26,101,31.49,,a
1956-09-27,116,44.9,,a
1956-09-28,125,53.55,,a
1956-09-29,116,44.9,,a
1956-09-30,100,30.6,,a
1956-10-01,104,34.16,,a
1956-10-02,105,35.05,,a
1956-10-03,101,31.49,,a
1956-10-04,102,32.38,,a
1956-10-05,142,71.98,,a
1956-10-06,230,198.5,,a
1956-10-07,191,136,,a
1956-10-08,152,83.9,,a
1956-10-09,148,79.12,,a
1956-10-10,144,74.36,,a
1956-10-11,136,65.2,,a
1956-10-12,127,55.57,,a
1956-10-13,124,52.54,,a
1956-10-14,114,43.1,,a
1956-10-15,126,54.56,,a
1956-10-16,127,55.57,,a
1956-10-17,123,51.53,,a
1956-10-18,129,57.59,,a
1956-10-19,124,52.54,,a
1956-10-20,119,47.6,,a
1956-10-21,101,31.49,,a
1956-10-22,116,44.9,,a
1956-10-23,118,46.7,,a
1956-10-24,111,40.4,,a
1956-10-25,108,37.72,,a
1956-10-26,108,37.72,,a
1956-10-27,190,134.5,,a
1956-10-28,191,136,,a
1956-10-29,158,91.1,,a
1956-10-30,164,98.74,,a
1956-10-31,218,178.2,,a
1956-11-01,184,126.1,,a
1956-11-02,191,136,,a
1956-11-03,199,148,,a
1956-11-04,179,119.11,,a
1956-11-05,161,94.81,,a
1956-11-06,157,89.9,,a
1956-11-07,148,79.12,,a
1956-11-08,151,82.7,,a
1956-11-09,145,75.55,,a
1956-11-10,148,97.12,,a
1956-11-11,132,60.8,,a
1956-11-12,157,89.9,,a
1956-11-13,220,181.5,,a
1956-11-14,219,179.8,,a
1956-11-15,222,184.9,,a
1956-11-16,232,202.1,,a
1956-11-17,204,155.7,,a
1956-11-18,194,140.5,,a
1956-11-19,179,119.11,,a
1956-11-20,170,106.6,,a
1956-11-21,162,96.12,,a
1956-11-22,154,86.3,,a
1956-11-23,144,74.36,,a
1956-11-24,152,83.9,,a
1956-11-25,149,80.31,,a
1956-11-26,140,69.6,,a
1956-11-27,139,68.5,,a
1956-11-28,132,60.8,,a
1956-11-29,133,61.9,,a
1956-11-30,125,53.55,,a
1956-12-01,126,54.56,,a
1956-12-02,128,56.58,,a
1956-12-03,132,60.8,,a
1956-12-04,129,57.59,,a
1956-12-05,125,53.55,,a
1956-12-06,122,50.52,,a
1956-12-07,120,48.5,,a
1956-12-08,120,48.5,,a
1956-12-09,121,49.51,,a
1956-12-10,117,45.8,,a
1956-12-11,118,46.7,,a
1956-12-12,120,48.5,,a
1956-12-13,120,48.5,,a
1956-12-14,122,50.52,,a
1956-12-15,118,46.7,,a
1956-12-16,115,44,,a
1956-12-17,109,38.61,,a
1956-12-18,114,43.1,,a
1956-12-19,118,46.7,,a
1956-12-20,117,45.8,,a
1956-12-21,116,44.9,,a
1956-12-22,112,41.3,,a
1956-12-23,117,45.8,,a
1956-12-24,110,39.5,,a
1956-12-25,112,41.3,,a
1956-12-26,111,40.4,,a
1956-12-27,109,38.61,,a
1956-12-28,114,43.1,,a
1956-12-29,108,37.72,,a
1956-12-30,100,30.6,,a
1956-12-31,98,29.08,,a
1957-01-01,102,32.4,,a
1957-01-02,101,31.5,,a
1957-01-03,124,52.5,,a
1957-01-04,122,50.5,,a
1957-01-05,126,54.6,,a
1957-01-06,114,43.1,,a
1957-01-07,115,44,,a
1957-01-08,118,46.7,,a
1957-01-09,122,50.5,,a
1957-01-10,116,44.9,,a
1957-01-11,114,43.1,,a
1957-01-12,111,40.4,,a
1957-01-13,110,39.5,,a
1957-01-14,108,37.7,,a
1957-01-15,111,40.4,,a
1957-01-16,110,39.5,,a
1957-01-17,110,39.5,,a
1957-01-18,105,35.1,,a
1957-01-19,107,36.8,,a
1957-01-20,103,33.3,,a
1957-01-21,100,30.6,,a
1957-01-22,106,35.9,,a
1957-01-23,101,31.5,,a
1957-01-24,104,34.2,,a
1957-01-25,102,32.4,,a
1957-01-26,104,34.2,,a
1957-01-27,106,35.9,,a
1957-01-28,98,29.1,,a
1957-01-29,98,29.1,,a
1957-01-30,96,27.6,,a
1957-01-31,99,29.8,,a
1957-02-01,96,27.6,,a
1957-02-02,98,29.1,,a
1957-02-03,100,30.6,,a
1957-02-04,104,34.2,,a
1957-02-05,106,35.9,,a
1957-02-06,107,36.8,,a
1957-02-07,112,41.3,,a
1957-02-08,113,42.2,,a
1957-02-09,113,42.2,,a
1957-02-10,112,41.3,,a
1957-02-11,124,52.5,,a
1957-02-12,122,50.5,,a
1957-02-13,116,44.9,,a
1957-02-14,176,122,,a
1957-02-15,193,144,,a
1957-02-16,210,165,,a
1957-02-17,180,121,,a
1957-02-18,209,178,,a
1957-02-19,251,238,,a
1957-02-20,193,139,,a
1957-02-21,178,118,,a
1957-02-22,169,105,,a
1957-02-23,156,88.7,,a
1957-02-24,150,81.5,,a
1957-02-25,138,67.4,,a
1957-02-26,142,72,,a
1957-02-27,140,69.6,,a
1957-02-28,141,70.8,,a
1957-03-01,136,65.2,,a
1957-03-02,132,60.8,,a
1957-03-03,122,50.5,,a
1957-03-04,122,50.5,,a
1957-03-05,120,48.5,,a
1957-03-06,121,49.5,,a
1957-03-07,123,51.5,,a
1957-03-08,125,53.6,,a
1957-03-09,125,53.6,,a
1957-03-10,122,50.5,,a
1957-03-11,120,48.5,,a
1957-03-12,120,48.5,,a
1957-03-13,122,50.5,,a
1957-03-14,119,47.6,,a
1957-03-15,120,48.5,,a
1957-03-16,128,56.6,,a
1957-03-17,124,52.5,,a
1957-03-18,140,69.6,,a
1957-03-19,128,56.6,,a
1957-03-20,129,57.6,,a
1957-03-21,136,65.2,,a
1957-03-22,142,72,,a
1957-03-23,147,77.9,,a
1957-03-24,134,63,,a
1957-03-25,137,66.3,,a
1957-03-26,144,74.4,,a
1957-03-27,144,74.4,,a
1957-03-28,138,67.4,,a
1957-03-29,131,59.7,,a
1957-03-30,123,51.5,,a
1957-03-31,125,53.6,,a
1957-04-01,126,54.6,,a
1957-04-02,142,74,,a
1957-04-03,202,153,,a
1957-04-04,200,150,,a
1957-04-05,186,129,,a
1957-04-06,170,107,,a
1957-04-07,161,94.8,,a
1957-04-08,181,122,,a
1957-04-09,175,114,,a
1957-04-10,162,96.1,,a
1957-04-11,211,172,,a
1957-04-12,298,340,,a
1957-04-13,249,234,,a
1957-04-14,221,183,,a
1957-04-15,192,138,,a
1957-04-16,172,109,,a
1957-04-17,164,98.7,,a
1957-04-18,159,92.3,,a
1957-04-19,156,88.7,,a
1957-04-20,156,88.7,,a
1957-04-21,172,109,,a
1957-04-22,182,123,,a
1957-04-23,170,107,,a
1957-04-24,166,101,,a
1957-04-25,163,97.4,,a
1957-04-26,163,97.4,,a
1957-04-27,164,98.7,,a
1957-04-28,163,97.4,,a
1957-04-29,166,101,,a
1957-04-30,166,101,,a
1957-05-01,161,94.8,,a
1957-05-02,171,108,,a
1957-05-03,161,94.8,,a
1957-05-04,161,94.8,,a
1957-05-05,146,76.7,,a
1957-05-06,177,116,,a
1957-05-07,174,112,,a
1957-05-08,174,112,,a
1957-05-09,172,109,,a
1957-05-10,170,107,,a
1957-05-11,170,107,,a
1957-05-12,158,91.1,,a
1957-05-13,168,104,,a
1957-05-14,160,93.5,,a
1957-05-15,165,100,,a
1957-05-16,163,97.4,,a
1957-05-17,171,108,,a
1957-05-18,169,105,,a
1957-05-19,158,91.1,,a
1957-05-20,160,93.5,,a
1957-05-21,156,88.7,,a
1957-05-22,148,79.1,,a
1957-05-23,145,75.6,,a
1957-05-24,141,70.8,,a
1957-05-25,164,98.7,,a
1957-05-26,164,98.7,,a
1957-05-27,197,145,,a
1957-05-28,196,144,,a
1957-05-29,182,123,,a
1957-05-30,171,108,,a
1957-05-31,158,91.1,,a
1957-06-01,156,88.7,,a
1957-06-02,154,86.3,,a
1957-06-03,146,76.7,,a
1957-06-04,151,82.7,,a
1957-06-05,160,93.5,,a
1957-06-06,161,94.8,,a
1957-06-07,159,92.3,,a
1957-06-08,156,88.7,,a
1957-06-09,145,75.6,,a
1957-06-10,153,85.1,,a
1957-06-11,154,86.3,,a
1957-06-12,151,82.7,,a
1957-06-13,146,76.7,,a
1957-06-14,150,81.5,,a
1957-06-15,150,81.5,,a
1957-06-16,140,69.6,,a
1957-06-17,119,47.6,,a
1957-06-18,138,67.4,,a
1957-06-19,146,76.7,,a
1957-06-20,140,69.6,,a
1957-06-21,140,69.6,,a
1957-06-22,143,73.2,,a
1957-06-23,197,145,,a
1957-06-24,188,132,,a
1957-06-25,166,101,,a
1957-06-26,187,130,,a
1957-06-27,188,132,,a
1957-06-28,164,98.7,,a
1957-06-29,154,86.3,,a
1957-06-30,138,67.4,,a
1957-07-01,140,69.6,,a
1957-07-02,140,69.6,,a
1957-07-03,134,63,,a
1957-07-04,132,60.8,,a
1957-07-05,129,57.6,,a
1957-07-06,131,59.7,,a
1957-07-07,128,56.6,,a
1957-07-08,116,44.9,,a
1957-07-09,127,55.6,,a
1957-07-10,137,66.3,,a
1957-07-11,168,104,,a
1957-07-12,189,133,,a
1957-07-13,169,105,,a
1957-07-14,149,80.3,,a
1957-07-15,149,83.7,,a
1957-07-16,229,200,,a
1957-07-17,205,157,,a
1957-07-18,176,115,,a
1957-07-19,165,100,,a
1957-07-20,216,185,,a
1957-07-21,226,192,,a
1957-07-22,297,338,,a
1957-07-23,232,202,,a
1957-07-24,202,153,,a
1957-07-25,180,121,,a
1957-07-26,161,94.8,,a
1957-07-27,169,105,,a
1957-07-28,231,224,,a
1957-07-29,282,307,,a
1957-07-30,221,183,,a
1957-07-31,197,145,,a
1957-08-01,178,118,,a
1957-08-02,173,111,,a
1957-08-03,162,96.1,,a
1957-08-04,146,76.7,,a
1957-08-05,148,79.1,,a
1957-08-06,144,74.4,,a
1957-08-07,144,74.4,,a
1957-08-08,149,80.3,,a
1957-08-09,139,68.5,,a
1957-08-10,141,70.8,,a
1957-08-11,148,79.1,,a
1957-08-12,135,64.1,,a
1957-08-13,134,63,,a
1957-08-14,134,63,,a
1957-08-15,134,63,,a
1957-08-16,126,54.6,,a
1957-08-17,141,70.8,,a
1957-08-18,149,80.3,,a
1957-08-19,137,66.3,,a
1957-08-20,143,73.2,,a
1957-08-21,144,74.4,,a
1957-08-22,141,70.8,,a
1957-08-23,141,70.8,,a
1957-08-24,137,66.3,,a
1957-08-25,131,59.7,,a
1957-08-26,134,63,,a
1957-08-27,134,63,,a
1957-08-28,135,64.1,,a
1957-08-29,150,81.5,,a
1957-08-30,143,73.2,,a
1957-08-31,139,68.5,,a
1957-09-01,132,60.8,,a
1957-09-02,126,54.6,,a
1957-09-03,132,60.8,,a
1957-09-04,133,61.9,,a
1957-09-05,134,63,,a
1957-09-06,132,60.8,,a
1957-09-07,130,58.6,,a
1957-09-08,132,60.8,,a
1957-09-09,120,48.5,,a
1957-09-10,125,53.6,,a
1957-09-11,126,54.6,,a
1957-09-12,122,50.5,,a
1957-09-13,146,76.7,,a
1957-09-14,175,114,,a
1957-09-15,218,119,,a
1957-09-16,173,111,,a
1957-09-17,154,86.3,,a
1957-09-18,139,68.5,,a
1957-09-19,137,66.3,,a
1957-09-20,132,60.8,,a
1957-09-21,130,58.6,,a
1957-09-22,124,52.5,,a
1957-09-23,126,54.6,,a
1957-09-24,130,58.6,,a
1957-09-25,130,58.6,,a
1957-09-26,125,53.6,,a
1957-09-27,125,53.6,,a
1957-09-28,134,63,,a
1957-09-29,124,52.5,,a
1957-09-30,111,40.4,,a
1957-10-01,174,112,,a
1957-10-02,180,121,,a
1957-10-03,159,92.3,,a
1957-10-04,154,86.3,,a
1957-10-05,154,86.3,,a
1957-10-06,144,74.4,,a
1957-10-07,139,68.5,,a
1957-10-08,142,72,,a
1957-10-09,136,65.2,,a
1957-10-10,142,72,,a
1957-10-11,138,67.4,,a
1957-10-12,141,70.8,,a
1957-10-13,123,51.5,,a
1957-10-14,124,52.5,,a
1957-10-15,123,51.5,,a
1957-10-16,118,46.7,,a
1957-10-17,123,51.5,,a
1957-10-18,120,48.5,,a
1957-10-19,121,49.5,,a
1957-10-20,117,45.8,,a
1957-10-21,119,47.6,,a
1957-10-22,138,67.4,,a
1957-10-23,134,63,,a
1957-10-24,121,59.7,,a
1957-10-25,127,55.6,,a
1957-10-26,126,54.6,,a
1957-10-27,119,47.6,,a
1957-10-28,116,44.9,,a
1957-10-29,122,50.5,,a
1957-10-30,117,45.8,,a
1957-10-31,114,43.1,,a
1957-11-01,115,44,,a
1957-11-02,111,40.4,,a
1957-11-03,108,37.7,,a
1957-11-04,110,39.5,,a
1957-11-05,111,40.4,,a
1957-11-06,113,42.2,,a
1957-11-07,145,79.4,,a
1957-11-08,213,170,,a
1957-11-09,206,159,,a
1957-11-10,186,129,,a
1957-11-11,224,197,,a
1957-11-12,227,195,,a
1957-11-13,191,136,,a
1957-11-14,177,116,,a
1957-11-15,156,88.7,,a
1957-11-16,155,87.5,,a
1957-11-17,143,73.2,,a
1957-11-18,139,68.5,,a
1957-11-19,135,64.1,,a
1957-11-20,138,67.4,,a
1957-11-21,132,60.8,,a
1957-11-22,125,53.6,,a
1957-11-23,130,58.6,,a
1957-11-24,116,44.9,,a
1957-11-25,118,46.7,,a
1957-11-26,132,60.8,,a
1957-11-27,123,51.5,,a
1957-11-28,125,53.6,,a
1957-11-29,121,49.5,,a
1957-11-30,109,38.6,,a
1957-12-01,116,44.9,,a
1957-12-02,119,47.6,,a
1957-12-03,121,49.5,,a
1957-12-04,116,44.9,,a
1957-12-05,112,41.3,,a
1957-12-06,112,41.3,,a
1957-12-07,110,39.5,,a
1957-12-08,110,39.5,,a
1957-12-09,112,41.3,,a
1957-12-10,108,37.7,,a
1957-12-11,111,40.4,,a
1957-12-12,114,43.1,,a
1957-12-13,193,146,,a
1957-12-14,322,398,,a
1957-12-15,246,228,,a
1957-12-16,213,170,,a
1957-12-17,180,121,,a
1957-12-18,164,98.7,,a
1957-12-19,154,86.3,,a
1957-12-20,148,79.1,,a
1957-12-21,140,69.6,,a
1957-12-22,134,63,,a
1957-12-23,124,52.5,,a
1957-12-24,133,61.9,,a
1957-12-25,133,61.9,,a
1957-12-26,130,58.6,,a
1957-12-27,127,55.6,,a
1957-12-28,128,56.6,,a
1957-12-29,126,54.6,,a
1957-12-30,124,52.5,,a
1957-12-31,125,53.6,,a
1958-01-01,115,44,,a
1958-01-02,111,40.4,,a
1958-01-03,120,48.5,,a
1958-01-04,121,49.5,,a
1958-01-05,116,44.9,,a
1958-01-06,122,50.5,,a
1958-01-07,126,54.6,,a
1958-01-08,124,52.5,,a
1958-01-09,120,48.5,,a
1958-01-10,118,46.7,,a
1958-01-11,120,48.5,,a
1958-01-12,140,69.6,,a
1958-01-13,155,87.5,,a
1958-01-14,145,75.6,,a
1958-01-15,153,85.1,,a
1958-01-16,150,81.5,,a
1958-01-17,150,81.5,,a
1958-01-18,134,63,,a
1958-01-19,127,55.6,,a
1958-01-20,127,55.6,,a
1958-01-21,175,114,,a
1958-01-22,154,86.3,,a
1958-01-23,147,77.9,,a
1958-01-24,143,73.2,,a
1958-01-25,140,69.6,,a
1958-01-26,126,54.6,,a
1958-01-27,130,58.6,,a
1958-01-28,126,54.6,,a
1958-01-29,122,50.5,,a
1958-01-30,123,51.5,,a
1958-01-31,123,51.5,,a
1958-02-01,120,48.5,,a
1958-02-02,115,44,,a
1958-02-03,118,46.7,,a
1958-02-04,114,43.1,,a
1958-02-05,116,44.9,,a
1958-02-06,122,50.5,,a
1958-02-07,138,67.4,,a
1958-02-08,152,83.9,,a
1958-02-09,156,88.7,,a
1958-02-10,190,135,,a
1958-02-11,213,170,,a
1958-02-12,257,256,,a
1958-02-13,238,213,,a
1958-02-14,211,167,,a
1958-02-15,188,131,,a
1958-02-16,182,123,,a
1958-02-17,176,115,,a
1958-02-18,187,130,,a
1958-02-19,191,136,,a
1958-02-20,172,109,,a
1958-02-21,166,101,,a
1958-02-22,160,93.5,,a
1958-02-23,152,83.9,,a
1958-02-24,149,80.3,,a
1958-02-25,151,87.7,,a
1958-02-26,208,178,,a
1958-02-27,348,454,,a
1958-02-28,271,281,,a
1958-03-01,224,188,,a
1958-03-02,193,139,,a
1958-03-03,180,121,,a
1958-03-04,169,105,,a
1958-03-05,164,98.7,,a
1958-03-06,159,92.3,,a
1958-03-07,156,88.7,,a
1958-03-08,156,88.7,,a
1958-03-09,147,77.9,,a
1958-03-10,151,82.7,,a
1958-03-11,150,81.5,,a
1958-03-12,141,70.8,,a
1958-03-13,140,69.6,,a
1958-03-14,140,69.6,,a
1958-03-15,138,67.4,,a
1958-03-16,131,59.7,,a
1958-03-17,134,63,,a
1958-03-18,134,63,,a
1958-03-19,132,60.8,,a
1958-03-20,126,54.6,,a
1958-03-21,138,67.4,,a
1958-03-22,132,60.8,,a
1958-03-23,128,56.6,,a
1958-03-24,128,56.6,,a
1958-03-25,132,60.8,,a
1958-03-26,131,59.7,,a
1958-03-27,134,63,,a
1958-03-28,149,80.3,,a
1958-03-29,154,86.3,,a
1958-03-30,159,92.3,,a
1958-03-31,153,85.1,,a
1958-04-01,164,98.7,,a
1958-04-02,162,96.1,,a
1958-04-03,155,87.5,,a
1958-04-04,174,117,,a
1958-04-05,300,349,,a
1958-04-06,241,218,,a
1958-04-07,218,178,,a
1958-04-08,206,159,,a
1958-04-09,192,138,,a
1958-04-10,177,116,,a
1958-04-11,166,101,,a
1958-04-12,169,105,,a
1958-04-13,158,91.1,,a
1958-04-14,166,101,,a
1958-04-15,204,156,,a
1958-04-16,212,168,,a
1958-04-17,194,141,,a
1958-04-18,184,126,,a
1958-04-19,178,118,,a
1958-04-20,165,100,,a
1958-04-21,156,88.7,,a
1958-04-22,170,107,,a
1958-04-23,179,119,,a
1958-04-24,178,118,,a
1958-04-25,169,105,,a
1958-04-26,173,111,,a
1958-04-27,162,96.1,,a
1958-04-28,182,123,,a
1958-04-29,190,135,,a
1958-04-30,179,119,,a
1958-05-01,169,105,,a
1958-05-02,157,89.9,,a
1958-05-03,169,105,,a
1958-05-04,172,109,,a
1958-05-05,176,115,,a
1958-05-06,190,135,,a
1958-05-07,192,138,,a
1958-05-08,194,141,,a
1958-05-09,202,153,,a
1958-05-10,204,156,,a
1958-05-11,195,142,,a
1958-05-12,208,162,,a
1958-05-13,214,172,,a
1958-05-14,199,148,,a
1958-05-15,194,141,,a
1958-05-16,191,136,,a
1958-05-17,202,153,,a
1958-05-18,196,144,,a
1958-05-19,178,118,,a
1958-05-20,176,115,,a
1958-05-21,174,112,,a
1958-05-22,168,104,,a
1958-05-23,171,108,,a
1958-05-24,162,96.1,,a
1958-05-25,155,87.5,,a
1958-05-26,155,87.5,,a
1958-05-27,162,96.1,,a
1958-05-28,164,98.7,,a
1958-05-29,166,102,,a
1958-05-30,159,92.3,,a
1958-05-31,156,88.7,,a
1958-06-01,139,68.5,,a
1958-06-02,139,68.5,,a
1958-06-03,134,63,,a
1958-06-04,134,63,,a
1958-06-05,140,69.6,,a
1958-06-06,138,67.4,,a
1958-06-07,134,63,,a
1958-06-08,135,64.1,,a
1958-06-09,130,58.6,,a
1958-06-10,134,63,,a
1958-06-11,144,74.4,,a
1958-06-12,152,83.9,,a
1958-06-13,146,76.7,,a
1958-06-14,138,67.4,,a
1958-06-15,127,55.6,,a
1958-06-16,124,52.5,,a
1958-06-17,130,58.6,,a
1958-06-18,122,50.5,,a
1958-06-19,120,48.5,,a
1958-06-20,120,48.5,,a
1958-06-21,120,48.5,,a
1958-06-22,246,240,,a
1958-06-23,266,269,,a
1958-06-24,213,170,,a
1958-06-25,191,136,,a
1958-06-26,169,105,,a
1958-06-27,193,149,,a
1958-06-28,278,295,,a
1958-06-29,220,182,,a
1958-06-30,187,130,,a
1958-07-01,170,107,,a
1958-07-02,153,85.1,,a
1958-07-03,158,91.1,,a
1958-07-04,168,104,,a
1958-07-05,166,102,,a
1958-07-06,160,93.5,,a
1958-07-07,160,93.5,,a
1958-07-08,152,83.9,,a
1958-07-09,146,76.7,,a
1958-07-10,138,67.4,,a
1958-07-11,133,61.9,,a
1958-07-12,133,61.9,,a
1958-07-13,133,61.9,,a
1958-07-14,124,52.5,,a
1958-07-15,132,60.8,,a
1958-07-16,128,56.6,,a
1958-07-17,125,53.6,,a
1958-07-18,133,61.9,,a
1958-07-19,126,54.6,,a
1958-07-20,122,50.5,,a
1958-07-21,119,47.6,,a
1958-07-22,117,45.8,,a
1958-07-23,152,83.9,,a
1958-07-24,174,112,,a
1958-07-25,178,118,,a
1958-07-26,160,93.5,,a
1958-07-27,144,74.4,,a
1958-07-28,130,58.6,,a
1958-07-29,134,63,,a
1958-07-30,129,57.6,,a
1958-07-31,122,50.5,,a
1958-08-01,126,54.6,,a
1958-08-02,122,50.5,,a
1958-08-03,112,41.3,,a
1958-08-04,128,56.6,,a
1958-08-05,132,60.8,,a
1958-08-06,128,56.6,,a
1958-08-07,126,54.6,,a
1958-08-08,130,58.6,,a
1958-08-09,124,52.5,,a
1958-08-10,120,48.5,,a
1958-08-11,120,48.5,,a
1958-08-12,115,44,,a
1958-08-13,121,49.5,,a
1958-08-14,127,55.6,,a
1958-08-15,128,56.6,,a
1958-08-16,116,44.9,,a
1958-08-17,120,48.5,,a
1958-08-18,103,33.3,,a
1958-08-19,107,36.8,,a
1958-08-20,116,44.9,,a
1958-08-21,120,48.5,,a
1958-08-22,136,65.2,,a
1958-08-23,157,89.9,,a
1958-08-24,149,80.3,,a
1958-08-25,134,63,,a
1958-08-26,162,96.1,,a
1958-08-27,164,98.7,,a
1958-08-28,152,83.9,,a
1958-08-29,134,63,,a
1958-08-30,136,65.2,,a
1958-08-31,116,44.9,,a
1958-09-01,118,46.7,,a
1958-09-02,123,51.5,,a
1958-09-03,120,48.5,,a
1958-09-04,124,52.5,,a
1958-09-05,123,51.5,,a
1958-09-06,121,49.5,,a
1958-09-07,104,34.2,,a
1958-09-08,107,36.8,,a
1958-09-09,110,39.5,,a
1958-09-10,113,42.2,,a
1958-09-11,132,60.8,,a
1958-09-12,120,48.5,,a
1958-09-13,112,41.3,,a
1958-09-14,104,34.2,,a
1958-09-15,110,39.5,,a
1958-09-16,107,36.8,,a
1958-09-17,104,34.2,,a
1958-09-18,106,35.9,,a
1958-09-19,109,38.6,,a
1958-09-20,110,39.5,,a
1958-09-21,103,33.3,,a
1958-09-22,104,34.2,,a
1958-09-23,222,195,,a
1958-09-24,196,144,,a
1958-09-25,169,106,,a
1958-09-26,142,72,,a
1958-09-27,138,67.4,,a
1958-09-28,124,52.5,,a
1958-09-29,128,56.6,,a
1958-09-30,117,45.8,,a
1958-10-01,126,54.6,,a
1958-10-02,192,142,,a
1958-10-03,208,162,,a
1958-10-04,182,123,,a
1958-10-05,146,76.7,,a
1958-10-06,159,92.3,,a
1958-10-07,165,100,,a
1958-10-08,170,107,,a
1958-10-09,199,148,,a
1958-10-10,170,107,,a
1958-10-11,160,93.5,,a
1958-10-12,138,67.4,,a
1958-10-13,233,206,,a
1958-10-14,312,377,,a
1958-10-15,225,190,,a
1958-10-16,199,148,,a
1958-10-17,170,107,,a
1958-10-18,168,104,,a
1958-10-19,150,81.5,,a
1958-10-20,149,80.3,,a
1958-10-21,147,77.9,,a
1958-10-22,144,74.4,,a
1958-10-23,137,66.3,,a
1958-10-24,141,70.8,,a
1958-10-25,134,63,,a
1958-10-26,120,48.5,,a
1958-10-27,128,56.6,,a
1958-10-28,124,52.5,,a
1958-10-29,130,58.6,,a
1958-10-30,131,59.7,,a
1958-10-31,133,61.9,,a
1958-11-01,149,88.8,,a
1958-11-02,206,159,,a
1958-11-03,162,96.1,,a
1958-11-04,153,85.1,,a
1958-11-05,152,83.9,,a
1958-11-06,157,89.9,,a
1958-11-07,152,83.9,,a
1958-11-08,153,85.1,,a
1958-11-09,139,68.5,,a
1958-11-10,138,67.4,,a
1958-11-11,151,82.7,,a
1958-11-12,184,126,,a
1958-11-13,209,164,,a
1958-11-14,259,254,,a
1958-11-15,235,208,,a
1958-11-16,210,165,,a
1958-11-17,193,139,,a
1958-11-18,176,115,,a
1958-11-19,173,111,,a
1958-11-20,170,107,,a
1958-11-21,164,98.7,,a
1958-11-22,158,91.1,,a
1958-11-23,148,79.1,,a
1958-11-24,151,82.7,,a
1958-11-25,148,79.1,,a
1958-11-26,152,83.9,,a
1958-11-27,147,77.9,,a
1958-11-28,145,75.6,,a
1958-11-29,140,69.6,,a
1958-11-30,133,61.9,,a
1958-12-01,122,50.5,,a
1958-12-02,136,65.2,,a
1958-12-03,134,63,,a
1958-12-04,129,57.6,,a
1958-12-05,126,54.6,,a
1958-12-06,126,54.6,,a
1958-12-07,120,48.5,,a
1958-12-08,118,46.7,,a
1958-12-09,121,49.5,,a
1958-12-10,128,56.6,,a
1958-12-11,123,51.5,,a
1958-12-12,155,87.5,,a
1958-12-13,146,76.7,,a
1958-12-14,328,436,,a
1958-12-15,369,509,,a
1958-12-16,247,230,,a
1958-12-17,230,199,,a
1958-12-18,221,183,,a
1958-12-19,208,162,,a
1958-12-20,194,141,,a
1958-12-21,217,177,,a
1958-12-22,243,222,,a
1958-12-23,236,209,,a
1958-12-24,335,434,,a
1958-12-25,328,408,,a
1958-12-26,251,238,,a
1958-12-27,220,182,,a
1958-12-28,209,163,,a
1958-12-29,186,129,,a
1958-12-30,180,121,,a
1958-12-31,168,104,,a
1959-01-01,156,90.2,,a
1959-01-02,153,86.6,,a
1959-01-03,169,106,,a
1959-01-04,156,90.2,,a
1959-01-05,150,83,,a
1959-01-06,149,81.9,,a
1959-01-07,150,83,,a
1959-01-08,150,83,,a
1959-01-09,148,80.8,,a
1959-01-10,148,80.8,,a
1959-01-11,128,59,,a
1959-01-12,134,65.4,,a
1959-01-13,140,72,,a
1959-01-14,135,66.5,,a
1959-01-15,135,66.5,,a
1959-01-16,136,67.6,,a
1959-01-17,134,65.4,,a
1959-01-18,120,51,,a
1959-01-19,123,54,,a
1959-01-20,126,57,,a
1959-01-21,128,59,,a
1959-01-22,136,67.6,,a
1959-01-23,155,89,,a
1959-01-24,159,93.8,,a
1959-01-25,144,76.4,,a
1959-01-26,141,73.1,,a
1959-01-27,132,63.2,,a
1959-01-28,132,63.2,,a
1959-01-29,130,61,,a
1959-01-30,129,60,,a
1959-01-31,126,57,,a
1959-02-01,120,51,,a
1959-02-02,122,53,,a
1959-02-03,126,57,,a
1959-02-04,123,54,,a
1959-02-05,120,51,,a
1959-02-06,122,53,,a
1959-02-07,121,52,,a
1959-02-08,113,44.7,,a
1959-02-09,118,49.2,,a
1959-02-10,120,51,,a
1959-02-11,119,50.1,,a
1959-02-12,115,46.5,,a
1959-02-13,112,43.8,,a
1959-02-14,112,43.8,,a
1959-02-15,107,39.3,,a
1959-02-16,110,42,,a
1959-02-17,112,43.8,,a
1959-02-18,110,42,,a
1959-02-19,111,42.9,,a
1959-02-20,110,42,,a
1959-02-21,110,42,,a
1959-02-22,110,42,,a
1959-02-23,113,44.7,,a
1959-02-24,116,47.4,,a
1959-02-25,116,47.4,,a
1959-02-26,111,42.9,,a
1959-02-27,110,42,,a
1959-02-28,107,39.3,,a
1959-03-01,104,36.7,,a
1959-03-02,105,37.5,,a
1959-03-03,106,38.4,,a
1959-03-04,104,36.7,,a
1959-03-05,111,42.9,,a
1959-03-06,160,95,,a
1959-03-07,138,69.8,,a
1959-03-08,198,153,,a
1959-03-09,203,154,,a
1959-03-10,175,114,,a
1959-03-11,154,87.8,,a
1959-03-12,140,72,,a
1959-03-13,137,68.7,,a
1959-03-14,130,61,,a
1959-03-15,128,59,,a
1959-03-16,124,55,,a
1959-03-17,130,61,,a
1959-03-18,118,49.2,,a
1959-03-19,121,52,,a
1959-03-20,126,57,,a
1959-03-21,127,58,,a
1959-03-22,120,51,,a
1959-03-23,124,55,,a
1959-03-24,125,56,,a
1959-03-25,122,53,,a
1959-03-26,124,55,,a
1959-03-27,132,63.2,,a
1959-03-28,128,59,,a
1959-03-29,122,53,,a
1959-03-30,160,95,,a
1959-03-31,151,84.2,,a
1959-04-01,148,80.8,,a
1959-04-02,137,68.7,,a
1959-04-03,137,68.7,,a
1959-04-04,134,65.4,,a
1959-04-05,121,52,,a
1959-04-06,126,57,,a
1959-04-07,144,78.3,,a
1959-04-08,217,177,,a
1959-04-09,194,140,,a
1959-04-10,332,422,,a
1959-04-11,289,323,,a
1959-04-12,228,195,,a
1959-04-13,201,151,,a
1959-04-14,182,123,,a
1959-04-15,174,113,,a
1959-04-16,169,106,,a
1959-04-17,172,110,,a
1959-04-18,218,178,,a
1959-04-19,236,209,,a
1959-04-20,206,159,,a
1959-04-21,188,132,,a
1959-04-22,166,102,,a
1959-04-23,167,103,,a
1959-04-24,156,90.2,,a
1959-04-25,157,91.4,,a
1959-04-26,144,76.4,,a
1959-04-27,136,67.6,,a
1959-04-28,144,76.4,,a
1959-04-29,141,73.1,,a
1959-04-30,174,118,,a
1959-05-01,300,344,,a
1959-05-02,234,206,,a
1959-05-03,203,154,,a
1959-05-04,180,121,,a
1959-05-05,166,102,,a
1959-05-06,163,98.6,,a
1959-05-07,156,90.2,,a
1959-05-08,150,83,,a
1959-05-09,148,80.8,,a
1959-05-10,136,67.6,,a
1959-05-11,146,78.6,,a
1959-05-12,153,86.6,,a
1959-05-13,151,84.2,,a
1959-05-14,146,78.6,,a
1959-05-15,143,75.3,,a
1959-05-16,137,68.7,,a
1959-05-17,124,55,,a
1959-05-18,128,59,,a
1959-05-19,134,65.4,,a
1959-05-20,135,66.5,,a
1959-05-21,131,62.1,,a
1959-05-22,134,65.4,,a
1959-05-23,170,107,,a
1959-05-24,174,113,,a
1959-05-25,156,90.2,,a
1959-05-26,147,79.7,,a
1959-05-27,144,76.4,,a
1959-05-28,146,78.6,,a
1959-05-29,150,83,,a
1959-05-30,166,102,,a
1959-05-31,142,74.2,,a
1959-06-01,148,80.8,,a
1959-06-02,152,85.4,,a
1959-06-03,142,74.2,,a
1959-06-04,145,77.5,,a
1959-06-05,135,66.5,,a
1959-06-06,138,69.8,,a
1959-06-07,134,65.4,,a
1959-06-08,133,64.3,,a
1959-06-09,130,61,,a
1959-06-10,181,122,,a
1959-06-11,200,150,,a
1959-06-12,180,121,,a
1959-06-13,163,98.6,,a
1959-06-14,142,74.2,,a
1959-06-15,147,79.7,,a
1959-06-16,146,78.6,,a
1959-06-17,148,80.8,,a
1959-06-18,134,65.4,,a
1959-06-19,136,67.6,,a
1959-06-20,146,78.6,,a
1959-06-21,133,64.3,,a
1959-06-22,148,79.7,,a
1959-06-23,163,98.6,,a
1959-06-24,156,90.2,,a
1959-06-25,154,87.8,,a
1959-06-26,146,78.6,,a
1959-06-27,143,75.3,,a
1959-06-28,135,66.5,,a
1959-06-29,136,67.6,,a
1959-06-30,212,168,,a
1959-07-01,207,160,,a
1959-07-02,186,129,,a
1959-07-03,158,92.6,,a
1959-07-04,145,77.5,,a
1959-07-05,140,72,,a
1959-07-06,140,72,,a
1959-07-07,138,69.8,,a
1959-07-08,142,74.2,,a
1959-07-09,132,63.2,,a
1959-07-10,138,69.8,,a
1959-07-11,137,68.7,,a
1959-07-12,136,67.6,,a
1959-07-13,133,64.3,,a
1959-07-14,146,78.6,,a
1959-07-15,143,75.3,,a
1959-07-16,166,102,,a
1959-07-17,143,75.3,,a
1959-07-18,137,68.7,,a
1959-07-19,125,56,,a
1959-07-20,125,56,,a
1959-07-21,125,56,,a
1959-07-22,120,51,,a
1959-07-23,120,51,,a
1959-07-24,120,51,,a
1959-07-25,120,51,,a
1959-07-26,118,49.2,,a
1959-07-27,116,47.4,,a
1959-07-28,114,45.6,,a
1959-07-29,114,45.6,,a
1959-07-30,120,51,,a
1959-07-31,128,59,,a
1959-08-01,141,73.1,,a
1959-08-02,135,66.5,,a
1959-08-03,137,68.7,,a
1959-08-04,138,69.8,,a
1959-08-05,134,65.4,,a
1959-08-06,125,56,,a
1959-08-07,114,45.6,,a
1959-08-08,108,40.2,,a
1959-08-09,100,33.5,,a
1959-08-10,99,32.7,,a
1959-08-11,105,37.5,,a
1959-08-12,113,44.7,,a
1959-08-13,113,44.7,,a
1959-08-14,114,45.6,,a
1959-08-15,115,46.5,,a
1959-08-16,119,50.1,,a
1959-08-17,134,65.4,,a
1959-08-18,154,87.8,,a
1959-08-19,145,77.5,,a
1959-08-20,133,64.3,,a
1959-08-21,138,69.8,,a
1959-08-22,130,61,,a
1959-08-23,117,48.3,,a
1959-08-24,121,52,,a
1959-08-25,121,52,,a
1959-08-26,117,48.3,,a
1959-08-27,120,51,,a
1959-08-28,118,49.2,,a
1959-08-29,119,50.1,,a
1959-08-30,116,47.4,,a
1959-08-31,114,45.6,,a
1959-09-01,116,47.4,,a
1959-09-02,114,45.6,,a
1959-09-03,110,42,,a
1959-09-04,108,40.2,,a
1959-09-05,106,38.4,,a
1959-09-06,106,38.4,,a
1959-09-07,103,35.9,,a
1959-09-08,103,35.9,,a
1959-09-09,104,36.7,,a
1959-09-10,103,35.9,,a
1959-09-11,103,35.9,,a
1959-09-12,103,35.9,,a
1959-09-13,99,32.7,,a
1959-09-14,96,30.3,,a
1959-09-15,97,31.1,,a
1959-09-16,98,31.9,,a
1959-09-17,101,34.3,,a
1959-09-18,106,38.4,,a
1959-09-19,104,36.7,,a
1959-09-20,96,30.3,,a
1959-09-21,92,27.4,,a
1959-09-22,98,31.9,,a
1959-09-23,98,31.9,,a
1959-09-24,97,31.1,,a
1959-09-25,97,31.1,,a
1959-09-26,102,35.1,,a
1959-09-27,177,123,,a
1959-09-28,169,106,,a
1959-09-29,135,66.5,,a
1959-09-30,125,56,,a
1959-10-01,115,46.5,,a
1959-10-02,111,42.9,,a
1959-10-03,106,38.4,,a
1959-10-04,105,37.5,,a
1959-10-05,101,34.3,,a
1959-10-06,102,35.1,,a
1959-10-07,102,35.1,,a
1959-10-08,103,35.9,,a
1959-10-09,100,33.5,,a
1959-10-10,101,34.3,,a
1959-10-11,100,33.5,,a
1959-10-12,95,29.5,,a
1959-10-13,96,30.3,,a
1959-10-14,98,31.9,,a
1959-10-15,98,31.9,,a
1959-10-16,97,31.1,,a
1959-10-17,96,30.3,,a
1959-10-18,95,29.5,,a
1959-10-19,91,26.7,,a
1959-10-20,84,21.9,,a
1959-10-21,89,25.3,,a
1959-10-22,94,28.8,,a
1959-10-23,88,24.6,,a
1959-10-24,92,27.4,,a
1959-10-25,92,27.4,,a
1959-10-26,89,25.3,,a
1959-10-27,91,26.7,,a
1959-10-28,175,141,,a
1959-10-29,404,592,,a
1959-10-30,308,363,,a
1959-10-31,213,170,,a
1959-11-01,193,139,,a
1959-11-02,164,99.8,,a
1959-11-03,146,78.6,,a
1959-11-04,140,72,,a
1959-11-05,132,63.2,,a
1959-11-06,130,61,,a
1959-11-07,124,55,,a
1959-11-08,112,43.8,,a
1959-11-09,122,53,,a
1959-11-10,119,50.1,,a
1959-11-11,125,56,,a
1959-11-12,134,65.4,,a
1959-11-13,184,136,,a
1959-11-14,244,224,,a
1959-11-15,273,288,,a
1959-11-16,375,518,,a
1959-11-17,261,260,,a
1959-11-18,230,199,,a
1959-11-19,308,362,,a
1959-11-20,241,218,,a
1959-11-21,212,168,,a
1959-11-22,187,130,,a
1959-11-23,175,114,,a
1959-11-24,170,107,,a
1959-11-25,168,105,,a
1959-11-26,155,89,,a
1959-11-27,157,91.4,,a
1959-11-28,155,89,,a
1959-11-29,165,101,,a
1959-11-30,228,195,,a
1959-12-01,331,415,,a
1959-12-02,293,328,,a
1959-12-03,254,244,,a
1959-12-04,222,185,,a
1959-12-05,207,160,,a
1959-12-06,194,141,,a
1959-12-07,170,107,,a
1959-12-08,173,111,,a
1959-12-09,230,199,,a
1959-12-10,202,153,,a
1959-12-11,206,248,,a
1959-12-12,215,173,,a
1959-12-13,206,159,,a
1959-12-14,189,133,,a
1959-12-15,183,125,,a
1959-12-16,173,111,,a
1959-12-17,168,105,,a
1959-12-18,162,97.4,,a
1959-12-19,160,95,,a
1959-12-20,147,79.7,,a
1959-12-21,139,70.9,,a
1959-12-22,155,89,,a
1959-12-23,155,89,,a
1959-12-24,222,211,,a
1959-12-25,286,313,,a
1959-12-26,216,175,,a
1959-12-27,257,268,,a
1959-12-28,359,480,,a
1959-12-29,257,250,,a
1959-12-30,222,185,,a
1959-12-31,202,153,,a
1960-01-01,174,130,,a
1960-01-02,159,110,,a
1960-01-03,168,121,,a
1960-01-04,161,112,,a
1960-01-05,152,101,,a
1960-01-06,146,93.2,,a
1960-01-07,146,93.2,,a
1960-01-08,144,90.8,,a
1960-01-09,141,87.2,,a
1960-01-10,130,75,,a
1960-01-11,131,76,,a
1960-01-12,128,73,,a
1960-01-13,126,71,,a
1960-01-14,124,68.8,,a
1960-01-15,122,66.4,,a
1960-01-16,118,62.4,,a
1960-01-17,110,55,,a
1960-01-18,114,59,,a
1960-01-19,118,62.4,,a
1960-01-20,114,59,,a
1960-01-21,120,64,,a
1960-01-22,114,59,,a
1960-01-23,116,60.8,,a
1960-01-24,101,47.8,,a
1960-01-25,118,62.4,,a
1960-01-26,153,102,,a
1960-01-27,214,194,,a
1960-01-28,214,194,,a
1960-01-29,264,290,,a
1960-01-30,266,295,,a
1960-01-31,210,187,,a
1960-02-01,190,153,,a
1960-02-02,166,119,,a
1960-02-03,148,95.6,,a
1960-02-04,144,90.8,,a
1960-02-05,137,82.4,,a
1960-02-06,134,79,,a
1960-02-07,121,65.2,,a
1960-02-08,119,63.2,,a
1960-02-09,124,68.8,,a
1960-02-10,120,64,,a
1960-02-11,118,62.4,,a
1960-02-12,147,94.4,,a
1960-02-13,184,144,,a
1960-02-14,172,127,,a
1960-02-15,145,92,,a
1960-02-16,139,84.8,,a
1960-02-17,136,81.2,,a
1960-02-18,140,86,,a
1960-02-19,183,148,,a
1960-02-20,230,223,,a
1960-02-21,208,184,,a
1960-02-22,186,147,,a
1960-02-23,270,303,,a
1960-02-24,251,264,,a
1960-02-25,210,187,,a
1960-02-26,184,144,,a
1960-02-27,180,138,,a
1960-02-28,166,119,,a
1960-02-29,160,111,,a
1960-03-01,167,120,,a
1960-03-02,187,149,,a
1960-03-03,174,130,,a
1960-03-04,165,118,,a
1960-03-05,170,124,,a
1960-03-06,140,86,,a
1960-03-07,141,87.2,,a
1960-03-08,140,86,,a
1960-03-09,137,82.4,,a
1960-03-10,139,84.8,,a
1960-03-11,135,80,,a
1960-03-12,139,84.8,,a
1960-03-13,128,73,,a
1960-03-14,131,76,,a
1960-03-15,150,98,,a
1960-03-16,211,195,,a
1960-03-17,268,299,,a
1960-03-18,236,234,,a
1960-03-19,219,202,,a
1960-03-20,183,143,,a
1960-03-21,161,112,,a
1960-03-22,163,115,,a
1960-03-23,158,108,,a
1960-03-24,153,102,,a
1960-03-25,156,106,,a
1960-03-26,157,107,,a
1960-03-27,149,96.8,,a
1960-03-28,150,98,,a
1960-03-29,153,102,,a
1960-03-30,167,120,,a
1960-03-31,188,150,,a
1960-04-01,190,153,,a
1960-04-02,193,158,,a
1960-04-03,170,124,,a
1960-04-04,165,118,,a
1960-04-05,168,121,,a
1960-04-06,162,114,,a
1960-04-07,157,107,,a
1960-04-08,170,124,,a
1960-04-09,175,131,,a
1960-04-10,170,124,,a
1960-04-11,168,121,,a
1960-04-12,173,128,,a
1960-04-13,176,132,,a
1960-04-14,164,116,,a
1960-04-15,167,120,,a
1960-04-16,182,141,,a
1960-04-17,161,112,,a
1960-04-18,142,88.4,,a
1960-04-19,151,99.3,,a
1960-04-20,162,114,,a
1960-04-21,170,124,,a
1960-04-22,169,123,,a
1960-04-23,164,116,,a
1960-04-24,152,101,,a
1960-04-25,148,95.6,,a
1960-04-26,154,103,,a
1960-04-27,148,95.6,,a
1960-04-28,144,90.8,,a
1960-04-29,132,77,,a
1960-04-30,128,73,,a
1960-05-01,123,67.6,,a
1960-05-02,115,60,,a
1960-05-03,112,57,,a
1960-05-04,126,71,,a
1960-05-05,125,70,,a
1960-05-06,127,72,,a
1960-05-07,126,71,,a
1960-05-08,124,68.8,,a
1960-05-09,124,68.8,,a
1960-05-10,134,79,,a
1960-05-11,140,86,,a
1960-05-12,155,105,,a
1960-05-13,161,112,,a
1960-05-14,144,116,,a
1960-05-15,182,141,,a
1960-05-16,170,124,,a
1960-05-17,175,131,,a
1960-05-18,175,131,,a
1960-05-19,176,132,,a
1960-05-20,177,134,,a
1960-05-21,181,140,,a
1960-05-22,176,132,,a
1960-05-23,170,124,,a
1960-05-24,167,120,,a
1960-05-25,155,105,,a
1960-05-26,154,103,,a
1960-05-27,149,96.8,,a
1960-05-28,146,93.2,,a
1960-05-29,139,84.8,,a
1960-05-30,145,92,,a
1960-05-31,147,94.4,,a
1960-06-01,146,93.2,,a
1960-06-02,146,93.2,,a
1960-06-03,140,86,,a
1960-06-04,141,87.2,,a
1960-06-05,142,88.4,,a
1960-06-06,134,79,,a
1960-06-07,133,78,,a
1960-06-08,144,90.8,,a
1960-06-09,142,88.4,,a
1960-06-10,151,99.3,,a
1960-06-11,178,135,,a
1960-06-12,171,125,,a
1960-06-13,147,94.4,,a
1960-06-14,170,90.8,,a
1960-06-15,139,84.8,,a
1960-06-16,140,86,,a
1960-06-17,140,86,,a
1960-06-18,140,86,,a
1960-06-19,121,65.2,,a
1960-06-20,120,64,,a
1960-06-21,128,73,,a
1960-06-22,132,77,,a
1960-06-23,130,75,,a
1960-06-24,122,66.4,,a
1960-06-25,121,65.2,,a
1960-06-26,106,51.8,,a
1960-06-27,117,61.6,,a
1960-06-28,126,71,,a
1960-06-29,150,98,,a
1960-06-30,181,140,,a
1960-07-01,178,135,,a
1960-07-02,158,108,,a
1960-07-03,140,86,,a
1960-07-04,128,73,,a
1960-07-05,135,80,,a
1960-07-06,134,79,,a
1960-07-07,125,70,,a
1960-07-08,173,138,,a
1960-07-09,235,233,,a
1960-07-10,200,170,,a
1960-07-11,174,130,,a
1960-07-12,160,111,,a
1960-07-13,189,152,,a
1960-07-14,170,124,,a
1960-07-15,156,106,,a
1960-07-16,142,88.4,,a
1960-07-17,155,105,,a
1960-07-18,171,125,,a
1960-07-19,146,93.2,,a
1960-07-20,148,95.6,,a
1960-07-21,165,118,,a
1960-07-22,166,119,,a
1960-07-23,181,154,,a
1960-07-24,226,215,,a
1960-07-25,186,147,,a
1960-07-26,166,119,,a
1960-07-27,151,99.3,,a
1960-07-28,152,101,,a
1960-07-29,148,95.6,,a
1960-07-30,138,83.6,,a
1960-07-31,119,63.2,,a
1960-08-01,120,64,,a
1960-08-02,125,70,,a
1960-08-03,130,75,,a
1960-08-04,132,77,,a
1960-08-05,138,83.6,,a
1960-08-06,147,94.4,,a
1960-08-07,132,77,,a
1960-08-08,133,78,,a
1960-08-09,186,147,,a
1960-08-10,175,131,,a
1960-08-11,145,92,,a
1960-08-12,141,87.2,,a
1960-08-13,164,116,,a
1960-08-14,164,116,,a
1960-08-15,149,96.8,,a
1960-08-16,148,95.6,,a
1960-08-17,146,93.2,,a
1960-08-18,138,83.6,,a
1960-08-19,161,112,,a
1960-08-20,189,152,,a
1960-08-21,150,98,,a
1960-08-22,136,81.2,,a
1960-08-23,133,78,,a
1960-08-24,131,76,,a
1960-08-25,127,72,,a
1960-08-26,128,73,,a
1960-08-27,125,70,,a
1960-08-28,114,59,,a
1960-08-29,121,65.2,,a
1960-08-30,116,60.8,,a
1960-08-31,122,66.4,,a
1960-09-01,123,67.6,,a
1960-09-02,123,67.6,,a
1960-09-03,122,66.4,,a
1960-09-04,104,50.2,,a
1960-09-05,147,102,,a
1960-09-06,309,393,,a
1960-09-07,285,335,,a
1960-09-08,216,197,,a
1960-09-09,192,156,,a
1960-09-10,164,116,,a
1960-09-11,145,92,,a
1960-09-12,138,83.6,,a
1960-09-13,136,81.2,,a
1960-09-14,128,73,,a
1960-09-15,130,75,,a
1960-09-16,128,73,,a
1960-09-17,137,82.4,,a
1960-09-18,210,193,,a
1960-09-19,261,284,,a
1960-09-20,326,425,,a
1960-09-21,287,339,,a
1960-09-22,264,290,,a
1960-09-23,224,212,,a
1960-09-24,199,168,,a
1960-09-25,181,140,,a
1960-09-26,175,131,,a
1960-09-27,157,107,,a
1960-09-28,155,105,,a
1960-09-29,156,106,,a
1960-09-30,183,143,,a
1960-10-01,277,355,,a
1960-10-02,303,395,,a
1960-10-03,229,246,,a
1960-10-04,207,205,,a
1960-10-05,192,179,,a
1960-10-06,192,179,,a
1960-10-07,217,226,,a
1960-10-08,230,248,,a
1960-10-09,204,200,,a
1960-10-10,275,343,,a
1960-10-11,270,326,,a
1960-10-12,228,244,,a
1960-10-13,224,236,,a
1960-10-14,207,205,,a
1960-10-15,210,210,,a
1960-10-16,260,306,,a
1960-10-17,228,244,,a
1960-10-18,207,205,,a
1960-10-19,190,176,,a
1960-10-20,180,160,,a
1960-10-21,186,174,,a
1960-10-22,243,273,,a
1960-10-23,202,196,,a
1960-10-24,194,183,,a
1960-10-25,230,248,,a
1960-10-26,260,306,,a
1960-10-27,244,275,,a
1960-10-28,211,212,,a
1960-10-29,200,193,,a
1960-10-30,200,193,,a
1960-10-31,209,208,,a
1960-11-01,198,190,,a
1960-11-02,200,193,,a
1960-11-03,317,425,,a
1960-11-04,257,300,,a
1960-11-05,257,300,,a
1960-11-06,310,410,,a
1960-11-07,270,326,,a
1960-11-08,231,250,,a
1960-11-09,210,210,,a
1960-11-10,196,186,,a
1960-11-11,185,168,,a
1960-11-12,183,165,,a
1960-11-13,295,378,,a
1960-11-14,255,297,,a
1960-11-15,216,221,,a
1960-11-16,200,193,,a
1960-11-17,190,176,,a
1960-11-18,178,157,,a
1960-11-19,176,154,,a
1960-11-20,190,176,,a
1960-11-21,182,163,,a
1960-11-22,175,152,,a
1960-11-23,166,138,,a
1960-11-24,175,152,,a
1960-11-25,169,143,,a
1960-11-26,162,132,,a
1960-11-27,157,125,,a
1960-11-28,150,115,,a
1960-11-29,208,207,,a
1960-11-30,185,168,,a
1960-12-01,168,142,,a
1960-12-02,161,131,,a
1960-12-03,154,121,,a
1960-12-04,140,102,,a
1960-12-05,142,104,,a
1960-12-06,169,143,,a
1960-12-07,284,365,,a
1960-12-08,398,608,,a
1960-12-09,290,367,,a
1960-12-10,342,481,,a
1960-12-11,308,406,,a
1960-12-12,256,298,,a
1960-12-13,227,242,,a
1960-12-14,207,205,,a
1960-12-15,196,186,,a
1960-12-16,190,176,,a
1960-12-17,184,166,,a
1960-12-18,184,166,,a
1960-12-19,214,217,,a
1960-12-20,222,232,,a
1960-12-21,305,410,,a
1960-12-22,323,440,,a
1960-12-23,242,271,,a
1960-12-24,211,212,,a
1960-12-25,200,193,,a
1960-12-26,183,165,,a
1960-12-27,179,158,,a
1960-12-28,171,146,,a
1960-12-29,167,140,,a
1960-12-30,167,140,,a
1960-12-31,148,112,,a
1961-01-01,134,93.8,,a
1961-01-02,132,91.4,,a
1961-01-03,138,99.2,,a
1961-01-04,242,281,,a
1961-01-05,228,244,,a
1961-01-06,197,188,,a
1961-01-07,179,158,,a
1961-01-08,158,126,,a
1961-01-09,147,111,,a
1961-01-10,146,109,,a
1961-01-11,140,102,,a
1961-01-12,172,147,,a
1961-01-13,158,126,,a
1961-01-14,152,118,,a
1961-01-15,138,99.2,,a
1961-01-16,126,84.2,,a
1961-01-17,129,87.8,,a
1961-01-18,129,87.8,,a
1961-01-19,127,85.4,,a
1961-01-20,126,84.2,,a
1961-01-21,125,83,,a
1961-01-22,109,66,,a
1961-01-23,115,72,,a
1961-01-24,121,78.2,,a
1961-01-25,123,80.6,,a
1961-01-26,122,79.4,,a
1961-01-27,118,75,,a
1961-01-28,116,73,,a
1961-01-29,105,62,,a
1961-01-30,107,64,,a
1961-01-31,109,66,,a
1961-02-01,125,83,,a
1961-02-02,129,87.8,,a
1961-02-03,120,77,,a
1961-02-04,120,77,,a
1961-02-05,107,64,,a
1961-02-06,102,59.6,,a
1961-02-07,105,62,,a
1961-02-08,108,65,,a
1961-02-09,102,59.6,,a
1961-02-10,100,58,,a
1961-02-11,107,64,,a
1961-02-12,100,58,,a
1961-02-13,100,58,,a
1961-02-14,107,64,,a
1961-02-15,114,71,,a
1961-02-16,122,79.4,,a
1961-02-17,119,76,,a
1961-02-18,126,84.2,,a
1961-02-19,110,67,,a
1961-02-20,115,72,,a
1961-02-21,118,75,,a
1961-02-22,121,78.2,,a
1961-02-23,115,72,,a
1961-02-24,119,76,,a
1961-02-25,119,76,,a
1961-02-26,111,68,,a
1961-02-27,102,59.6,,a
1961-02-28,104,61.2,,a
1961-03-01,107,64,,a
1961-03-02,109,66,,a
1961-03-03,110,67,,a
1961-03-04,115,72,,a
1961-03-05,106,63,,a
1961-03-06,109,66,,a
1961-03-07,115,72,,a
1961-03-08,117,74,,a
1961-03-09,117,74,,a
1961-03-10,120,77,,a
1961-03-11,124,81.8,,a
1961-03-12,114,71,,a
1961-03-13,120,77,,a
1961-03-14,124,81.8,,a
1961-03-15,128,86.6,,a
1961-03-16,135,95,,a
1961-03-17,128,86.6,,a
1961-03-18,130,89,,a
1961-03-19,126,84.2,,a
1961-03-20,144,107,,a
1961-03-21,136,96.4,,a
1961-03-22,132,91.4,,a
1961-03-23,121,78.2,,a
1961-03-24,121,78.2,,a
1961-03-25,113,70,,a
1961-03-26,104,61.2,,a
1961-03-27,109,66,,a
1961-03-28,112,69,,a
1961-03-29,113,70,,a
1961-03-30,112,69,,a
1961-03-31,107,64,,a
1961-04-01,114,71,,a
1961-04-02,103,60.4,,a
1961-04-03,109,66,,a
1961-04-04,116,73,,a
1961-04-05,130,89,,a
1961-04-06,132,91.4,,a
1961-04-07,138,99.2,,a
1961-04-08,141,103,,a
1961-04-09,135,95,,a
1961-04-10,139,101,,a
1961-04-11,132,91.4,,a
1961-04-12,127,85.4,,a
1961-04-13,128,86.6,,a
1961-04-14,122,79.4,,a
1961-04-15,126,84.2,,a
1961-04-16,136,96.4,,a
1961-04-17,142,104,,a
1961-04-18,165,137,,a
1961-04-19,166,138,,a
1961-04-20,144,107,,a
1961-04-21,138,99.2,,a
1961-04-22,139,101,,a
1961-04-23,155,122,,a
1961-04-24,201,195,,a
1961-04-25,183,165,,a
1961-04-26,158,126,,a
1961-04-27,147,111,,a
1961-04-28,154,121,,a
1961-04-29,144,107,,a
1961-04-30,137,97.8,,a
1961-05-01,125,83,,a
1961-05-02,139,101,,a
1961-05-03,141,103,,a
1961-05-04,133,92.6,,a
1961-05-05,128,86.6,,a
1961-05-06,129,87.8,,a
1961-05-07,128,86.6,,a
1961-05-08,136,96.4,,a
1961-05-09,133,92.6,,a
1961-05-10,124,81.8,,a
1961-05-11,121,78.2,,a
1961-05-12,123,80.6,,a
1961-05-13,125,83,,a
1961-05-14,102,59.6,,a
1961-05-15,105,62,,a
1961-05-16,238,271,,a
1961-05-17,206,203,,a
1961-05-18,180,160,,a
1961-05-19,146,109,,a
1961-05-20,141,103,,a
1961-05-21,120,77,,a
1961-05-22,123,80.6,,a
1961-05-23,121,78.2,,a
1961-05-24,122,79.4,,a
1961-05-25,124,81.8,,a
1961-05-26,124,81.8,,a
1961-05-27,131,90.2,,a
1961-05-28,157,125,,a
1961-05-29,231,250,,a
1961-05-30,226,240,,a
1961-05-31,190,176,,a
1961-06-01,174,150,,a
1961-06-02,164,135,,a
1961-06-03,152,118,,a
1961-06-04,142,104,,a
1961-06-05,126,84.2,,a
1961-06-06,133,92.6,,a
1961-06-07,121,79.4,,a
1961-06-08,142,104,,a
1961-06-09,153,119,,a
1961-06-10,145,108,,a
1961-06-11,139,101,,a
1961-06-12,137,97.8,,a
1961-06-13,133,92.6,,a
1961-06-14,147,111,,a
1961-06-15,139,101,,a
1961-06-16,139,101,,a
1961-06-17,125,83,,a
1961-06-18,127,85.4,,a
1961-06-19,124,81.8,,a
1961-06-20,123,80.6,,a
1961-06-21,126,84.2,,a
1961-06-22,126,84.2,,a
1961-06-23,127,85.4,,a
1961-06-24,126,84.2,,a
1961-06-25,114,71,,a
1961-06-26,107,64,,a
1961-06-27,111,68,,a
1961-06-28,137,97.8,,a
1961-06-29,150,115,,a
1961-06-30,120,77,,a
1961-07-01,124,81.8,,a
1961-07-02,120,77,,a
1961-07-03,110,67,,a
1961-07-04,105,62,,a
1961-07-05,146,109,,a
1961-07-06,149,114,,a
1961-07-07,126,84.2,,a
1961-07-08,126,84.2,,a
1961-07-09,110,67,,a
1961-07-10,112,69,,a
1961-07-11,110,67,,a
1961-07-12,111,68,,a
1961-07-13,115,72,,a
1961-07-14,141,103,,a
1961-07-15,130,89,,a
1961-07-16,117,74,,a
1961-07-17,149,114,,a
1961-07-18,146,109,,a
1961-07-19,131,90.2,,a
1961-07-20,134,93.8,,a
1961-07-21,128,86.6,,a
1961-07-22,134,93.8,,a
1961-07-23,142,104,,a
1961-07-24,136,96.4,,a
1961-07-25,128,86.6,,a
1961-07-26,120,77,,a
1961-07-27,120,77,,a
1961-07-28,120,77,,a
1961-07-29,206,226,,a
1961-07-30,222,232,,a
1961-07-31,170,144,,a
1961-08-01,141,103,,a
1961-08-02,130,89,,a
1961-08-03,121,78.2,,a
1961-08-04,121,78.2,,a
1961-08-05,116,73,,a
1961-08-06,109,66,,a
1961-08-07,110,67,,a
1961-08-08,104,61.2,,a
1961-08-09,108,65,,a
1961-08-10,104,61.2,,a
1961-08-11,104,61.2,,a
1961-08-12,102,59.6,,a
1961-08-13,98,56.4,,a
1961-08-14,98,56.4,,a
1961-08-15,99,57.2,,a
1961-08-16,99,57.2,,a
1961-08-17,100,58,,a
1961-08-18,104,61.2,,a
1961-08-19,105,62,,a
1961-08-20,143,114,,a
1961-08-21,165,137,,a
1961-08-22,123,80.6,,a
1961-08-23,119,76,,a
1961-08-24,112,69,,a
1961-08-25,110,67,,a
1961-08-26,108,65,,a
1961-08-27,100,58,,a
1961-08-28,98,56.4,,a
1961-08-29,98,56.4,,a
1961-08-30,100,58,,a
1961-08-31,101,58.8,,a
1961-09-01,101,58.8,,a
1961-09-02,101,58.8,,a
1961-09-03,99,57.2,,a
1961-09-04,98,56.4,,a
1961-09-05,96,54.8,,a
1961-09-06,120,77,,a
1961-09-07,148,112,,a
1961-09-08,185,168,,a
1961-09-09,246,279,,a
1961-09-10,181,162,,a
1961-09-11,153,119,,a
1961-09-12,133,92.6,,a
1961-09-13,112,69,,a
1961-09-14,114,71,,a
1961-09-15,110,67,,a
1961-09-16,100,58,,a
1961-09-17,97,55.6,,a
1961-09-18,98,56.4,,a
1961-09-19,95,54,,a
1961-09-20,96,54.8,,a
1961-09-21,95,54,,a
1961-09-22,94,53.2,,a
1961-09-23,94,53.2,,a
1961-09-24,91,50.8,,a
1961-09-25,90,50,,a
1961-09-26,80,43,,a
1961-09-27,78,42,,a
1961-09-28,78,42,,a
1961-09-29,86,46.8,,a
1961-09-30,85,46,,a
1961-10-01,74,39.9,,a
1961-10-02,70,37.8,,a
1961-10-03,70,37.8,,a
1961-10-04,70,37.8,,a
1961-10-05,74,39.9,,a
1961-10-06,74,39.9,,a
1961-10-07,72,38.8,,a
1961-10-08,189,164,,a
1961-10-09,199,191,,a
1961-10-10,162,132,,a
1961-10-11,123,80.6,,a
1961-10-12,112,69,,a
1961-10-13,105,62,,a
1961-10-14,112,69,,a
1961-10-15,99,57.2,,a
1961-10-16,81,43.6,,a
1961-10-17,82,44.2,,a
1961-10-18,335,500,,a
1961-10-19,504,876,,a
1961-10-20,329,434,,a
1961-10-21,221,230,,a
1961-10-22,181,162,,a
1961-10-23,166,138,,a
1961-10-24,148,112,,a
1961-10-25,142,104,,a
1961-10-26,135,95,,a
1961-10-27,131,90.2,,a
1961-10-28,132,91.4,,a
1961-10-29,117,74,,a
1961-10-30,122,79.4,,a
1961-10-31,140,102,,a
1961-11-01,114,71,,a
1961-11-02,120,77,,a
1961-11-03,120,77,,a
1961-11-04,154,121,,a
1961-11-05,158,126,,a
1961-11-06,141,103,,a
1961-11-07,138,99.2,,a
1961-11-08,130,89,,a
1961-11-09,132,91.4,,a
1961-11-10,234,271,,a
1961-11-11,286,359,,a
1961-11-12,230,248,,a
1961-11-13,314,425,,a
1961-11-14,273,332,,a
1961-11-15,247,281,,a
1961-11-16,202,196,,a
1961-11-17,182,163,,a
1961-11-18,173,149,,a
1961-11-19,154,121,,a
1961-11-20,144,107,,a
1961-11-21,138,99.2,,a
1961-11-22,132,91.4,,a
1961-11-23,130,89,,a
1961-11-24,130,89,,a
1961-11-25,128,86.6,,a
1961-11-26,112,69,,a
1961-11-27,144,107,,a
1961-11-28,174,150,,a
1961-11-29,149,114,,a
1961-11-30,157,125,,a
1961-12-01,148,112,,a
1961-12-02,156,123,,a
1961-12-03,142,104,,a
1961-12-04,136,96.4,,a
1961-12-05,136,96.4,,a
1961-12-06,187,174,,a
1961-12-07,264,314,,a
1961-12-08,187,171,,a
1961-12-09,169,143,,a
1961-12-10,139,101,,a
1961-12-11,134,93.8,,a
1961-12-12,141,103,,a
1961-12-13,141,103,,a
1961-12-14,137,97.8,,a
1961-12-15,134,93.8,,a
1961-12-16,130,89,,a
1961-12-17,114,71,,a
1961-12-18,114,71,,a
1961-12-19,114,71,,a
1961-12-20,115,72,,a
1961-12-21,109,66,,a
1961-12-22,109,66,,a
1961-12-23,112,69,,a
1961-12-24,101,58.8,,a
1961-12-25,103,60.4,,a
1961-12-26,102,59.6,,a
1961-12-27,102,59.6,,a
1961-12-28,106,63,,a
1961-12-29,106,63,,a
1961-12-30,108,65,,a
1961-12-31,120,84,,a
1962-01-01,340,482,,a
1962-01-02,448,726,,a
1962-01-03,334,470,,a
1962-01-04,237,271,,a
1962-01-05,197,199,,a
1962-01-06,176,165,,a
1962-01-07,150,126,,a
1962-01-08,185,179,,a
1962-01-09,174,161,,a
1962-01-10,208,218,,a
1962-01-11,192,190,,a
1962-01-12,189,185,,a
1962-01-13,149,125,,a
1962-01-14,141,113,,a
1962-01-15,139,111,,a
1962-01-16,170,155,,a
1962-01-17,148,123,,a
1962-01-18,142,115,,a
1962-01-19,137,108,,a
1962-01-20,133,103,,a
1962-01-21,119,85.9,,a
1962-01-22,119,85.9,,a
1962-01-23,128,96.6,,a
1962-01-24,123,90.6,,a
1962-01-25,120,87,,a
1962-01-26,114,80.4,,a
1962-01-27,122,89.4,,a
1962-01-28,109,75,,a
1962-01-29,112,78.2,,a
1962-01-30,110,76,,a
1962-01-31,111,77.1,,a
1962-02-01,106,71.9,,a
1962-02-02,106,71.9,,a
1962-02-03,106,71.9,,a
1962-02-04,103,68.8,,a
1962-02-05,102,67.8,,a
1962-02-06,105,70.9,,a
1962-02-07,101,66.7,,a
1962-02-08,101,66.7,,a
1962-02-09,104,69.8,,a
1962-02-10,102,67.8,,a
1962-02-11,101,66.7,,a
1962-02-12,100,65.7,,a
1962-02-13,100,65.7,,a
1962-02-14,109,75,,a
1962-02-15,103,68.8,,a
1962-02-16,100,65.7,,a
1962-02-17,100,65.7,,a
1962-02-18,98,63.9,,a
1962-02-19,98,63.9,,a
1962-02-20,98,63.9,,a
1962-02-21,98,63.9,,a
1962-02-22,97,62.9,,a
1962-02-23,97,62.9,,a
1962-02-24,96,62,,a
1962-02-25,96,62,,a
1962-02-26,96,62,,a
1962-02-27,95,61.1,,a
1962-02-28,94,60.2,,a
1962-03-01,70,42.4,,a
1962-03-02,77,46.8,,a
1962-03-03,76,46.2,,a
1962-03-04,93,59.7,,a
1962-03-05,340,483,,a
1962-03-06,421,663,,a
1962-03-07,274,353,,a
1962-03-08,205,224,,a
1962-03-09,180,182,,a
1962-03-10,152,139,,a
1962-03-11,140,122,,a
1962-03-12,148,133,,a
1962-03-13,144,128,,a
1962-03-14,133,113,,a
1962-03-15,129,108,,a
1962-03-16,123,99.9,,a
1962-03-17,121,97.3,,a
1962-03-18,109,82.9,,a
1962-03-19,92,65,,a
1962-03-20,96,69,,a
1962-03-21,104,77.4,,a
1962-03-22,103,76.3,,a
1962-03-23,106,79.6,,a
1962-03-24,106,79.6,,a
1962-03-25,101,74.1,,a
1962-03-26,77,52.1,,a
1962-03-27,86,59.5,,a
1962-03-28,89,62.1,,a
1962-03-29,94,67,,a
1962-03-30,97,70,,a
1962-03-31,126,104,,a
1962-04-01,164,157,,a
1962-04-02,138,119,,a
1962-04-03,123,99.9,,a
1962-04-04,143,127,,a
1962-04-05,206,225,,a
1962-04-06,159,150,,a
1962-04-07,135,116,,a
1962-04-08,124,101,,a
1962-04-09,127,106,,a
1962-04-10,141,123,,a
1962-04-11,132,112,,a
1962-04-12,128,106,,a
1962-04-13,122,98.6,,a
1962-04-14,134,114,,a
1962-04-15,122,98.6,,a
1962-04-16,185,190,,a
1962-04-17,180,182,,a
1962-04-18,161,153,,a
1962-04-19,155,144,,a
1962-04-20,160,151,,a
1962-04-21,164,157,,a
1962-04-22,168,163,,a
1962-04-23,175,174,,a
1962-04-24,167,162,,a
1962-04-25,168,163,,a
1962-04-26,164,157,,a
1962-04-27,157,147,,a
1962-04-28,168,162,,a
1962-04-29,144,128,,a
1962-04-30,142,125,,a
1962-05-01,120,96,,a
1962-05-02,112,86.4,,a
1962-05-03,115,90,,a
1962-05-04,116,91.2,,a
1962-05-05,123,99.9,,a
1962-05-06,117,92.4,,a
1962-05-07,106,79.6,,a
1962-05-08,118,93.6,,a
1962-05-09,140,122,,a
1962-05-10,133,113,,a
1962-05-11,163,156,,a
1962-05-12,163,156,,a
1962-05-13,178,179,,a
1962-05-14,406,632,,a
1962-05-15,345,500,,a
1962-05-16,238,282,,a
1962-05-17,190,198,,a
1962-05-18,173,171,,a
1962-05-19,169,165,,a
1962-05-20,198,211,,a
1962-05-21,253,311,,a
1962-05-22,200,215,,a
1962-05-23,178,179,,a
1962-05-24,163,156,,a
1962-05-25,178,179,,a
1962-05-26,223,254,,a
1962-05-27,201,217,,a
1962-05-28,175,174,,a
1962-05-29,165,159,,a
1962-05-30,156,145,,a
1962-05-31,158,148,,a
1962-06-01,156,145,,a
1962-06-02,198,212,,a
1962-06-03,248,301,,a
1962-06-04,200,215,,a
1962-06-05,176,176,,a
1962-06-06,164,157,,a
1962-06-07,151,138,,a
1962-06-08,144,128,,a
1962-06-09,138,119,,a
1962-06-10,136,117,,a
1962-06-11,132,112,,a
1962-06-12,134,114,,a
1962-06-13,136,117,,a
1962-06-14,132,112,,a
1962-06-15,126,104,,a
1962-06-16,124,101,,a
1962-06-17,133,113,,a
1962-06-18,126,104,,a
1962-06-19,131,110,,a
1962-06-20,133,113,,a
1962-06-21,148,133,,a
1962-06-22,146,130,,a
1962-06-23,130,109,,a
1962-06-24,127,105,,a
1962-06-25,122,98.6,,a
1962-06-26,126,104,,a
1962-06-27,125,103,,a
1962-06-28,143,126,,a
1962-06-29,102,75.2,,a
1962-06-30,144,128,,a
1962-07-01,132,112,,a
1962-07-02,122,98.6,,a
1962-07-03,124,101,,a
1962-07-04,154,142,,a
1962-07-05,166,160,,a
1962-07-06,173,171,,a
1962-07-07,160,151,,a
1962-07-08,140,122,,a
1962-07-09,136,117,,a
1962-07-10,134,114,,a
1962-07-11,128,106,,a
1962-07-12,124,101,,a
1962-07-13,132,112,,a
1962-07-14,132,112,,a
1962-07-15,123,99.9,,a
1962-07-16,121,97.3,,a
1962-07-17,117,92.4,,a
1962-07-18,116,91.2,,a
1962-07-19,114,88.8,,a
1962-07-20,110,84,,a
1962-07-21,110,84,,a
1962-07-22,105,78.5,,a
1962-07-23,105,78.5,,a
1962-07-24,108,81.8,,a
1962-07-25,111,85.2,,a
1962-07-26,118,81.8,,a
1962-07-27,116,79.6,,a
1962-07-28,118,81.8,,a
1962-07-29,124,101,,a
1962-07-30,97,70,,a
1962-07-31,90,63,,a
1962-08-01,95,68,,a
1962-08-02,98,71,,a
1962-08-03,90,63,,a
1962-08-04,91,64,,a
1962-08-05,84,57.8,,a
1962-08-06,90,63,,a
1962-08-07,88,61.3,,a
1962-08-08,86,59.5,,a
1962-08-09,87,60.4,,a
1962-08-10,92,65,,a
1962-08-11,91,64,,a
1962-08-12,83,56.9,,a
1962-08-13,80,54.3,,a
1962-08-14,90,63,,a
1962-08-15,83,56.9,,a
1962-08-16,83,56.9,,a
1962-08-17,86,59.5,,a
1962-08-18,87,60.4,,a
1962-08-19,85,58.7,,a
1962-08-20,82,56,,a
1962-08-21,86,59.5,,a
1962-08-22,88,61.3,,a
1962-08-23,85,58.7,,a
1962-08-24,81,55.2,,a
1962-08-25,80,54.3,,a
1962-08-26,79,53.6,,a
1962-08-27,77,52.1,,a
1962-08-28,77,52.1,,a
1962-08-29,79,53.6,,a
1962-08-30,80,54.3,,a
1962-08-31,80,54.3,,a
1962-09-01,60,41.1,,a
1962-09-02,56,39.3,,a
1962-09-03,58,40.2,,a
1962-09-04,50,36.6,,a
1962-09-05,62,42.3,,a
1962-09-06,60,41.1,,a
1962-09-07,64,43.5,,a
1962-09-08,231,269,,a
1962-09-09,221,251,,a
1962-09-10,157,147,,a
1962-09-11,80,54.3,,a
1962-09-12,109,82.9,,a
1962-09-13,64,43.5,,a
1962-09-14,68,45.8,,a
1962-09-15,104,77.4,,a
1962-09-16,60,41.1,,a
1962-09-17,64,43.5,,a
1962-09-18,169,165,,a
1962-09-19,168,163,,a
1962-09-20,139,121,,a
1962-09-21,72,48.5,,a
1962-09-22,106,79.6,,a
1962-09-23,104,77.4,,a
1962-09-24,64,43.5,,a
1962-09-25,50,36.6,,a
1962-09-26,64,43.5,,a
1962-09-27,60,41.1,,a
1962-09-28,58,40.2,,a
1962-09-29,62,42.3,,a
1962-09-30,60,41.1,,a
1962-10-01,56,39.3,,a
1962-10-02,87,60.4,,a
1962-10-03,58,40.2,,a
1962-10-04,46,35.1,,a
1962-10-05,68,45.8,,a
1962-10-06,82,56,,a
1962-10-07,76,51.4,,a
1962-10-08,74,49.9,,a
1962-10-09,66,44.6,,a
1962-10-10,54,38.4,,a
1962-10-11,62,42.3,,a
1962-10-12,64,43.5,,a
1962-10-13,54,38.4,,a
1962-10-14,50,36.6,,a
1962-10-15,54,38.4,,a
1962-10-16,54,38.4,,a
1962-10-17,64,43.5,,a
1962-10-18,66,44.6,,a
1962-10-19,48,35.8,,a
1962-10-20,46,35.1,,a
1962-10-21,50,36.6,,a
1962-10-22,44,34.3,,a
1962-10-23,52,37.5,,a
1962-10-24,54,38.4,,a
1962-10-25,44,34.3,,a
1962-10-26,60,41.1,,a
1962-10-27,57,39.8,,a
1962-10-28,54,38.4,,a
1962-10-29,87,60.4,,a
1962-10-30,106,79.6,,a
1962-10-31,113,87.6,,a
1962-11-01,175,174,,a
1962-11-02,130,109,,a
1962-11-03,114,88.8,,a
1962-11-04,94,67,,a
1962-11-05,98,71,,a
1962-11-06,224,257,,a
1962-11-07,237,280,,a
1962-11-08,180,182,,a
1962-11-09,190,198,,a
1962-11-10,196,208,,a
1962-11-11,182,185,,a
1962-11-12,171,168,,a
1962-11-13,160,151,,a
1962-11-14,148,133,,a
1962-11-15,166,170,,a
1962-11-16,268,341,,a
1962-11-17,201,217,,a
1962-11-18,170,166,,a
1962-11-19,145,129,,a
1962-11-20,148,133,,a
1962-11-21,133,113,,a
1962-11-22,133,113,,a
1962-11-23,150,136,,a
1962-11-24,138,119,,a
1962-11-25,115,90,,a
1962-11-26,109,82.9,,a
1962-11-27,118,93.6,,a
1962-11-28,118,93.6,,a
1962-11-29,97,70,,a
1962-11-30,91,64,,a
1962-12-01,98,71,,a
1962-12-02,89,62.1,,a
1962-12-03,85,58.7,,a
1962-12-04,88,61.3,,a
1962-12-05,94,67,,a
1962-12-06,90,63,,a
1962-12-07,92,65,,a
1962-12-08,91,64,,a
1962-12-09,68,45.8,,a
1962-12-10,76,51.4,,a
1962-12-11,82,56,,a
1962-12-12,89,62.1,,a
1962-12-13,138,119,,a
1962-12-14,156,145,,a
1962-12-15,119,94.8,,a
1962-12-16,102,75.2,,a
1962-12-17,99,72,,a
1962-12-18,91,64,,a
1962-12-19,89,62.1,,a
1962-12-20,86,59.5,,a
1962-12-21,83,56.9,,a
1962-12-22,86,59.5,,a
1962-12-23,74,49.9,,a
1962-12-24,77,52.1,,a
1962-12-25,82,56,,a
1962-12-26,80,54.3,,a
1962-12-27,84,57.8,,a
1962-12-28,88,61.3,,a
1962-12-29,82,56,,a
1962-12-30,73,49.2,,a
1962-12-31,86,59.5,,a
1963-01-01,70,48,,a
1963-01-02,66,44.8,,a
1963-01-03,78,55.2,,a
1963-01-04,150,139,,a
1963-01-05,157,149,,a
1963-01-06,264,333,,a
1963-01-07,219,247,,a
1963-01-08,204,222,,a
1963-01-09,174,174,,a
1963-01-10,153,143,,a
1963-01-11,137,122,,a
1963-01-12,130,113,,a
1963-01-13,106,84.5,,a
1963-01-14,117,97.4,,a
1963-01-15,102,80,,a
1963-01-16,100,77.7,,a
1963-01-17,98,75.6,,a
1963-01-18,98,75.6,,a
1963-01-19,98,75.6,,a
1963-01-20,84,61,,a
1963-01-21,82,59,,a
1963-01-22,85,62,,a
1963-01-23,83,60,,a
1963-01-24,86,63,,a
1963-01-25,83,60,,a
1963-01-26,86,63,,a
1963-01-27,74,51.6,,a
1963-01-28,70,48,,a
1963-01-29,73,50.7,,a
1963-01-30,74,51.6,,a
1963-01-31,76,53.4,,a
1963-02-01,73,50.7,,a
1963-02-02,72,49.8,,a
1963-02-03,66,44.8,,a
1963-02-04,66,44.8,,a
1963-02-05,64,43.2,,a
1963-02-06,68,46.4,,a
1963-02-07,66,44.8,,a
1963-02-08,68,46.4,,a
1963-02-09,69,47.2,,a
1963-02-10,65,44,,a
1963-02-11,60,40,,a
1963-02-12,66,44.8,,a
1963-02-13,66,44.8,,a
1963-02-14,68,46.4,,a
1963-02-15,66,44.8,,a
1963-02-16,64,43.2,,a
1963-02-17,56,37.2,,a
1963-02-18,58,38.6,,a
1963-02-19,67,45.6,,a
1963-02-20,120,101,,a
1963-02-21,95,72.4,,a
1963-02-22,86,63,,a
1963-02-23,79,56.1,,a
1963-02-24,66,44.8,,a
1963-02-25,65,44,,a
1963-02-26,68,46.4,,a
1963-02-27,70,48,,a
1963-02-28,74,51.6,,a
1963-03-01,68,46.4,,a
1963-03-02,67,45.6,,a
1963-03-03,60,40,,a
1963-03-04,61,40.8,,a
1963-03-05,68,46.4,,a
1963-03-06,65,44,,a
1963-03-07,68,46.4,,a
1963-03-08,72,49.8,,a
1963-03-09,77,54.3,,a
1963-03-10,88,65,,a
1963-03-11,108,86.7,,a
1963-03-12,270,369,,a
1963-03-13,272,352,,a
1963-03-14,188,195,,a
1963-03-15,165,161,,a
1963-03-16,142,129,,a
1963-03-17,120,101,,a
1963-03-18,114,93.8,,a
1963-03-19,122,103,,a
1963-03-20,130,113,,a
1963-03-21,157,149,,a
1963-03-22,173,172,,a
1963-03-23,162,156,,a
1963-03-24,132,116,,a
1963-03-25,124,106,,a
1963-03-26,123,105,,a
1963-03-27,122,103,,a
1963-03-28,121,102,,a
1963-03-29,124,106,,a
1963-03-30,132,116,,a
1963-03-31,141,127,,a
1963-04-01,134,118,,a
1963-04-02,131,114,,a
1963-04-03,133,117,,a
1963-04-04,120,101,,a
1963-04-05,121,102,,a
1963-04-06,121,102,,a
1963-04-07,134,118,,a
1963-04-08,146,134,,a
1963-04-09,134,118,,a
1963-04-10,132,116,,a
1963-04-11,141,127,,a
1963-04-12,240,286,,a
1963-04-13,210,232,,a
1963-04-14,190,198,,a
1963-04-15,174,174,,a
1963-04-16,162,156,,a
1963-04-17,160,153,,a
1963-04-18,168,165,,a
1963-04-19,170,168,,a
1963-04-20,170,168,,a
1963-04-21,166,162,,a
1963-04-22,165,161,,a
1963-04-23,167,164,,a
1963-04-24,167,164,,a
1963-04-25,168,165,,a
1963-04-26,166,162,,a
1963-04-27,161,155,,a
1963-04-28,155,146,,a
1963-04-29,140,126,,a
1963-04-30,148,136,,a
1963-05-01,140,126,,a
1963-05-02,156,147,,a
1963-05-03,145,133,,a
1963-05-04,175,175,,a
1963-05-05,172,171,,a
1963-05-06,146,134,,a
1963-05-07,137,122,,a
1963-05-08,130,113,,a
1963-05-09,126,108,,a
1963-05-10,124,106,,a
1963-05-11,145,133,,a
1963-05-12,150,139,,a
1963-05-13,182,185,,a
1963-05-14,176,176,,a
1963-05-15,158,150,,a
1963-05-16,151,140,,a
1963-05-17,146,134,,a
1963-05-18,145,133,,a
1963-05-19,139,125,,a
1963-05-20,143,130,,a
1963-05-21,148,136,,a
1963-05-22,143,130,,a
1963-05-23,134,118,,a
1963-05-24,131,114,,a
1963-05-25,134,118,,a
1963-05-26,126,108,,a
1963-05-27,126,108,,a
1963-05-28,128,111,,a
1963-05-29,125,107,,a
1963-05-30,124,106,,a
1963-05-31,129,112,,a
1963-06-01,121,102,,a
1963-06-02,107,85.6,,a
1963-06-03,95,72.4,,a
1963-06-04,109,87.9,,a
1963-06-05,109,87.9,,a
1963-06-06,117,97.4,,a
1963-06-07,114,93.8,,a
1963-06-08,125,107,,a
1963-06-09,110,89,,a
1963-06-10,110,89,,a
1963-06-11,114,93.8,,a
1963-06-12,113,92.6,,a
1963-06-13,109,87.9,,a
1963-06-14,115,95,,a
1963-06-15,164,161,,a
1963-06-16,169,167,,a
1963-06-17,129,112,,a
1963-06-18,125,107,,a
1963-06-19,117,97.4,,a
1963-06-20,148,136,,a
1963-06-21,162,156,,a
1963-06-22,145,133,,a
1963-06-23,133,117,,a
1963-06-24,129,112,,a
1963-06-25,116,96.2,,a
1963-06-26,136,121,,a
1963-06-27,122,103,,a
1963-06-28,114,93.8,,a
1963-06-29,109,87.9,,a
1963-06-30,96,73.4,,a
1963-07-01,94,71.3,,a
1963-07-02,94,71.3,,a
1963-07-03,98,75.6,,a
1963-07-04,89,66,,a
1963-07-05,88,65,,a
1963-07-06,89,66,,a
1963-07-07,86,63,,a
1963-07-08,92,69.1,,a
1963-07-09,85,62,,a
1963-07-10,88,65,,a
1963-07-11,81,58,,a
1963-07-12,90,67,,a
1963-07-13,89,66,,a
1963-07-14,84,61,,a
1963-07-15,67,45.6,,a
1963-07-16,72,49.8,,a
1963-07-17,72,49.8,,a
1963-07-18,70,48,,a
1963-07-19,70,48,,a
1963-07-20,74,51.6,,a
1963-07-21,67,45.6,,a
1963-07-22,68,46.5,,a
1963-07-23,71,48.9,,a
1963-07-24,74,51.6,,a
1963-07-25,70,48,,a
1963-07-26,72,49.8,,a
1963-07-27,79,56.1,,a
1963-07-28,71,48.9,,a
1963-07-29,71,48.9,,a
1963-07-30,70,48,,a
1963-07-31,66,44.8,,a
1963-08-01,68,46.4,,a
1963-08-02,66,44.8,,a
1963-08-03,65,44,,a
1963-08-04,60,40,,a
1963-08-05,61,40.8,,a
1963-08-06,60,40,,a
1963-08-07,59,39.3,,a
1963-08-08,60,40,,a
1963-08-09,65,44,,a
1963-08-10,74,51.6,,a
1963-08-11,60,40,,a
1963-08-12,61,40.8,,a
1963-08-13,62,41.6,,a
1963-08-14,66,44.8,,a
1963-08-15,81,58,,a
1963-08-16,162,159,,a
1963-08-17,137,122,,a
1963-08-18,112,91.4,,a
1963-08-19,128,111,,a
1963-08-20,118,98.6,,a
1963-08-21,110,89,,a
1963-08-22,181,184,,a
1963-08-23,154,145,,a
1963-08-24,123,105,,a
1963-08-25,88,65,,a
1963-08-26,80,57,,a
1963-08-27,80,57,,a
1963-08-28,84,61,,a
1963-08-29,246,305,,a
1963-08-30,270,345,,a
1963-08-31,201,217,,a
1963-09-01,159,152,,a
1963-09-02,138,123,,a
1963-09-03,122,103,,a
1963-09-04,115,95,,a
1963-09-05,117,97.4,,a
1963-09-06,176,176,,a
1963-09-07,188,195,,a
1963-09-08,169,167,,a
1963-09-09,177,178,,a
1963-09-10,172,171,,a
1963-09-11,154,145,,a
1963-09-12,139,125,,a
1963-09-13,121,102,,a
1963-09-14,117,97.4,,a
1963-09-15,109,87.9,,a
1963-09-16,105,83.4,,a
1963-09-17,104,82.2,,a
1963-09-18,102,80,,a
1963-09-19,95,72.4,,a
1963-09-20,99,76.6,,a
1963-09-21,97,74.5,,a
1963-09-22,94,71.3,,a
1963-09-23,84,61,,a
1963-09-24,85,62,,a
1963-09-25,93,70.2,,a
1963-09-26,107,85.6,,a
1963-09-27,101,78.8,,a
1963-09-28,93,70.2,,a
1963-09-29,90,67,,a
1963-09-30,92,69.1,,a
1963-10-01,92,69.1,,a
1963-10-02,87,64,,a
1963-10-03,75,52.5,,a
1963-10-04,150,145,,a
1963-10-05,218,246,,a
1963-10-06,171,169,,a
1963-10-07,144,131,,a
1963-10-08,134,118,,a
1963-10-09,125,107,,a
1963-10-10,114,93.8,,a
1963-10-11,106,84.5,,a
1963-10-12,100,77.7,,a
1963-10-13,98,75.6,,a
1963-10-14,84,61,,a
1963-10-15,85,62,,a
1963-10-16,82,59,,a
1963-10-17,78,55.2,,a
1963-10-18,82,59,,a
1963-10-19,86,63,,a
1963-10-20,76,53.4,,a
1963-10-21,75,52.5,,a
1963-10-22,78,55.2,,a
1963-10-23,76,53.4,,a
1963-10-24,70,48,,a
1963-10-25,66,44.8,,a
1963-10-26,76,53.4,,a
1963-10-27,61,40.8,,a
1963-10-28,61,40.8,,a
1963-10-29,62,41.6,,a
1963-10-30,62,41.6,,a
1963-10-31,62,41.6,,a
1963-11-01,165,161,,a
1963-11-02,242,316,,a
1963-11-03,259,323,,a
1963-11-04,214,239,,a
1963-11-05,182,185,,a
1963-11-06,191,200,,a
1963-11-07,282,371,,a
1963-11-08,266,337,,a
1963-11-09,192,201,,a
1963-11-10,165,161,,a
1963-11-11,154,145,,a
1963-11-12,166,162,,a
1963-11-13,272,352,,a
1963-11-14,226,260,,a
1963-11-15,182,185,,a
1963-11-16,201,217,,a
1963-11-17,311,428,,a
1963-11-18,236,278,,a
1963-11-19,192,201,,a
1963-11-20,170,168,,a
1963-11-21,157,149,,a
1963-11-22,145,133,,a
1963-11-23,142,129,,a
1963-11-24,135,120,,a
1963-11-25,132,116,,a
1963-11-26,151,140,,a
1963-11-27,281,367,,a
1963-11-28,236,278,,a
1963-11-29,206,225,,a
1963-11-30,178,179,,a
1963-12-01,162,156,,a
1963-12-02,149,138,,a
1963-12-03,140,126,,a
1963-12-04,140,126,,a
1963-12-05,168,165,,a
1963-12-06,163,158,,a
1963-12-07,157,149,,a
1963-12-08,141,127,,a
1963-12-09,125,107,,a
1963-12-10,126,108,,a
1963-12-11,119,99.8,,a
1963-12-12,123,105,,a
1963-12-13,121,102,,a
1963-12-14,118,98.6,,a
1963-12-15,103,81.1,,a
1963-12-16,97,74.5,,a
1963-12-17,96,73.4,,a
1963-12-18,95,72.4,,a
1963-12-19,106,84.5,,a
1963-12-20,107,85.6,,a
1963-12-21,94,71.3,,a
1963-12-22,73,50.7,,a
1963-12-23,80,57,,a
1963-12-24,88,65,,a
1963-12-25,85,62,,a
1963-12-26,87,64,,a
1963-12-27,91,68.1,,a
1963-12-28,87,64,,a
1963-12-29,74,51.6,,a
1963-12-30,83,60,,a
1963-12-31,85,62,,a
1964-01-01,68,41.4,,a
1964-01-02,68,41.4,,a
1964-01-03,85,52.6,,a
1964-01-04,83,51,,a
1964-01-05,73,44.3,,a
1964-01-06,71,43,,a
1964-01-07,80,48.7,,a
1964-01-08,76,46.2,,a
1964-01-09,77,46.8,,a
1964-01-10,75,45.6,,a
1964-01-11,69,41.9,,a
1964-01-12,63,39,,a
1964-01-13,64,39.5,,a
1964-01-14,69,41.9,,a
1964-01-15,69,41.9,,a
1964-01-16,68,41.4,,a
1964-01-17,65,40,,a
1964-01-18,65,40,,a
1964-01-19,59,37.2,,a
1964-01-20,66,40.5,,a
1964-01-21,64,39.5,,a
1964-01-22,66,40.5,,a
1964-01-23,62,38.6,,a
1964-01-24,62,38.6,,a
1964-01-25,60,37.6,,a
1964-01-26,55,35.7,,a
1964-01-27,57,36.5,,a
1964-01-28,61,38.1,,a
1964-01-29,60,37.6,,a
1964-01-30,54,35.3,,a
1964-01-31,57,36.5,,a
1964-02-01,56,36.1,,a
1964-02-02,51,34.2,,a
1964-02-03,49,33.5,,a
1964-02-04,62,38.6,,a
1964-02-05,64,39.5,,a
1964-02-06,61,38.1,,a
1964-02-07,51,38.1,,a
1964-02-08,52,34.6,,a
1964-02-09,52,34.6,,a
1964-02-10,46,32.5,,a
1964-02-11,53,34.9,,a
1964-02-12,55,35.7,,a
1964-02-13,52,34.6,,a
1964-02-14,54,35.3,,a
1964-02-15,51,34.2,,a
1964-02-16,54,35.3,,a
1964-02-17,54,35.3,,a
1964-02-18,78,47.4,,a
1964-02-19,72,43.7,,a
1964-02-20,68,41.4,,a
1964-02-21,66,40.5,,a
1964-02-22,64,39.5,,a
1964-02-23,60,37.6,,a
1964-02-24,57,36.5,,a
1964-02-25,60,37.6,,a
1964-02-26,62,38.6,,a
1964-02-27,75,45.6,,a
1964-02-28,90,56.5,,a
1964-02-29,91,68.1,,a
1964-03-01,87,64,,a
1964-03-02,77,54.3,,a
1964-03-03,79,56.1,,a
1964-03-04,73,50.7,,a
1964-03-05,72,49.8,,a
1964-03-06,71,48.9,,a
1964-03-07,67,45.6,,a
1964-03-08,63,42.4,,a
1964-03-09,59,39.3,,a
1964-03-10,65,44,,a
1964-03-11,62,41.6,,a
1964-03-12,61,40.8,,a
1964-03-13,64,43.2,,a
1964-03-14,58,38.6,,a
1964-03-15,57,37.9,,a
1964-03-16,63,42.4,,a
1964-03-17,65,44,,a
1964-03-18,64,43.2,,a
1964-03-19,61,40.8,,a
1964-03-20,62,41.6,,a
1964-03-21,96,73.4,,a
1964-03-22,109,87.9,,a
1964-03-23,96,73.4,,a
1964-03-24,97,74.5,,a
1964-03-25,100,77.7,,a
1964-03-26,96,73.4,,a
1964-03-27,120,101,,a
1964-03-28,182,185,,a
1964-03-29,207,227,,a
1964-03-30,188,228,,a
1964-03-31,170,197,,a
1964-04-01,134,138,,a
1964-04-02,122,121,,a
1964-04-03,128,130,,a
1964-04-04,116,113,,a
1964-04-05,116,113,,a
1964-04-06,90,78.3,,a
1964-04-07,90,78.3,,a
1964-04-08,130,132,,a
1964-04-09,150,163,,a
1964-04-10,104,96.1,,a
1964-04-11,98,88.5,,a
1964-04-12,122,121,,a
1964-04-13,90,78.3,,a
1964-04-14,122,121,,a
1964-04-15,124,124,,a
1964-04-16,136,142,,a
1964-04-17,116,113,,a
1964-04-18,114,110,,a
1964-04-19,102,93.6,,a
1964-04-20,90,78.3,,a
1964-04-21,110,104,,a
1964-04-22,100,91,,a
1964-04-23,106,98.8,,a
1964-04-24,102,93.6,,a
1964-04-25,156,147,,a
1964-04-26,128,111,,a
1964-04-27,106,84.5,,a
1964-04-28,108,86.7,,a
1964-04-29,102,80,,a
1964-04-30,100,77.7,,a
1964-05-01,96,73.4,,a
1964-05-02,91,68.1,,a
1964-05-03,87,64,,a
1964-05-04,91,68.1,,a
1964-05-05,110,89,,a
1964-05-06,118,98.6,,a
1964-05-07,112,91.4,,a
1964-05-08,105,83.4,,a
1964-05-09,108,86.7,,a
1964-05-10,91,68.1,,a
1964-05-11,90,67,,a
1964-05-12,92,69.1,,a
1964-05-13,92,69.1,,a
1964-05-14,85,62,,a
1964-05-15,99,76.6,,a
1964-05-16,97,74.5,,a
1964-05-17,90,67,,a
1964-05-18,90,67,,a
1964-05-19,80,57,,a
1964-05-20,86,63,,a
1964-05-21,82,59,,a
1964-05-22,83,60,,a
1964-05-23,79,56,,a
1964-05-24,70,48,,a
1964-05-25,68,46.4,,a
1964-05-26,74,51.6,,a
1964-05-27,74,51.6,,a
1964-05-28,71,48.9,,a
1964-05-29,72,49.8,,a
1964-05-30,77,54.3,,a
1964-05-31,83,60,,a
1964-06-01,71,48,,a
1964-06-02,74,51.6,,a
1964-06-03,75,52.5,,a
1964-06-04,80,57,,a
1964-06-05,74,51.6,,a
1964-06-06,76,53.4,,a
1964-06-07,70,48,,a
1964-06-08,71,48.9,,a
1964-06-09,72,49.8,,a
1964-06-10,74,51.6,,a
1964-06-11,76,53.4,,a
1964-06-12,61,40.8,,a
1964-06-13,70,48,,a
1964-06-14,54,35.8,,a
1964-06-15,70,48,,a
1964-06-16,88,65,,a
1964-06-17,79,56.1,,a
1964-06-18,64,43.2,,a
1964-06-19,70,48,,a
1964-06-20,68,46.4,,a
1964-06-21,68,46.4,,a
1964-06-22,83,60,,a
1964-06-23,94,71.3,,a
1964-06-24,78,55.2,,a
1964-06-25,86,63,,a
1964-06-26,80,57,,a
1964-06-27,64,43.2,,a
1964-06-28,53,35.1,,a
1964-06-29,54,35.8,,a
1964-06-30,70,48,,a
1964-07-01,76,53.4,,a
1964-07-02,61,40.8,,a
1964-07-03,65,44,,a
1964-07-04,65,44,,a
1964-07-05,72,49.8,,a
1964-07-06,85,62,,a
1964-07-07,103,81.1,,a
1964-07-08,80,57,,a
1964-07-09,69,47.2,,a
1964-07-10,123,124,,a
1964-07-11,217,249,,a
1964-07-12,154,145,,a
1964-07-13,115,95,,a
1964-07-14,108,86.7,,a
1964-07-15,95,72.4,,a
1964-07-16,92,69.1,,a
1964-07-17,78,55.2,,a
1964-07-18,79,56.1,,a
1964-07-19,65,44,,a
1964-07-20,61,40.8,,a
1964-07-21,65,44,,a
1964-07-22,59,39.3,,a
1964-07-23,64,43.2,,a
1964-07-24,67,45.6,,a
1964-07-25,62,41.6,,a
1964-07-26,50,33,,a
1964-07-27,61,40.8,,a
1964-07-28,59,39.3,,a
1964-07-29,55,36.5,,a
1964-07-30,52,34.4,,a
1964-07-31,51,33.7,,a
1964-08-01,50,33,,a
1964-08-02,50,33,,a
1964-08-03,59,39.3,,a
1964-08-04,56,37.2,,a
1964-08-05,48,31.9,,a
1964-08-06,52,34.4,,a
1964-08-07,52,34.4,,a
1964-08-08,54,35.8,,a
1964-08-09,62,41.6,,a
1964-08-10,81,58,,a
1964-08-11,72,49.8,,a
1964-08-12,61,40.8,,a
1964-08-13,57,37.9,,a
1964-08-14,62,41.6,,a
1964-08-15,59,39.3,,a
1964-08-16,56,37.2,,a
1964-08-17,56,37.2,,a
1964-08-18,54,35.8,,a
1964-08-19,95,72.4,,a
1964-08-20,88,65,,a
1964-08-21,78,55.2,,a
1964-08-22,72,49.8,,a
1964-08-23,108,86.7,,a
1964-08-24,101,78.8,,a
1964-08-25,80,57,,a
1964-08-26,78,55.2,,a
1964-08-27,68,46.4,,a
1964-08-28,70,48,,a
1964-08-29,58,38.6,,a
1964-08-30,51,33.7,,a
1964-08-31,56,37.2,,a
1964-09-01,56,37.2,,a
1964-09-02,54,35.8,,a
1964-09-03,52,34.4,,a
1964-09-04,52,34.4,,a
1964-09-05,50,33,,a
1964-09-06,40,27.4,,a
1964-09-07,79,56,,a
1964-09-08,68,46.4,,a
1964-09-09,68,46.4,,a
1964-09-10,60,40,,a
1964-09-11,60,40,,a
1964-09-12,58,38.6,,a
1964-09-13,53,35.1,,a
1964-09-14,60,40,,a
1964-09-15,52,41.6,,a
1964-09-16,46,30.8,,a
1964-09-17,46,30.8,,a
1964-09-18,160,158,,a
1964-09-19,134,118,,a
1964-09-20,92,69.1,,a
1964-09-21,120,101,,a
1964-09-22,113,92.6,,a
1964-09-23,91,68.1,,a
1964-09-24,74,51.6,,a
1964-09-25,66,44.8,,a
1964-09-26,60,40,,a
1964-09-27,46,30.8,,a
1964-09-28,56,37.2,,a
1964-09-29,60,40,,a
1964-09-30,48,31.9,,a
1964-10-01,50,33,,a
1964-10-02,48,31.9,,a
1964-10-03,47,31.3,,a
1964-10-04,48,31.9,,a
1964-10-05,51,33.7,,a
1964-10-06,54,35.8,,a
1964-10-07,50,33,,a
1964-10-08,69,47.2,,a
1964-10-09,345,506,,a
1964-10-10,267,341,,a
1964-10-11,268,341,,a
1964-10-12,267,339,,a
1964-10-13,299,403,,a
1964-10-14,316,439,,a
1964-10-15,268,341,,a
1964-10-16,318,443,,a
1964-10-17,241,288,,a
1964-10-18,190,198,,a
1964-10-19,162,156,,a
1964-10-20,150,139,,a
1964-10-21,136,121,,a
1964-10-22,130,113,,a
1964-10-23,133,117,,a
1964-10-24,365,558,,a
1964-10-25,532,965,,a
1964-10-26,380,585,,a
1964-10-27,286,392,,a
1964-10-28,244,315,,a
1964-10-29,216,265,,a
1964-10-30,192,225,,a
1964-10-31,172,194,,a
1964-11-01,164,182,,a
1964-11-02,148,159,,a
1964-11-03,142,150,,a
1964-11-04,132,136,,a
1964-11-05,128,130,,a
1964-11-06,124,125,,a
1964-11-07,123,123,,a
1964-11-08,108,105,,a
1964-11-09,101,97.1,,a
1964-11-10,105,102,,a
1964-11-11,119,118,,a
1964-11-12,120,119,,a
1964-11-13,120,119,,a
1964-11-14,119,118,,a
1964-11-15,105,102,,a
1964-11-16,103,99.3,,a
1964-11-17,99,94.9,,a
1964-11-18,98,93.8,,a
1964-11-19,87,81.7,,a
1964-11-20,90,85,,a
1964-11-21,86,80.6,,a
1964-11-22,73,67.7,,a
1964-11-23,73,67.7,,a
1964-11-24,73,67.7,,a
1964-11-25,72,66.8,,a
1964-11-26,75,69.5,,a
1964-11-27,73,67.7,,a
1964-11-28,71,65.9,,a
1964-11-29,127,143,,a
1964-11-30,399,622,,a
1964-12-01,249,324,,a
1964-12-02,170,191,,a
1964-12-03,144,153,,a
1964-12-04,130,133,,a
1964-12-05,120,119,,a
1964-12-06,98,93.8,,a
1964-12-07,94,89.4,,a
1964-12-08,91,86.1,,a
1964-12-09,88,82.8,,a
1964-12-10,83,77.5,,a
1964-12-11,85,79.5,,a
1964-12-12,84,89.4,,a
1964-12-13,70,65,,a
1964-12-14,68,63.4,,a
1964-12-15,74,68.6,,a
1964-12-16,86,80.6,,a
1964-12-17,185,214,,a
1964-12-18,180,206,,a
1964-12-19,180,206,,a
1964-12-20,203,243,,a
1964-12-21,162,179,,a
1964-12-22,139,146,,a
1964-12-23,126,127,,a
1964-12-24,114,112,,a
1964-12-25,95,90.5,,a
1964-12-26,99,94.9,,a
1964-12-27,88,82.8,,a
1964-12-28,82,76.5,,a
1964-12-29,94,89.4,,a
1964-12-30,87,81.7,,a
1964-12-31,86,80.6,,a
1965-01-01,68,63.4,,a
1965-01-02,66,61.8,,a
1965-01-03,86,80.6,,a
1965-01-04,89,83.9,,a
1965-01-05,80,74.5,,a
1965-01-06,74,68.6,,a
1965-01-07,68,63.4,,a
1965-01-08,69,64.2,,a
1965-01-09,70,65,,a
1965-01-10,63,59.6,,a
1965-01-11,62,58.9,,a
1965-01-12,64,60.3,,a
1965-01-13,61,58.2,,a
1965-01-14,68,63.4,,a
1965-01-15,79,73.5,,a
1965-01-16,78,72.5,,a
1965-01-17,63,59.6,,a
1965-01-18,75,69.5,,a
1965-01-19,88,82.8,,a
1965-01-20,78,72.5,,a
1965-01-21,76,70.5,,a
1965-01-22,66,61.8,,a
1965-01-23,67,62.6,,a
1965-01-24,58,56.3,,a
1965-01-25,60,57.5,,a
1965-01-26,59,56.9,,a
1965-01-27,58,56.3,,a
1965-01-28,56,55.1,,a
1965-01-29,71,65.9,,a
1965-01-30,116,114,,a
1965-01-31,156,170,,a
1965-02-01,184,207,,a
1965-02-02,169,183,,a
1965-02-03,134,130,,a
1965-02-04,120,111,,a
1965-02-05,110,98.5,,a
1965-02-06,106,93.9,,a
1965-02-07,93,79.3,,a
1965-02-08,92,78.2,,a
1965-02-09,88,74.1,,a
1965-02-10,84,70.3,,a
1965-02-11,84,70.3,,a
1965-02-12,78,64.8,,a
1965-02-13,78,64.8,,a
1965-02-14,65,59,,a
1965-02-15,67,55.6,,a
1965-02-16,64,53.2,,a
1965-02-17,55,47,,a
1965-02-18,59,49.4,,a
1965-02-19,54,46.5,,a
1965-02-20,53,46,,a
1965-02-21,41,40,,a
1965-02-22,43,41,,a
1965-02-23,51,45,,a
1965-02-24,45,42,,a
1965-02-25,43,41,,a
1965-02-26,43,41,,a
1965-02-27,43,41,,a
1965-02-28,40,39.5,,a
1965-03-01,41,40,,a
1965-03-02,132,116,,a
1965-03-03,244,313,,a
1965-03-04,168,182,,a
1965-03-05,132,127,,a
1965-03-06,126,119,,a
1965-03-07,94,80.4,,a
1965-03-08,80,66.5,,a
1965-03-09,77,64,,a
1965-03-10,67,55.6,,a
1965-03-11,78,64.8,,a
1965-03-12,70,58,,a
1965-03-13,68,56.4,,a
1965-03-14,60,50,,a
1965-03-15,81,67.5,,a
1965-03-16,96,82.6,,a
1965-03-17,120,111,,a
1965-03-18,117,107,,a
1965-03-19,131,125,,a
1965-03-20,130,124,,a
1965-03-21,118,109,,a
1965-03-22,130,124,,a
1965-03-23,144,144,,a
1965-03-24,182,204,,a
1965-03-25,175,193,,a
1965-03-26,177,196,,a
1965-03-27,158,166,,a
1965-03-28,135,131,,a
1965-03-29,130,124,,a
1965-03-30,144,144,,a
1965-03-31,162,172,,a
1965-04-01,162,172,,a
1965-04-02,144,144,,a
1965-04-03,138,135,,a
1965-04-04,115,105,,a
1965-04-05,129,123,,a
1965-04-06,131,125,,a
1965-04-07,133,128,,a
1965-04-08,132,127,,a
1965-04-09,134,130,,a
1965-04-10,131,125,,a
1965-04-11,131,125,,a
1965-04-12,116,106,,a
1965-04-13,118,109,,a
1965-04-14,118,109,,a
1965-04-15,109,97.4,,a
1965-04-16,105,92.8,,a
1965-04-17,100,87,,a
1965-04-18,92,78.2,,a
1965-04-19,78,64.8,,a
1965-04-20,88,74.1,,a
1965-04-21,109,97.4,,a
1965-04-22,135,131,,a
1965-04-23,130,124,,a
1965-04-24,130,124,,a
1965-04-25,134,130,,a
1965-04-26,117,107,,a
1965-04-27,138,135,,a
1965-04-28,200,234,,a
1965-04-29,200,234,,a
1965-04-30,168,182,,a
1965-05-01,154,159,,a
1965-05-02,138,135,,a
1965-05-03,141,140,,a
1965-05-04,141,140,,a
1965-05-05,159,167,,a
1965-05-06,168,182,,a
1965-05-07,150,153,,a
1965-05-08,141,140,,a
1965-05-09,128,121,,a
1965-05-10,132,127,,a
1965-05-11,142,141,,a
1965-05-12,132,127,,a
1965-05-13,131,125,,a
1965-05-14,127,120,,a
1965-05-15,127,120,,a
1965-05-16,140,138,,a
1965-05-17,144,144,,a
1965-05-18,159,167,,a
1965-05-19,157,164,,a
1965-05-20,177,196,,a
1965-05-21,165,177,,a
1965-05-22,142,141,,a
1965-05-23,150,153,,a
1965-05-24,146,147,,a
1965-05-25,135,131,,a
1965-05-26,137,134,,a
1965-05-27,167,164,,a
1965-05-28,229,286,,a
1965-05-29,227,283,,a
1965-05-30,196,227,,a
1965-05-31,197,210,,a
1965-06-01,287,394,,a
1965-06-02,228,286,,a
1965-06-03,189,220,,a
1965-06-04,200,238,,a
1965-06-05,231,292,,a
1965-06-06,248,322,,a
1965-06-07,204,245,,a
1965-06-08,194,228,,a
1965-06-09,216,265,,a
1965-06-10,188,219,,a
1965-06-11,170,191,,a
1965-06-12,156,170,,a
1965-06-13,151,163,,a
1965-06-14,141,149,,a
1965-06-15,139,146,,a
1965-06-16,132,136,,a
1965-06-17,137,143,,a
1965-06-18,161,178,,a
1965-06-19,148,159,,a
1965-06-20,143,152,,a
1965-06-21,134,139,,a
1965-06-22,137,143,,a
1965-06-23,136,141,,a
1965-06-24,135,140,,a
1965-06-25,132,136,,a
1965-06-26,128,130,,a
1965-06-27,122,122,,a
1965-06-28,120,119,,a
1965-06-29,116,114,,a
1965-06-30,108,105,,a
1965-07-01,110,107,,a
1965-07-02,110,107,,a
1965-07-03,110,107,,a
1965-07-04,110,107,,a
1965-07-05,212,258,,a
1965-07-06,188,219,,a
1965-07-07,154,168,,a
1965-07-08,134,139,,a
1965-07-09,150,162,,a
1965-07-10,152,165,,a
1965-07-11,143,152,,a
1965-07-12,123,123,,a
1965-07-13,120,119,,a
1965-07-14,113,111,,a
1965-07-15,110,107,,a
1965-07-16,110,107,,a
1965-07-17,109,106,,a
1965-07-18,104,100,,a
1965-07-19,90,85,,a
1965-07-20,94,89.4,,a
1965-07-21,89,83.9,,a
1965-07-22,86,80.6,,a
1965-07-23,94,89.4,,a
1965-07-24,86,80.6,,a
1965-07-25,68,63.4,,a
1965-07-26,71,65.9,,a
1965-07-27,106,103,,a
1965-07-28,112,109,,a
1965-07-29,98,93.8,,a
1965-07-30,76,70.5,,a
1965-07-31,86,80.6,,a
1965-08-01,109,106,,a
1965-08-02,239,306,,a
1965-08-03,167,187,,a
1965-08-04,135,140,,a
1965-08-05,117,115,,a
1965-08-06,113,111,,a
1965-08-07,93,88.3,,a
1965-08-08,100,96,,a
1965-08-09,92,87.2,,a
1965-08-10,97,92.7,,a
1965-08-11,91,86.1,,a
1965-08-12,95,90.5,,a
1965-08-13,87,81.7,,a
1965-08-14,88,82.8,,a
1965-08-15,83,77.5,,a
1965-08-16,65,61,,a
1965-08-17,75,69.5,,a
1965-08-18,68,63.4,,a
1965-08-19,60,57.5,,a
1965-08-20,67,62.6,,a
1965-08-21,68,63.4,,a
1965-08-22,70,65,,a
1965-08-23,74,68.6,,a
1965-08-24,120,119,,a
1965-08-25,134,139,,a
1965-08-26,120,119,,a
1965-08-27,110,107,,a
1965-08-28,91,86.1,,a
1965-08-29,80,74.5,,a
1965-08-30,79,73.5,,a
1965-08-31,83,77.5,,a
1965-09-01,95,90.5,,a
1965-09-02,464,825,,a
1965-09-03,487,888,,a
1965-09-04,339,535,,a
1965-09-05,234,320,,a
1965-09-06,193,245,,a
1965-09-07,166,200,,a
1965-09-08,168,203,,a
1965-09-09,154,181,,a
1965-09-10,150,175,,a
1965-09-11,269,389,,a
1965-09-12,209,273,,a
1965-09-13,163,195,,a
1965-09-14,149,174,,a
1965-09-15,136,152,,a
1965-09-16,129,143,,a
1965-09-17,120,129,,a
1965-09-18,116,123,,a
1965-09-19,130,144,,a
1965-09-20,158,187,,a
1965-09-21,140,159,,a
1965-09-22,127,139,,a
1965-09-23,120,129,,a
1965-09-24,117,124,,a
1965-09-25,111,117,,a
1965-09-26,102,106,,a
1965-09-27,267,278,,a
1965-09-28,489,894,,a
1965-09-29,507,953,,a
1965-09-30,336,490,,a
1965-10-01,238,304,,a
1965-10-02,201,240,,a
1965-10-03,177,195,,a
1965-10-04,164,173,,a
1965-10-05,151,153,,a
1965-10-06,147,147,,a
1965-10-07,140,136,,a
1965-10-08,138,133,,a
1965-10-09,127,117,,a
1965-10-10,126,115,,a
1965-10-11,117,103,,a
1965-10-12,112,96.6,,a
1965-10-13,110,94,,a
1965-10-14,111,95.3,,a
1965-10-15,107,90.4,,a
1965-10-16,105,88,,a
1965-10-17,102,84.4,,a
1965-10-18,94,75.4,,a
1965-10-19,96,77.6,,a
1965-10-20,96,77.6,,a
1965-10-21,94,75.4,,a
1965-10-22,90,71,,a
1965-10-23,80,60.5,,a
1965-10-24,76,56.9,,a
1965-10-25,75,56,,a
1965-10-26,81,61.6,,a
1965-10-27,77,57.8,,a
1965-10-28,76,56.9,,a
1965-10-29,78,58.7,,a
1965-10-30,77,57.8,,a
1965-10-31,75,56,,a
1965-11-01,63,46.1,,a
1965-11-02,64,46.8,,a
1965-11-03,75,56,,a
1965-11-04,72,53.3,,a
1965-11-05,83,63.7,,a
1965-11-06,87,67.9,,a
1965-11-07,64,46.8,,a
1965-11-08,66,48.3,,a
1965-11-09,88,68.9,,a
1965-11-10,75,56,,a
1965-11-11,98,79.8,,a
1965-11-12,92,73.2,,a
1965-11-13,92,73.2,,a
1965-11-14,87,67.9,,a
1965-11-15,81,61.6,,a
1965-11-16,89,70,,a
1965-11-17,84,64.7,,a
1965-11-18,116,162,,a
1965-11-19,128,118,,a
1965-11-20,167,178,,a
1965-11-21,266,515,,a
1965-11-22,313,488,,a
1965-11-23,214,298,,a
1965-11-24,171,233,,a
1965-11-25,151,221,,a
1965-11-26,137,210,,a
1965-11-27,155,249,,a
1965-11-28,262,441,,a
1965-11-29,195,227,,a
1965-11-30,313,568,,a
1965-12-01,260,344,,a
1965-12-02,202,241,,a
1965-12-03,173,188,,a
1965-12-04,157,162,,a
1965-12-05,137,132,,a
1965-12-06,126,115,,a
1965-12-07,158,164,,a
1965-12-08,268,358,,a
1965-12-09,224,279,,a
1965-12-10,195,230,,a
1965-12-11,184,207,,a
1965-12-12,162,170,,a
1965-12-13,130,121,,a
1965-12-14,138,133,,a
1965-12-15,132,124,,a
1965-12-16,130,121,,a
1965-12-17,124,113,,a
1965-12-18,122,110,,a
1965-12-19,118,104,,a
1965-12-20,128,118,,a
1965-12-21,130,121,,a
1965-12-22,126,115,,a
1965-12-23,131,123,,a
1965-12-24,132,124,,a
1965-12-25,127,117,,a
1965-12-26,120,107,,a
1965-12-27,103,85.6,,a
1965-12-28,199,236,,a
1965-12-29,178,197,,a
1965-12-30,150,151,,a
1965-12-31,134,127,,a
1966-01-01,120,87,,a
1966-01-02,115,81.5,,a
1966-01-03,113,79.3,,a
1966-01-04,107,72.9,,a
1966-01-05,92,58.3,,a
1966-01-06,97,62.9,,a
1966-01-07,98,63.9,,a
1966-01-08,93,59.3,,a
1966-01-09,92,58.3,,a
1966-01-10,90,56.5,,a
1966-01-11,98,63.9,,a
1966-01-12,93,59.3,,a
1966-01-13,80,48.7,,a
1966-01-14,86,53.4,,a
1966-01-15,90,56.5,,a
1966-01-16,84,51.8,,a
1966-01-17,88,54.9,,a
1966-01-18,82,50.3,,a
1966-01-19,86,53.4,,a
1966-01-20,86,53.4,,a
1966-01-21,83,51,,a
1966-01-22,74,44.9,,a
1966-01-23,84,51.8,,a
1966-01-24,108,73.9,,a
1966-01-25,108,73.9,,a
1966-01-26,98,63.9,,a
1966-01-27,89,55.7,,a
1966-01-28,81,49.5,,a
1966-01-29,81,49.5,,a
1966-01-30,74,44.9,,a
1966-01-31,74,44.9,,a
1966-02-01,76,46.2,,a
1966-02-02,70,42.4,,a
1966-02-03,78,47.4,,a
1966-02-04,82,50.3,,a
1966-02-05,80,48.7,,a
1966-02-06,78,47.4,,a
1966-02-07,80,48.7,,a
1966-02-08,90,56.5,,a
1966-02-09,99,64.8,,a
1966-02-10,99,64.8,,a
1966-02-11,92,58.3,,a
1966-02-12,132,102,,a
1966-02-13,148,123,,a
1966-02-14,160,140,,a
1966-02-15,148,123,,a
1966-02-16,130,99,,a
1966-02-17,115,81.5,,a
1966-02-18,123,90.6,,a
1966-02-19,106,71.9,,a
1966-02-20,110,76,,a
1966-02-21,103,68.8,,a
1966-02-22,165,148,,a
1966-02-23,192,190,,a
1966-02-24,175,163,,a
1966-02-25,118,84.8,,a
1966-02-26,133,103,,a
1966-02-27,122,89.4,,a
1966-02-28,109,75,,a
1966-03-01,103,68.8,,a
1966-03-02,98,63.9,,a
1966-03-03,99,64.8,,a
1966-03-04,103,68.8,,a
1966-03-05,104,69.8,,a
1966-03-06,99,64.8,,a
1966-03-07,90,56.5,,a
1966-03-08,96,62,,a
1966-03-09,96,62,,a
1966-03-10,91,57.4,,a
1966-03-11,87,54.2,,a
1966-03-12,97,62.9,,a
1966-03-13,92,58.3,,a
1966-03-14,94,60.2,,a
1966-03-15,91,57.4,,a
1966-03-16,93,59.3,,a
1966-03-17,90,56.5,,a
1966-03-18,88,54.9,,a
1966-03-19,82,50.3,,a
1966-03-20,74,44.9,,a
1966-03-21,81,49.5,,a
1966-03-22,88,54.9,,a
1966-03-23,76,46.2,,a
1966-03-24,84,51.8,,a
1966-03-25,90,56.5,,a
1966-03-26,96,62,,a
1966-03-27,92,58.3,,a
1966-03-28,97,62.9,,a
1966-03-29,134,104,,a
1966-03-30,126,108,,a
1966-03-31,121,102,,a
1966-04-01,99,76.6,,a
1966-04-02,108,86.7,,a
1966-04-03,108,86.7,,a
1966-04-04,102,80,,a
1966-04-05,110,89,,a
1966-04-06,102,80,,a
1966-04-07,104,82.2,,a
1966-04-08,109,87.9,,a
1966-04-09,111,90.2,,a
1966-04-10,146,134,,a
1966-04-11,150,139,,a
1966-04-12,151,140,,a
1966-04-13,137,122,,a
1966-04-14,118,98.6,,a
1966-04-15,126,108,,a
1966-04-16,140,126,,a
1966-04-17,187,193,,a
1966-04-18,171,169,,a
1966-04-19,148,136,,a
1966-04-20,141,127,,a
1966-04-21,151,140,,a
1966-04-22,165,161,,a
1966-04-23,154,145,,a
1966-04-24,129,112,,a
1966-04-25,126,108,,a
1966-04-26,138,123,,a
1966-04-27,138,123,,a
1966-04-28,143,130,,a
1966-04-29,138,123,,a
1966-04-30,140,126,,a
1966-05-01,126,108,,a
1966-05-02,117,97.4,,a
1966-05-03,120,101,,a
1966-05-04,130,113,,a
1966-05-05,134,118,,a
1966-05-06,142,129,,a
1966-05-07,150,139,,a
1966-05-08,176,165,,a
1966-05-09,146,120,,a
1966-05-10,128,96.6,,a
1966-05-11,130,99,,a
1966-05-12,130,99,,a
1966-05-13,120,87,,a
1966-05-14,122,89.4,,a
1966-05-15,116,82.6,,a
1966-05-16,113,79.3,,a
1966-05-17,118,84.8,,a
1966-05-18,118,84.8,,a
1966-05-19,110,76,,a
1966-05-20,111,77.1,,a
1966-05-21,110,76,,a
1966-05-22,84,51.8,,a
1966-05-23,101,66.7,,a
1966-05-24,92,58.3,,a
1966-05-25,126,94.2,,a
1966-05-26,141,113,,a
1966-05-27,132,102,,a
1966-05-28,120,87,,a
1966-05-29,113,79.3,,a
1966-05-30,90,56.5,,a
1966-05-31,91,57.4,,a
1966-06-01,90,56.5,,a
1966-06-02,91,57.4,,a
1966-06-03,90,56.5,,a
1966-06-04,88,54.9,,a
1966-06-05,86,53.4,,a
1966-06-06,89,55.7,,a
1966-06-07,92,58.3,,a
1966-06-08,96,62,,a
1966-06-09,95,61.1,,a
1966-06-10,97,62.9,,a
1966-06-11,96,62,,a
1966-06-12,89,55.7,,a
1966-06-13,90,56.5,,a
1966-06-14,108,73.9,,a
1966-06-15,100,65.7,,a
1966-06-16,107,72.9,,a
1966-06-17,109,75,,a
1966-06-18,94,60.2,,a
1966-06-19,87,54.2,,a
1966-06-20,92,58.3,,a
1966-06-21,94,60.2,,a
1966-06-22,91,57.4,,a
1966-06-23,88,54.9,,a
1966-06-24,90,56.5,,a
1966-06-25,106,71.9,,a
1966-06-26,100,65.7,,a
1966-06-27,90,56.5,,a
1966-06-28,88,54.9,,a
1966-06-29,104,69.8,,a
1966-06-30,98,63.9,,a
1966-07-01,86,53.4,,a
1966-07-02,85,52.6,,a
1966-07-03,72,43.7,,a
1966-07-04,68,41.4,,a
1966-07-05,76,46.2,,a
1966-07-06,83,51,,a
1966-07-07,116,82.6,,a
1966-07-08,112,78.2,,a
1966-07-09,108,73.9,,a
1966-07-10,94,60.2,,a
1966-07-11,87,54.2,,a
1966-07-12,86,53.4,,a
1966-07-13,86,53.4,,a
1966-07-14,80,48.7,,a
1966-07-15,110,76,,a
1966-07-16,156,134,,a
1966-07-17,126,94.2,,a
1966-07-18,103,68.8,,a
1966-07-19,112,78.2,,a
1966-07-20,140,112,,a
1966-07-21,129,97.8,,a
1966-07-22,112,78.2,,a
1966-07-23,102,67.8,,a
1966-07-24,95,61.1,,a
1966-07-25,97,62.9,,a
1966-07-26,96,62,,a
1966-07-27,94,60.2,,a
1966-07-28,120,87,,a
1966-07-29,126,94.2,,a
1966-07-30,121,88.2,,a
1966-07-31,106,71.9,,a
1966-08-01,99,64.8,,a
1966-08-02,112,78.2,,a
1966-08-03,120,87,,a
1966-08-04,116,82.6,,a
1966-08-05,115,81.5,,a
1966-08-06,120,87,,a
1966-08-07,119,85.9,,a
1966-08-08,92,58.3,,a
1966-08-09,106,71.9,,a
1966-08-10,114,80.4,,a
1966-08-11,110,76,,a
1966-08-12,106,71.9,,a
1966-08-13,106,71.9,,a
1966-08-14,100,65.7,,a
1966-08-15,94,60.2,,a
1966-08-16,89,55.7,,a
1966-08-17,136,107,,a
1966-08-18,155,133,,a
1966-08-19,159,139,,a
1966-08-20,138,109,,a
1966-08-21,121,88.2,,a
1966-08-22,115,81.5,,a
1966-08-23,120,87,,a
1966-08-24,162,143,,a
1966-08-25,194,194,,a
1966-08-26,206,214,,a
1966-08-27,176,165,,a
1966-08-28,148,123,,a
1966-08-29,127,95.4,,a
1966-08-30,122,89.4,,a
1966-08-31,149,125,,a
1966-09-01,199,202,,a
1966-09-02,162,143,,a
1966-09-03,138,109,,a
1966-09-04,123,90.6,,a
1966-09-05,125,93,,a
1966-09-06,112,78.2,,a
1966-09-07,112,78.2,,a
1966-09-08,105,70.9,,a
1966-09-09,98,63.9,,a
1966-09-10,102,67.8,,a
1966-09-11,96,62,,a
1966-09-12,92,58.3,,a
1966-09-13,89,55.7,,a
1966-09-14,105,70.9,,a
1966-09-15,104,69.8,,a
1966-09-16,94,60.2,,a
1966-09-17,96,62,,a
1966-09-18,92,58.3,,a
1966-09-19,78,47.4,,a
1966-09-20,76,46.2,,a
1966-09-21,76,46.2,,a
1966-09-22,74,44.9,,a
1966-09-23,77,46.8,,a
1966-09-24,78,47.4,,a
1966-09-25,86,53.4,,a
1966-09-26,85,52.6,,a
1966-09-27,86,53.4,,a
1966-09-28,87,54.2,,a
1966-09-29,86,53.4,,a
1966-09-30,91,57.4,,a
1966-10-01,94,60.2,,a
1966-10-02,103,68.8,,a
1966-10-03,93,59.3,,a
1966-10-04,86,53.4,,a
1966-10-05,86,53.4,,a
1966-10-06,86,53.4,,a
1966-10-07,80,48.7,,a
1966-10-08,80,48.7,,a
1966-10-09,82,50.3,,a
1966-10-10,88,54.9,,a
1966-10-11,86,53.4,,a
1966-10-12,89,55.7,,a
1966-10-13,110,76,,a
1966-10-14,98,63.9,,a
1966-10-15,90,56.5,,a
1966-10-16,85,52.6,,a
1966-10-17,115,88.6,,a
1966-10-18,216,232,,a
1966-10-19,165,148,,a
1966-10-20,148,123,,a
1966-10-21,140,112,,a
1966-10-22,124,91.8,,a
1966-10-23,106,71.9,,a
1966-10-24,98,63.9,,a
1966-10-25,150,141,,a
1966-10-26,218,235,,a
1966-10-27,249,294,,a
1966-10-28,192,190,,a
1966-10-29,192,190,,a
1966-10-30,200,204,,a
1966-10-31,160,140,,a
1966-11-01,144,118,,a
1966-11-02,142,115,,a
1966-11-03,137,108,,a
1966-11-04,396,617,,a
1966-11-05,528,1046,,a
1966-11-06,364,536,,a
1966-11-07,267,330,,a
1966-11-08,216,232,,a
1966-11-09,191,189,,a
1966-11-10,176,165,,a
1966-11-11,162,143,,a
1966-11-12,171,157,,a
1966-11-13,150,126,,a
1966-11-14,153,130,,a
1966-11-15,140,112,,a
1966-11-16,137,108,,a
1966-11-17,130,99,,a
1966-11-18,131,100,,a
1966-11-19,122,89.4,,a
1966-11-20,119,85.9,,a
1966-11-21,120,87,,a
1966-11-22,124,91.8,,a
1966-11-23,119,85.9,,a
1966-11-24,126,94.2,,a
1966-11-25,136,107,,a
1966-11-26,118,84.8,,a
1966-11-27,100,65.7,,a
1966-11-28,104,69.8,,a
1966-11-29,94,60.2,,a
1966-11-30,92,58.3,,a
1966-12-01,102,67.8,,a
1966-12-02,192,220,,a
1966-12-03,436,706,,a
1966-12-04,260,318,,a
1966-12-05,202,207,,a
1966-12-06,179,169,,a
1966-12-07,164,146,,a
1966-12-08,158,137,,a
1966-12-09,140,112,,a
1966-12-10,140,112,,a
1966-12-11,125,93,,a
1966-12-12,128,96.6,,a
1966-12-13,159,139,,a
1966-12-14,154,132,,a
1966-12-15,140,112,,a
1966-12-16,130,99,,a
1966-12-17,130,99,,a
1966-12-18,110,76,,a
1966-12-19,114,80.4,,a
1966-12-20,120,87,,a
1966-12-21,117,83.7,,a
1966-12-22,119,85.9,,a
1966-12-23,113,79.3,,a
1966-12-24,112,78.2,,a
1966-12-25,96,62,,a
1966-12-26,106,71.9,,a
1966-12-27,101,66.7,,a
1966-12-28,104,69.8,,a
1966-12-29,112,78.2,,a
1966-12-30,110,76,,a
1966-12-31,108,73.9,,a
1967-01-01,94,53.2,,a
1967-01-02,88,48.4,,a
1967-01-03,91,50.8,,a
1967-01-04,99,57.2,,a
1967-01-05,96,54.8,,a
1967-01-06,98,56.4,,a
1967-01-07,96,54.8,,a
1967-01-08,82,44.2,,a
1967-01-09,70,37.8,,a
1967-01-10,78,42,,a
1967-01-11,90,50,,a
1967-01-12,78,42,,a
1967-01-13,76,40.9,,a
1967-01-14,90,50,,a
1967-01-15,78,42,,a
1967-01-16,68,37,,a
1967-01-17,80,43,,a
1967-01-18,70,37.8,,a
1967-01-19,72,38.8,,a
1967-01-20,81,43.6,,a
1967-01-21,82,44.2,,a
1967-01-22,73,39.4,,a
1967-01-23,76,40.9,,a
1967-01-24,82,44.2,,a
1967-01-25,85,46,,a
1967-01-26,80,43,,a
1967-01-27,79,42.5,,a
1967-01-28,79,42.5,,a
1967-01-29,74,39.9,,a
1967-01-30,77,41.4,,a
1967-01-31,76,40.9,,a
1967-02-01,77,41.4,,a
1967-02-02,77,41.4,,a
1967-02-03,78,42,,a
1967-02-04,75,40.4,,a
1967-02-05,74,39.9,,a
1967-02-06,73,39.4,,a
1967-02-07,73,39.4,,a
1967-02-08,73,39.4,,a
1967-02-09,74,39.9,,a
1967-02-10,75,40.4,,a
1967-02-11,76,40.9,,a
1967-02-12,72,38.8,,a
1967-02-13,74,39.9,,a
1967-02-14,73,39.4,,a
1967-02-15,73,39.4,,a
1967-02-16,71,38.3,,a
1967-02-17,72,38.8,,a
1967-02-18,72,38.8,,a
1967-02-19,64,35.5,,a
1967-02-20,72,38.8,,a
1967-02-21,76,40.9,,a
1967-02-22,85,46,,a
1967-02-23,88,48.4,,a
1967-02-24,96,54.8,,a
1967-02-25,92,51.6,,a
1967-02-26,83,44.8,,a
1967-02-27,102,59.6,,a
1967-02-28,124,81.8,,a
1967-03-01,120,77,,a
1967-03-02,120,77,,a
1967-03-03,115,72,,a
1967-03-04,103,60.4,,a
1967-03-05,92,51.6,,a
1967-03-06,93,52.4,,a
1967-03-07,103,60.4,,a
1967-03-08,106,63,,a
1967-03-09,119,76,,a
1967-03-10,168,142,,a
1967-03-11,162,132,,a
1967-03-12,191,178,,a
1967-03-13,171,146,,a
1967-03-14,144,107,,a
1967-03-15,132,91.4,,a
1967-03-16,115,72,,a
1967-03-17,110,67,,a
1967-03-18,108,65,,a
1967-03-19,91,50.8,,a
1967-03-20,98,56.4,,a
1967-03-21,95,54,,a
1967-03-22,93,52.4,,a
1967-03-23,92,51.6,,a
1967-03-24,82,44.2,,a
1967-03-25,82,44.2,,a
1967-03-26,81,43.6,,a
1967-03-27,84,45.4,,a
1967-03-28,100,58,,a
1967-03-29,193,181,,a
1967-03-30,174,150,,a
1967-03-31,140,102,,a
1967-04-01,134,93.8,,a
1967-04-02,115,72,,a
1967-04-03,118,75,,a
1967-04-04,120,77,,a
1967-04-05,112,69,,a
1967-04-06,119,76,,a
1967-04-07,162,132,,a
1967-04-08,164,135,,a
1967-04-09,256,302,,a
1967-04-10,332,458,,a
1967-04-11,258,302,,a
1967-04-12,210,210,,a
1967-04-13,191,178,,a
1967-04-14,182,163,,a
1967-04-15,179,158,,a
1967-04-16,173,149,,a
1967-04-17,163,134,,a
1967-04-18,156,123,,a
1967-04-19,156,123,,a
1967-04-20,145,108,,a
1967-04-21,138,99.2,,a
1967-04-22,170,144,,a
1967-04-23,154,121,,a
1967-04-24,135,95,,a
1967-04-25,128,86.6,,a
1967-04-26,133,92.6,,a
1967-04-27,126,84.2,,a
1967-04-28,122,79.4,,a
1967-04-29,118,75,,a
1967-04-30,126,84.2,,a
1967-05-01,118,75,,a
1967-05-02,130,89,,a
1967-05-03,140,102,,a
1967-05-04,188,173,,a
1967-05-05,169,143,,a
1967-05-06,140,102,,a
1967-05-07,140,102,,a
1967-05-08,120,77,,a
1967-05-09,130,89,,a
1967-05-10,132,91.4,,a
1967-05-11,138,99.2,,a
1967-05-12,142,104,,a
1967-05-13,132,91.4,,a
1967-05-14,133,92.6,,a
1967-05-15,122,79.4,,a
1967-05-16,134,93.8,,a
1967-05-17,260,320,,a
1967-05-18,298,384,,a
1967-05-19,220,228,,a
1967-05-20,185,168,,a
1967-05-21,167,140,,a
1967-05-22,151,116,,a
1967-05-23,140,102,,a
1967-05-24,143,106,,a
1967-05-25,132,91.4,,a
1967-05-26,138,99.2,,a
1967-05-27,142,104,,a
1967-05-28,118,75,,a
1967-05-29,125,83,,a
1967-05-30,126,84.2,,a
1967-05-31,124,81.8,,a
1967-06-01,130,89,,a
1967-06-02,108,65,,a
1967-06-03,116,73,,a
1967-06-04,106,63,,a
1967-06-05,116,73,,a
1967-06-06,112,69,,a
1967-06-07,108,65,,a
1967-06-08,111,68,,a
1967-06-09,122,79.4,,a
1967-06-10,170,144,,a
1967-06-11,212,214,,a
1967-06-12,158,126,,a
1967-06-13,140,102,,a
1967-06-14,130,89,,a
1967-06-15,123,80.6,,a
1967-06-16,123,80.6,,a
1967-06-17,120,77,,a
1967-06-18,117,74,,a
1967-06-19,112,69,,a
1967-06-20,115,72,,a
1967-06-21,114,71,,a
1967-06-22,110,67,,a
1967-06-23,103,60.4,,a
1967-06-24,110,67,,a
1967-06-25,106,63,,a
1967-06-26,101,58.8,,a
1967-06-27,100,58,,a
1967-06-28,104,61.2,,a
1967-06-29,103,60.4,,a
1967-06-30,106,63,,a
1967-07-01,107,64,,a
1967-07-02,99,57.2,,a
1967-07-03,91,50.8,,a
1967-07-04,92,51.6,,a
1967-07-05,95,54,,a
1967-07-06,102,59.6,,a
1967-07-07,100,58,,a
1967-07-08,91,50.8,,a
1967-07-09,82,44.2,,a
1967-07-10,90,50,,a
1967-07-11,89,49.2,,a
1967-07-12,88,48.4,,a
1967-07-13,87,47.6,,a
1967-07-14,88,48.4,,a
1967-07-15,86,46.8,,a
1967-07-16,75,40.4,,a
1967-07-17,79,42.5,,a
1967-07-18,89,49.2,,a
1967-07-19,86,46.8,,a
1967-07-20,84,45.4,,a
1967-07-21,84,45.4,,a
1967-07-22,89,49.2,,a
1967-07-23,77,41.4,,a
1967-07-24,80,43,,a
1967-07-25,92,51.6,,a
1967-07-26,97,55.6,,a
1967-07-27,97,55.6,,a
1967-07-28,92,51.6,,a
1967-07-29,94,53.2,,a
1967-07-30,87,47.6,,a
1967-07-31,87,47.6,,a
1967-08-01,84,45.4,,a
1967-08-02,82,44.2,,a
1967-08-03,82,44.2,,a
1967-08-04,86,46.8,,a
1967-08-05,90,50,,a
1967-08-06,96,54.8,,a
1967-08-07,104,61.2,,a
1967-08-08,91,50.8,,a
1967-08-09,87,47.6,,a
1967-08-10,87,47.6,,a
1967-08-11,89,49.2,,a
1967-08-12,79,42.5,,a
1967-08-13,89,49.2,,a
1967-08-14,90,50,,a
1967-08-15,92,51.6,,a
1967-08-16,91,50.8,,a
1967-08-17,86,46.8,,a
1967-08-18,86,46.8,,a
1967-08-19,86,46.8,,a
1967-08-20,78,42,,a
1967-08-21,82,44.2,,a
1967-08-22,84,45.4,,a
1967-08-23,80,43,,a
1967-08-24,78,42,,a
1967-08-25,81,43.6,,a
1967-08-26,79,42.5,,a
1967-08-27,71,38.3,,a
1967-08-28,82,44.2,,a
1967-08-29,77,41.4,,a
1967-08-30,72,38.8,,a
1967-08-31,68,37,,a
1967-09-01,82,44.2,,a
1967-09-02,82,44.2,,a
1967-09-03,74,39.9,,a
1967-09-04,76,40.9,,a
1967-09-05,100,58,,a
1967-09-06,104,61.2,,a
1967-09-07,91,50.8,,a
1967-09-08,93,52.4,,a
1967-09-09,134,93.8,,a
1967-09-10,146,109,,a
1967-09-11,187,171,,a
1967-09-12,180,160,,a
1967-09-13,144,107,,a
1967-09-14,130,89,,a
1967-09-15,131,90.2,,a
1967-09-16,120,77,,a
1967-09-17,114,71,,a
1967-09-18,108,65,,a
1967-09-19,102,59.6,,a
1967-09-20,102,59.6,,a
1967-09-21,100,58,,a
1967-09-22,121,85.2,,a
1967-09-23,201,195,,a
1967-09-24,149,114,,a
1967-09-25,125,83,,a
1967-09-26,111,68,,a
1967-09-27,100,58,,a
1967-09-28,101,58.8,,a
1967-09-29,96,54.8,,a
1967-09-30,89,49.2,,a
1967-10-01,83,44.8,,a
1967-10-02,85,46,,a
1967-10-03,96,54.8,,a
1967-10-04,116,73,,a
1967-10-05,372,555,,a
1967-10-06,272,333,,a
1967-10-07,195,185,,a
1967-10-08,157,125,,a
1967-10-09,132,91.4,,a
1967-10-10,125,83,,a
1967-10-11,121,78.2,,a
1967-10-12,118,75,,a
1967-10-13,116,73,,a
1967-10-14,114,71,,a
1967-10-15,94,53.2,,a
1967-10-16,101,58.8,,a
1967-10-17,98,56.4,,a
1967-10-18,110,67,,a
1967-10-19,120,77,,a
1967-10-20,114,71,,a
1967-10-21,97,55.6,,a
1967-10-22,96,54.8,,a
1967-10-23,91,50.8,,a
1967-10-24,100,58,,a
1967-10-25,94,53.2,,a
1967-10-26,92,51.6,,a
1967-10-27,91,50.8,,a
1967-10-28,90,50,,a
1967-10-29,110,67,,a
1967-10-30,115,72,,a
1967-10-31,108,65,,a
1967-11-01,106,63,,a
1967-11-02,124,81.8,,a
1967-11-03,134,93.8,,a
1967-11-04,217,223,,a
1967-11-05,223,246,,a
1967-11-06,461,769,,a
1967-11-07,291,371,,a
1967-11-08,218,224,,a
1967-11-09,264,314,,a
1967-11-10,225,238,,a
1967-11-11,196,186,,a
1967-11-12,168,142,,a
1967-11-13,156,123,,a
1967-11-14,142,104,,a
1967-11-15,142,104,,a
1967-11-16,164,135,,a
1967-11-17,254,295,,a
1967-11-18,219,226,,a
1967-11-19,189,174,,a
1967-11-20,168,142,,a
1967-11-21,149,114,,a
1967-11-22,134,93.8,,a
1967-11-23,136,96.4,,a
1967-11-24,128,86.6,,a
1967-11-25,126,84.2,,a
1967-11-26,114,71,,a
1967-11-27,118,75,,a
1967-11-28,146,109,,a
1967-11-29,153,119,,a
1967-11-30,134,93.8,,a
1967-12-01,133,92.6,,a
1967-12-02,136,96.4,,a
1967-12-03,128,86.6,,a
1967-12-04,125,83,,a
1967-12-05,130,89,,a
1967-12-06,124,81.8,,a
1967-12-07,130,89,,a
1967-12-08,119,76,,a
1967-12-09,124,81.8,,a
1967-12-10,115,72,,a
1967-12-11,112,69,,a
1967-12-12,108,65,,a
1967-12-13,108,65,,a
1967-12-14,107,64,,a
1967-12-15,106,63,,a
1967-12-16,98,56.4,,a
1967-12-17,102,59.6,,a
1967-12-18,80,43,,a
1967-12-19,86,46.8,,a
1967-12-20,90,50,,a
1967-12-21,78,42,,a
1967-12-22,72,38.8,,a
1967-12-23,80,43,,a
1967-12-24,78,42,,a
1967-12-25,104,61.2,,a
1967-12-26,146,109,,a
1967-12-27,125,83,,a
1967-12-28,119,76,,a
1967-12-29,113,70,,a
1967-12-30,112,69,,a
1967-12-31,98,56.4,,a
1968-01-01,98,58.8,,a
1968-01-02,95,55.5,,a
1968-01-03,102,63.4,,a
1968-01-04,100,61,,a
1968-01-05,99,59.9,,a
1968-01-06,95,55.5,,a
1968-01-07,93,53.3,,a
1968-01-08,97,57.7,,a
1968-01-09,96,56.6,,a
1968-01-10,96,56.6,,a
1968-01-11,91,51.1,,a
1968-01-12,88,48,,a
1968-01-13,88,48,,a
1968-01-14,86,46,,a
1968-01-15,82,42,,a
1968-01-16,84,44,,a
1968-01-17,83,43,,a
1968-01-18,82,42,,a
1968-01-19,80,40,,a
1968-01-20,78,38.2,,a
1968-01-21,76,36.4,,a
1968-01-22,74,34.6,,a
1968-01-23,78,38.2,,a
1968-01-24,77,37.3,,a
1968-01-25,78,38.2,,a
1968-01-26,76,36.4,,a
1968-01-27,80,40,,a
1968-01-28,76,36.4,,a
1968-01-29,75,35.5,,a
1968-01-30,83,43,,a
1968-01-31,84,44,,a
1968-02-01,81,41,,a
1968-02-02,81,41,,a
1968-02-03,78,38.2,,a
1968-02-04,92,52.2,,a
1968-02-05,98,58.8,,a
1968-02-06,98,58.8,,a
1968-02-07,113,76.6,,a
1968-02-08,134,103,,a
1968-02-09,142,114,,a
1968-02-10,179,169,,a
1968-02-11,164,146,,a
1968-02-12,144,116,,a
1968-02-13,130,98,,a
1968-02-14,125,91.5,,a
1968-02-15,133,102,,a
1968-02-16,151,127,,a
1968-02-17,152,128,,a
1968-02-18,126,92.8,,a
1968-02-19,126,92.8,,a
1968-02-20,122,87.6,,a
1968-02-21,106,68.2,,a
1968-02-22,155,137,,a
1968-02-23,299,396,,a
1968-02-24,311,424,,a
1968-02-25,438,708,,a
1968-02-26,288,374,,a
1968-02-27,222,245,,a
1968-02-28,190,187,,a
1968-02-29,172,158,,a
1968-03-01,154,131,,a
1968-03-02,144,116,,a
1968-03-03,126,92.8,,a
1968-03-04,130,98,,a
1968-03-05,128,95.4,,a
1968-03-06,118,82.6,,a
1968-03-07,118,82.6,,a
1968-03-08,115,79,,a
1968-03-09,112,75.4,,a
1968-03-10,106,68.2,,a
1968-03-11,106,68.2,,a
1968-03-12,106,68.2,,a
1968-03-13,104,65.8,,a
1968-03-14,102,63.4,,a
1968-03-15,98,58.8,,a
1968-03-16,92,52.2,,a
1968-03-17,87,47,,a
1968-03-18,92,52.2,,a
1968-03-19,88,48,,a
1968-03-20,94,54.4,,a
1968-03-21,92,52.2,,a
1968-03-22,132,101,,a
1968-03-23,158,137,,a
1968-03-24,132,101,,a
1968-03-25,124,90.2,,a
1968-03-26,118,82.6,,a
1968-03-27,123,88.9,,a
1968-03-28,128,95.4,,a
1968-03-29,131,99.3,,a
1968-03-30,134,103,,a
1968-03-31,130,98,,a
1968-04-01,138,109,,a
1968-04-02,132,101,,a
1968-04-03,126,92.8,,a
1968-04-04,129,96.7,,a
1968-04-05,128,95.4,,a
1968-04-06,134,103,,a
1968-04-07,160,140,,a
1968-04-08,172,158,,a
1968-04-09,188,184,,a
1968-04-10,158,137,,a
1968-04-11,142,114,,a
1968-04-12,131,99.3,,a
1968-04-13,126,92.8,,a
1968-04-14,120,85,,a
1968-04-15,114,77.8,,a
1968-04-16,116,80.2,,a
1968-04-17,116,80.2,,a
1968-04-18,118,82.6,,a
1968-04-19,122,87.6,,a
1968-04-20,123,88.9,,a
1968-04-21,132,101,,a
1968-04-22,127,94.1,,a
1968-04-23,123,88.9,,a
1968-04-24,136,106,,a
1968-04-25,133,102,,a
1968-04-26,129,96.7,,a
1968-04-27,126,92.8,,a
1968-04-28,110,73,,a
1968-04-29,134,103,,a
1968-04-30,167,151,,a
1968-05-01,150,125,,a
1968-05-02,118,82.6,,a
1968-05-03,116,80.2,,a
1968-05-04,110,73,,a
1968-05-05,106,68.2,,a
1968-05-06,126,92.8,,a
1968-05-07,148,122,,a
1968-05-08,160,140,,a
1968-05-09,137,107,,a
1968-05-10,120,85,,a
1968-05-11,116,80.2,,a
1968-05-12,106,68.2,,a
1968-05-13,116,80.2,,a
1968-05-14,116,80.2,,a
1968-05-15,114,77.8,,a
1968-05-16,110,73,,a
1968-05-17,108,70.6,,a
1968-05-18,112,75.4,,a
1968-05-19,91,51.1,,a
1968-05-20,104,65.8,,a
1968-05-21,110,73,,a
1968-05-22,160,140,,a
1968-05-23,148,122,,a
1968-05-24,127,94.1,,a
1968-05-25,116,80.2,,a
1968-05-26,114,77.8,,a
1968-05-27,176,165,,a
1968-05-28,157,136,,a
1968-05-29,156,134,,a
1968-05-30,138,109,,a
1968-05-31,127,94.1,,a
1968-06-01,123,88.9,,a
1968-06-02,130,98,,a
1968-06-03,163,145,,a
1968-06-04,142,114,,a
1968-06-05,174,161,,a
1968-06-06,192,191,,a
1968-06-07,179,169,,a
1968-06-08,160,140,,a
1968-06-09,163,145,,a
1968-06-10,178,168,,a
1968-06-11,158,137,,a
1968-06-12,140,111,,a
1968-06-13,138,109,,a
1968-06-14,130,98,,a
1968-06-15,179,169,,a
1968-06-16,221,243,,a
1968-06-17,180,171,,a
1968-06-18,163,145,,a
1968-06-19,146,119,,a
1968-06-20,136,106,,a
1968-06-21,138,109,,a
1968-06-22,153,130,,a
1968-06-23,140,111,,a
1968-06-24,133,102,,a
1968-06-25,124,90.2,,a
1968-06-26,122,87.6,,a
1968-06-27,116,80.2,,a
1968-06-28,115,79,,a
1968-06-29,114,77.8,,a
1968-06-30,112,75.4,,a
1968-07-01,93,53.3,,a
1968-07-02,98,58.8,,a
1968-07-03,106,68.2,,a
1968-07-04,102,63.4,,a
1968-07-05,106,68.2,,a
1968-07-06,97,57.7,,a
1968-07-07,97,57.7,,a
1968-07-08,91,51.1,,a
1968-07-09,96,56.6,,a
1968-07-10,93,53.3,,a
1968-07-11,93,53.3,,a
1968-07-12,91,51.1,,a
1968-07-13,90,50,,a
1968-07-14,84,44,,a
1968-07-15,93,53.3,,a
1968-07-16,113,76.6,,a
1968-07-17,126,92.8,,a
1968-07-18,185,179,,a
1968-07-19,147,120,,a
1968-07-20,123,88.9,,a
1968-07-21,108,70.6,,a
1968-07-22,110,73,,a
1968-07-23,106,68.2,,a
1968-07-24,110,73,,a
1968-07-25,144,116,,a
1968-07-26,124,90.2,,a
1968-07-27,122,87.6,,a
1968-07-28,110,73,,a
1968-07-29,110,73,,a
1968-07-30,107,69.4,,a
1968-07-31,100,61,,a
1968-08-01,91,51.1,,a
1968-08-02,92,52.2,,a
1968-08-03,98,58.8,,a
1968-08-04,106,68.2,,a
1968-08-05,93,53.3,,a
1968-08-06,96,56.6,,a
1968-08-07,99,59.9,,a
1968-08-08,109,71.8,,a
1968-08-09,98,58.8,,a
1968-08-10,106,68.2,,a
1968-08-11,101,62.2,,a
1968-08-12,97,57.7,,a
1968-08-13,108,70.6,,a
1968-08-14,104,65.8,,a
1968-08-15,105,67,,a
1968-08-16,98,58.8,,a
1968-08-17,92,52.2,,a
1968-08-18,144,116,,a
1968-08-19,204,212,,a
1968-08-20,164,146,,a
1968-08-21,138,109,,a
1968-08-22,122,87.6,,a
1968-08-23,118,82.6,,a
1968-08-24,118,82.6,,a
1968-08-25,100,61,,a
1968-08-26,107,69.4,,a
1968-08-27,100,61,,a
1968-08-28,102,63.4,,a
1968-08-29,99,59.9,,a
1968-08-30,98,58.8,,a
1968-08-31,110,73,,a
1968-09-01,109,71.8,,a
1968-09-02,114,77.8,,a
1968-09-03,107,69.4,,a
1968-09-04,104,65.8,,a
1968-09-05,136,106,,a
1968-09-06,138,109,,a
1968-09-07,127,94.1,,a
1968-09-08,104,65.8,,a
1968-09-09,108,70.6,,a
1968-09-10,104,65.8,,a
1968-09-11,105,67,,a
1968-09-12,107,69.4,,a
1968-09-13,100,61,,a
1968-09-14,100,61,,a
1968-09-15,96,56.6,,a
1968-09-16,122,87.6,,a
1968-09-17,172,158,,a
1968-09-18,111,74.2,,a
1968-09-19,123,88.9,,a
1968-09-20,116,80.2,,a
1968-09-21,122,87.6,,a
1968-09-22,304,445,,a
1968-09-23,366,542,,a
1968-09-24,260,316,,a
1968-09-25,250,297,,a
1968-09-26,192,191,,a
1968-09-27,170,155,,a
1968-09-28,161,142,,a
1968-09-29,146,119,,a
1968-09-30,159,139,,a
1968-10-01,156,134,,a
1968-10-02,141,112,,a
1968-10-03,139,110,,a
1968-10-04,133,102,,a
1968-10-05,130,98,,a
1968-10-06,116,80.2,,a
1968-10-07,112,75.4,,a
1968-10-08,118,82.6,,a
1968-10-09,133,102,,a
1968-10-10,192,191,,a
1968-10-11,156,134,,a
1968-10-12,138,109,,a
1968-10-13,127,94.1,,a
1968-10-14,110,73,,a
1968-10-15,120,85,,a
1968-10-16,118,82.6,,a
1968-10-17,110,73,,a
1968-10-18,97,57.7,,a
1968-10-19,106,68.2,,a
1968-10-20,91,51.1,,a
1968-10-21,88,48,,a
1968-10-22,98,58.8,,a
1968-10-23,96,56.6,,a
1968-10-24,102,63.4,,a
1968-10-25,104,65.8,,a
1968-10-26,106,68.2,,a
1968-10-27,97,57.7,,a
1968-10-28,86,46,,a
1968-10-29,89,49,,a
1968-10-30,97,57.7,,a
1968-10-31,108,70.6,,a
1968-11-01,80,40,,a
1968-11-02,76,36.4,,a
1968-11-03,78,38.2,,a
1968-11-04,104,65.8,,a
1968-11-05,142,114,,a
1968-11-06,136,106,,a
1968-11-07,135,105,,a
1968-11-08,137,107,,a
1968-11-09,141,112,,a
1968-11-10,137,107,,a
1968-11-11,132,101,,a
1968-11-12,124,90.2,,a
1968-11-13,114,77.8,,a
1968-11-14,110,73,,a
1968-11-15,101,62.2,,a
1968-11-16,106,68.2,,a
1968-11-17,181,173,,a
1968-11-18,336,474,,a
1968-11-19,276,349,,a
1968-11-20,208,219,,a
1968-11-21,184,177,,a
1968-11-22,158,137,,a
1968-11-23,148,56.6,,a
1968-11-24,138,109,,a
1968-11-25,138,109,,a
1968-11-26,120,85,,a
1968-11-27,110,73,,a
1968-11-28,114,77.8,,a
1968-11-29,112,75.4,,a
1968-11-30,100,61,,a
1968-12-01,90,50,,a
1968-12-02,90,50,,a
1968-12-03,100,61,,a
1968-12-04,104,65.8,,a
1968-12-05,98,58.8,,a
1968-12-06,88,48,,a
1968-12-07,82,42,,a
1968-12-08,90,50,,a
1968-12-09,84,44,,a
1968-12-10,76,36.4,,a
1968-12-11,72,32.8,,a
1968-12-12,72,32.8,,a
1968-12-13,74,34.6,,a
1968-12-14,76,36.4,,a
1968-12-15,78,38.2,,a
1968-12-16,78,38.2,,a
1968-12-17,78,38.2,,a
1968-12-18,94,54.4,,a
1968-12-19,162,143,,a
1968-12-20,110,73,,a
1968-12-21,98,58.8,,a
1968-12-22,99,59.9,,a
1968-12-23,105,67,,a
1968-12-24,116,80.2,,a
1968-12-25,97,57.7,,a
1968-12-26,97,57.7,,a
1968-12-27,104,65.8,,a
1968-12-28,102,63.4,,a
1968-12-29,90,50,,a
1968-12-30,88,48,,a
1968-12-31,84,44,,a
1969-01-01,91,51.1,,a
1969-01-02,87,47,,a
1969-01-03,86,46,,a
1969-01-04,88,48,,a
1969-01-05,76,36.4,,a
1969-01-06,80,40,,a
1969-01-07,78,38.2,,a
1969-01-08,77,37.3,,a
1969-01-09,76,36.4,,a
1969-01-10,75,35.5,,a
1969-01-11,76,36.4,,a
1969-01-12,71,31.9,,a
1969-01-13,72,32.8,,a
1969-01-14,106,68.2,,a
1969-01-15,275,351,,a
1969-01-16,200,205,,a
1969-01-17,172,158,,a
1969-01-18,150,125,,a
1969-01-19,124,90.2,,a
1969-01-20,120,85,,a
1969-01-21,108,70.6,,a
1969-01-22,106,68.2,,a
1969-01-23,105,67,,a
1969-01-24,107,69.4,,a
1969-01-25,102,63.4,,a
1969-01-26,105,67,,a
1969-01-27,98,58.8,,a
1969-01-28,96,56.6,,a
1969-01-29,99,59.9,,a
1969-01-30,109,71.8,,a
1969-01-31,104,65.8,,a
1969-02-01,100,61,,a
1969-02-02,94,54.4,,a
1969-02-03,115,79,,a
1969-02-04,135,105,,a
1969-02-05,118,82.6,,a
1969-02-06,108,70.6,,a
1969-02-07,106,68.2,,a
1969-02-08,104,65.8,,a
1969-02-09,93,53.3,,a
1969-02-10,90,50,,a
1969-02-11,91,51.1,,a
1969-02-12,98,58.8,,a
1969-02-13,96,56.6,,a
1969-02-14,91,51.1,,a
1969-02-15,89,49,,a
1969-02-16,86,46,,a
1969-02-17,86,46,,a
1969-02-18,86,46,,a
1969-02-19,84,44,,a
1969-02-20,94,54.4,,a
1969-02-21,144,116,,a
1969-02-22,150,125,,a
1969-02-23,129,96.7,,a
1969-02-24,144,116,,a
1969-02-25,162,143,,a
1969-02-26,146,119,,a
1969-02-27,138,109,,a
1969-02-28,134,103,,a
1969-03-01,129,96.7,5.2,a
1969-03-02,116,80.2,5,a
1969-03-03,123,88.9,5,a
1969-03-04,120,85,4,a
1969-03-05,120,85,3.8,a
1969-03-06,114,77.8,3.4,a
1969-03-07,110,73,3,a
1969-03-08,106,68.2,3.2,a
1969-03-09,101,62.2,3.6,a
1969-03-10,111,74.2,4,a
1969-03-11,114,77.8,5,a
1969-03-12,120,85,6,a
1969-03-13,144,116,6,a
1969-03-14,210,223,6.4,a
1969-03-15,216,234,6.4,a
1969-03-16,250,297,6,a
1969-03-17,220,241,6,a
1969-03-18,204,212,6,a
1969-03-19,184,177,6,a
1969-03-20,169,154,5.4,a
1969-03-21,154,131,4.6,a
1969-03-22,122,87.6,5,a
1969-03-23,132,101,5.6,a
1969-03-24,136,106,5.6,a
1969-03-25,140,111,5.2,a
1969-03-26,131,99.3,5.2,a
1969-03-27,131,99.3,5.6,a
1969-03-28,127,94.1,5.4,a
1969-03-29,129,96.7,5,a
1969-03-30,111,74.2,5,a
1969-03-31,118,82.6,5,a
1969-04-01,123,88.9,5.8,a
1969-04-02,131,99.3,7,a
1969-04-03,146,119,6,a
1969-04-04,134,103,5.6,a
1969-04-05,137,107,5,a
1969-04-06,126,92.8,6,a
1969-04-07,135,105,7,a
1969-04-08,132,101,7,a
1969-04-09,146,119,6.4,a
1969-04-10,142,114,6.6,a
1969-04-11,146,119,6.8,a
1969-04-12,145,118,8,a
1969-04-13,173,160,8,a
1969-04-14,172,158,5.6,a
1969-04-15,160,140,5,a
1969-04-16,152,128,6.6,a
1969-04-17,145,118,6.6,a
1969-04-18,140,111,6.4,a
1969-04-19,135,105,6,a
1969-04-20,123,88.9,5.8,a
1969-04-21,116,80.2,6,a
1969-04-22,116,80.2,7.8,a
1969-04-23,210,234,8.2,a
1969-04-24,210,223,7.4,a
1969-04-25,186,181,8.4,a
1969-04-26,180,171,9,a
1969-04-27,191,189,10,a
1969-04-28,200,205,10,a
1969-04-29,206,216,10,a
1969-04-30,198,201,10.4,a
1969-05-01,188,184,9.6,a
1969-05-02,178,168,9.4,a
1969-05-03,181,173,10.6,a
1969-05-04,185,179,11,a
1969-05-05,183,176,10.4,a
1969-05-06,178,168,11,a
1969-05-07,190,187,10.2,a
1969-05-08,193,192,9.8,a
1969-05-09,182,174,10,a
1969-05-10,177,166,10,a
1969-05-11,160,140,10,a
1969-05-12,157,136,11,a
1969-05-13,162,143,12.4,a
1969-05-14,162,143,12.6,a
1969-05-15,167,151,13,a
1969-05-16,168,152,12.8,a
1969-05-17,166,149,10,a
1969-05-18,150,125,10,a
1969-05-19,184,177,12.4,a
1969-05-20,279,354,7.6,a
1969-05-21,214,230,8,a
1969-05-22,196,198,9.4,a
1969-05-23,169,154,10.4,a
1969-05-24,154,131,11,a
1969-05-25,142,114,13,a
1969-05-26,138,109,12.2,a
1969-05-27,142,114,12,a
1969-05-28,140,111,13,a
1969-05-29,144,116,13,a
1969-05-30,136,106,13,a
1969-05-31,136,106,13.2,a
1969-06-01,120,85,12.2,a
1969-06-02,122,87.6,12,a
1969-06-03,114,77.8,10.8,a
1969-06-04,124,90.2,11.4,a
1969-06-05,138,109,10.6,a
1969-06-06,176,165,10.2,a
1969-06-07,198,201,10,a
1969-06-08,194,194,10.4,a
1969-06-09,161,142,10.4,a
1969-06-10,148,122,11.6,a
1969-06-11,143,115,13,a
1969-06-12,133,102,13,a
1969-06-13,126,92.8,12.8,a
1969-06-14,127,94.1,12.4,a
1969-06-15,110,73,13.4,a
1969-06-16,111,74.2,13,a
1969-06-17,127,94.1,13.8,a
1969-06-18,139,110,13.4,a
1969-06-19,132,101,14.4,a
1969-06-20,122,87.6,12.6,a
1969-06-21,122,87.6,12.8,a
1969-06-22,112,75.4,13,a
1969-06-23,111,74.2,13.6,a
1969-06-24,106,68.2,15,a
1969-06-25,100,61,15,a
1969-06-26,104,65.8,13.6,a
1969-06-27,111,74.2,13,a
1969-06-28,102,63.4,13,a
1969-06-29,101,62.2,13.2,a
1969-06-30,87,47,12.8,a
1969-07-01,93,53.3,12.6,a
1969-07-02,106,68.2,12.8,a
1969-07-03,89,49,13.4,a
1969-07-04,80,40,14.4,a
1969-07-05,84,44,14.6,a
1969-07-06,80,40,15.4,a
1969-07-07,92,52.2,14.6,a
1969-07-08,132,101,14.8,a
1969-07-09,162,143,10.6,a
1969-07-10,153,130,12.2,a
1969-07-11,143,115,11,a
1969-07-12,126,92.8,12,a
1969-07-13,105,67,11.8,a
1969-07-14,103,64.6,12.8,a
1969-07-15,94,54.4,12.8,a
1969-07-16,86,46,13,a
1969-07-17,94,54.4,14,a
1969-07-18,102,63.4,15.4,a
1969-07-19,92,52.2,14.6,a
1969-07-20,78,38.2,15.8,a
1969-07-21,92,52.2,16,a
1969-07-22,85,45,16.4,a
1969-07-23,86,46,15,a
1969-07-24,88,48,15.4,a
1969-07-25,81,41,16.2,a
1969-07-26,82,42,15.6,a
1969-07-27,73,33.7,15.8,a
1969-07-28,90,50,16,a
1969-07-29,100,61,16.2,a
1969-07-30,87,47,16.4,a
1969-07-31,90,50,15,a
1969-08-01,120,85,14.6,a
1969-08-02,105,67,14.4,a
1969-08-03,85,45,14.4,a
1969-08-04,86,46,14.6,a
1969-08-05,87,47,15.8,a
1969-08-06,90,50,15.6,a
1969-08-07,86,46,15,a
1969-08-08,90,50,15.4,a
1969-08-09,84,44,14.2,a
1969-08-10,75,35.5,14.2,a
1969-08-11,86,46,14.6,a
1969-08-12,76,36.4,15,a
1969-08-13,88,48,15,a
1969-08-14,84,44,15.4,a
1969-08-15,76,36.4,16,a
1969-08-16,88,48,16,a
1969-08-17,110,73,15,a
1969-08-18,110,73,15,a
1969-08-19,104,65.8,14,a
1969-08-20,91,51.1,13.4,a
1969-08-21,79,39.1,13.4,a
1969-08-22,300,421,14,a
1969-08-23,305,385,11,a
1969-08-24,228,255,11.2,a
1969-08-25,274,344,11,a
1969-08-26,254,305,10.8,a
1969-08-27,221,243,11,a
1969-08-28,202,209,10.4,a
1969-08-29,187,182,10.8,a
1969-08-30,162,143,11,a
1969-08-31,147,120,11.4,a
1969-09-01,133,102,12,a
1969-09-02,121,86.3,14,a
1969-09-03,125,91.5,13.8,a
1969-09-04,118,82.6,13.4,a
1969-09-05,131,99.3,13.6,a
1969-09-06,126,92.8,13,a
1969-09-07,113,76.6,12.4,a
1969-09-08,102,63.4,12.2,a
1969-09-09,115,79,12.6,a
1969-09-10,104,65.8,12.8,a
1969-09-11,106,68.2,12.6,a
1969-09-12,94,54.4,12.4,a
1969-09-13,96,56.6,13,a
1969-09-14,87,47,12.6,a
1969-09-15,199,212,13.4,a
1969-09-16,206,216,12,a
1969-09-17,176,165,12,a
1969-09-18,157,136,12,a
1969-09-19,162,143,12,a
1969-09-20,158,137,10.8,a
1969-09-21,140,111,10.4,a
1969-09-22,134,103,11,a
1969-09-23,130,98,11.4,a
1969-09-24,116,80.2,11.6,a
1969-09-25,112,75.4,11.4,a
1969-09-26,113,76.6,11.8,a
1969-09-27,110,73,11.8,a
1969-09-28,89,49,11.8,a
1969-09-29,96,56.6,10.6,a
1969-09-30,101,62.1,11,a
1969-10-01,90,50,11.6,a
1969-10-02,94,54.4,11,a
1969-10-03,92,52.2,10,a
1969-10-04,94,54.4,10,a
1969-10-05,78,38.2,10.4,a
1969-10-06,68,29.4,10.8,a
1969-10-07,74,34.6,10.6,a
1969-10-08,72,32.8,10.8,a
1969-10-09,74,34.6,10,a
1969-10-10,74,34.6,9.6,a
1969-10-11,68,29.4,9.8,a
1969-10-12,68,29.4,9,a
1969-10-13,68,29.4,9,a
1969-10-14,78,38.2,9,a
1969-10-15,82,42,9.4,a
1969-10-16,76,36.4,9.6,a
1969-10-17,80,40,9.4,a
1969-10-18,88,48,8.8,a
1969-10-19,78,38.2,9,a
1969-10-20,68,29.4,8.8,a
1969-10-21,70,31,8.6,a
1969-10-22,64,26.2,8.6,a
1969-10-23,76,36.4,8.6,a
1969-10-24,66,27.8,8.8,a
1969-10-25,60,23,9.6,a
1969-10-26,78,38.2,9.2,a
1969-10-27,66,27.8,8.6,a
1969-10-28,62,24.6,8.4,a
1969-10-29,64,26.2,8.4,a
1969-10-30,66,27.8,7.8,a
1969-10-31,74,34.6,8,a
1969-11-01,70,31,7,a
1969-11-02,63,25.4,7,a
1969-11-03,63,25.4,7.2,a
1969-11-04,73,33.7,7.6,a
1969-11-05,69,30.2,8,a
1969-11-06,68,29.4,6.6,a
1969-11-07,70,31,5.8,a
1969-11-08,70,31,6.6,a
1969-11-09,71,31.9,7,a
1969-11-10,81,41,8.4,a
1969-11-11,88,48,7.4,a
1969-11-12,90,50,9.6,a
1969-11-13,193,208,11.4,a
1969-11-14,436,702,10.4,a
1969-11-15,427,679,9,a
1969-11-16,279,355,8,a
1969-11-17,200,206,7,a
1969-11-18,196,199,7.6,a
1969-11-19,183,178,7,a
1969-11-20,160,143,6.2,a
1969-11-21,144,121,7,a
1969-11-22,142,118,7.2,a
1969-11-23,126,97.8,7,a
1969-11-24,138,114,8.4,a
1969-11-25,170,158,7.8,a
1969-11-26,222,245,7,a
1969-11-27,201,208,6,a
1969-11-28,168,155,5,a
1969-11-29,138,114,5.2,a
1969-11-30,130,103,5.2,a
1969-12-01,127,99.1,5,a
1969-12-02,126,97.8,3,a
1969-12-03,118,87.7,3.8,a
1969-12-04,111,79.6,4,a
1969-12-05,120,90,3,a
1969-12-06,116,85.4,3.6,a
1969-12-07,106,73.9,4,a
1969-12-08,106,73.9,2,a
1969-12-09,98,64.8,3,a
1969-12-10,100,67,4,a
1969-12-11,108,76.2,4.6,a
1969-12-12,110,78.5,5.4,a
1969-12-13,100,67,5.4,a
1969-12-14,92,58.2,5,a
1969-12-15,81,47,4.8,a
1969-12-16,80,46,4,a
1969-12-17,79,45.1,4,a
1969-12-18,79,45.1,3.8,a
1969-12-19,86,52,3.6,a
1969-12-20,92,58.2,2.8,a
1969-12-21,90,56,3,a
1969-12-22,87,53,1,a
1969-12-23,90,56,0.4,a
1969-12-24,87,53,0.6,a
1969-12-25,87,53,3,a
1969-12-26,88,54,3.2,a
1969-12-27,88,54,3.8,a
1969-12-28,85,51,3.4,a
1969-12-29,75,41.5,3.4,a
1969-12-30,76,42.4,3.4,a
1969-12-31,78,44.2,4,a
1970-01-01,73,41.6,3.8,a
1970-01-02,71,40.2,4,a
1970-01-03,74,42.3,3,a
1970-01-04,74,42.3,3.6,a
1970-01-05,117,93.5,4,a
1970-01-06,306,425,4.4,a
1970-01-07,212,231,4.2,a
1970-01-08,162,152,3.2,a
1970-01-09,140,121,3.4,a
1970-01-10,124,101,3.2,a
1970-01-11,110,83.5,3.8,a
1970-01-12,134,113,4.4,a
1970-01-13,192,198,5,a
1970-01-14,172,167,5.4,a
1970-01-15,170,164,5.6,a
1970-01-16,246,293,5.8,a
1970-01-17,204,218,6,a
1970-01-18,170,164,5,a
1970-01-19,150,135,3.8,a
1970-01-20,132,111,3.6,a
1970-01-21,130,108,3.4,a
1970-01-22,116,90.7,3.2,a
1970-01-23,118,93.1,3.4,a
1970-01-24,110,83.5,3.4,a
1970-01-25,100,72,3.8,a
1970-01-26,98,70,4.4,a
1970-01-27,106,78.9,4.8,a
1970-01-28,96,68,5.8,a
1970-01-29,101,73.2,5.4,a
1970-01-30,104,76.6,5,a
1970-01-31,89,61.1,4.4,a
1970-02-01,72,47.4,4.4,a
1970-02-02,81,53.9,3.8,a
1970-02-03,80,53,4.6,a
1970-02-04,82,54.8,4.4,a
1970-02-05,86,58.4,5.6,a
1970-02-06,148,132,5.2,a
1970-02-07,124,101,5.4,a
1970-02-08,106,78.9,5.2,a
1970-02-09,90,62,4.8,a
1970-02-10,98,70,6,a
1970-02-11,101,73.2,5,a
1970-02-12,100,72,4,a
1970-02-13,96,68,4,a
1970-02-14,94,66,4.6,a
1970-02-15,93,65,4.4,a
1970-02-16,91,63,3,a
1970-02-17,84,56.6,2,a
1970-02-18,81,53.9,1.8,a
1970-02-19,80,53,2.6,a
1970-02-20,81,53.9,2.8,a
1970-02-21,76,50.2,3,a
1970-02-22,70,46,3.6,a
1970-02-23,71,46.7,4.8,a
1970-02-24,86,58.4,3.6,a
1970-02-25,86,58.4,4.6,a
1970-02-26,76,50.2,4.8,a
1970-02-27,74,48.8,4.8,a
1970-02-28,73,48.1,4.4,a
1970-03-01,72,47.4,4,a
1970-03-02,64,42.5,3.8,a
1970-03-03,64,42.5,4,a
1970-03-04,68,44.8,2.4,a
1970-03-05,74,48.8,3,a
1970-03-06,78,51.6,3.2,a
1970-03-07,70,46,3.4,a
1970-03-08,76,50.2,2.8,a
1970-03-09,60,40.2,4.6,a
1970-03-10,80,53,4.4,a
1970-03-11,66,43.7,4.6,a
1970-03-12,78,51.6,4.6,a
1970-03-13,68,44.8,5.2,a
1970-03-14,70,46,5.6,a
1970-03-15,80,53,5.4,a
1970-03-16,70,46,5.4,a
1970-03-17,92,64,4.8,a
1970-03-18,74,48.8,5,a
1970-03-19,88,60.2,5.2,a
1970-03-20,88,60.2,4.8,a
1970-03-21,92,64,5.2,a
1970-03-22,94,66,5,a
1970-03-23,125,102,5.6,a
1970-03-24,165,157,5.8,a
1970-03-25,210,228,5.2,a
1970-03-26,228,259,5.4,a
1970-03-27,218,242,6,a
1970-03-28,240,277,4.8,a
1970-03-29,186,182,4,a
1970-03-30,150,129,5.6,a
1970-03-31,140,116,6,a
1970-04-01,194,195,6.6,a
1970-04-02,214,230,5.2,a
1970-04-03,184,179,4.4,a
1970-04-04,166,152,4.2,a
1970-04-05,140,116,4.2,a
1970-04-06,138,113,4.2,a
1970-04-07,136,111,5.6,a
1970-04-08,138,113,5.6,a
1970-04-09,180,173,5.8,a
1970-04-10,220,241,6,a
1970-04-11,198,201,5.8,a
1970-04-12,172,161,6,a
1970-04-13,154,135,6,a
1970-04-14,158,140,7,a
1970-04-15,154,135,6.6,a
1970-04-16,146,124,6.2,a
1970-04-17,143,120,7.4,a
1970-04-18,146,124,8,a
1970-04-19,177,169,8.2,a
1970-04-20,190,189,9.2,a
1970-04-21,214,230,9,a
1970-04-22,210,223,6.6,a
1970-04-23,190,189,8,a
1970-04-24,188,185,9.4,a
1970-04-25,196,198,9.4,a
1970-04-26,192,192,8.6,a
1970-04-27,256,309,8,a
1970-04-28,210,223,8,a
1970-04-29,190,189,7.4,a
1970-04-30,199,203,6.6,a
1970-05-01,180,173,6.6,a
1970-05-02,164,149,6,a
1970-05-03,140,116,6.4,a
1970-05-04,140,116,7.6,a
1970-05-05,133,107,8.4,a
1970-05-06,132,106,8.8,a
1970-05-07,138,113,8.8,a
1970-05-08,158,140,9.6,a
1970-05-09,200,205,8.4,a
1970-05-10,180,173,9.2,a
1970-05-11,187,184,9.6,a
1970-05-12,186,182,9.2,a
1970-05-13,186,182,9.4,a
1970-05-14,183,178,10,a
1970-05-15,181,175,11,a
1970-05-16,180,173,10,a
1970-05-17,175,166,9.8,a
1970-05-18,170,158,9.6,a
1970-05-19,170,158,10,a
1970-05-20,161,145,10,a
1970-05-21,161,145,10,a
1970-05-22,190,189,10,a
1970-05-23,187,184,8.4,a
1970-05-24,167,154,8.6,a
1970-05-25,157,139,9.4,a
1970-05-26,147,125,10.8,a
1970-05-27,151,130,10.4,a
1970-05-28,150,129,10.6,a
1970-05-29,142,119,10,a
1970-05-30,152,132,10.2,a
1970-05-31,137,112,10,a
1970-06-01,138,113,11.4,a
1970-06-02,144,121,11.2,a
1970-06-03,141,117,10.4,a
1970-06-04,133,107,10.6,a
1970-06-05,136,111,11,a
1970-06-06,134,108,11.8,a
1970-06-07,122,92.6,12.8,a
1970-06-08,138,113,12.4,a
1970-06-09,139,115,12.4,a
1970-06-10,138,113,12.8,a
1970-06-11,142,119,12.8,a
1970-06-12,139,115,13,a
1970-06-13,127,99.1,13,a
1970-06-14,124,95.2,13.6,a
1970-06-15,130,103,12.4,a
1970-06-16,130,103,13.4,a
1970-06-17,125,96.5,13.6,a
1970-06-18,132,106,14.4,a
1970-06-19,154,135,13,a
1970-06-20,144,121,11.6,a
1970-06-21,136,111,13.2,a
1970-06-22,123,93.9,13.6,a
1970-06-23,117,86.6,14,a
1970-06-24,119,88.9,14.4,a
1970-06-25,117,86.6,13.8,a
1970-06-26,113,82,14,a
1970-06-27,113,82,14.4,a
1970-06-28,110,78.5,15.2,a
1970-06-29,111,79.7,14.8,a
1970-06-30,130,103,14.4,a
1970-07-01,160,143,12.4,a
1970-07-02,144,121,12,a
1970-07-03,153,133,13,a
1970-07-04,154,135,12,a
1970-07-05,136,111,11,a
1970-07-06,128,100,11.8,a
1970-07-07,118,87.7,12.8,a
1970-07-08,113,82,13.4,a
1970-07-09,112,80.8,14.4,a
1970-07-10,108,76.2,14.8,a
1970-07-11,106,73.9,15,a
1970-07-12,102,69.3,15.8,a
1970-07-13,101,68.2,15.8,a
1970-07-14,102,69.3,16,a
1970-07-15,132,106,16,a
1970-07-16,220,241,11.4,a
1970-07-17,173,163,10.8,a
1970-07-18,145,123,11,a
1970-07-19,130,103,11.6,a
1970-07-20,119,88.9,12.4,a
1970-07-21,114,83.1,13,a
1970-07-22,110,78.5,12.6,a
1970-07-23,107,75.1,13.8,a
1970-07-24,101,68.2,15.2,a
1970-07-25,110,78.5,14.8,a
1970-07-26,111,79.7,13.2,a
1970-07-27,98,64.8,13,a
1970-07-28,100,67,14.4,a
1970-07-29,96,62.6,15.2,a
1970-07-30,94,60.4,15.8,a
1970-07-31,92,58.2,15.6,a
1970-08-01,90,56,15.2,a
1970-08-02,93,59.3,15.6,a
1970-08-03,88,54,14.8,a
1970-08-04,94,60.4,15.6,a
1970-08-05,88,54,15,a
1970-08-06,90,56,15,a
1970-08-07,84,50.2,16.6,a
1970-08-08,88,54,16.2,a
1970-08-09,136,111,16,a
1970-08-10,134,108,13.8,a
1970-08-11,110,78.5,14.2,a
1970-08-12,106,73.9,14,a
1970-08-13,102,69.3,14,a
1970-08-14,95,61.5,13.8,a
1970-08-15,97,63.7,15,a
1970-08-16,78,45.3,14.8,a
1970-08-17,81,47.6,15,a
1970-08-18,85,51,14.4,a
1970-08-19,84,50.2,13.8,a
1970-08-20,84,50.2,15,a
1970-08-21,103,70.5,16,a
1970-08-22,142,119,14.6,a
1970-08-23,126,97.8,14,a
1970-08-24,111,79.7,13,a
1970-08-25,111,79.7,12,a
1970-08-26,106,73.9,12.2,a
1970-08-27,108,76.2,12.8,a
1970-08-28,98,64.8,13.4,a
1970-08-29,100,67,13.6,a
1970-08-30,64,36.2,13.6,a
1970-08-31,92,58.2,13.4,a
1970-09-01,90,56,13.4,a
1970-09-02,87,53,13.6,a
1970-09-03,90,56,13.8,a
1970-09-04,88,54,14.4,a
1970-09-05,90,56,14.2,a
1970-09-06,82,48.5,13.8,a
1970-09-07,93,59.3,14.2,a
1970-09-08,90,56,13.4,a
1970-09-09,86,52,14.2,a
1970-09-10,80,46.8,14.2,a
1970-09-11,78,45.3,14.6,a
1970-09-12,80,46.8,15,a
1970-09-13,78,45.3,14.6,a
1970-09-14,74,42.3,13.2,a
1970-09-15,72,40.9,13,a
1970-09-16,72,40.9,13,a
1970-09-17,80,46.8,12.4,a
1970-09-18,78,45.3,11.6,a
1970-09-19,82,48.5,11.8,a
1970-09-20,78,45.3,12,a
1970-09-21,66,37.3,13,a
1970-09-22,76,43.8,13,a
1970-09-23,72,40.9,11.4,a
1970-09-24,68,38.4,11.4,a
1970-09-25,67,37.8,11.2,a
1970-09-26,69,38.9,11.4,a
1970-09-27,66,37.3,11.8,a
1970-09-28,63,35.6,11,a
1970-09-29,75,43,10.2,a
1970-09-30,68,38.4,9.8,a
1970-10-01,65,36.7,10,a
1970-10-02,70,39.5,10.4,a
1970-10-03,61,34.5,10.6,a
1970-10-04,58,33.2,9.6,a
1970-10-05,58,33.2,9.6,a
1970-10-06,62,35.1,9.2,a
1970-10-07,61,34.5,11,a
1970-10-08,61,34.5,10.4,a
1970-10-09,64,36.2,10.4,a
1970-10-10,58,33.2,11,a
1970-10-11,60,34,11.4,a
1970-10-12,57,32.8,12,a
1970-10-13,66,37.3,12.2,a
1970-10-14,63,35.6,12,a
1970-10-15,61,34.5,11.4,a
1970-10-16,59,33.6,8.6,a
1970-10-17,58,33.2,8,a
1970-10-18,56,32.4,7.8,a
1970-10-19,60,34,7.6,a
1970-10-20,57,32.8,7.6,a
1970-10-21,168,155,6.6,a
1970-10-22,126,97.8,7,a
1970-10-23,100,67,7.4,a
1970-10-24,90,56,6.6,a
1970-10-25,82,48.5,6.4,a
1970-10-26,84,50.2,6.6,a
1970-10-27,82,48.5,6.6,a
1970-10-28,82,48.5,7.2,a
1970-10-29,81,47.6,7.6,a
1970-10-30,82,48.5,7.8,a
1970-10-31,78,45.3,8.2,a
1970-11-01,73,41.6,8,a
1970-11-02,77,44.5,7.4,a
1970-11-03,79,46,8,a
1970-11-04,76,43.8,8.6,a
1970-11-05,70,39.5,8.6,a
1970-11-06,69,38.9,8.4,a
1970-11-07,69,38.9,8.6,a
1970-11-08,63,35.6,7.2,a
1970-11-09,66,37.3,7.6,a
1970-11-10,66,37.3,7.8,a
1970-11-11,65,36.7,7,a
1970-11-12,63,35.6,6,a
1970-11-13,66,37.3,6,a
1970-11-14,100,84.6,7,a
1970-11-15,255,306,8,a
1970-11-16,212,226,7.6,a
1970-11-17,159,142,6.4,a
1970-11-18,128,100,5.8,a
1970-11-19,178,183,6.6,a
1970-11-20,367,591,6.8,a
1970-11-21,275,352,8.4,a
1970-11-22,262,322,7.6,a
1970-11-23,205,214,7.8,a
1970-11-24,176,167,7,a
1970-11-25,148,126,5.8,a
1970-11-26,136,111,6.6,a
1970-11-27,135,110,6.8,a
1970-11-28,116,85.4,6,a
1970-11-29,103,70.5,5.6,a
1970-11-30,106,73.9,5.4,a
1970-12-01,166,152,7.6,a
1970-12-02,140,116,5.8,a
1970-12-03,124,95.2,6.4,a
1970-12-04,120,90,5.8,a
1970-12-05,116,85.4,5.4,a
1970-12-06,98,64.8,5.6,a
1970-12-07,90,56,5.2,a
1970-12-08,108,76.2,5.2,a
1970-12-09,100,67,5.6,a
1970-12-10,102,69.3,5.4,a
1970-12-11,90,56,5.4,a
1970-12-12,88,54,4.2,a
1970-12-13,72,40.9,4.4,a
1970-12-14,80,46.8,4.2,a
1970-12-15,89,55,4.4,a
1970-12-16,78,45.3,4,a
1970-12-17,77,44.5,3.4,a
1970-12-18,84,50.2,4,a
1970-12-19,76,43.8,4.2,a
1970-12-20,64,36.2,3.4,a
1970-12-21,64,36.2,2,a
1970-12-22,69,38.9,3,a
1970-12-23,67,37.8,2.8,a
1970-12-24,65,36.7,3,a
1970-12-25,64,36.2,2.4,a
1970-12-26,58,33.2,2.2,a
1970-12-27,49,30.2,2,a
1970-12-28,52,31.1,2.2,a
1970-12-29,58,33.2,2,a
1970-12-30,95,61.5,2.6,a
1970-12-31,117,86.6,2.8,a
1971-01-01,90,56,2.4,a
1971-01-02,88,54,1.2,a
1971-01-03,82,48.5,1,a
1971-01-04,79,46,0.6,a
1971-01-05,78,45.3,1.6,a
1971-01-06,76,43.8,2,a
1971-01-07,71,40.2,0.8,a
1971-01-08,66,37.3,2,a
1971-01-09,65,36.7,1.4,a
1971-01-10,63,35.6,2.6,a
1971-01-11,63,35.6,2.6,a
1971-01-12,63,35.6,2,a
1971-01-13,61,34.5,2,a
1971-01-14,63,35.6,2.4,a
1971-01-15,59,33.6,3,a
1971-01-16,59,33.6,3.6,a
1971-01-17,59,33.6,4,a
1971-01-18,65,36.7,4.4,a
1971-01-19,72,40.9,4.6,a
1971-01-20,96,62.6,4,a
1971-01-21,156,137,4,a
1971-01-22,222,245,4,a
1971-01-23,226,251,4.6,a
1971-01-24,164,149,5.2,a
1971-01-25,164,149,5.2,a
1971-01-26,144,121,4.8,a
1971-01-27,172,161,4.6,a
1971-01-28,196,198,5,a
1971-01-29,157,139,5,a
1971-01-30,140,116,5.2,a
1971-01-31,136,111,5.4,a
1971-02-01,203,210,5.6,a
1971-02-02,192,192,5.4,a
1971-02-03,158,140,3.2,a
1971-02-04,134,108,4,a
1971-02-05,128,100,3.8,a
1971-02-06,115,84.3,4.4,a
1971-02-07,106,73.9,4.4,a
1971-02-08,111,79.7,4.2,a
1971-02-09,108,76.2,4,a
1971-02-10,100,67,4.4,a
1971-02-11,100,67,4.2,a
1971-02-12,97,63.7,4,a
1971-02-13,96,62.6,5,a
1971-02-14,106,73.9,5.6,a
1971-02-15,110,78.5,5,a
1971-02-16,126,97.8,5.2,a
1971-02-17,134,108,5.2,a
1971-02-18,127,99.1,5.8,a
1971-02-19,110,78.5,5.2,a
1971-02-20,108,76.2,4.4,a
1971-02-21,102,69.3,4.6,a
1971-02-22,104,71.6,4.4,a
1971-02-23,106,73.9,4.2,a
1971-02-24,106,73.9,4.2,a
1971-02-25,100,67,4.4,a
1971-02-26,104,71.6,4,a
1971-02-27,98,64.8,2.4,a
1971-02-28,84,50.2,2.2,a
1971-03-01,81,47.6,2.4,a
1971-03-02,77,44.5,2.2,a
1971-03-03,76,43.8,2.8,a
1971-03-04,74,42.3,2.2,a
1971-03-05,72,40.9,2.6,a
1971-03-06,70,39.5,1.6,a
1971-03-07,66,37.3,2,a
1971-03-08,67,37.8,2,a
1971-03-09,66,37.3,2.8,a
1971-03-10,65,36.7,3.6,a
1971-03-11,69,38.9,3.2,a
1971-03-12,66,37.3,4,a
1971-03-13,64,36.2,3.8,a
1971-03-14,60,34,5.2,a
1971-03-15,61,34.5,5.4,a
1971-03-16,64,36.2,5,a
1971-03-17,69,38.9,6.2,a
1971-03-18,69,38.9,6.2,a
1971-03-19,100,68,6.8,a
1971-03-20,250,295,5.6,a
1971-03-21,200,205,5.8,a
1971-03-22,195,197,7.4,a
1971-03-23,210,223,6.6,a
1971-03-24,184,179,6.2,a
1971-03-25,155,136,5.4,a
1971-03-26,148,126,6.6,a
1971-03-27,142,119,6,a
1971-03-28,122,92.6,6.4,a
1971-03-29,120,90,6.4,a
1971-03-30,114,83.1,6.4,a
1971-03-31,114,83.1,7.2,a
1971-04-01,107,75.1,7.2,a
1971-04-02,120,90,7.4,a
1971-04-03,119,88.9,7.4,a
1971-04-04,142,119,8,a
1971-04-05,272,345,6.8,a
1971-04-06,198,208,6.6,a
1971-04-07,174,170,7,a
1971-04-08,162,152,8,a
1971-04-09,160,149,8.4,a
1971-04-10,152,138,8.8,a
1971-04-11,142,125,8.8,a
1971-04-12,144,127,8.8,a
1971-04-13,140,122,8,a
1971-04-14,135,116,8.6,a
1971-04-15,126,104,8.4,a
1971-04-16,128,107,8.2,a
1971-04-17,130,109,8,a
1971-04-18,124,102,8.8,a
1971-04-19,130,109,8.4,a
1971-04-20,126,104,9,a
1971-04-21,133,113,9.8,a
1971-04-22,134,114,10,a
1971-04-23,150,135,10,a
1971-04-24,144,127,9.8,a
1971-04-25,155,142,9.8,a
1971-04-26,140,122,9.4,a
1971-04-27,135,116,9,a
1971-04-28,157,145,9,a
1971-04-29,180,179,7.4,a
1971-04-30,170,164,8.6,a
1971-05-01,188,191,8,a
1971-05-02,172,172,8.8,a
1971-05-03,168,161,9.6,a
1971-05-04,198,207,9,a
1971-05-05,181,181,9,a
1971-05-06,174,170,8.6,a
1971-05-07,154,141,10,a
1971-05-08,153,139,11.2,a
1971-05-09,130,109,11.4,a
1971-05-10,142,125,11,a
1971-05-11,150,135,11.6,a
1971-05-12,146,130,10.8,a
1971-05-13,146,130,11.2,a
1971-05-14,136,117,11.6,a
1971-05-15,135,116,11,a
1971-05-16,124,102,11.7,a
1971-05-17,135,116,12.2,a
1971-05-18,132,112,12.4,a
1971-05-19,135,116,12.6,a
1971-05-20,131,110,12.4,a
1971-05-21,129,108,12.8,a
1971-05-22,128,107,13.2,a
1971-05-23,120,96.7,12.6,a
1971-05-24,119,95.5,11.2,a
1971-05-25,117,93.2,11.6,a
1971-05-26,110,85.1,12.4,a
1971-05-27,112,87.4,11.6,a
1971-05-28,114,89.7,10.8,a
1971-05-29,115,90.9,11,a
1971-05-30,99,73.2,11.4,a
1971-05-31,109,84,11.6,a
1971-06-01,110,85.1,11,a
1971-06-02,107,81.8,11,a
1971-06-03,103,77.5,11.8,a
1971-06-04,109,84,12.2,a
1971-06-05,93,66.9,12.6,a
1971-06-06,84,58,13,a
1971-06-07,98,72.1,13,a
1971-06-08,102,76.4,12.8,a
1971-06-09,108,82.9,13,a
1971-06-10,124,102,12.6,a
1971-06-11,161,151,11.2,a
1971-06-12,152,138,10.8,a
1971-06-13,120,96.7,11.2,a
1971-06-14,117,93.2,11.6,a
1971-06-15,108,82.9,11.8,a
1971-06-16,124,102,12,a
1971-06-17,137,118,11.4,a
1971-06-18,126,104,11.4,a
1971-06-19,110,85.1,10.4,a
1971-06-20,90,63.8,10.6,a
1971-06-21,96,70,11.8,a
1971-06-22,96,70,13.8,a
1971-06-23,97,71.1,13.8,a
1971-06-24,96,70,13.6,a
1971-06-25,97,71.1,14.2,a
1971-06-26,104,78.6,14.2,a
1971-06-27,100,74.2,15,a
1971-06-28,112,87.4,13.8,a
1971-06-29,122,99.2,13,a
1971-06-30,112,87.4,12.6,a
1971-07-01,104,78.6,11.8,a
1971-07-02,100,74.2,12,a
1971-07-03,95,69,12.8,a
1971-07-04,87,60.9,13.6,a
1971-07-05,76,50.7,14.4,a
1971-07-06,92,65.9,14.4,a
1971-07-07,89,62.8,14.6,a
1971-07-08,84,58,14.6,a
1971-07-09,79,53.3,14.8,a
1971-07-10,77,51.6,15.4,a
1971-07-11,57,35.3,15.6,a
1971-07-12,86,60,16.2,a
1971-07-13,83,57.1,16.2,a
1971-07-14,89,62.8,16.6,a
1971-07-15,86,60,14.8,a
1971-07-16,92,65.9,15.2,a
1971-07-17,82,56.1,16.6,a
1971-07-18,79,53.3,16.6,a
1971-07-19,86,60,15.8,a
1971-07-20,89,62.8,14.6,a
1971-07-21,83,57.1,13.8,a
1971-07-22,72,47.2,14.2,a
1971-07-23,74,49,13.8,a
1971-07-24,76,50.7,14.8,a
1971-07-25,71,46.4,15.2,a
1971-07-26,70,45.5,15,a
1971-07-27,68,43.9,15.8,a
1971-07-28,70,45.5,15.4,a
1971-07-29,60,37.5,15.6,a
1971-07-30,76,50.7,15.6,a
1971-07-31,59,36.8,16.2,a
1971-08-01,59,36.8,16.6,a
1971-08-02,58,36.1,15.8,a
1971-08-03,65,41.5,16.2,a
1971-08-04,62,39.1,16.2,a
1971-08-05,72,47.2,17,a
1971-08-06,73,48.1,17,a
1971-08-07,70,45.5,16.8,a
1971-08-08,54,33.2,16.2,a
1971-08-09,62,39.1,15.8,a
1971-08-10,66,42.3,15.4,a
1971-08-11,66,42.3,15.2,a
1971-08-12,66,42.3,15.4,a
1971-08-13,80,54.2,14.8,a
1971-08-14,60,37.5,14.8,a
1971-08-15,53,32.5,14.4,a
1971-08-16,53,32.5,16.4,a
1971-08-17,71,46.4,16.4,a
1971-08-18,71,46.4,15,a
1971-08-19,63,39.9,15.2,a
1971-08-20,63,39.9,15.4,a
1971-08-21,60,37.5,15.8,a
1971-08-22,48,29,16.2,a
1971-08-23,48,29,16,a
1971-08-24,65,41.5,15.8,a
1971-08-25,59,36.8,14.8,a
1971-08-26,63,39.9,14.8,a
1971-08-27,91,64.8,14.4,a
1971-08-28,100,74.2,13.4,a
1971-08-29,79,53.3,13,a
1971-08-30,69,44.7,13.6,a
1971-08-31,77,51.6,14.2,a
1971-09-01,81,55.2,12.8,a
1971-09-02,80,54.2,12.6,a
1971-09-03,83,57.1,12.8,a
1971-09-04,63,39.9,13.2,a
1971-09-05,48,29,14,a
1971-09-06,48,29,13,a
1971-09-07,51,31,12,a
1971-09-08,50,30.3,11.8,a
1971-09-09,52,31.7,12,a
1971-09-10,54,33.2,12.4,a
1971-09-11,55,33.9,12.2,a
1971-09-12,45,27,11.6,a
1971-09-13,49,29.6,11.4,a
1971-09-14,48,29,11.8,a
1971-09-15,52,31.7,11.4,a
1971-09-16,56,34.6,9.6,a
1971-09-17,62,39.1,9.4,a
1971-09-18,59,36.8,9.8,a
1971-09-19,53,32.5,9.6,a
1971-09-20,46,27.7,10.4,a
1971-09-21,42,25,11,a
1971-09-22,45,27,11.6,a
1971-09-23,43,25.7,11.6,a
1971-09-24,40,23.7,12.2,a
1971-09-25,39,23.1,12,a
1971-09-26,38,22.6,11.8,a
1971-09-27,38,22.6,12.4,a
1971-09-28,40,23.7,12.2,a
1971-09-29,47,28.3,11,a
1971-09-30,42,25,11.1,a
1971-10-01,53,32.5,11.2,a
1971-10-02,48,29,11.2,a
1971-10-03,44,26.3,11.4,a
1971-10-04,44,26.3,11.2,a
1971-10-05,50,30.3,11,a
1971-10-06,49,29.6,9.4,a
1971-10-07,47,28.3,8,a
1971-10-08,40,23.7,8.6,a
1971-10-09,41,24.4,8.8,a
1971-10-10,44,26.3,9,a
1971-10-11,47,28.3,9.6,a
1971-10-12,47,28.3,9.4,a
1971-10-13,48,29,9.6,a
1971-10-14,48,29,10.4,a
1971-10-15,116,92.1,10.8,a
1971-10-16,123,100,8.2,a
1971-10-17,83,57.1,7.6,a
1971-10-18,70,45.5,6.4,a
1971-10-19,62,39.1,6.8,a
1971-10-20,64,40.7,6.6,a
1971-10-21,56,34.6,7,a
1971-10-22,53,32.5,7.8,a
1971-10-23,52,31.7,7.8,a
1971-10-24,49,29.6,8.4,a
1971-10-25,46,27.7,8.6,a
1971-10-26,45,27,8.6,a
1971-10-27,52,31.7,8.2,a
1971-10-28,53,32.5,7.2,a
1971-10-29,41,24.4,6.2,a
1971-10-30,34,20.3,5.2,a
1971-10-31,34,20.3,5.2,a
1971-11-01,34,20.3,4.8,a
1971-11-02,33,19.7,5.4,a
1971-11-03,34,20.3,6,a
1971-11-04,33,19.7,6.2,a
1971-11-05,51,31,6.2,a
1971-11-06,35,20.9,8,a
1971-11-07,34,20.3,7.8,a
1971-11-08,33,19.7,9,a
1971-11-09,116,92.1,9.4,a
1971-11-10,141,123,8.8,a
1971-11-11,230,263,8.6,a
1971-11-12,192,197,8.6,a
1971-11-13,163,154,7.6,a
1971-11-14,107,81.8,8,a
1971-11-15,100,74.2,7.2,a
1971-11-16,83,57.1,6.8,a
1971-11-17,75,49.9,6,a
1971-11-18,77,51.6,6.6,a
1971-11-19,93,66.9,7.8,a
1971-11-20,139,121,6.2,a
1971-11-21,99,73.2,5.2,a
1971-11-22,91,64.8,4.2,a
1971-11-23,85,59,3.6,a
1971-11-24,89,62.8,4.2,a
1971-11-25,78,52.5,4.2,a
1971-11-26,76,50.7,3.6,a
1971-11-27,63,39.9,3.6,a
1971-11-28,62,39.1,4,a
1971-11-29,71,46.4,3.4,a
1971-11-30,62,39.1,4.2,a
1971-12-01,70,45.5,4.2,a
1971-12-02,75,49.9,4.4,a
1971-12-03,82,56.1,4.6,a
1971-12-04,71,46.4,5,a
1971-12-05,61,38.3,5,a
1971-12-06,73,48.1,4.8,a
1971-12-07,90,63.8,4.4,a
1971-12-08,89,62.8,5,a
1971-12-09,93,66.9,3.8,a
1971-12-10,68,43.9,2.4,a
1971-12-11,71,46.4,2.6,a
1971-12-12,62,39.1,2.6,a
1971-12-13,69,44.7,2.4,a
1971-12-14,69,44.7,2.8,a
1971-12-15,75,49.9,3,a
1971-12-16,61,38.3,3.2,a
1971-12-17,63,39.3,3,a
1971-12-18,60,37.5,2.8,a
1971-12-19,60,37.5,2.8,a
1971-12-20,59,36.8,2.6,a
1971-12-21,68,43.9,3,a
1971-12-22,66,42.3,3.2,a
1971-12-23,70,45.5,3.6,a
1971-12-24,73,48.1,3.8,a
1971-12-25,64,40.7,4.2,a
1971-12-26,57,35.3,4.2,a
1971-12-27,67,43.1,3.2,a
1971-12-28,69,44.7,2.8,a
1971-12-29,65,41.5,3.4,a
1971-12-30,73,48.1,3,a
1971-12-31,62,39.1,3.8,a
1972-01-01,57,35.5,3.8,a
1972-01-02,54,30,4,a
1972-01-03,47,29.4,4,a
1972-01-04,58,37.6,3.2,a
1972-01-05,61,37.6,4.2,a
1972-01-06,62,46.2,4.2,a
1972-01-07,64,48.2,4.6,a
1972-01-08,51,32.4,4,a
1972-01-09,44,26.3,4.6,a
1972-01-10,45,29.4,4.2,a
1972-01-11,56,33,4.2,a
1972-01-12,63,38.3,4.4,a
1972-01-13,61,38.3,3.6,a
1972-01-14,55,32.3,2.8,a
1972-01-15,47,27.3,2.8,a
1972-01-16,47,24.2,2.2,a
1972-01-17,46,25.9,1.4,a
1972-01-18,48,25.9,1.2,a
1972-01-19,46,29.9,1,a
1972-01-20,44,25.9,1.6,a
1972-01-21,42,25.7,2.2,a
1972-01-22,40,23.5,2.8,a
1972-01-23,40,21.6,2.4,a
1972-01-24,39,23,3,a
1972-01-25,40,23.5,3,a
1972-01-26,44,23.5,2.4,a
1972-01-27,50,22.7,2.4,a
1972-01-28,47,24.1,3,a
1972-01-29,46,25,3,a
1972-01-30,40,22.2,3.2,a
1972-01-31,41,26.2,3.4,a
1972-02-01,48,31.2,3.4,a
1972-02-02,45,29.1,3.4,a
1972-02-03,48,31.2,3.6,a
1972-02-04,49,31.9,3.4,a
1972-02-05,40,25.5,3.4,a
1972-02-06,39,24.9,3.2,a
1972-02-07,46,29.8,4.2,a
1972-02-08,63,43.2,4.2,a
1972-02-09,98,77.4,4.4,a
1972-02-10,162,157,4.2,a
1972-02-11,148,137,4.6,a
1972-02-12,147,136,4.2,a
1972-02-13,152,143,4.6,a
1972-02-14,136,122,4.4,a
1972-02-15,114,95.2,4.6,a
1972-02-16,99,78.4,3.8,a
1972-02-17,98,77.4,3.2,a
1972-02-18,88,66.7,4.4,a
1972-02-19,83,61.6,5,a
1972-02-20,147,136,5.2,a
1972-02-21,144,132,5,a
1972-02-22,128,124,5,a
1972-02-23,122,106,5.2,a
1972-02-24,114,95.2,5.6,a
1972-02-25,111,91.7,5.8,a
1972-02-26,124,107,5.8,a
1972-02-27,103,82.8,6,a
1972-02-28,126,109,6.2,a
1972-02-29,136,122,5.8,a
1972-03-01,134,119,5.8,a
1972-03-02,126,109,6.2,a
1972-03-03,120,102,6.4,a
1972-03-04,106,86.2,6.4,a
1972-03-05,96,75.2,6.4,a
1972-03-06,156,148,5.8,a
1972-03-07,160,154,6.2,a
1972-03-08,221,259,7,a
1972-03-09,238,281,6.2,a
1972-03-10,237,280,6.4,a
1972-03-11,197,211,6.6,a
1972-03-12,168,166,5.6,a
1972-03-13,155,147,3.6,a
1972-03-14,130,114,4.4,a
1972-03-15,124,107,4.8,a
1972-03-16,116,97.4,5.2,a
1972-03-17,112,92.9,6,a
1972-03-18,112,92.9,6.4,a
1972-03-19,109,89.5,6.4,a
1972-03-20,117,98.6,6.2,a
1972-03-21,114,95.2,6.6,a
1972-03-22,103,82.8,7.2,a
1972-03-23,118,99.7,7.2,a
1972-03-24,112,92.9,7,a
1972-03-25,114,95.2,7.2,a
1972-03-26,104,83.9,7,a
1972-03-27,106,86.2,8.2,a
1972-03-28,122,106,7.8,a
1972-03-29,129,113,8,a
1972-03-30,118,99.7,7.4,a
1972-03-31,112,92.9,7.6,a
1972-04-01,104,83.9,8.4,a
1972-04-02,93,72,8.2,a
1972-04-03,112,92.9,7.8,a
1972-04-04,110,90.6,9.4,a
1972-04-05,130,114,10,a
1972-04-06,237,280,7.8,a
1972-04-07,176,185,7.4,a
1972-04-08,155,154,8.6,a
1972-04-09,156,155,9.4,a
1972-04-10,159,160,7.6,a
1972-04-11,146,142,7.4,a
1972-04-12,208,236,8.4,a
1972-04-13,212,242,8,a
1972-04-14,186,200,8.2,a
1972-04-15,168,173,8.6,a
1972-04-16,162,164,8.8,a
1972-04-17,171,178,7.8,a
1972-04-18,156,155,8.2,a
1972-04-19,150,147,8,a
1972-04-20,141,135,8.4,a
1972-04-21,167,172,8.6,a
1972-04-22,206,232,8.4,a
1972-04-23,190,206,8,a
1972-04-24,175,184,9,a
1972-04-25,167,172,8,a
1972-04-26,152,150,6.8,a
1972-04-27,136,129,7,a
1972-04-28,128,118,8.4,a
1972-04-29,120,108,7.4,a
1972-04-30,114,101,8.2,a
1972-05-01,106,91.2,9,a
1972-05-02,100,84.2,9.2,a
1972-05-03,104,88.8,10.2,a
1972-05-04,109,94.6,10.2,a
1972-05-05,132,124,9.4,a
1972-05-06,128,118,9.8,a
1972-05-07,111,97,10.4,a
1972-05-08,115,102,10.2,a
1972-05-09,118,106,10.6,a
1972-05-10,120,108,10.8,a
1972-05-11,151,148,10,a
1972-05-12,160,161,9.2,a
1972-05-13,158,158,10.4,a
1972-05-14,259,334,9.2,a
1972-05-15,262,329,9,a
1972-05-16,356,525,9.2,a
1972-05-17,294,391,8.4,a
1972-05-18,231,275,8.6,a
1972-05-19,188,203,9.6,a
1972-05-20,177,187,10,a
1972-05-21,179,190,9.6,a
1972-05-22,170,176,9.4,a
1972-05-23,155,154,10.2,a
1972-05-24,150,147,11.2,a
1972-05-25,141,135,11.8,a
1972-05-26,144,139,11.8,a
1972-05-27,145,141,13,a
1972-05-28,212,242,11,a
1972-05-29,178,188,9.6,a
1972-05-30,162,164,11.2,a
1972-05-31,150,147,11.6,a
1972-06-01,187,204,11,a
1972-06-02,222,259,9.6,a
1972-06-03,230,273,10.2,a
1972-06-04,191,208,11,a
1972-06-05,170,176,11.4,a
1972-06-06,153,151,12,a
1972-06-07,153,151,12.4,a
1972-06-08,143,138,12.8,a
1972-06-09,138,131,13.2,a
1972-06-10,135,128,12.6,a
1972-06-11,118,106,12.2,a
1972-06-12,136,129,13,a
1972-06-13,195,214,11.6,a
1972-06-14,169,175,11.4,a
1972-06-15,153,151,12,a
1972-06-16,133,125,12,a
1972-06-17,132,124,12.8,a
1972-06-18,171,178,12,a
1972-06-19,155,154,11.8,a
1972-06-20,130,121,12.6,a
1972-06-21,123,112,13.2,a
1972-06-22,116,103,13.8,a
1972-06-23,109,94.6,14.4,a
1972-06-24,145,141,13,a
1972-06-25,127,117,12.2,a
1972-06-26,123,112,12.6,a
1972-06-27,113,99.5,13.2,a
1972-06-28,110,95.8,14,a
1972-06-29,108,93.5,14.8,a
1972-06-30,104,88.8,14.8,a
1972-07-01,106,91.2,13,a
1972-07-02,102,86.5,13,a
1972-07-03,98,82.1,11.8,a
1972-07-04,93,76.7,12.8,a
1972-07-05,90,73.5,13.4,a
1972-07-06,86,69.4,13,a
1972-07-07,92,75.6,13.2,a
1972-07-08,96,79.9,14,a
1972-07-09,92,75.6,14.4,a
1972-07-10,88,71.4,15,a
1972-07-11,104,88.8,13.6,a
1972-07-12,152,150,12.2,a
1972-07-13,156,155,11.4,a
1972-07-14,140,134,11.6,a
1972-07-15,118,106,13,a
1972-07-16,140,134,14,a
1972-07-17,146,142,14.2,a
1972-07-18,129,120,14.4,a
1972-07-19,116,103,15,a
1972-07-20,126,116,14.2,a
1972-07-21,118,106,14.4,a
1972-07-22,114,101,14.8,a
1972-07-23,98,82.1,15,a
1972-07-24,92,75.6,14.6,a
1972-07-25,98,82.1,15,a
1972-07-26,100,84.2,14.8,a
1972-07-27,95,78.9,14.6,a
1972-07-28,94,77.8,14.2,a
1972-07-29,114,101,14.8,a
1972-07-30,124,113,13.6,a
1972-07-31,112,98.2,14.4,a
1972-08-01,104,88.8,14.4,a
1972-08-02,100,84.2,14,a
1972-08-03,102,86.5,13.8,a
1972-08-04,96,79.9,13,a
1972-08-05,90,73.5,13,a
1972-08-06,82,65.3,14,a
1972-08-07,84,67.3,14,a
1972-08-08,87,70.4,15,a
1972-08-09,86,69.4,14.8,a
1972-08-10,84,67.3,14.8,a
1972-08-11,81,64.2,15.6,a
1972-08-12,67,50.5,15.6,a
1972-08-13,53,38.2,13,a
1972-08-14,66,49.6,17,a
1972-08-15,67,50.5,17,a
1972-08-16,75,58.3,13.2,a
1972-08-17,66,49.6,15.4,a
1972-08-18,77,60.2,15.2,a
1972-08-19,74,57.3,13.4,a
1972-08-20,111,91.9,12,a
1972-08-21,82,60.6,11.2,a
1972-08-22,75,54,11,a
1972-08-23,76,54.9,11.2,a
1972-08-24,69,48.5,11.6,a
1972-08-25,71,50.3,12,a
1972-08-26,60,40.6,12.8,a
1972-08-27,59,39.8,13,a
1972-08-28,64,44.1,13.2,a
1972-08-29,65,45,13.4,a
1972-08-30,64,44.1,13.6,a
1972-08-31,66,45.9,12.6,a
1972-09-01,54,35.8,12.4,a
1972-09-02,67,46.8,12.2,a
1972-09-03,52,34.2,13,a
1972-09-04,58,39,12.4,a
1972-09-05,64,44.1,12.6,a
1972-09-06,63,43.2,12.8,a
1972-09-07,62,42.4,12.8,a
1972-09-08,60,40.6,13,a
1972-09-09,72,51.2,13,a
1972-09-10,58,39,13.6,a
1972-09-11,75,54,13,a
1972-09-12,84,62.6,10.8,a
1972-09-13,87,65.7,9.8,a
1972-09-14,80,58.5,10,a
1972-09-15,68,47.6,10.4,a
1972-09-16,82,60.6,10,a
1972-09-17,97,76.3,10,a
1972-09-18,82,80.6,10,a
1972-09-19,88,66.7,10,a
1972-09-20,84,62.6,10.4,a
1972-09-21,86,64.7,10.4,a
1972-09-22,84,62.6,10.6,a
1972-09-23,70,49.4,10.6,a
1972-09-24,58,39,10.8,a
1972-09-25,66,45.9,10,a
1972-09-26,77,55.8,9.6,a
1972-09-27,56,37.4,9,a
1972-09-28,62,42.4,8.6,a
1972-09-29,62,42.4,9,a
1972-09-30,55,36.6,9.2,a
1972-10-01,47,30.5,10,a
1972-10-02,53,35,10.4,a
1972-10-03,54,35.8,9.8,a
1972-10-04,56,37.4,8.4,a
1972-10-05,52,34.2,7.4,a
1972-10-06,62,42.4,8.6,a
1972-10-07,49,31.9,9.4,a
1972-10-08,44,28.3,10,a
1972-10-09,45,29.1,10,a
1972-10-10,52,34.2,9.8,a
1972-10-11,49,31.9,9.4,a
1972-10-12,49,31.9,10,a
1972-10-13,46,29.8,11,a
1972-10-14,57,38.2,10.4,a
1972-10-15,45,29.1,9.4,a
1972-10-16,50,32.6,8.6,a
1972-10-17,45,29.1,8.2,a
1972-10-18,48,31.2,8,a
1972-10-19,45,29.1,7.2,a
1972-10-20,49,31.9,6.8,a
1972-10-21,46,29.8,7.2,a
1972-10-22,41,28.2,7,a
1972-10-23,43,27.6,6.6,a
1972-10-24,44,28.3,6.4,a
1972-10-25,48,31.2,6.6,a
1972-10-26,47,30.5,7.6,a
1972-10-27,44,31.1,9,a
1972-10-28,42,29.5,9.2,a
1972-10-29,86,69.4,8.4,a
1972-10-30,90,73.5,8.2,a
1972-10-31,72,55.3,8,a
1972-11-01,58,42.4,8,a
1972-11-02,60,44.1,8,a
1972-11-03,62,45.9,7.6,a
1972-11-04,50,35.7,7.2,a
1972-11-05,46,32.6,7.4,a
1972-11-06,43,30.3,7.2,a
1972-11-07,49,34.9,7.4,a
1972-11-08,46,32.6,7,a
1972-11-09,54,39.1,7.2,a
1972-11-10,49,34.9,7.4,a
1972-11-11,59,43.3,8,a
1972-11-12,168,173,7.4,a
1972-11-13,112,98.2,6,a
1972-11-14,104,88.8,7.6,a
1972-11-15,162,171,8.6,a
1972-11-16,196,216,6.2,a
1972-11-17,147,143,6.4,a
1972-11-18,186,216,7,a
1972-11-19,261,332,7,a
1972-11-20,184,197,7,a
1972-11-21,204,229,6.8,a
1972-11-22,170,176,6.8,a
1972-11-23,153,151,7,a
1972-11-24,176,185,5.2,a
1972-11-25,150,147,5.2,a
1972-11-26,125,115,4,a
1972-11-27,120,108,3.6,a
1972-11-28,110,95.8,3.4,a
1972-11-29,96,79.9,4,a
1972-11-30,88,71.4,4,a
1972-12-01,146,145,5,a
1972-12-02,234,280,5.6,a
1972-12-03,212,242,6.2,a
1972-12-04,189,205,7,a
1972-12-05,162,164,7,a
1972-12-06,145,141,7.6,a
1972-12-07,129,120,5.2,a
1972-12-08,120,108,5,a
1972-12-09,127,117,6.6,a
1972-12-10,234,280,6.6,a
1972-12-11,182,194,6.2,a
1972-12-12,148,144,6,a
1972-12-13,134,126,6,a
1972-12-14,120,108,5.4,a
1972-12-15,113,99.5,5.2,a
1972-12-16,104,88.8,5,a
1972-12-17,96,79.9,5,a
1972-12-18,86,69.4,4.6,a
1972-12-19,99,83.1,4.4,a
1972-12-20,92,75.6,4.6,a
1972-12-21,84,67.3,4.6,a
1972-12-22,81,64.2,3.6,a
1972-12-23,75,58.3,2.8,a
1972-12-24,61,45,2.6,a
1972-12-25,66,49.6,2.4,a
1972-12-26,72,55.3,2.6,a
1972-12-27,74,57.3,3.2,a
1972-12-28,69,52.4,4.2,a
1972-12-29,72,55.3,2.4,a
1972-12-30,57,41.6,2.2,a
1972-12-31,63,46.9,1.6,a
1973-01-01,52,37.4,2.8,a
1973-01-02,63,46.9,2.6,a
1973-01-03,67,50.5,3.6,a
1973-01-04,66,49.6,4.2,a
1973-01-05,72,55.3,4.8,a
1973-01-06,65,48.7,4.8,a
1973-01-07,56,40.7,4,a
1973-01-08,59,43.3,4.4,a
1973-01-09,56,40.7,4.4,a
1973-01-10,65,48.7,4,a
1973-01-11,60,44.1,4.2,a
1973-01-12,66,49.6,3.6,a
1973-01-13,52,37.4,4,a
1973-01-14,47,33.4,3,a
1973-01-15,47,33.4,3.8,a
1973-01-16,64,47.8,4.6,a
1973-01-17,54,39.1,4,a
1973-01-18,53,38.2,4,a
1973-01-19,59,43.3,4.4,a
1973-01-20,62,45.9,4.4,a
1973-01-21,52,37.4,4.6,a
1973-01-22,55,39.9,4.6,a
1973-01-23,65,48.7,4.6,a
1973-01-24,66,49.6,4.2,a
1973-01-25,56,40.7,4.4,a
1973-01-26,58,42.4,3.4,a
1973-01-27,49,34.9,3,a
1973-01-28,42,29.5,3,a
1973-01-29,40,28,2.6,a
1973-01-30,46,32.6,2.4,a
1973-01-31,46,32.6,3,a
1973-02-01,49,34.9,3.8,a
1973-02-02,48,34.2,4,a
1973-02-03,51,36.5,4.2,a
1973-02-04,43,30.3,4.6,a
1973-02-05,46,32.6,5,a
1973-02-06,48,34.2,4.6,a
1973-02-07,43,30.3,4.4,a
1973-02-08,48,34.2,3.6,a
1973-02-09,54,39.1,5.2,a
1973-02-10,80,63.2,5.2,a
1973-02-11,102,86.5,4,a
1973-02-12,86,69.4,4.2,a
1973-02-13,78,61.2,3,a
1973-02-14,124,113,3.4,a
1973-02-15,104,88.8,3.4,a
1973-02-16,90,73.5,4,a
1973-02-17,76,59.2,4,a
1973-02-18,66,49.6,3.4,a
1973-02-19,70,53.3,3,a
1973-02-20,62,45.9,3,a
1973-02-21,65,48.7,3,a
1973-02-22,59,43.3,4,a
1973-02-23,64,47.8,4.4,a
1973-02-24,60,44.1,5,a
1973-02-25,57,41.6,3.8,a
1973-02-26,57,41.6,3,a
1973-02-27,56,40.7,2.8,a
1973-02-28,55,39.9,2.4,a
1973-03-01,54,39.1,2.8,a
1973-03-02,60,44.1,3,a
1973-03-03,51,36.5,4.2,a
1973-03-04,50,35.7,4.8,a
1973-03-05,54,39.1,5,a
1973-03-06,64,47.8,4.8,a
1973-03-07,72,55.3,5,a
1973-03-08,80,63.2,5,a
1973-03-09,78,61.2,4.6,a
1973-03-10,66,49.6,3.8,a
1973-03-11,62,45.9,4.2,a
1973-03-12,54,39.1,3.4,a
1973-03-13,50,35.7,4.6,a
1973-03-14,49,34.9,4.4,a
1973-03-15,47,33.4,4.8,a
1973-03-16,44,31.1,4.8,a
1973-03-17,46,32.6,5,a
1973-03-18,45,31.9,4.6,a
1973-03-19,48,34.2,4.6,a
1973-03-20,49,34.9,4.6,a
1973-03-21,50,35.7,4.8,a
1973-03-22,51,36.5,5.2,a
1973-03-23,58,42.4,5.4,a
1973-03-24,68,51.5,5.6,a
1973-03-25,72,55.3,6.6,a
1973-03-26,82,65.3,6.6,a
1973-03-27,85,68.4,7.6,a
1973-03-28,93,76.7,7.4,a
1973-03-29,102,86.5,7.2,a
1973-03-30,95,78.9,7,a
1973-03-31,94,77.8,6.6,a
1973-04-01,81,64.2,7.4,a
1973-04-02,87,70.4,7.6,a
1973-04-03,91,74.6,8.2,a
1973-04-04,87,70.4,5.6,a
1973-04-05,79,62.2,5.8,a
1973-04-06,74,57.3,6.4,a
1973-04-07,72,55.3,7.6,a
1973-04-08,65,48.7,8,a
1973-04-09,118,113,6.6,a
1973-04-10,348,506,5.6,a
1973-04-11,254,317,5.8,a
1973-04-12,190,206,5.2,a
1973-04-13,158,158,6,a
1973-04-14,136,129,5.8,a
1973-04-15,109,94.6,5.8,a
1973-04-16,101,85.4,6,a
1973-04-17,94,77.8,6,a
1973-04-18,94,77.8,7.6,a
1973-04-19,91,74.6,6.8,a
1973-04-20,89,72.5,7,a
1973-04-21,81,64.2,6.8,a
1973-04-22,72,55.3,6.8,a
1973-04-23,78,61.2,7,a
1973-04-24,83,66.3,8,a
1973-04-25,88,71.4,8,a
1973-04-26,88,71.4,8.2,a
1973-04-27,82,65.3,9,a
1973-04-28,80,63.2,8.2,a
1973-04-29,85,68.4,9,a
1973-04-30,110,95.8,8.8,a
1973-05-01,107,92.3,10,a
1973-05-02,117,104,11.2,a
1973-05-03,141,135,11.4,a
1973-05-04,144,139,11.8,a
1973-05-05,138,131,11.4,a
1973-05-06,147,143,11.6,a
1973-05-07,147,143,12,a
1973-05-08,144,139,10.2,a
1973-05-09,132,124,9.4,a
1973-05-10,120,108,9.6,a
1973-05-11,109,94.6,10.4,a
1973-05-12,110,95.8,10.2,a
1973-05-13,87,70.4,10.2,a
1973-05-14,88,71.4,9.8,a
1973-05-15,89,72.5,11,a
1973-05-16,106,91.2,11,a
1973-05-17,101,85.4,9.4,a
1973-05-18,92,75.6,9.6,a
1973-05-19,83,66.3,10,a
1973-05-20,76,59.2,12,a
1973-05-21,106,91.2,12.6,a
1973-05-22,98,82.1,12,a
1973-05-23,94,77.8,12.2,a
1973-05-24,102,86.5,13,a
1973-05-25,101,85.4,12.6,a
1973-05-26,91,74.6,12,a
1973-05-27,78,61.2,11.8,a
1973-05-28,74,57.3,11.6,a
1973-05-29,80,63.2,12.4,a
1973-05-30,82,65.3,13,a
1973-05-31,76,59.2,13.2,a
1973-06-01,82,65.3,13,a
1973-06-02,76,59.2,13,a
1973-06-03,66,49.6,13.4,a
1973-06-04,63,46.9,14,a
1973-06-05,79,62.2,13.8,a
1973-06-06,81,64.2,13.2,a
1973-06-07,172,184,14,a
1973-06-08,241,294,13.2,a
1973-06-09,168,173,12,a
1973-06-10,138,131,10.2,a
1973-06-11,109,94.6,12,a
1973-06-12,100,84.2,13,a
1973-06-13,88,71.4,13.6,a
1973-06-14,90,73.5,14,a
1973-06-15,87,70.4,15,a
1973-06-16,91,74.6,13.2,a
1973-06-17,70,53.3,13.2,a
1973-06-18,76,59.2,13.3,a
1973-06-19,74,57.3,13.2,a
1973-06-20,70,53.3,13.6,a
1973-06-21,79,62.2,14.2,a
1973-06-22,85,68.4,13.4,a
1973-06-23,288,388,12.4,a
1973-06-24,202,225,11.2,a
1973-06-25,158,158,11.6,a
1973-06-26,134,126,12,a
1973-06-27,111,97,13.2,a
1973-06-28,99,83.1,14.2,a
1973-06-29,98,82.1,14.6,a
1973-06-30,102,86.5,14.2,a
1973-07-01,84,67.3,13.8,a
1973-07-02,86,69.4,14.4,a
1973-07-03,82,65.3,14.4,a
1973-07-04,73,56.3,14.6,a
1973-07-05,77,60.2,14.8,a
1973-07-06,88,71.4,15.6,a
1973-07-07,76,59.2,15.6,a
1973-07-08,60,44.1,14.8,a
1973-07-09,80,63.2,15.4,a
1973-07-10,90,73.5,15,a
1973-07-11,76,59.2,13.4,a
1973-07-12,75,58.3,14.2,a
1973-07-13,83,66.3,14.2,a
1973-07-14,79,62.2,14.4,a
1973-07-15,72,55.3,14.6,a
1973-07-16,102,86.5,15,a
1973-07-17,96,79.9,14,a
1973-07-18,92,75.6,15.2,a
1973-07-19,117,104,14.8,a
1973-07-20,128,118,13.6,a
1973-07-21,102,86.5,14,a
1973-07-22,93,76.7,14.6,a
1973-07-23,141,135,13.4,a
1973-07-24,136,129,13.2,a
1973-07-25,131,122,12,a
1973-07-26,114,101,11.2,a
1973-07-27,102,86.5,12.2,a
1973-07-28,98,82.1,12.4,a
1973-07-29,82,65.3,12.2,a
1973-07-30,84,67.3,12.6,a
1973-07-31,80,63.2,13.4,a
1973-08-01,84,67.3,13.2,a
1973-08-02,70,53.3,13.6,a
1973-08-03,76,59.2,14.4,a
1973-08-04,72,55.3,14.2,a
1973-08-05,61,45,14.2,a
1973-08-06,66,49.6,14.2,a
1973-08-07,65,48.7,15,a
1973-08-08,90,73.5,15.6,a
1973-08-09,82,65.3,13.8,a
1973-08-10,70,53.3,13.2,a
1973-08-11,62,45.9,14,a
1973-08-12,56,40.7,14.6,a
1973-08-13,68,51.5,15,a
1973-08-14,66,49.6,15.4,a
1973-08-15,65,48.7,14.4,a
1973-08-16,66,49.6,14,a
1973-08-17,62,45.9,14.2,a
1973-08-18,58,42.4,14.4,a
1973-08-19,60,44.1,14.6,a
1973-08-20,60,44.1,14.6,a
1973-08-21,54,39.1,15,a
1973-08-22,60,44.1,15.4,a
1973-08-23,58,42.4,14.6,a
1973-08-24,48,34.2,14.2,a
1973-08-25,52,37.4,14.8,a
1973-08-26,52,37.4,14.8,a
1973-08-27,52,37.4,13.6,a
1973-08-28,61,45,13.6,a
1973-08-29,78,61.2,13.6,a
1973-08-30,84,67.3,13,a
1973-08-31,72,55.3,13.2,a
1973-09-01,66,49.6,13.2,a
1973-09-02,62,45.9,13,a
1973-09-03,64,47.8,13.4,a
1973-09-04,51,36.5,13.4,a
1973-09-05,61,45,14.4,a
1973-09-06,56,40.7,14.2,a
1973-09-07,55,39.9,14.2,a
1973-09-08,47,33.4,14.4,a
1973-09-09,47,33.4,14,a
1973-09-10,52,37.4,14,a
1973-09-11,52,37.4,14.2,a
1973-09-12,56,40.7,13,a
1973-09-13,46,32.6,12,a
1973-09-14,38,26.6,11.4,a
1973-09-15,36,25.2,11.2,a
1973-09-16,32,22.4,13,a
1973-09-17,40,28,13.4,a
1973-09-18,50,35.7,13.8,a
1973-09-19,65,48.7,13.8,a
1973-09-20,65,48.7,13,a
1973-09-21,60,44.1,13,a
1973-09-22,118,111,13.4,a
1973-09-23,156,155,11.2,a
1973-09-24,166,177,11.4,a
1973-09-25,433,708,12,a
1973-09-26,422,678,10.2,a
1973-09-27,336,482,10,a
1973-09-28,271,356,9.6,a
1973-09-29,199,233,9.6,a
1973-09-30,177,201,10,a
1973-10-01,408,640,9.4,a
1973-10-02,361,535,9.2,a
1973-10-03,263,340,9.8,a
1973-10-04,214,257,9.6,a
1973-10-05,188,216,10.2,a
1973-10-06,176,199,10,a
1973-10-07,154,169,10,a
1973-10-08,145,157,10.4,a
1973-10-09,136,146,10,a
1973-10-10,133,142,10.2,a
1973-10-11,127,135,10,a
1973-10-12,128,136,10.2,a
1973-10-13,144,156,8.8,a
1973-10-14,153,168,8.4,a
1973-10-15,219,263,8.6,a
1973-10-16,226,300,9,a
1973-10-17,380,574,10,a
1973-10-18,241,300,8.8,a
1973-10-19,194,225,8.6,a
1973-10-20,165,184,7.4,a
1973-10-21,148,161,8.2,a
1973-10-22,128,136,8.6,a
1973-10-23,110,114,8.2,a
1973-10-24,100,103,7.2,a
1973-10-25,100,103,6.6,a
1973-10-26,86,87.9,5.2,a
1973-10-27,89,91.1,5,a
1973-10-28,71,72.7,5.4,a
1973-10-29,69,70.8,5.6,a
1973-10-30,74,75.7,5.8,a
1973-10-31,73,74.7,6.2,a
1973-11-01,68,69.8,6.6,a
1973-11-02,65,67.1,5,a
1973-11-03,68,69.8,4.8,a
1973-11-04,58,60.6,4.8,a
1973-11-05,54,57.1,6.6,a
1973-11-06,121,143,8,a
1973-11-07,283,381,6.6,a
1973-11-08,171,192,6,a
1973-11-09,133,142,6,a
1973-11-10,118,124,6.2,a
1973-11-11,84,85.9,6.4,a
1973-11-12,92,94.3,6.2,a
1973-11-13,85,86.9,6.2,a
1973-11-14,84,85.9,7.6,a
1973-11-15,78,79.7,7.8,a
1973-11-16,75,76.7,8,a
1973-11-17,66,68,7.8,a
1973-11-18,52,55.4,6.6,a
1973-11-19,57,59.8,5.8,a
1973-11-20,58,60.6,6.6,a
1973-11-21,53,56.2,6,a
1973-11-22,48,51.9,5.4,a
1973-11-23,52,55.4,5,a
1973-11-24,51,54.5,6,a
1973-11-25,50,53.6,7.4,a
1973-11-26,56,58.9,6.6,a
1973-11-27,54,57.1,5.8,a
1973-11-28,52,55.4,4.8,a
1973-11-29,38,43.8,3.4,a
1973-11-30,42,47,2.2,a
1973-12-01,46,50.3,2,a
1973-12-02,41,46.1,1,a
1973-12-03,41,46.1,1,a
1973-12-04,32,39.1,0.2,a
1973-12-05,40,45.3,0.4,a
1973-12-06,40,45.3,0.6,a
1973-12-07,36,42.2,4,a
1973-12-08,38,43.8,4.2,a
1973-12-09,76,77.7,4.6,a
1973-12-10,68,69.8,3.8,a
1973-12-11,53,56.2,2.4,a
1973-12-12,50,53.6,1.6,a
1973-12-13,34,40.7,2,a
1973-12-14,42,47,3.6,a
1973-12-15,45,49.5,3.6,a
1973-12-16,27,35.4,3.6,a
1973-12-17,30,37.6,3.8,a
1973-12-18,39,44.5,4.4,a
1973-12-19,39,44.5,4.6,a
1973-12-20,40,45.3,5.6,a
1973-12-21,38,43.8,5.6,a
1973-12-22,142,154,5.6,a
1973-12-23,96,98.6,5.8,a
1973-12-24,92,94.3,6.4,a
1973-12-25,135,145,6.8,a
1973-12-26,167,187,6.6,a
1973-12-27,125,132,5.6,a
1973-12-28,104,107,5.2,a
1973-12-29,100,103,4.6,a
1973-12-30,69,70.8,4.8,a
1973-12-31,72,73.7,4.4,a
1974-01-01,78,79.7,4,a
1974-01-02,70,71.7,4.2,a
1974-01-03,74,75.7,4.6,a
1974-01-04,72,73.7,5,a
1974-01-05,59,61.5,5.2,a
1974-01-06,59,61.5,5.4,a
1974-01-07,65,67.1,5,a
1974-01-08,58,60.6,5.4,a
1974-01-09,54,57.1,5.4,a
1974-01-10,54,57.1,5,a
1974-01-11,43,47.8,5,a
1974-01-12,48,51.9,5,a
1974-01-13,41,46.1,4.8,a
1974-01-14,47,51.1,4.6,a
1974-01-15,63,65.2,4.4,a
1974-01-16,56,58.9,4.8,a
1974-01-17,48,51.9,5.2,a
1974-01-18,43,47.8,4.4,a
1974-01-19,40,45.3,5,a
1974-01-20,38,43.8,4.4,a
1974-01-21,48,51.9,4.4,a
1974-01-22,49,52.8,4.6,a
1974-01-23,50,53.6,4.4,a
1974-01-24,49,52.8,4.6,a
1974-01-25,48,51.9,4.8,a
1974-01-26,39,44.5,4.8,a
1974-01-27,32,39.1,4.6,a
1974-01-28,36,42.2,4.8,a
1974-01-29,44,48.6,5,a
1974-01-30,30,37.6,5.2,a
1974-01-31,41,46.1,5.4,a
1974-02-01,42,47,6.4,a
1974-02-02,49,52.8,6.4,a
1974-02-03,56,58.9,4.6,a
1974-02-04,86,87.9,6.8,a
1974-02-05,78,79.7,6,a
1974-02-06,60,62.4,6.2,a
1974-02-07,137,147,5.6,a
1974-02-08,103,106,5,a
1974-02-09,74,75.7,4.2,a
1974-02-10,58,60.6,5,a
1974-02-11,54,57.1,5.2,a
1974-02-12,57,59.8,6,a
1974-02-13,60,62.4,6.2,a
1974-02-14,62,64.3,6,a
1974-02-15,57,59.8,7.2,a
1974-02-16,52,55.4,7.2,a
1974-02-17,39,44.5,7,a
1974-02-18,55,58,7.4,a
1974-02-19,58,60.6,6.4,a
1974-02-20,60,62.4,7,a
1974-02-21,60,62.4,6.8,a
1974-02-22,58,60.6,6,a
1974-02-23,38,43.8,5.6,a
1974-02-24,40,45.3,5,a
1974-02-25,44,48.6,5.4,a
1974-02-26,45,49.5,5.4,a
1974-02-27,42,47,5,a
1974-02-28,45,49.5,5,a
1974-03-01,48,51.9,5,a
1974-03-02,38,43.8,5.4,a
1974-03-03,29,36.9,5,a
1974-03-04,26,34.7,5.2,a
1974-03-05,34,40.7,5,a
1974-03-06,67,68.9,4.2,a
1974-03-07,72,73.7,4.8,a
1974-03-08,84,85.9,5.4,a
1974-03-09,68,69.8,5.4,a
1974-03-10,47,51.1,5.2,a
1974-03-11,49,52.8,4.8,a
1974-03-12,56,58.9,5.8,a
1974-03-13,54,57.1,5.4,a
1974-03-14,52,55.4,5.4,a
1974-03-15,57,59.8,5.4,a
1974-03-16,52,55.4,5,a
1974-03-17,56,58.9,5.6,a
1974-03-18,59,61.5,6.2,a
1974-03-19,78,79.7,7.6,a
1974-03-20,102,105,8,a
1974-03-21,101,104,7.6,a
1974-03-22,106,110,8,a
1974-03-23,103,106,8.6,a
1974-03-24,76,77.7,7.8,a
1974-03-25,78,79.7,8.4,a
1974-03-26,77,78.7,8.8,a
1974-03-27,90,92.1,9,a
1974-03-28,84,85.9,8.8,a
1974-03-29,89,91.1,8.2,a
1974-03-30,68,69.8,9,a
1974-03-31,53,56.2,8.6,a
1974-04-01,68,69.8,8.4,a
1974-04-02,71,72.7,8.8,a
1974-04-03,67,68.9,7.8,a
1974-04-04,50,53.6,7.8,a
1974-04-05,50,53.6,7.8,a
1974-04-06,48,51.9,7.8,a
1974-04-07,32,39.1,8,a
1974-04-08,44,48.6,8.2,a
1974-04-09,43,47.8,8.4,a
1974-04-10,44,48.6,8.6,a
1974-04-11,48,51.9,8.8,a
1974-04-12,59,61.5,9,a
1974-04-13,50,53.6,9,a
1974-04-14,44,48.6,8.6,a
1974-04-15,53,56.2,8.4,a
1974-04-16,52,55.4,8,a
1974-04-17,50,53.6,7,a
1974-04-18,44,48.6,7,a
1974-04-19,43,47.8,7.2,a
1974-04-20,41,46.1,7,a
1974-04-21,30,37.6,8.2,a
1974-04-22,45,49.5,8,a
1974-04-23,45,49.5,8.4,a
1974-04-24,38,43.8,8.4,a
1974-04-25,44,48.6,8.6,a
1974-04-26,49,52.8,8.2,a
1974-04-27,39,44.5,8.6,a
1974-04-28,40,45.3,9,a
1974-04-29,186,213,8.2,a
1974-04-30,178,202,8.6,a
1974-05-01,150,164,9,a
1974-05-02,129,137,8.8,a
1974-05-03,102,105,9,a
1974-05-04,101,104,9,a
1974-05-05,98,101,8.8,a
1974-05-06,95,97.6,9.2,a
1974-05-07,91,93.2,9.6,a
1974-05-08,96,98.6,9.2,a
1974-05-09,85,86.2,9.4,a
1974-05-10,81,82.7,9.6,a
1974-05-11,79,80.7,10.2,a
1974-05-12,60,62.4,10,a
1974-05-13,67,68.9,10.4,a
1974-05-14,67,68.9,11.2,a
1974-05-15,69,70.8,11.4,a
1974-05-16,69,70.8,11.2,a
1974-05-17,70,71.7,11.4,a
1974-05-18,62,64.3,11.2,a
1974-05-19,51,54.5,11.6,a
1974-05-20,64,66.1,12,a
1974-05-21,66,68,12.6,a
1974-05-22,55,58,12.4,a
1974-05-23,69,70.8,12.2,a
1974-05-24,71,72.7,10.8,a
1974-05-25,66,68,9.4,a
1974-05-26,72,73.7,10,a
1974-05-27,68,69.8,11.4,a
1974-05-28,57,59.8,12.4,a
1974-05-29,57,59.8,12.2,a
1974-05-30,52,55.4,12,a
1974-05-31,46,50.3,13.4,a
1974-06-01,68,69.8,13,a
1974-06-02,83,84.8,13,a
1974-06-03,77,78.7,12.2,a
1974-06-04,63,65.2,13,a
1974-06-05,65,67.1,13.8,a
1974-06-06,61,63.3,14,a
1974-06-07,89,91.1,12.8,a
1974-06-08,89,91.1,12.2,a
1974-06-09,72,73.7,10.8,a
1974-06-10,147,167,10.2,a
1974-06-11,194,225,9.2,a
1974-06-12,141,152,9.8,a
1974-06-13,120,126,10,a
1974-06-14,108,112,11.4,a
1974-06-15,90,92.1,11,a
1974-06-16,76,77.7,12,a
1974-06-17,67,68.9,12.4,a
1974-06-18,68,69.8,13.4,a
1974-06-19,66,68,13,a
1974-06-20,71,72.7,12.6,a
1974-06-21,72,73.7,13.2,a
1974-06-22,64,66.1,12.6,a
1974-06-23,46,50.3,13.2,a
1974-06-24,77,78.7,14,a
1974-06-25,84,85.9,12.6,a
1974-06-26,81,82.7,13,a
1974-06-27,73,74.7,13.4,a
1974-06-28,91,93.2,13.6,a
1974-06-29,178,223,12.4,a
1974-06-30,303,415,10.6,a
1974-07-01,180,205,11,a
1974-07-02,144,156,12,a
1974-07-03,113,118,13,a
1974-07-04,97,99.7,13.4,a
1974-07-05,90,92.1,13.6,a
1974-07-06,84,85.9,13.6,a
1974-07-07,77,78.7,14.2,a
1974-07-08,66,68,13.4,a
1974-07-09,80,81.7,13.4,a
1974-07-10,68,69.8,13.2,a
1974-07-11,68,69.8,14.2,a
1974-07-12,58,60.6,14.4,a
1974-07-13,60,62.4,15.2,a
1974-07-14,46,50.3,15.2,a
1974-07-15,71,72.7,16,a
1974-07-16,112,116,14.8,a
1974-07-17,78,79.7,14.6,a
1974-07-18,79,80.7,15,a
1974-07-19,115,120,13.4,a
1974-07-20,92,94.3,11.6,a
1974-07-21,77,78.7,11.8,a
1974-07-22,64,66.1,11.8,a
1974-07-23,61,63.3,12.4,a
1974-07-24,61,63.3,13.4,a
1974-07-25,113,117,14.4,a
1974-07-26,153,168,10.8,a
1974-07-27,122,128,12.2,a
1974-07-28,87,89,14,a
1974-07-29,81,82.7,14.2,a
1974-07-30,68,69.8,14,a
1974-07-31,71,72.7,15,a
1974-08-01,55,58,15.2,a
1974-08-02,58,60.6,16.4,a
1974-08-03,57,59.8,15.8,a
1974-08-04,47,51.1,16.4,a
1974-08-05,54,57.1,15.6,a
1974-08-06,51,54.5,16,a
1974-08-07,56,58.9,14,a
1974-08-08,54,57.1,14,a
1974-08-09,50,53.6,14.4,a
1974-08-10,48,51.9,14.2,a
1974-08-11,80,81.7,13.6,a
1974-08-12,87,89,12.6,a
1974-08-13,76,77.7,12.6,a
1974-08-14,66,68,13.4,a
1974-08-15,59,61.5,14.6,a
1974-08-16,54,57.1,15.8,a
1974-08-17,35,41.5,17,a
1974-08-18,31,38.4,16.6,a
1974-08-19,43,47.8,16.2,a
1974-08-20,50,53.6,16.6,a
1974-08-21,53,56.2,16.4,a
1974-08-22,51,54.5,16,a
1974-08-23,66,68,15.6,a
1974-08-24,50,53.6,15,a
1974-08-25,34,40.7,14.2,a
1974-08-26,42,47,14,a
1974-08-27,50,53.6,13.8,a
1974-08-28,67,68.9,13.6,a
1974-08-29,111,115,13,a
1974-08-30,93,95.4,12.8,a
1974-08-31,80,81.7,12.8,a
1974-09-01,68,69.8,14,a
1974-09-02,57,59.8,14,a
1974-09-03,58,60.6,13.6,a
1974-09-04,65,67.1,14.2,a
1974-09-05,90,92.1,13,a
1974-09-06,80,81.7,12.2,a
1974-09-07,111,115,13,a
1974-09-08,102,105,12.6,a
1974-09-09,87,89,12,a
1974-09-10,74,75.7,12.8,a
1974-09-11,77,78.7,13,a
1974-09-12,67,68.9,12.6,a
1974-09-13,61,63.3,13,a
1974-09-14,42,47,13,a
1974-09-15,49,52.8,13.4,a
1974-09-16,51,54.5,13.8,a
1974-09-17,45,49.5,13.6,a
1974-09-18,40,45.3,13.8,a
1974-09-19,43,47.8,13.6,a
1974-09-20,44,48.6,13.4,a
1974-09-21,50,53.6,12.6,a
1974-09-22,44,48.6,11.8,a
1974-09-23,82,83.8,11.4,a
1974-09-24,231,284,10.6,a
1974-09-25,315,439,10,a
1974-09-26,188,216,9.4,a
1974-09-27,144,156,9.2,a
1974-09-28,109,113,9.4,a
1974-09-29,95,97.6,9.6,a
1974-09-30,112,116,10.6,a
1974-10-01,103,106,9.4,a
1974-10-02,96,98.6,9.6,a
1974-10-03,97,99.7,8.2,a
1974-10-04,157,187,9,a
1974-10-05,304,423,8.6,a
1974-10-06,190,219,8.6,a
1974-10-07,150,164,8.4,a
1974-10-08,178,202,8.8,a
1974-10-09,179,204,7.8,a
1974-10-10,161,178,8.4,a
1974-10-11,137,147,8.2,a
1974-10-12,130,138,8.6,a
1974-10-13,137,147,8.8,a
1974-10-14,131,139,8.4,a
1974-10-15,117,122,7.8,a
1974-10-16,104,107,8,a
1974-10-17,98,101,7.6,a
1974-10-18,89,91.1,7,a
1974-10-19,83,84.8,8.4,a
1974-10-20,123,139,9,a
1974-10-21,248,312,7.8,a
1974-10-22,169,190,6.8,a
1974-10-23,137,147,6.6,a
1974-10-24,115,120,7,a
1974-10-25,102,105,7.6,a
1974-10-26,93,95.4,8,a
1974-10-27,87,89,7.6,a
1974-10-28,83,84.8,8,a
1974-10-29,75,76.7,7.2,a
1974-10-30,70,71.7,6.4,a
1974-10-31,56,58.9,6.4,a
1974-11-01,60,62.4,6.4,a
1974-11-02,56,58.9,5.6,a
1974-11-03,51,54.5,5.6,a
1974-11-04,52,55.4,5.6,a
1974-11-05,54,57.1,7,a
1974-11-06,67,68.9,6.6,a
1974-11-07,70,71.7,6.8,a
1974-11-08,69,70.8,6.8,a
1974-11-09,66,68,6,a
1974-11-10,58,60.6,5.4,a
1974-11-11,58,60.6,5.6,a
1974-11-12,56,58.9,5,a
1974-11-13,56,58.9,6.4,a
1974-11-14,57,59.8,7.2,a
1974-11-15,54,57.1,8.4,a
1974-11-16,54,57.1,8.6,a
1974-11-17,70,71.7,9,a
1974-11-18,99,102,8.4,a
1974-11-19,92,94.3,8.4,a
1974-11-20,129,137,7,a
1974-11-21,98,101,7,a
1974-11-22,89,91.1,7.4,a
1974-11-23,76,77.7,7.2,a
1974-11-24,71,72.7,7.4,a
1974-11-25,71,72.7,8,a
1974-11-26,104,107,7.2,a
1974-11-27,82,83.8,6.4,a
1974-11-28,86,87.9,6.2,a
1974-11-29,92,94.3,5.8,a
1974-11-30,78,79.7,5.6,a
1974-12-01,74,75.7,5.2,a
1974-12-02,69,70.8,5.4,a
1974-12-03,58,60.6,5.2,a
1974-12-04,60,62.4,5.2,a
1974-12-05,57,59.8,5.2,a
1974-12-06,57,59.8,5,a
1974-12-07,51,54.5,5,a
1974-12-08,53,56.2,4.4,a
1974-12-09,53,56.2,4.6,a
1974-12-10,49,52.8,5.4,a
1974-12-11,44,48.6,5.4,a
1974-12-12,58,60.6,5.6,a
1974-12-13,60,62.4,5.4,a
1974-12-14,48,51.9,4.4,a
1974-12-15,48,51.9,3.4,a
1974-12-16,47,51.1,3.4,a
1974-12-17,42,47,3.4,a
1974-12-18,45,49.5,4.8,a
1974-12-19,42,47,5,a
1974-12-20,26,34.7,4.6,a
1974-12-21,32,39.1,4.2,a
1974-12-22,30,37.6,3.8,a
1974-12-23,24,33.2,4,a
1974-12-24,24,33.2,4.6,a
1974-12-25,26,34.7,5,a
1974-12-26,39,44.5,5.6,a
1974-12-27,33,39.9,5.6,a
1974-12-28,28,36.1,5.6,a
1974-12-29,28,36.1,5,a
1974-12-30,32,39.1,5.6,a
1974-12-31,39,44.5,4.4,a
1975-01-01,38,43.8,4.2,a
1975-01-02,28,36.1,3.8,a
1975-01-03,30,37.6,4.6,a
1975-01-04,30,37.6,4,a
1975-01-05,36,42.2,4,a
1975-01-06,32,39.1,3.6,a
1975-01-07,32,39.1,4.2,a
1975-01-08,30,37.6,5.2,a
1975-01-09,23,32.5,4,a
1975-01-10,22,31.8,3.2,a
1975-01-11,26,34.7,3,a
1975-01-12,28,36.1,3.6,a
1975-01-13,11,24.3,4.1,a
1975-01-14,24,33.2,3.3,a
1975-01-15,24,33.2,4.3,a
1975-01-16,23,32.5,5,a
1975-01-17,20,30.3,6,a
1975-01-18,29,36.9,6.3,a
1975-01-19,25,34,7,a
1975-01-20,36,42.2,6.2,a
1975-01-21,32,39.1,6.2,a
1975-01-22,26,34.7,6.2,a
1975-01-23,26,34.7,6.2,a
1975-01-24,28,36.1,6.4,a
1975-01-25,25,34,6,a
1975-01-26,20,30.3,6.2,a
1975-01-27,20,30.3,6.2,a
1975-01-28,23,32.5,7,a
1975-01-29,24,33.2,6.2,a
1975-01-30,28,36.1,5.6,a
1975-01-31,26,34.7,6.2,a
1975-02-01,20,30.3,5.6,a
1975-02-02,21,31,6,a
1975-02-03,20,30.3,5.6,a
1975-02-04,20,30.3,5,a
1975-02-05,20,30.3,5,a
1975-02-06,20,30.3,4.4,a
1975-02-07,17,28.3,3.8,a
1975-02-08,15,27,3.8,a
1975-02-09,12,24.9,3.4,a
1975-02-10,20,30.3,3,a
1975-02-11,18,29,4.4,a
1975-02-12,16,27.6,5.6,a
1975-02-13,16,27.6,5.4,a
1975-02-14,17,28.3,5.4,a
1975-02-15,14,26.3,5.8,a
1975-02-16,14,26.3,4.4,a
1975-02-17,15,27,3.8,a
1975-02-18,17,28.3,2.4,a
1975-02-19,14,26.3,3.2,a
1975-02-20,14,26.3,4,a
1975-02-21,12,24.9,3.6,a
1975-02-22,10,23.6,3.8,a
1975-02-23,12,24.9,3,a
1975-02-24,12,24.9,3.4,a
1975-02-25,12,24.9,3,a
1975-02-26,12,24.9,4,a
1975-02-27,11,24.3,3.6,a
1975-02-28,14,26.3,3,a
1975-03-01,11,24.3,3.4,a
1975-03-02,11,24.3,4.6,a
1975-03-03,11,24.3,5.4,a
1975-03-04,12,24.9,6.4,a
1975-03-05,20,30.3,7.2,a
1975-03-06,26,34.7,6.2,a
1975-03-07,20,30.3,6.6,a
1975-03-08,20,30.3,6.4,a
1975-03-09,13,25.6,7.2,a
1975-03-10,16,27.6,7.8,a
1975-03-11,38,43.8,8,a
1975-03-12,46,50.3,7.4,a
1975-03-13,71,72.7,6.8,a
1975-03-14,96,98.6,6.4,a
1975-03-15,78,79.7,6.6,a
1975-03-16,57,59.8,6.6,a
1975-03-17,69,70.8,6.6,a
1975-03-18,80,81.7,5.4,a
1975-03-19,148,161,4.2,a
1975-03-20,218,262,4.4,a
1975-03-21,148,161,4.6,a
1975-03-22,114,119,4.6,a
1975-03-23,97,99.7,4.6,a
1975-03-24,88,90,4.2,a
1975-03-25,67,68.9,4,a
1975-03-26,68,69.8,4.2,a
1975-03-27,66,68,5,a
1975-03-28,129,137,4.8,a
1975-03-29,219,263,4.2,a
1975-03-30,161,178,4,a
1975-03-31,138,148,4.2,a
1975-04-01,132,141,5,a
1975-04-02,118,124,5.8,a
1975-04-03,114,119,5.8,a
1975-04-04,159,176,6,a
1975-04-05,308,425,5.8,a
1975-04-06,437,702,6.6,a
1975-04-07,553,1075,6.2,a
1975-04-08,464,763,6,a
1975-04-09,297,417,6.6,a
1975-04-10,236,311,6.8,a
1975-04-11,184,233,6.2,a
1975-04-12,150,188,6.6,a
1975-04-13,137,172,6.8,a
1975-04-14,130,163,7.6,a
1975-04-15,132,166,8.6,a
1975-04-16,143,180,8.4,a
1975-04-17,135,170,7.6,a
1975-04-18,131,164,8,a
1975-04-19,124,156,8.6,a
1975-04-20,116,147,8.6,a
1975-04-21,120,151,9,a
1975-04-22,134,168,9.8,a
1975-04-23,131,164,8.4,a
1975-04-24,130,163,8.8,a
1975-04-25,123,155,9,a
1975-04-26,120,151,8.6,a
1975-04-27,108,138,7.6,a
1975-04-28,91,119,8,a
1975-04-29,82,110,8.8,a
1975-04-30,92,120,9.8,a
1975-05-01,94,122,10.4,a
1975-05-02,88,116,9,a
1975-05-03,78,106,9.2,a
1975-05-04,82,110,10,a
1975-05-05,88,116,9.4,a
1975-05-06,150,188,8.8,a
1975-05-07,144,181,9.2,a
1975-05-08,217,279,8.6,a
1975-05-09,198,252,8.4,a
1975-05-10,149,187,8.8,a
1975-05-11,132,166,9.4,a
1975-05-12,126,158,10.4,a
1975-05-13,125,157,10.2,a
1975-05-14,120,151,9.8,a
1975-05-15,118,149,10.8,a
1975-05-16,114,144,11,a
1975-05-17,114,144,11,a
1975-05-18,108,138,11.4,a
1975-05-19,102,132,12.4,a
1975-05-20,110,140,12.8,a
1975-05-21,109,139,13.4,a
1975-05-22,117,148,13.8,a
1975-05-23,139,175,12,a
1975-05-24,153,192,10.2,a
1975-05-25,142,178,9.6,a
1975-05-26,127,159,10.2,a
1975-05-27,116,147,11.4,a
1975-05-28,118,149,11.6,a
1975-05-29,105,135,11.6,a
1975-05-30,108,138,12,a
1975-05-31,128,161,11,a
1975-06-01,131,164,10.8,a
1975-06-02,304,430,9,a
1975-06-03,288,400,8.8,a
1975-06-04,231,302,8.6,a
1975-06-05,196,250,8.8,a
1975-06-06,138,212,9,a
1975-06-07,118,193,9,a
1975-06-08,109,178,10,a
1975-06-09,92,137,9.8,a
1975-06-10,92,127,11.4,a
1975-06-11,92,120,11.2,a
1975-06-12,82,110,11.2,a
1975-06-13,84,112,12,a
1975-06-14,81,109,13.6,a
1975-06-15,72,99.8,13.6,a
1975-06-16,86,114,13.8,a
1975-06-17,114,144,13,a
1975-06-18,181,229,11.8,a
1975-06-19,157,197,10.4,a
1975-06-20,125,157,11.6,a
1975-06-21,105,135,11.2,a
1975-06-22,94,122,12.2,a
1975-06-23,99,128,13,a
1975-06-24,91,119,13.8,a
1975-06-25,89,117,13.2,a
1975-06-26,84,112,12.4,a
1975-06-27,82,110,13,a
1975-06-28,80,108,14.6,a
1975-06-29,80,108,14.2,a
1975-06-30,203,260,13.2,a
1975-07-01,309,438,10,a
1975-07-02,175,206,10.4,a
1975-07-03,141,161,11.4,a
1975-07-04,116,131,12.6,a
1975-07-05,111,125,13.2,a
1975-07-06,104,117,13.4,a
1975-07-07,94,106,13,a
1975-07-08,87,99,13.8,a
1975-07-09,83,95,14,a
1975-07-10,83,95,14.8,a
1975-07-11,98,111,14.6,a
1975-07-12,123,139,14.4,a
1975-07-13,115,130,13.4,a
1975-07-14,92,104,14.2,a
1975-07-15,90,102,15,a
1975-07-16,97,110,15.8,a
1975-07-17,117,132,14.6,a
1975-07-18,104,117,14.6,a
1975-07-19,119,134,15.4,a
1975-07-20,113,127,14,a
1975-07-21,96,109,13.8,a
1975-07-22,96,109,13.8,a
1975-07-23,94,106,14,a
1975-07-24,82,94,14.8,a
1975-07-25,145,166,15,a
1975-07-26,149,171,13.4,a
1975-07-27,110,124,12,a
1975-07-28,95,108,12.6,a
1975-07-29,95,108,13.6,a
1975-07-30,116,131,14,a
1975-07-31,88,100,13.6,a
1975-08-01,80,92,14,a
1975-08-02,69,81.2,14.2,a
1975-08-03,71,83.2,14.6,a
1975-08-04,65,77.4,14.2,a
1975-08-05,65,77.4,14.4,a
1975-08-06,58,70.9,14.4,a
1975-08-07,60,72.7,14.6,a
1975-08-08,52,65.3,14.4,a
1975-08-09,53,66.3,14,a
1975-08-10,50,63.5,14,a
1975-08-11,55,68.1,14.2,a
1975-08-12,51,64.4,15.2,a
1975-08-13,54,67.2,14,a
1975-08-14,59,71.8,14.6,a
1975-08-15,57,69.9,14.2,a
1975-08-16,47,61,14.4,a
1975-08-17,44,58.4,14.4,a
1975-08-18,42,56.7,14.6,a
1975-08-19,43,57.6,14,a
1975-08-20,41,55.8,13,a
1975-08-21,45,59.2,13.2,a
1975-08-22,41,55.8,13.4,a
1975-08-23,35,50.8,13.8,a
1975-08-24,34,50,14.4,a
1975-08-25,54,67.2,14,a
1975-08-26,57,69.9,13.6,a
1975-08-27,50,63.5,13.2,a
1975-08-28,44,58.4,13.6,a
1975-08-29,51,64.4,14,a
1975-08-30,49,62.6,13.4,a
1975-08-31,48,61.8,14.2,a
1975-09-01,31,47.4,13.2,a
1975-09-02,33,49.1,14.2,a
1975-09-03,39,54.2,14.8,a
1975-09-04,43,57.6,14.6,a
1975-09-05,40,55,14,a
1975-09-06,40,55,14.2,a
1975-09-07,36,51.6,13.6,a
1975-09-08,46,60.1,13.6,a
1975-09-09,56,69,13,a
1975-09-10,54,67.2,13,a
1975-09-11,53,66.3,13.2,a
1975-09-12,56,69,13.6,a
1975-09-13,81,93,13,a
1975-09-14,82,94,12,a
1975-09-15,68,80.3,12,a
1975-09-16,68,80.3,12.6,a
1975-09-17,68,80.3,13.4,a
1975-09-18,61,73.6,13.8,a
1975-09-19,56,69,14,a
1975-09-20,44,58.4,13.6,a
1975-09-21,27,44.2,12.8,a
1975-09-22,32,48.3,12.6,a
1975-09-23,32,48.3,12.6,a
1975-09-24,32,48.3,13,a
1975-09-25,32,48.3,13,a
1975-09-26,33,49.1,12.6,a
1975-09-27,27,44.2,13,a
1975-09-28,25,42.6,13.2,a
1975-09-29,24,41.9,13.6,a
1975-09-30,32,48.3,13.2,a
1975-10-01,30,46.6,13.6,a
1975-10-02,28,45,13.8,a
1975-10-03,32,48.3,13.4,a
1975-10-04,21,39.5,12.8,a
1975-10-05,16,35.8,12.2,a
1975-10-06,28,45,11.6,a
1975-10-07,18,37.2,11,a
1975-10-08,19,38,10.8,a
1975-10-09,21,39.5,11,a
1975-10-10,20,38.7,10.4,a
1975-10-11,15,35,9,a
1975-10-12,27,44.2,8.8,a
1975-10-13,41,55.8,8.2,a
1975-10-14,54,67.2,8.2,a
1975-10-15,56,69,8.2,a
1975-10-16,57,69.9,8.8,a
1975-10-17,90,102,9,a
1975-10-18,122,137,9,a
1975-10-19,82,94,9,a
1975-10-20,76,88.1,8.8,a
1975-10-21,68,80.3,9.2,a
1975-10-22,51,64.4,8.6,a
1975-10-23,54,67.2,8.2,a
1975-10-24,54,67.2,8.6,a
1975-10-25,31,47.4,8.6,a
1975-10-26,26,43.4,8.2,a
1975-10-27,25,42.6,8.2,a
1975-10-28,20,38.7,7.8,a
1975-10-29,25,42.6,7.6,a
1975-10-30,27,44.2,7.8,a
1975-10-31,28,45,7.6,a
1975-11-01,22,40.3,7.6,a
1975-11-02,23,41.1,8.4,a
1975-11-03,27,44.2,9,a
1975-11-04,28,45,9.6,a
1975-11-05,43,57.6,9,a
1975-11-06,28,45.8,9.4,a
1975-11-07,24,41.9,8.4,a
1975-11-08,18,37.2,8,a
1975-11-09,16,35.8,7.8,a
1975-11-10,30,46.6,7.2,a
1975-11-11,24,41.9,7.4,a
1975-11-12,21,39.5,7.2,a
1975-11-13,16,35.8,7.4,a
1975-11-14,36,51.6,7.2,a
1975-11-15,34,50,7.4,a
1975-11-16,35,50.8,7,a
1975-11-17,31,47.4,6.6,a
1975-11-18,180,213,5.4,a
1975-11-19,150,172,5.8,a
1975-11-20,100,113,5.6,a
1975-11-21,87,99,5.4,a
1975-11-22,61,73.6,4.2,a
1975-11-23,44,58.4,3.4,a
1975-11-24,46,60.1,2.2,a
1975-11-25,39,54.2,2,a
1975-11-26,42,56.7,2,a
1975-11-27,48,61.8,3.2,a
1975-11-28,36,51.6,4.8,a
1975-11-29,27,44.2,5.4,a
1975-11-30,24,41.9,5.4,a
1975-12-01,142,162,6.4,a
1975-12-02,156,180,6.2,a
1975-12-03,117,132,6.6,a
1975-12-04,91,103,6.4,a
1975-12-05,98,111,6.4,a
1975-12-06,75,87.1,6.4,a
1975-12-07,54,67.2,5.6,a
1975-12-08,64,76.5,4.2,a
1975-12-09,53,66.3,4.8,a
1975-12-10,57,69.9,4.6,a
1975-12-11,54,67.2,5,a
1975-12-12,51,64.4,5.2,a
1975-12-13,36,51.6,5.2,a
1975-12-14,31,47.4,5,a
1975-12-15,40,55,6.4,a
1975-12-16,44,58.4,5.8,a
1975-12-17,143,164,5,a
1975-12-18,172,202,5.4,a
1975-12-19,137,156,4.2,a
1975-12-20,102,115,3.6,a
1975-12-21,74,86.1,3,a
1975-12-22,68,80.3,2.2,a
1975-12-23,65,77.4,2.8,a
1975-12-24,56,69,3,a
1975-12-25,54,67.2,3,a
1975-12-26,46,60.1,3,a
1975-12-27,48,61.8,2.8,a
1975-12-28,31,47.4,2.8,a
1975-12-29,43,57.6,3.2,a
1975-12-30,45,59.2,3.2,a
1975-12-31,27,44.2,3,a
1976-01-01,28,47.4,2.6,a
1976-01-02,28,47.4,4.2,a
1976-01-03,36,54.1,4.4,a
1976-01-04,28,47.4,4,a
1976-01-05,28,47.4,2.8,a
1976-01-06,32,50.7,3.4,a
1976-01-07,28,47.4,3.4,a
1976-01-08,29,48.3,3.8,a
1976-01-09,29,48.3,3.2,a
1976-01-10,31,49.9,3.4,a
1976-01-11,24,44.2,3.6,a
1976-01-12,24,44.2,3.2,a
1976-01-13,27,46.6,3.6,a
1976-01-14,30,49.1,3.4,a
1976-01-15,27,46.6,4.4,a
1976-01-16,25,45,4.4,a
1976-01-17,28,47.4,3.8,a
1976-01-18,22,42.6,2.4,a
1976-01-19,19,40.3,2.2,a
1976-01-20,28,47.4,2.6,a
1976-01-21,22,42.6,3.4,a
1976-01-22,22,42.6,3.8,a
1976-01-23,23,43.4,3.4,a
1976-01-24,22,42.6,4.4,a
1976-01-25,16,38,4,a
1976-01-26,15,37.2,3.6,a
1976-01-27,22,42.6,4,a
1976-01-28,22,42.6,2.8,a
1976-01-29,19,40.3,2.6,a
1976-01-30,16,38,2.2,a
1976-01-31,15,37.2,2.8,a
1976-02-01,13,35.8,2.4,a
1976-02-02,9,32.8,2.6,a
1976-02-03,15,37.8,2.4,a
1976-02-04,17,38.8,3.2,a
1976-02-05,17,38.8,3.8,a
1976-02-06,22,42.6,4.6,a
1976-02-07,13,35.6,4.2,a
1976-02-08,4,29.3,3.4,a
1976-02-09,5,30,1.8,a
1976-02-10,6,30.7,3,a
1976-02-11,7,31.4,3.8,a
1976-02-12,14,36.5,4,a
1976-02-13,13,35.8,3.8,a
1976-02-14,15,37.2,3.8,a
1976-02-15,16,38,3,a
1976-02-16,19,40.3,3,a
1976-02-17,23,43.4,3.2,a
1976-02-18,18,39.5,3.4,a
1976-02-19,21,41.8,3.8,a
1976-02-20,18,39.5,4.4,a
1976-02-21,18,39.5,4.2,a
1976-02-22,16,38,4.4,a
1976-02-23,15,37.2,3.8,a
1976-02-24,22,42.6,4.4,a
1976-02-25,8,32.1,3.6,a
1976-02-26,5,30,4,a
1976-02-27,12,35,4.2,a
1976-02-28,20,41.1,4.2,a
1976-02-29,22,42.6,4.2,a
1976-03-01,30,49.1,4.2,a
1976-03-02,49,65.6,4,a
1976-03-03,54,70.3,4.4,a
1976-03-04,52,68.4,4,a
1976-03-05,45,62,3,a
1976-03-06,30,49.1,3,a
1976-03-07,23,43.4,2.6,a
1976-03-08,23,43.4,2.2,a
1976-03-09,29,48.3,1.4,a
1976-03-10,20,41.1,2,a
1976-03-11,23,43.4,0.4,a
1976-03-12,29,48.3,0.4,a
1976-03-13,18,39.5,1.4,a
1976-03-14,12,35,3.2,a
1976-03-15,10,33.6,4,a
1976-03-16,12,35,4.4,a
1976-03-17,11,34.3,5,a
1976-03-18,28,47.4,4.8,a
1976-03-19,36,54.1,5,a
1976-03-20,39,56.7,5.4,a
1976-03-21,35,53.3,4.2,a
1976-03-22,29,48.3,3,a
1976-03-23,37,55,4.2,a
1976-03-24,31,49.9,5,a
1976-03-25,25,45,4.4,a
1976-03-26,27,46.6,4.8,a
1976-03-27,40,57.6,5.2,a
1976-03-28,52,68.4,6,a
1976-03-29,52,67.5,5.4,a
1976-03-30,68,83.1,5.4,a
1976-03-31,74,88.7,6,a
1976-04-01,87,101,6.2,a
1976-04-02,89,103,6.4,a
1976-04-03,85,98.4,6.8,a
1976-04-04,81,95.5,6.8,a
1976-04-05,86,100,7.6,a
1976-04-06,85,99.4,7.6,a
1976-04-07,83,97.5,8.4,a
1976-04-08,125,143,8.6,a
1976-04-09,102,117,6.6,a
1976-04-10,70,85,5.8,a
1976-04-11,57,72.2,5.8,a
1976-04-12,58,74.1,7.2,a
1976-04-13,53,69.3,7.6,a
1976-04-14,44,61.1,7.6,a
1976-04-15,43,60.2,7.8,a
1976-04-16,41,58.5,8.4,a
1976-04-17,37,55,9,a
1976-04-18,31,49.9,8.8,a
1976-04-19,45,62,7.6,a
1976-04-20,44,61.1,9.6,a
1976-04-21,44,61.1,8.8,a
1976-04-22,50,66.6,10,a
1976-04-23,111,127,9.2,a
1976-04-24,127,145,7,a
1976-04-25,124,142,8,a
1976-04-26,113,129,8.2,a
1976-04-27,145,167,7,a
1976-04-28,135,155,7.8,a
1976-04-29,146,168,5.6,a
1976-04-30,124,142,5.4,a
1976-05-01,94,108,6.6,a
1976-05-02,86,100,7,a
1976-05-03,76,90.6,8,a
1976-05-04,80,94.5,9.2,a
1976-05-05,81,95.5,10,a
1976-05-06,82,100,10.8,a
1976-05-07,84,107,11.4,a
1976-05-08,96,123,11.8,a
1976-05-09,91,116,11.8,a
1976-05-10,88,107,11.4,a
1976-05-11,85,102,11.8,a
1976-05-12,77,90.3,11.6,a
1976-05-13,71,90.3,11.6,a
1976-05-14,145,204,10.2,a
1976-05-15,136,170,9.2,a
1976-05-16,111,135,10.8,a
1976-05-17,91,109,11.4,a
1976-05-18,85,97,11.8,a
1976-05-19,79,97,12.2,a
1976-05-20,82,100,12.2,a
1976-05-21,76,95.3,12.6,a
1976-05-22,88,107,10.6,a
1976-05-23,75,85.7,10,a
1976-05-24,61,73.7,10.4,a
1976-05-25,59,69.6,10.4,a
1976-05-26,55,65.6,11.4,a
1976-05-27,127,160,11.8,a
1976-05-28,186,241,8.8,a
1976-05-29,132,166,9.8,a
1976-05-30,102,123,11,a
1976-05-31,96,111,12,a
1976-06-01,86,100,12.2,a
1976-06-02,105,120,11.8,a
1976-06-03,115,131,9.8,a
1976-06-04,91,106,10.2,a
1976-06-05,95,110,10.4,a
1976-06-06,78,92.6,11,a
1976-06-07,69,84,11.6,a
1976-06-08,60,76,12.4,a
1976-06-09,60,76,13.6,a
1976-06-10,57,73.1,13.8,a
1976-06-11,44,61.1,13.8,a
1976-06-12,58,74.1,13.8,a
1976-06-13,53,69.3,13.6,a
1976-06-14,51,67.5,13.8,a
1976-06-15,49,65.6,14.4,a
1976-06-16,49,65.6,14.2,a
1976-06-17,68,83.1,13.2,a
1976-06-18,56,72.2,13,a
1976-06-19,46,62.9,13.4,a
1976-06-20,52,68.4,14,a
1976-06-21,43,60.2,14,a
1976-06-22,48,64.7,15,a
1976-06-23,46,62.9,15,a
1976-06-24,40,57.6,14.6,a
1976-06-25,31,49.9,14.6,a
1976-06-26,31,49.9,14.2,a
1976-06-27,40,57.6,15,a
1976-06-28,26,45.8,14.2,a
1976-06-29,21,41.8,14.4,a
1976-06-30,18,39.5,15,a
1976-07-01,28,47.4,15,a
1976-07-02,28,47.4,14.8,a
1976-07-03,24,44.2,15.4,a
1976-07-04,13,35.8,15.8,a
1976-07-05,28,47.4,16,a
1976-07-06,25,45,16,a
1976-07-07,14,36.5,15.4,a
1976-07-08,21,41.8,15,a
1976-07-09,17,38.8,15,a
1976-07-10,26,45.8,15.6,a
1976-07-11,16,38,15.2,a
1976-07-12,15,37.2,15,a
1976-07-13,23,43.4,15.8,a
1976-07-14,10,33.6,15.8,a
1976-07-15,19,40.3,16,a
1976-07-16,21,41.8,15.4,a
1976-07-17,16,38,16.6,a
1976-07-18,12,35,16.6,a
1976-07-19,16,38,16.6,a
1976-07-20,17,38.8,16.8,a
1976-07-21,22,42.6,17.2,a
1976-07-22,20,41.1,16,a
1976-07-23,17,38.8,15,a
1976-07-24,15,37.2,13.8,a
1976-07-25,13,35.8,14.2,a
1976-07-26,79,93.5,13.8,a
1976-07-27,79,93.5,13,a
1976-07-28,69,84,12.2,a
1976-07-29,73,87.8,13.6,a
1976-07-30,45,62,13.4,a
1976-07-31,44,61.1,14,a
1976-08-01,97,112,14.6,a
1976-08-02,97,112,12.2,a
1976-08-03,72,86.8,12.4,a
1976-08-04,50,66.6,13.2,a
1976-08-05,51,67.5,13,a
1976-08-06,51,67.5,13.2,a
1976-08-07,50,66.6,13.2,a
1976-08-08,19,40.3,13.6,a
1976-08-09,30,49.1,14,a
1976-08-10,31,49.9,13.8,a
1976-08-11,39,56.7,13.2,a
1976-08-12,30,49.1,13,a
1976-08-13,30,49.1,13.4,a
1976-08-14,30,49.1,13.4,a
1976-08-15,18,39.5,12.8,a
1976-08-16,26,45.8,13,a
1976-08-17,41,58.5,13.2,a
1976-08-18,40,57.6,13,a
1976-08-19,33,51.6,13.2,a
1976-08-20,32,50.7,13,a
1976-08-21,17,38.8,12.8,a
1976-08-22,18,39.5,12.6,a
1976-08-23,21,41.8,12.4,a
1976-08-24,18,39.5,12.4,a
1976-08-25,19,40.3,12.8,a
1976-08-26,18,39.5,12.8,a
1976-08-27,20,41.1,13,a
1976-08-28,12,35,13.4,a
1976-08-29,6,30.7,13,a
1976-08-30,19,40.3,13.6,a
1976-08-31,26,45.8,14,a
1976-09-01,39,56.7,13.2,a
1976-09-02,37,55,12.6,a
1976-09-03,28,47.4,13,a
1976-09-04,164,192,11.4,a
1976-09-05,123,141,11,a
1976-09-06,89,103,10.8,a
1976-09-07,72,86.8,11,a
1976-09-08,50,66.6,11,a
1976-09-09,45,62,11.4,a
1976-09-10,48,64.7,11.4,a
1976-09-11,181,215,11,a
1976-09-12,129,162,9.6,a
1976-09-13,93,122,11,a
1976-09-14,109,139,10.8,a
1976-09-15,173,218,10.6,a
1976-09-16,165,208,10.8,a
1976-09-17,151,189,10.4,a
1976-09-18,128,161,10,a
1976-09-19,90,119,10.4,a
1976-09-20,74,102,10.2,a
1976-09-21,66,93.9,10.4,a
1976-09-22,60,87.9,11,a
1976-09-23,52,80.3,11.6,a
1976-09-24,53,81.2,11.4,a
1976-09-25,54,82.1,11,a
1976-09-26,33,63.3,11.6,a
1976-09-27,46,74.7,12,a
1976-09-28,42,71.1,12.4,a
1976-09-29,36,65.9,12.8,a
1976-09-30,53,81.2,13,a
1976-10-01,72,99.7,12.6,a
1976-10-02,86,109,12.4,a
1976-10-03,102,116,11,a
1976-10-04,80,98.7,11.2,a
1976-10-05,108,140,11.4,a
1976-10-06,116,142,10.4,a
1976-10-07,86,98.7,10.2,a
1976-10-08,68,82.7,10.6,a
1976-10-09,46,60.3,10.8,a
1976-10-10,41,58,10.4,a
1976-10-11,37,59.1,10.8,a
1976-10-12,47,64.2,11.2,a
1976-10-13,64,95.3,11.4,a
1976-10-14,125,160,10.6,a
1976-10-15,105,129,10.2,a
1976-10-16,83,105,10.8,a
1976-10-17,125,164,10.2,a
1976-10-18,121,152,9.2,a
1976-10-19,101,118,8.8,a
1976-10-20,90,107,8.6,a
1976-10-21,75,100,8.6,a
1976-10-22,75,82.7,8.2,a
1976-10-23,56,71,7.8,a
1976-10-24,41,56.8,7.6,a
1976-10-25,58,71,6.4,a
1976-10-26,48,60.3,7.6,a
1976-10-27,48,62.9,7.8,a
1976-10-28,49,62.9,8,a
1976-10-29,53,66.9,7.8,a
1976-10-30,125,146,8.6,a
1976-10-31,244,325,8.8,a
1976-11-01,150,188,7.6,a
1976-11-02,120,152,7.8,a
1976-11-03,107,137,8.2,a
1976-11-04,151,189,8.4,a
1976-11-05,185,235,8.8,a
1976-11-06,158,198,9,a
1976-11-07,158,198,8.8,a
1976-11-08,214,278,8.6,a
1976-11-09,159,200,8,a
1976-11-10,136,171,8.4,a
1976-11-11,144,181,8.6,a
1976-11-12,204,263,8.6,a
1976-11-13,182,231,8.8,a
1976-11-14,160,201,8.6,a
1976-11-15,147,185,8.2,a
1976-11-16,123,155,7.8,a
1976-11-17,108,138,7.2,a
1976-11-18,95,124,7.4,a
1976-11-19,91,120,7,a
1976-11-20,89,117,6.2,a
1976-11-21,73,101,6.6,a
1976-11-22,65,93.2,6.6,a
1976-11-23,76,104,6.8,a
1976-11-24,70,97.7,5.8,a
1976-11-25,62,89.9,5.8,a
1976-11-26,65,93.1,4.8,a
1976-11-27,59,86.9,5,a
1976-11-28,41,70.1,5,a
1976-11-29,41,70.3,5.2,a
1976-11-30,27,58.6,5.2,a
1976-12-01,67,95.3,7,a
1976-12-02,331,479,7.6,a
1976-12-03,228,310,6,a
1976-12-04,149,204,5.6,a
1976-12-05,132,177,5.6,a
1976-12-06,106,140,5.6,a
1976-12-07,145,202,5.6,a
1976-12-08,180,259,5.4,a
1976-12-09,139,193,5.8,a
1976-12-10,157,219,6.2,a
1976-12-11,160,215,4.8,a
1976-12-12,135,158,4.2,a
1976-12-13,101,138,4,a
1976-12-14,72,111,3.8,a
1976-12-15,73,104,3.4,a
1976-12-16,77,100,3.8,a
1976-12-17,68,95.3,4.6,a
1976-12-18,86,116,5,a
1976-12-19,129,185,5.4,a
1976-12-20,133,187,5.6,a
1976-12-21,116,160,6.4,a
1976-12-22,103,140,6.4,a
1976-12-23,86,123,6.2,a
1976-12-24,79,112,5.2,a
1976-12-25,65,95.3,5,a
1976-12-26,51,73.7,5,a
1976-12-27,56,81.1,3.8,a
1976-12-28,48,76.5,2.6,a
1976-12-29,49,81.1,2.6,a
1976-12-30,45,76.5,2.2,a
1976-12-31,52,84.2,1,a
1977-01-01,36,62.3,1.4,a
1977-01-02,53,79.1,3.4,a
1977-01-03,68,94.5,5,a
1977-01-04,78,106,4.8,a
1977-01-05,71,97.7,4.2,a
1977-01-06,57,83.1,4.6,a
1977-01-07,64,90.4,5,a
1977-01-08,67,93.5,5.2,a
1977-01-09,55,81.1,5.6,a
1977-01-10,50,76,4.8,a
1977-01-11,55,81.1,5.2,a
1977-01-12,147,194,5.2,a
1977-01-13,146,192,5,a
1977-01-14,110,143,5.2,a
1977-01-15,111,144,4,a
1977-01-16,86,115,4.4,a
1977-01-17,78,106,4.4,a
1977-01-18,72,98.9,3.6,a
1977-01-19,70,96.6,3,a
1977-01-20,56,82.1,3.6,a
1977-01-21,49,75,4.4,a
1977-01-22,44,70,4.8,a
1977-01-23,41,67,5.4,a
1977-01-24,53,79.1,5.6,a
1977-01-25,62,88.3,5.6,a
1977-01-26,60,86.2,5.6,a
1977-01-27,132,172,5.6,a
1977-01-28,124,161,5.4,a
1977-01-29,139,182,5.6,a
1977-01-30,179,243,5,a
1977-01-31,131,170,5.8,a
1977-02-01,111,161,5.2,a
1977-02-02,97,142,5.2,a
1977-02-03,89,132,5,a
1977-02-04,76,115,4.4,a
1977-02-05,70,108,4.4,a
1977-02-06,54,89.3,5.4,a
1977-02-07,59,95,5.8,a
1977-02-08,68,105,6,a
1977-02-09,64,101,6,a
1977-02-10,67,104,6.6,a
1977-02-11,154,227,6.4,a
1977-02-12,170,255,6,a
1977-02-13,164,244,5.8,a
1977-02-14,129,187,6.4,a
1977-02-15,101,147,6.2,a
1977-02-16,92,135,5.6,a
1977-02-17,79,119,5.4,a
1977-02-18,72,110,5.6,a
1977-02-19,66,103,6.6,a
1977-02-20,61,97.2,7,a
1977-02-21,215,342,7,a
1977-02-22,305,541,6,a
1977-02-23,290,506,6.4,a
1977-02-24,212,337,5.8,a
1977-02-25,171,258,6.6,a
1977-02-26,176,266,6.4,a
1977-02-27,137,200,6.4,a
1977-02-28,123,178,5.6,a
1977-03-01,100,148,4.8,a
1977-03-02,85,126,5,a
1977-03-03,74,112,5.8,a
1977-03-04,71,108,6,a
1977-03-05,64,99.9,6.6,a
1977-03-06,57,91.8,7,a
1977-03-07,55,89.6,7.4,a
1977-03-08,62,97.6,7.2,a
1977-03-09,54,88.5,7,a
1977-03-10,53,87.4,7.4,a
1977-03-11,64,99.9,7.8,a
1977-03-12,76,114,7.6,a
1977-03-13,107,154,7.2,a
1977-03-14,79,118,7.2,a
1977-03-15,69,106,7.6,a
1977-03-16,60,95.3,7,a
1977-03-17,59,94.1,7.4,a
1977-03-18,59,94.1,8.2,a
1977-03-19,57,91.8,8,a
1977-03-20,57,91.8,8,a
1977-03-21,59,94.1,8,a
1977-03-22,63,98.7,8,a
1977-03-23,58,93,8.2,a
1977-03-24,72,109,8.6,a
1977-03-25,66,102,9,a
1977-03-26,73,110,9,a
1977-03-27,69,106,9.2,a
1977-03-28,69,106,8.8,a
1977-03-29,129,186,8.4,a
1977-03-30,113,162,7.2,a
1977-03-31,93,136,6,a
1977-04-01,80,108,6,a
1977-04-02,73,100,7,a
1977-04-03,76,103,7.6,a
1977-04-04,70,96.6,8,a
1977-04-05,101,132,7.4,a
1977-04-06,114,148,6.4,a
1977-04-07,97,127,7.2,a
1977-04-08,118,153,7.8,a
1977-04-09,227,329,7,a
1977-04-10,153,224,6.4,a
1977-04-11,132,187,6.4,a
1977-04-12,105,153,6.6,a
1977-04-13,96,141,6.8,a
1977-04-14,92,136,7,a
1977-04-15,97,142,6.4,a
1977-04-16,87,131,6.8,a
1977-04-17,68,110,6.6,a
1977-04-18,64,105,7.4,a
1977-04-19,61,102,7.4,a
1977-04-20,62,103,8,a
1977-04-21,60,101,7.6,a
1977-04-22,48,88.7,8.4,a
1977-04-23,45,85.7,9,a
1977-04-24,47,87.7,9,a
1977-04-25,55,95.9,8,a
1977-04-26,55,95.9,9.8,a
1977-04-27,57,97.9,9.6,a
1977-04-28,73,115,10.2,a
1977-04-29,72,114,9.6,a
1977-04-30,83,126,10.8,a
1977-05-01,81,124,10.6,a
1977-05-02,68,110,10.8,a
1977-05-03,82,125,10.4,a
1977-05-04,76,119,10.6,a
1977-05-05,81,124,11.4,a
1977-05-06,78,121,10.8,a
1977-05-07,68,110,9.8,a
1977-05-08,62,103,10,a
1977-05-09,60,101,9.8,a
1977-05-10,54,94.8,9.6,a
1977-05-11,51,91.7,10,a
1977-05-12,49,89.7,11,a
1977-05-13,57,97.9,11.6,a
1977-05-14,136,222,10.4,a
1977-05-15,160,227,9.6,a
1977-05-16,115,165,9.4,a
1977-05-17,98,144,9.6,a
1977-05-18,77,120,9.8,a
1977-05-19,78,121,10,a
1977-05-20,87,131,11.2,a
1977-05-21,86,130,11.2,a
1977-05-22,81,124,11.8,a
1977-05-23,94,139,11.2,a
1977-05-24,88,132,10.6,a
1977-05-25,88,132,10.6,a
1977-05-26,72,114,11.8,a
1977-05-27,70,112,11.4,a
1977-05-28,66,108,10.4,a
1977-05-29,51,91.7,10.8,a
1977-05-30,52,92.8,11.2,a
1977-05-31,51,91.7,11.4,a
1977-06-01,55,86.8,10,a
1977-06-02,58,89.5,10,a
1977-06-03,57,88.6,11,a
1977-06-04,45,77.6,10.4,a
1977-06-05,37,70.5,11,a
1977-06-06,38,71.4,11,a
1977-06-07,50,82.1,11.4,a
1977-06-08,42,74.8,11.2,a
1977-06-09,46,78.5,11.8,a
1977-06-10,51,83,12.4,a
1977-06-11,58,89.5,13.6,a
1977-06-12,49,81.2,13.8,a
1977-06-13,34,68.1,13.8,a
1977-06-14,42,74.8,14,a
1977-06-15,46,78.5,14,a
1977-06-16,38,71.4,13.6,a
1977-06-17,34,68.1,13.4,a
1977-06-18,22,58.4,13.6,a
1977-06-19,23,59.1,14,a
1977-06-20,36,69.7,14.4,a
1977-06-21,47,79.4,14,a
1977-06-22,53,84.9,14,a
1977-06-23,54,85.8,13.2,a
1977-06-24,52,84,13.2,a
1977-06-25,37,70.5,13.2,a
1977-06-26,41,73.9,13.2,a
1977-06-27,36,69.7,12.6,a
1977-06-28,32,66.3,12.2,a
1977-06-29,29,63.9,12.6,a
1977-06-30,26,61.5,13.6,a
1977-07-01,34,66.2,13.2,a
1977-07-02,34,66.2,13.6,a
1977-07-03,26,59.8,14.6,a
1977-07-04,26,59.8,15,a
1977-07-05,29,62.1,15,a
1977-07-06,17,53,14,a
1977-07-07,13,50.1,14,a
1977-07-08,12,49.4,15,a
1977-07-09,11,48.6,14.6,a
1977-07-10,28,61.3,14.4,a
1977-07-11,39,70.2,13.6,a
1977-07-12,18,53.7,14,a
1977-07-13,23,57.5,15,a
1977-07-14,18,53.7,15.2,a
1977-07-15,78,106,15.4,a
1977-07-16,100,128,14,a
1977-07-17,73,101,13.4,a
1977-07-18,48,78.1,13,a
1977-07-19,36,67.8,13,a
1977-07-20,37,68.6,14,a
1977-07-21,33,65.4,14.2,a
1977-07-22,25,59,13.4,a
1977-07-23,12,49.4,12,a
1977-07-24,25,59,12.6,a
1977-07-25,15,51.6,12.8,a
1977-07-26,105,135,13.4,a
1977-07-27,121,151,12.6,a
1977-07-28,70,98.6,12.4,a
1977-07-29,52,81.7,12.4,a
1977-07-30,33,65.4,13.6,a
1977-07-31,47,77.2,14,a
1977-08-01,97,142,13,a
1977-08-02,65,107,12,a
1977-08-03,47,87.7,12.2,a
1977-08-04,31,72.4,12.8,a
1977-08-05,30,71.5,13.6,a
1977-08-06,31,72.4,14,a
1977-08-07,20,62.7,14.4,a
1977-08-08,20,62.7,14.6,a
1977-08-09,38,78.9,15,a
1977-08-10,48,88.7,14,a
1977-08-11,47,87.7,14,a
1977-08-12,64,105,13.8,a
1977-08-13,47,87.7,13.4,a
1977-08-14,51,91.7,14,a
1977-08-15,40,80.7,13,a
1977-08-16,38,78.9,13.4,a
1977-08-17,33,74.3,13.8,a
1977-08-18,41,81.7,14,a
1977-08-19,77,120,13.8,a
1977-08-20,157,223,12.4,a
1977-08-21,173,248,11.4,a
1977-08-22,294,476,12,a
1977-08-23,233,346,12.4,a
1977-08-24,156,213,11.6,a
1977-08-25,126,170,10.6,a
1977-08-26,98,135,11,a
1977-08-27,86,120,12,a
1977-08-28,97,133,12,a
1977-08-29,116,157,12,a
1977-08-30,98,135,12.6,a
1977-08-31,87,121,12.6,a
1977-09-01,72,104,13,a
1977-09-02,61,93,13,a
1977-09-03,59,91,12.8,a
1977-09-04,45,77.1,12.6,a
1977-09-05,43,75.1,13,a
1977-09-06,38,70.2,12.8,a
1977-09-07,39,71.2,12.6,a
1977-09-08,41,73.1,13,a
1977-09-09,45,77.1,13.2,a
1977-09-10,41,73.1,12.4,a
1977-09-11,27,60,11.6,a
1977-09-12,31,63.6,12,a
1977-09-13,39,71.2,12.4,a
1977-09-14,48,80,12.6,a
1977-09-15,44,76.1,11,a
1977-09-16,37,69.3,11.2,a
1977-09-17,51,83,11.4,a
1977-09-18,95,131,11,a
1977-09-19,73,105,11,a
1977-09-20,82,115,10.8,a
1977-09-21,76,109,9.4,a
1977-09-22,54,86,9.8,a
1977-09-23,63,95,9.6,a
1977-09-24,46,78,9.8,a
1977-09-25,34,66.5,9.8,a
1977-09-26,38,70.2,10,a
1977-09-27,49,81,10.4,a
1977-09-28,41,73.1,10,a
1977-09-29,34,66.5,9.2,a
1977-09-30,45,77.1,9,a
1977-10-01,28,56,9.4,a
1977-10-02,9,41.2,9.6,a
1977-10-03,27,55.2,8.8,a
1977-10-04,31,58.5,8.6,a
1977-10-05,20,49.5,8.8,a
1977-10-06,30,57.7,9,a
1977-10-07,30,57.7,10.4,a
1977-10-08,33,60.3,10.6,a
1977-10-09,15,45.7,10.8,a
1977-10-10,28,56,10.6,a
1977-10-11,31,58.5,11.2,a
1977-10-12,41,67.3,10.6,a
1977-10-13,41,67.3,10.6,a
1977-10-14,35,62,11,a
1977-10-15,15,45.7,11,a
1977-10-16,9,41.2,11,a
1977-10-17,25,53.6,10.6,a
1977-10-18,28,56,9.8,a
1977-10-19,22,51.2,9,a
1977-10-20,16,46.5,9,a
1977-10-21,14,44.9,9,a
1977-10-22,6,39.2,9,a
1977-10-23,8,40.5,9.4,a
1977-10-24,9,41.2,9.4,a
1977-10-25,20,49.5,10,a
1977-10-26,11,42.6,9.6,a
1977-10-27,20,49.5,9.6,a
1977-10-28,12,43.4,9.4,a
1977-10-29,5,38.5,9.6,a
1977-10-30,4,37.8,9.8,a
1977-10-31,3,37.2,10,a
1977-11-01,5,37.9,9.6,a
1977-11-02,19,48,9.6,a
1977-11-03,13,43.4,9.6,a
1977-11-04,26,53.6,9,a
1977-11-05,9,40.5,9.4,a
1977-11-06,7,39.2,9.4,a
1977-11-07,6,38.6,10,a
1977-11-08,7,39.2,10,a
1977-11-09,1,35.2,9.4,a
1977-11-10,6,38.6,9,a
1977-11-11,4,37.2,8,a
1977-11-12,1,35.2,9,a
1977-11-13,10,41.2,9,a
1977-11-14,79,101,8.6,a
1977-11-15,54,77.8,7.2,a
1977-11-16,55,78.7,7.6,a
1977-11-17,40,62.3,7.4,a
1977-11-18,31,57.6,7,a
1977-11-19,7,39.2,6.2,a
1977-11-20,10,41.2,6,a
1977-11-21,9,40.5,5,a
1977-11-22,144,176,5,a
1977-11-23,79,101,5.8,a
1977-11-24,56,79.6,5.4,a
1977-11-25,56,79.6,5,a
1977-11-26,37,62.7,5.6,a
1977-11-27,20,48.7,5.4,a
1977-11-28,33,59.3,5,a
1977-11-29,12,42.7,5.2,a
1977-11-30,13,43.4,4.6,a
1977-12-01,9,44.8,5,a
1977-12-02,16,50.5,4.6,a
1977-12-03,6,42.6,4.2,a
1977-12-04,7,43.3,4.4,a
1977-12-05,7,43.3,4,a
1977-12-06,4,41.1,3,a
1977-12-07,15,49.7,3.6,a
1977-12-08,10,45.5,4.6,a
1977-12-09,24,57.4,5.2,a
1977-12-10,30,62.7,5,a
1977-12-11,29,61.8,5.4,a
1977-12-12,18,52.1,4.6,a
1977-12-13,21,54.7,4,a
1977-12-14,18,52.1,3.8,a
1977-12-15,18,52.1,4.2,a
1977-12-16,17,51.3,4.8,a
1977-12-17,3,40.4,4.8,a
1977-12-18,-1,37.5,4.8,a
1977-12-19,0,38.2,4.2,a
1977-12-20,9,44.8,4,a
1977-12-21,-1,37.5,3.2,a
1977-12-22,2,39.7,3,a
1977-12-23,4,41.1,3.4,a
1977-12-24,9,44.8,3.4,a
1977-12-25,7,43.3,4.6,a
1977-12-26,7,43.3,4,a
1977-12-27,6,42.6,4,a
1977-12-28,97,133,4.8,a
1977-12-29,102,139,4.6,a
1977-12-30,61,93,5,a
1977-12-31,53,85,4.4,a
1978-01-01,132,58.6,4,a
1978-01-02,125,52.5,3.4,a
1978-01-03,119,47.4,4,a
1978-01-04,114,43.5,5,a
1978-01-05,114,43.5,4.2,a
1978-01-06,109,39.6,3,a
1978-01-07,114,43.5,2.8,a
1978-01-08,108,38.9,3.4,a
1978-01-09,107,38.2,3.6,a
1978-01-10,106,37.5,3.6,a
1978-01-11,105,36.8,3.2,a
1978-01-12,140,66,3.6,a
1978-01-13,185,114,3.4,a
1978-01-14,185,114,4.6,a
1978-01-15,161,87.3,5,a
1978-01-16,159,85.3,4,a
1978-01-17,143,69,4.2,a
1978-01-18,139,65.1,3,a
1978-01-19,134,60.5,3.6,a
1978-01-20,131,57.7,4,a
1978-01-21,115,44.3,3.6,a
1978-01-22,112,41.9,3.8,a
1978-01-23,110,40.3,4,a
1978-01-24,115,44.3,4,a
1978-01-25,113,42.7,4.4,a
1978-01-26,121,49.1,4.4,a
1978-01-27,115,44.3,4.4,a
1978-01-28,110,40.3,4,a
1978-01-29,269,227,3.6,a
1978-01-30,246,192,4,a
1978-01-31,183,111,4,a
1978-02-01,162,88.3,4.2,a
1978-02-02,154,80.1,4,a
1978-02-03,139,65.1,4,a
1978-02-04,128,55.1,4.4,a
1978-02-05,118,46.6,4.2,a
1978-02-06,133,59.6,4,a
1978-02-07,116,45,4.4,a
1978-02-08,118,46.6,4.2,a
1978-02-09,128,55.1,3.8,a
1978-02-10,129,55.9,3.8,a
1978-02-11,124,51.6,3,a
1978-02-12,111,41.1,3,a
1978-02-13,112,41.9,3.4,a
1978-02-14,120,48.2,3.6,a
1978-02-15,114,43.5,4.2,a
1978-02-16,113,42.7,3,a
1978-02-17,114,43.5,4.2,a
1978-02-18,109,39.6,3.8,a
1978-02-19,104,36,3.6,a
1978-02-20,99,32.6,3.4,a
1978-02-21,103,35.3,3.4,a
1978-02-22,104,36,3.5,a
1978-02-23,102,34.6,3.4,a
1978-02-24,108,38.9,4.8,a
1978-02-25,153,79.1,5,a
1978-02-26,259,212,5.4,a
1978-02-27,344,362,4.8,a
1978-02-28,288,259,5.8,a
1978-03-01,277,240,6.2,a
1978-03-02,253,203,6.2,a
1978-03-03,241,185,6.2,a
1978-03-04,229,168,5.2,a
1978-03-05,217,152,6.8,a
1978-03-06,227,165,6.6,a
1978-03-07,214,148,6.6,a
1978-03-08,197,127,5.8,a
1978-03-09,188,117,6.2,a
1978-03-10,172,98.9,5.8,a
1978-03-11,155,81.1,6.2,a
1978-03-12,155,81.1,6,a
1978-03-13,150,76,6.4,a
1978-03-14,154,80.1,7,a
1978-03-15,162,88.3,6,a
1978-03-16,162,88.3,7,a
1978-03-17,255,206,6.6,a
1978-03-18,228,166,6,a
1978-03-19,194,124,5.2,a
1978-03-20,185,114,5.8,a
1978-03-21,171,97.7,6,a
1978-03-22,164,90.4,6.4,a
1978-03-23,159,85.2,5.6,a
1978-03-24,156,82.1,5.4,a
1978-03-25,141,67,6.2,a
1978-03-26,135,61.4,5.2,a
1978-03-27,137,63.2,6.2,a
1978-03-28,143,69,6.8,a
1978-03-29,142,68,7.2,a
1978-03-30,144,70,7.8,a
1978-03-31,152,78,7.8,a
1978-04-01,154,80.1,8.2,a
1978-04-02,139,65.1,8.2,a
1978-04-03,150,76,8.2,a
1978-04-04,156,82.1,8.6,a
1978-04-05,165,91.4,8.8,a
1978-04-06,162,88.3,8.4,a
1978-04-07,159,85.2,7,a
1978-04-08,150,76,7.2,a
1978-04-09,132,58.6,6.2,a
1978-04-10,131,57.7,7.4,a
1978-04-11,133,59.6,8.2,a
1978-04-12,221,157,7.2,a
1978-04-13,292,266,6.8,a
1978-04-14,240,198,5,a
1978-04-15,229,183,5.8,a
1978-04-16,203,150,5.6,a
1978-04-17,204,151,6.2,a
1978-04-18,192,136,6.4,a
1978-04-19,188,132,5.6,a
1978-04-20,187,131,6.8,a
1978-04-21,187,131,7.6,a
1978-04-22,174,116,8.4,a
1978-04-23,166,108,8.6,a
1978-04-24,168,110,8.6,a
1978-04-25,182,125,8.2,a
1978-04-26,177,120,9.2,a
1978-04-27,192,136,9,a
1978-04-28,200,146,8.2,a
1978-04-29,183,126,9.4,a
1978-04-30,194,139,9.8,a
1978-05-01,176,119,10,a
1978-05-02,209,158,10,a
1978-05-03,200,146,9.2,a
1978-05-04,202,149,9.6,a
1978-05-05,191,135,9.4,a
1978-05-06,194,139,10,a
1978-05-07,284,267,9.8,a
1978-05-08,249,211,8.6,a
1978-05-09,232,187,9.6,a
1978-05-10,224,176,9.4,a
1978-05-11,214,164,8.6,a
1978-05-12,200,146,7.2,a
1978-05-13,190,134,8.2,a
1978-05-14,195,140,7.4,a
1978-05-15,197,142,8.8,a
1978-05-16,182,125,8.8,a
1978-05-17,173,115,9.2,a
1978-05-18,171,113,9,a
1978-05-19,181,124,10.2,a
1978-05-20,178,121,10,a
1978-05-21,176,119,11,a
1978-05-22,246,206,10.2,a
1978-05-23,335,360,9.6,a
1978-05-24,301,297,8.4,a
1978-05-25,260,227,8.4,a
1978-05-26,235,191,9.6,a
1978-05-27,223,175,9.4,a
1978-05-28,216,166,9.4,a
1978-05-29,208,156,9.8,a
1978-05-30,209,158,10.2,a
1978-05-31,208,156,10.2,a
1978-06-01,204,151,10.4,a
1978-06-02,198,144,11,a
1978-06-03,193,138,11.8,a
1978-06-04,189,133,12.2,a
1978-06-05,187,131,12.2,a
1978-06-06,194,139,12,a
1978-06-07,187,131,13.2,a
1978-06-08,187,131,12.6,a
1978-06-09,181,124,12.2,a
1978-06-10,175,118,12.4,a
1978-06-11,203,150,12.4,a
1978-06-12,250,212,11.4,a
1978-06-13,297,290,10.8,a
1978-06-14,261,229,10.3,a
1978-06-15,229,183,10.4,a
1978-06-16,211,160,11,a
1978-06-17,239,197,12.2,a
1978-06-18,312,317,11.2,a
1978-06-19,246,206,11.6,a
1978-06-20,226,179,12.4,a
1978-06-21,211,160,11.8,a
1978-06-22,195,140,12.8,a
1978-06-23,187,131,13.2,a
1978-06-24,185,129,13.2,a
1978-06-25,203,150,12,a
1978-06-26,226,179,12,a
1978-06-27,211,160,12,a
1978-06-28,188,132,12.2,a
1978-06-29,177,120,12.4,a
1978-06-30,169,111,12.8,a
1978-07-01,160,101,14.6,a
1978-07-02,159,100,14,a
1978-07-03,156,96.9,13.6,a
1978-07-04,152,92.8,14.2,a
1978-07-05,210,159,15.4,a
1978-07-06,266,237,14.4,a
1978-07-07,219,170,13.8,a
1978-07-08,204,164,13.2,a
1978-07-09,181,124,13.8,a
1978-07-10,169,111,13.4,a
1978-07-11,182,125,14,a
1978-07-12,182,125,14.2,a
1978-07-13,179,122,15.4,a
1978-07-14,174,116,15.8,a
1978-07-15,200,146,16.8,a
1978-07-16,178,121,15.8,a
1978-07-17,169,111,14.8,a
1978-07-18,162,103,15.4,a
1978-07-19,214,164,15.4,a
1978-07-20,232,187,14.4,a
1978-07-21,211,160,14.2,a
1978-07-22,212,161,13.2,a
1978-07-23,196,141,14,a
1978-07-24,188,132,14.8,a
1978-07-25,167,99,15.4,a
1978-07-26,160,92,15.5,a
1978-07-27,155,87,16.4,a
1978-07-28,146,78,16.5,a
1978-07-29,147,79,17,a
1978-07-30,143,75.1,17.2,a
1978-07-31,138,70.2,16.8,a
1978-08-01,137,69.3,16.6,a
1978-08-02,139,71.2,17.2,a
1978-08-03,141,73.1,17,a
1978-08-04,161,93,17.4,a
1978-08-05,148,80,16.2,a
1978-08-06,140,72.1,16.8,a
1978-08-07,132,64.6,17,a
1978-08-08,140,72.1,16.4,a
1978-08-09,145,77.1,15.4,a
1978-08-10,135,67.4,16.7,a
1978-08-11,142,74.1,15.8,a
1978-08-12,122,55.6,15.3,a
1978-08-13,108,44,15.2,a
1978-08-14,130,62.7,15,a
1978-08-15,136,68.3,15.1,a
1978-08-16,133,65.5,15.8,a
1978-08-17,119,53,16.4,a
1978-08-18,137,69.3,16.1,a
1978-08-19,129,61.8,16.3,a
1978-08-20,110,45.5,16.4,a
1978-08-21,108,44,15.6,a
1978-08-22,125,58.3,16.5,a
1978-08-23,114,48.8,16.6,a
1978-08-24,115,49.7,17,a
1978-08-25,118,52.1,17.5,a
1978-08-26,121,54.7,16.6,a
1978-08-27,108,44,16.2,a
1978-08-28,111,46,15.4,a
1978-08-29,108,44,15.2,a
1978-08-30,124,57.4,14.6,a
1978-08-31,127,60,15,a
1978-09-01,133,65.5,14.4,a
1978-09-02,113,48,14,a
1978-09-03,95,34.9,14.2,a
1978-09-04,109,44.8,14,a
1978-09-05,115,49.7,14.8,a
1978-09-06,111,46,15.2,a
1978-09-07,112,47.2,16.1,a
1978-09-08,93,33.6,15.9,a
1978-09-09,105,41.9,15.4,a
1978-09-10,100,38.3,16.2,a
1978-09-11,103,40.4,15.6,a
1978-09-12,109,44.8,15.6,a
1978-09-13,110,45.5,14.8,a
1978-09-14,98,36.9,14.2,a
1978-09-15,99,37.5,14.4,a
1978-09-16,101,38.9,14.8,a
1978-09-17,92,32.9,15.6,a
1978-09-18,95,34.9,14.8,a
1978-09-19,98,36.9,15.8,a
1978-09-20,103,40.4,15.6,a
1978-09-21,96,35.6,14.8,a
1978-09-22,93,33.6,14.8,a
1978-09-23,90,31.6,14,a
1978-09-24,87,30.1,15,a
1978-09-25,89,31.1,14.4,a
1978-09-26,88,30.6,15.2,a
1978-09-27,129,61.8,15.4,a
1978-09-28,221,163,14,a
1978-09-29,153,85,13.4,a
1978-09-30,157,89,13.4,a
1978-10-01,306,297,13.4,a
1978-10-02,281,253,14.4,a
1978-10-03,332,344,13.2,a
1978-10-04,329,338,12.8,a
1978-10-05,300,286,13.2,a
1978-10-06,247,199,12.6,a
1978-10-07,210,149,12.4,a
1978-10-08,178,111,13.6,a
1978-10-09,165,97,13.6,a
1978-10-10,157,89,13.4,a
1978-10-11,140,72.1,13.6,a
1978-10-12,142,74.1,14.4,a
1978-10-13,136,68.3,13.2,a
1978-10-14,136,68.3,13.2,a
1978-10-15,129,61.8,14,a
1978-10-16,130,62.7,13.2,a
1978-10-17,122,55.6,12.6,a
1978-10-18,123,56.5,12.6,a
1978-10-19,119,53,12.6,a
1978-10-20,119,53,12.8,a
1978-10-21,119,53,12.6,a
1978-10-22,120,53.8,12.5,a
1978-10-23,104,41.1,11.6,a
1978-10-24,117,51.3,11.4,a
1978-10-25,106,42.6,11.6,a
1978-10-26,111,46,12.4,a
1978-10-27,120,53.8,11.8,a
1978-10-28,103,40.4,10.8,a
1978-10-29,91,32.3,11.4,a
1978-10-30,109,44.8,10.4,a
1978-10-31,95,34.9,11.6,a
1978-11-01,99,37.5,11.4,a
1978-11-02,96,35.6,11.2,a
1978-11-03,105,41.9,11.2,a
1978-11-04,94,34.2,11.2,a
1978-11-05,89,31.1,11.4,a
1978-11-06,92,32.9,11.2,a
1978-11-07,97,36.2,10.6,a
1978-11-08,96,35.6,10.6,a
1978-11-09,98,36.9,10.4,a
1978-11-10,99,37.5,10.4,a
1978-11-11,96,35.6,9.6,a
1978-11-12,86,29.6,10,a
1978-11-13,83,28.2,9,a
1978-11-14,92,32.9,8.8,a
1978-11-15,94,34.2,8.2,a
1978-11-16,92,32.9,8,a
1978-11-17,92,32.9,8.2,a
1978-11-18,87,30.1,8.4,a
1978-11-19,81,27.2,8.5,a
1978-11-20,83,28.2,8.5,a
1978-11-21,85,29.2,8.4,a
1978-11-22,87,30.1,8.4,a
1978-11-23,89,31.1,8.2,a
1978-11-24,82,27.7,8,a
1978-11-25,79,26.3,8.2,a
1978-11-26,88,30.6,8.6,a
1978-11-27,94,34.2,7.4,a
1978-11-28,102,39.7,7.2,a
1978-11-29,97,36.2,7.2,a
1978-11-30,86,29.6,7.2,a
1978-12-01,82,27.7,7.2,a
1978-12-02,90,31.6,7.2,a
1978-12-03,75,24.9,7.4,a
1978-12-04,76,25.2,6.2,a
1978-12-05,79,26.3,6.6,a
1978-12-06,83,28.2,6.2,a
1978-12-07,90,31.6,6.2,a
1978-12-08,84,28.7,6.2,a
1978-12-09,78,26,6.4,a
1978-12-10,87,30.1,7,a
1978-12-11,71,23.4,7.2,a
1978-12-12,103,40.4,7.8,a
1978-12-13,140,72.1,8.6,a
1978-12-14,130,62.7,9.4,a
1978-12-15,127,60,9.6,a
1978-12-16,128,60.9,9.2,a
1978-12-17,157,89,9,a
1978-12-18,134,66.5,9.6,a
1978-12-19,125,58.3,8.2,a
1978-12-20,129,61.8,7.2,a
1978-12-21,113,48,6.6,a
1978-12-22,111,46,7.6,a
1978-12-23,112,47.2,8,a
1978-12-24,101,38.9,8.6,a
1978-12-25,104,41.1,8.8,a
1978-12-26,111,46,9,a
1978-12-27,112,47.2,9.2,a
1978-12-28,140,72.1,9.2,a
1978-12-29,173,105,9.4,a
1978-12-30,313,309,9.6,a
1978-12-31,284,258,10,a
1979-01-01,249,202,10,a
1979-01-02,186,120,8.4,a
1979-01-03,151,83,6,a
1979-01-04,146,78,5.2,a
1979-01-05,136,68.3,6.6,a
1979-01-06,125,58.3,5.2,a
1979-01-07,105,41.9,5.2,a
1979-01-08,107,43.3,5.4,a
1979-01-09,112,47.2,6.2,a
1979-01-10,140,72.1,7.8,a
1979-01-11,131,63.6,8.4,a
1979-01-12,131,63.6,7.8,a
1979-01-13,103,40.4,7.2,a
1979-01-14,96,35.6,6.8,a
1979-01-15,99,37.5,6,a
1979-01-16,101,38.9,6.4,a
1979-01-17,103,40.4,6.4,a
1979-01-18,103,40.4,6.4,a
1979-01-19,96,35.6,6.2,a
1979-01-20,92,32.9,6.3,a
1979-01-21,90,31.6,6.4,a
1979-01-22,88,30.6,7,a
1979-01-23,91,32.3,8.6,a
1979-01-24,111,46,6,a
1979-01-25,146,78,4.4,a
1979-01-26,128,60.9,4.2,a
1979-01-27,137,69.3,4.5,a
1979-01-28,518,734,3.9,a
1979-01-29,619,1100,5.2,a
1979-01-30,418,700,5,a
1979-01-31,269,316,5,a
1979-02-01,213,220,5,a
1979-02-02,196,194,5.2,a
1979-02-03,177,167,5.8,a
1979-02-04,177,167,6.2,a
1979-02-05,154,139,6.4,a
1979-02-06,136,118,6.6,a
1979-02-07,127,108,5.8,a
1979-02-08,119,98.5,5,a
1979-02-09,111,90.1,5.2,a
1979-02-10,123,103,5.4,a
1979-02-11,133,114,5.6,a
1979-02-12,116,95.3,5.2,a
1979-02-13,121,101,5.2,a
1979-02-14,130,111,5.4,a
1979-02-15,173,162,5.8,a
1979-02-16,161,147,5.8,a
1979-02-17,198,197,5.6,a
1979-02-18,174,163,5.2,a
1979-02-19,150,134,4.4,a
1979-02-20,134,115,4.8,a
1979-02-21,120,99.5,4.4,a
1979-02-22,118,97.4,2.6,a
1979-02-23,107,86.1,2.8,a
1979-02-24,102,81.2,3.8,a
1979-02-25,94,73.7,4.2,a
1979-02-26,96,75.5,4,a
1979-02-27,86,66.8,4,a
1979-02-28,78,60.6,4.3,a
1979-03-01,73,57,4.4,a
1979-03-02,73,57,4.8,a
1979-03-03,74,57.7,4.8,a
1979-03-04,73,57,5,a
1979-03-05,88,68.4,5.6,a
1979-03-06,83,64.5,6.5,a
1979-03-07,93,72.8,6.8,a
1979-03-08,102,81.2,7.2,a
1979-03-09,109,88,5.8,a
1979-03-10,93,72.8,6.2,a
1979-03-11,81,62.9,6.2,a
1979-03-12,90,70,6.8,a
1979-03-13,86,66.8,6.8,a
1979-03-14,102,81.2,7.4,a
1979-03-15,99,78.3,7.8,a
1979-03-16,183,175,7.8,a
1979-03-17,236,258,6.4,a
1979-03-18,169,157,6.6,a
1979-03-19,155,140,6.8,a
1979-03-20,141,123,7,a
1979-03-21,172,161,6.6,a
1979-03-22,174,163,6.6,a
1979-03-23,187,181,6,a
1979-03-24,155,140,6.8,a
1979-03-25,132,113,6.4,a
1979-03-26,125,105,7,a
1979-03-27,154,139,7.4,a
1979-03-28,178,168,7.5,a
1979-03-29,214,221,7.2,a
1979-03-30,206,209,6,a
1979-03-31,167,154,6.2,a
1979-04-01,136,118,7,a
1979-04-02,149,133,6.4,a
1979-04-03,132,113,6.8,a
1979-04-04,132,113,7.4,a
1979-04-05,138,120,6.8,a
1979-04-06,159,145,6.8,a
1979-04-07,153,138,6.6,a
1979-04-08,120,99.5,6.6,a
1979-04-09,125,105,6.8,a
1979-04-10,115,94.3,7.6,a
1979-04-11,108,87,7.8,a
1979-04-12,99,78.3,8.2,a
1979-04-13,102,81.2,8.4,a
1979-04-14,121,101,8.8,a
1979-04-15,107,86.1,8.6,a
1979-04-16,112,91.1,9.4,a
1979-04-17,147,130,8.6,a
1979-04-18,147,130,8.6,a
1979-04-19,133,114,8,a
1979-04-20,120,99.5,7.8,a
1979-04-21,109,88,7.8,a
1979-04-22,95,74.6,8.4,a
1979-04-23,93,72.8,8.2,a
1979-04-24,126,106,8.8,a
1979-04-25,411,649,7.4,a
1979-04-26,287,350,7.4,a
1979-04-27,228,245,7.2,a
1979-04-28,195,193,8.2,a
1979-04-29,179,170,8.2,a
1979-04-30,157,142,8.2,a
1979-05-01,141,123,8.6,a
1979-05-02,175,165,8.4,a
1979-05-03,353,484,7.8,a
1979-05-04,272,322,6.4,a
1979-05-05,220,231,6.5,a
1979-05-06,197,196,6.8,a
1979-05-07,184,177,8.2,a
1979-05-08,162,148,7.8,a
1979-05-09,152,136,8.2,a
1979-05-10,150,134,9,a
1979-05-11,149,133,9.6,a
1979-05-12,153,138,10,a
1979-05-13,161,147,10,a
1979-05-14,155,140,9.8,a
1979-05-15,154,139,10.2,a
1979-05-16,152,136,10,a
1979-05-17,147,130,10.4,a
1979-05-18,159,145,10.8,a
1979-05-19,169,157,10.6,a
1979-05-20,185,178,11.2,a
1979-05-21,184,177,11.6,a
1979-05-22,177,167,11,a
1979-05-23,172,161,11.4,a
1979-05-24,164,151,11.5,a
1979-05-25,164,151,11.6,a
1979-05-26,152,136,11,a
1979-05-27,147,130,11.6,a
1979-05-28,149,133,11.8,a
1979-05-29,149,133,12.2,a
1979-05-30,149,133,13.2,a
1979-05-31,145,128,13.2,a
1979-06-01,137,119,12.2,a
1979-06-02,142,124,12.6,a
1979-06-03,137,119,12,a
1979-06-04,138,120,12.2,a
1979-06-05,134,115,12.6,a
1979-06-06,125,105,13.2,a
1979-06-07,141,123,13.6,a
1979-06-08,129,110,12,a
1979-06-09,120,99.5,12.8,a
1979-06-10,120,99.5,12.4,a
1979-06-11,114,93.2,13.4,a
1979-06-12,116,95.3,13.2,a
1979-06-13,120,99.5,13.4,a
1979-06-14,128,109,13.4,a
1979-06-15,197,196,13.4,a
1979-06-16,171,159,12.4,a
1979-06-17,198,197,12,a
1979-06-18,154,139,10,a
1979-06-19,127,108,10.6,a
1979-06-20,108,87,10.8,a
1979-06-21,106,85.1,11.6,a
1979-06-22,102,81.2,11.6,a
1979-06-23,104,83.1,13,a
1979-06-24,103,82.1,13,a
1979-06-25,97,76.4,14.2,a
1979-06-26,92,71.8,14.4,a
1979-06-27,94,73.7,14.8,a
1979-06-28,111,90.1,15,a
1979-06-29,107,86.1,15,a
1979-06-30,103,82.1,15.2,a
1979-07-01,98,77.4,14,a
1979-07-02,100,79.2,13.4,a
1979-07-03,132,113,11.6,a
1979-07-04,142,124,10.6,a
1979-07-05,113,92.2,11.4,a
1979-07-06,110,89,12.2,a
1979-07-07,100,79.2,12.8,a
1979-07-08,87,67.6,13,a
1979-07-09,88,68.4,12,a
1979-07-10,85,66.1,13.2,a
1979-07-11,89,69.2,14,a
1979-07-12,88,68.4,13.6,a
1979-07-13,89,69.2,13.6,a
1979-07-14,88,68.4,15.6,a
1979-07-15,80,62.1,14.2,a
1979-07-16,83,64.5,13.8,a
1979-07-17,88,68.4,14,a
1979-07-18,90,70,13.4,a
1979-07-19,81,62.9,13.6,a
1979-07-20,88,68.4,14.4,a
1979-07-21,75,58.5,14.4,a
1979-07-22,86,66.8,14.2,a
1979-07-23,192,188,12.2,a
1979-07-24,146,129,12,a
1979-07-25,110,89,12.4,a
1979-07-26,101,80.2,13,a
1979-07-27,90,70,14.6,a
1979-07-28,71,55.5,14,a
1979-07-29,76,59.2,13.6,a
1979-07-30,89,69.2,14.2,a
1979-07-31,74,57.7,14.6,a
1979-08-01,73,57,15,a
1979-08-02,70,54.8,14.9,a
1979-08-03,65,51.7,15,a
1979-08-04,77,59.9,15.2,a
1979-08-05,75,58.5,14.8,a
1979-08-06,61,49.1,14.2,a
1979-08-07,61,49.1,14.2,a
1979-08-08,68,53.5,14.2,a
1979-08-09,74,57.7,15,a
1979-08-10,82,63.7,13.6,a
1979-08-11,57,46.7,13,a
1979-08-12,67,52.9,12.8,a
1979-08-13,58,47.3,12.8,a
1979-08-14,64,51,13.2,a
1979-08-15,55,45.6,13.4,a
1979-08-16,44,39.4,14.2,a
1979-08-17,69,54.2,15,a
1979-08-18,57,46.7,14.6,a
1979-08-19,44,57.7,14.2,a
1979-08-20,56,46.1,13.4,a
1979-08-21,63,50.4,13.2,a
1979-08-22,50,42.6,13,a
1979-08-23,52,43.8,13.6,a
1979-08-24,53,44.4,13.2,a
1979-08-25,80,62.1,13.6,a
1979-08-26,54,44.9,12.6,a
1979-08-27,61,49.1,11.6,a
1979-08-28,56,46.1,12,a
1979-08-29,57,46.7,12.2,a
1979-08-30,59,47.9,12.2,a
1979-08-31,48,41.5,12.8,a
1979-09-01,45,39.9,12.8,a
1979-09-02,39,36.8,13,a
1979-09-03,43,38.8,12.8,a
1979-09-04,48,41.5,12.8,a
1979-09-05,44,39.5,13.4,a
1979-09-06,46,40.4,13,a
1979-09-07,47,41,12.9,a
1979-09-08,56,46.1,13.2,a
1979-09-09,42,38.3,13,a
1979-09-10,45,39.9,13.4,a
1979-09-11,47,41,14,a
1979-09-12,40,37.2,13.8,a
1979-09-13,38,36.3,13.8,a
1979-09-14,41,37.7,13.6,a
1979-09-15,41,37.7,13.6,a
1979-09-16,37,35.9,13,a
1979-09-17,32,33.7,12,a
1979-09-18,42,38.3,11.8,a
1979-09-19,43,38.8,11.8,a
1979-09-20,39,36.8,11.6,a
1979-09-21,40,37.2,12.2,a
1979-09-22,44,39.4,12.4,a
1979-09-23,67,52.9,13,a
1979-09-24,139,121,12.6,a
1979-09-25,177,167,11,a
1979-09-26,163,150,10.4,a
1979-09-27,120,99.5,10.4,a
1979-09-28,97,76.4,10.6,a
1979-09-29,79,61.4,11.2,a
1979-09-30,51,43.2,11.2,a
1979-10-01,62,49.8,11.4,a
1979-10-02,59,47.9,11,a
1979-10-03,54,44.9,10.8,a
1979-10-04,46,40.4,9.8,a
1979-10-05,50,42.6,9.4,a
1979-10-06,53,44.4,10.4,a
1979-10-07,58,47.3,10,a
1979-10-08,57,46.7,10,a
1979-10-09,57,46.7,9.8,a
1979-10-10,53,44.4,10,a
1979-10-11,49,42.1,9.8,a
1979-10-12,50,42.6,10.4,a
1979-10-13,160,146,11,a
1979-10-14,216,225,10,a
1979-10-15,176,166,10,a
1979-10-16,173,162,10.4,a
1979-10-17,160,146,10.4,a
1979-10-18,153,138,10.8,a
1979-10-19,141,123,10,a
1979-10-20,105,84.1,9,a
1979-10-21,84,65.3,8.2,a
1979-10-22,81,62.9,8,a
1979-10-23,84,65.3,8,a
1979-10-24,71,55.5,8.6,a
1979-10-25,78,60.6,8.4,a
1979-10-26,69,54.2,7.2,a
1979-10-27,66,52.3,6.8,a
1979-10-28,57,46.7,7.2,a
1979-10-29,75,58.5,8,a
1979-10-30,87,67.6,8.2,a
1979-10-31,90,70,8,a
1979-11-01,80,62.1,8.4,a
1979-11-02,64,51,8.4,a
1979-11-03,61,49.1,8.2,a
1979-11-04,48,41.5,8,a
1979-11-05,62,49.8,7.4,a
1979-11-06,52,43.8,7.8,a
1979-11-07,60,48.5,7.4,a
1979-11-08,59,47.9,7.6,a
1979-11-09,55,45.6,8.4,a
1979-11-10,189,184,8.6,a
1979-11-11,238,262,8.2,a
1979-11-12,181,172,6.4,a
1979-11-13,137,119,5.4,a
1979-11-14,159,145,6,a
1979-11-15,300,375,6.2,a
1979-11-16,293,362,6.4,a
1979-11-17,272,322,7,a
1979-11-18,220,231,7.2,a
1979-11-19,204,206,7.6,a
1979-11-20,181,172,6.8,a
1979-11-21,149,133,6.8,a
1979-11-22,139,121,7,a
1979-11-23,131,112,6.8,a
1979-11-24,119,98.5,7,a
1979-11-25,99,78.3,7.2,a
1979-11-26,96,75.5,7.6,a
1979-11-27,95,74.6,6.2,a
1979-11-28,91,70.9,6,a
1979-11-29,90,70,6,a
1979-11-30,92,71.8,5.8,a
1979-12-01,97,76.4,6,a
1979-12-02,93,72.8,5.8,a
1979-12-03,95,74.6,5.8,a
1979-12-04,92,71.8,6,a
1979-12-05,84,65.3,5.4,a
1979-12-06,88,68.4,5.4,a
1979-12-07,85,66.1,6,a
1979-12-08,90,70,6,a
1979-12-09,91,70.9,7,a
1979-12-10,88,68.4,7,a
1979-12-11,85,59,7.6,a
1979-12-12,85,66.1,7.4,a
1979-12-13,90,65,5.8,a
1979-12-14,78,60.6,5.4,a
1979-12-15,108,87,6.2,a
1979-12-16,100,79.2,6,a
1979-12-17,101,73,6.4,a
1979-12-18,91,58,5,a
1979-12-19,84,55,5,a
1979-12-20,76,59.2,4.4,a
1979-12-21,74,50,5,a
1979-12-22,74,57.7,5.2,a
1979-12-23,103,82.1,4.8,a
1979-12-24,99,73,5,a
1979-12-25,98,63,5.2,a
1979-12-26,90,68,5.8,a
1979-12-27,82,58,6,a
1979-12-28,75,53,6,a
1979-12-29,75,53,4.8,a
1979-12-30,76,52,4.7,a
1979-12-31,76,52,4.6,a
1980-01-01,69,51.8,3,a
1980-01-02,56,43.7,2,a
1980-01-03,71,53.1,2,a
1980-01-04,67,50.5,2.2,a
1980-01-05,66,49.8,1.5,a
1980-01-06,51,40.9,2.8,a
1980-01-07,59,45.4,3.8,a
1980-01-08,56,43.7,4.2,a
1980-01-09,56,43.7,5.2,a
1980-01-10,61,46.6,4.4,a
1980-01-11,46,38.3,5.2,a
1980-01-12,48,39.3,4.4,a
1980-01-13,41,35.7,3,a
1980-01-14,55,43.2,2,a
1980-01-15,50,40.3,1.6,a
1980-01-16,51,40.9,1.4,a
1980-01-17,52,41.4,1.8,a
1980-01-18,46,38.3,1.8,a
1980-01-19,43,36.7,2,a
1980-01-20,40,35.2,2.8,a
1980-01-21,46,38.3,2.6,a
1980-01-22,44,37.2,2.2,a
1980-01-23,114,90.5,3.2,a
1980-01-24,122,99,4,a
1980-01-25,114,90.5,4.6,a
1980-01-26,90,67.7,4.8,a
1980-01-27,83,62,4.2,a
1980-01-28,79,58.9,3.6,a
1980-01-29,69,51.8,3,a
1980-01-30,69,51.8,4,a
1980-01-31,69,51.8,5,a
1980-02-01,231,250,5.2,a
1980-02-02,200,199,4.8,a
1980-02-03,146,126,5.2,a
1980-02-04,122,99,4.8,a
1980-02-05,126,103,5.4,a
1980-02-06,124,101,5.4,a
1980-02-07,128,106,6,a
1980-02-08,135,114,5.8,a
1980-02-09,112,88.4,5.4,a
1980-02-10,89,66.9,4.8,a
1980-02-11,99,75.7,5.2,a
1980-02-12,103,79.5,5.8,a
1980-02-13,100,76.6,4.8,a
1980-02-14,97,73.9,5,a
1980-02-15,86,64.5,5,a
1980-02-16,68,51.1,5,a
1980-02-17,79,58.9,5,a
1980-02-18,76,56.7,5.2,a
1980-02-19,53,42,5.2,a
1980-02-20,53,42,5.4,a
1980-02-21,50,40.3,5.4,a
1980-02-22,59,45.4,4.6,a
1980-02-23,47,38.8,4.8,a
1980-02-24,46,38.3,5.2,a
1980-02-25,43,36.7,4.6,a
1980-02-26,42,36.2,3.8,a
1980-02-27,44,37.2,4.6,a
1980-02-28,52,41.4,3.2,a
1980-02-29,49,39.8,3.2,a
1980-03-01,50,40.3,3.6,a
1980-03-02,50,40.3,4.8,a
1980-03-03,49,39.8,5.8,a
1980-03-04,54,42.6,4.4,a
1980-03-05,57,44.3,3.8,a
1980-03-06,62,47.3,4.2,a
1980-03-07,64,48.6,5.8,a
1980-03-08,61,46.6,6.6,a
1980-03-09,67,50.5,6.4,a
1980-03-10,54,42.6,5.8,a
1980-03-11,52,41.4,6.2,a
1980-03-12,42,36.2,5.4,a
1980-03-13,47,38.8,6.4,a
1980-03-14,53,42,5.8,a
1980-03-15,48,39.3,6,a
1980-03-16,51,40.9,6,a
1980-03-17,50,40.3,5.6,a
1980-03-18,54,42.6,5.2,a
1980-03-19,58,44.9,6.2,a
1980-03-20,63,47.9,6.2,a
1980-03-21,126,103,6.2,a
1980-03-22,111,87.3,6.2,a
1980-03-23,97,73.9,6.8,a
1980-03-24,105,81.5,6.2,a
1980-03-25,94,71.3,6.2,a
1980-03-26,79,58.9,6.8,a
1980-03-27,83,62,7.2,a
1980-03-28,83,62,7.4,a
1980-03-29,80,59.6,8,a
1980-03-30,100,76.6,7.2,a
1980-03-31,104,80.5,6.8,a
1980-04-01,95,72.2,7.4,a
1980-04-02,90,67.7,8,a
1980-04-03,98,74.8,8,a
1980-04-04,107,83.4,8.1,a
1980-04-05,94,71.3,7.8,a
1980-04-06,79,58.9,6.6,a
1980-04-07,68,51.1,6.8,a
1980-04-08,69,51.8,6.6,a
1980-04-09,68,51.1,7.4,a
1980-04-10,68,51.1,7,a
1980-04-11,50,40.3,7,a
1980-04-12,48,39.3,7.2,a
1980-04-13,42,36.2,7.6,a
1980-04-14,51,40.9,7.8,a
1980-04-15,52,41.4,8.4,a
1980-04-16,67,50.5,8.8,a
1980-04-17,72,53.8,9,a
1980-04-18,84,62.8,10.2,a
1980-04-19,87,65.3,10.4,a
1980-04-20,98,74.8,9.8,a
1980-04-21,100,76.6,8.2,a
1980-04-22,99,75.7,7.7,a
1980-04-23,88,66.1,6.6,a
1980-04-24,89,66.9,7.7,a
1980-04-25,85,63.7,7.8,a
1980-04-26,74,55.3,7.8,a
1980-04-27,58,44.9,8.4,a
1980-04-28,134,112,7.8,a
1980-04-29,142,121,7,a
1980-04-30,132,110,7.8,a
1980-05-01,108,84.4,9.2,a
1980-05-02,98,74.8,8.6,a
1980-05-03,132,110,9.1,a
1980-05-04,136,115,8.8,a
1980-05-05,195,192,8.8,a
1980-05-06,203,205,7.4,a
1980-05-07,172,160,8.8,a
1980-05-08,151,132,9.4,a
1980-05-09,148,129,10.4,a
1980-05-10,142,121,10,a
1980-05-11,133,111,9.4,a
1980-05-12,122,99,9.8,a
1980-05-13,126,103,10.2,a
1980-05-14,124,101,10.4,a
1980-05-15,117,93.6,9.4,a
1980-05-16,107,83.4,9.2,a
1980-05-17,91,68.6,8.4,a
1980-05-18,66,49.8,8.8,a
1980-05-19,87,65.3,9.4,a
1980-05-20,91,68.6,10.4,a
1980-05-21,96,73,10.2,a
1980-05-22,104,80.5,10.2,a
1980-05-23,119,95.7,10,a
1980-05-24,117,93.6,9.6,a
1980-05-25,95,72.2,10.2,a
1980-05-26,98,74.8,9.6,a
1980-05-27,95,72.2,10.6,a
1980-05-28,106,82.4,11.4,a
1980-05-29,113,89.4,10.8,a
1980-05-30,123,100,10.8,a
1980-05-31,132,110,9.8,a
1980-06-01,109,85.3,10.8,a
1980-06-02,106,82.4,10.2,a
1980-06-03,102,78.5,10.8,a
1980-06-04,106,82.4,11,a
1980-06-05,98,74.8,12,a
1980-06-06,104,80.5,11.4,a
1980-06-07,101,77.6,12,a
1980-06-08,90,67.7,11.4,a
1980-06-09,110,86.3,11.2,a
1980-06-10,140,119,11.1,a
1980-06-11,160,144,10.6,a
1980-06-12,151,132,11.5,a
1980-06-13,126,103,12.6,a
1980-06-14,107,83.4,13.6,a
1980-06-15,91,68.6,13.8,a
1980-06-16,97,73.9,13.8,a
1980-06-17,106,82.4,13.8,a
1980-06-18,107,83.4,12.6,a
1980-06-19,107,83.4,12.2,a
1980-06-20,99,75.7,12.4,a
1980-06-21,87,65.3,11.8,a
1980-06-22,73,54.6,11.8,a
1980-06-23,103,79.5,12.2,a
1980-06-24,232,251,11,a
1980-06-25,186,178,10.8,a
1980-06-26,171,158,11.2,a
1980-06-27,154,136,10.8,a
1980-06-28,147,127,10.6,a
1980-06-29,116,92.5,11.2,a
1980-06-30,171,158,11.2,a
1980-07-01,145,125,11.2,a
1980-07-02,219,229,11.4,a
1980-07-03,232,251,10,a
1980-07-04,180,170,10.2,a
1980-07-05,146,126,11.4,a
1980-07-06,133,111,11.4,a
1980-07-07,138,117,12.8,a
1980-07-08,134,112,13,a
1980-07-09,149,130,12.2,a
1980-07-10,297,369,11,a
1980-07-11,238,262,10.8,a
1980-07-12,192,187,10.4,a
1980-07-13,175,164,10.8,a
1980-07-14,149,130,11,a
1980-07-15,132,110,11.6,a
1980-07-16,125,102,12,a
1980-07-17,166,152,12,a
1980-07-18,152,134,11,a
1980-07-19,127,105,11.4,a
1980-07-20,127,105,12.8,a
1980-07-21,133,111,12.7,a
1980-07-22,158,141,11.2,a
1980-07-23,130,108,11.4,a
1980-07-24,113,89.4,12.6,a
1980-07-25,99,75.7,13.2,a
1980-07-26,100,76.6,14,a
1980-07-27,82,61.2,14,a
1980-07-28,100,76.6,13.4,a
1980-07-29,91,68.6,14.4,a
1980-07-30,94,71.3,14.6,a
1980-07-31,79,58.9,14.4,a
1980-08-01,80,59.6,14.8,a
1980-08-02,78,58.2,15,a
1980-08-03,73,54.6,15.2,a
1980-08-04,71,53.1,15.2,a
1980-08-05,75,56,15.4,a
1980-08-06,69,51.8,15.6,a
1980-08-07,65,49.2,15.4,a
1980-08-08,68,51.1,16,a
1980-08-09,75,56,15,a
1980-08-10,67,50.5,14.6,a
1980-08-11,42,36.2,15.2,a
1980-08-12,76,56.7,15,a
1980-08-13,76,56.7,15.4,a
1980-08-14,67,50.5,14.8,a
1980-08-15,68,51.1,14.4,a
1980-08-16,58,44.9,14.2,a
1980-08-17,52,41.4,14.2,a
1980-08-18,55,43.2,14,a
1980-08-19,59,45.4,14.2,a
1980-08-20,32,31.9,14.2,a
1980-08-21,46,38.3,14,a
1980-08-22,56,43.7,14.4,a
1980-08-23,43,36.7,14.4,a
1980-08-24,51,40.9,13.8,a
1980-08-25,34,32.7,12.4,a
1980-08-26,56,43.7,12.8,a
1980-08-27,43,36.7,13,a
1980-08-28,49,39.8,13.6,a
1980-08-29,50,40.3,13.8,a
1980-08-30,51,40.9,13.6,a
1980-08-31,101,77.6,14,a
1980-09-01,97,73.9,12.4,a
1980-09-02,77,57.4,12,a
1980-09-03,71,53.1,12.2,a
1980-09-04,52,41.4,12.2,a
1980-09-05,62,47.3,12.8,a
1980-09-06,44,37.2,12.6,a
1980-09-07,33,32.3,12.6,a
1980-09-08,37,34,13,a
1980-09-09,47,38.8,13.8,a
1980-09-10,110,86.3,13.6,a
1980-09-11,120,96.7,12.6,a
1980-09-12,91,68.6,11.6,a
1980-09-13,67,50.5,11.8,a
1980-09-14,43,36.7,12.8,a
1980-09-15,59,45.4,12.2,a
1980-09-16,54,42.6,12.4,a
1980-09-17,47,38.8,12.8,a
1980-09-18,45,37.8,12.8,a
1980-09-19,55,43.2,12.8,a
1980-09-20,36,33.6,13.2,a
1980-09-21,33,32,12.8,a
1980-09-22,50,40.3,13,a
1980-09-23,42,36.2,13.6,a
1980-09-24,70,52.4,13.8,a
1980-09-25,59,45.4,13.2,a
1980-09-26,56,43.7,13,a
1980-09-27,41,35.7,12.8,a
1980-09-28,33,32.3,12.2,a
1980-09-29,32,31.9,12,a
1980-09-30,45,37.8,12,a
1980-10-01,41,35.7,11.8,a
1980-10-02,38,34.4,11.6,a
1980-10-03,43,36.7,11.6,a
1980-10-04,31,31.5,12,a
1980-10-05,33,32.3,11.6,a
1980-10-06,29,30.8,12.2,a
1980-10-07,28,30.5,12,a
1980-10-08,126,103,11.6,a
1980-10-09,508,959,10,a
1980-10-10,320,435,9,a
1980-10-11,219,247,9,a
1980-10-12,280,357,9.2,a
1980-10-13,283,363,9,a
1980-10-14,208,229,9,a
1980-10-15,179,187,9.2,a
1980-10-16,289,374,9.6,a
1980-10-17,354,506,9.2,a
1980-10-18,320,435,9.4,a
1980-10-19,253,307,8.8,a
1980-10-20,208,229,8.8,a
1980-10-21,179,187,8.4,a
1980-10-22,153,153,8,a
1980-10-23,143,141,8,a
1980-10-24,127,122,8.9,a
1980-10-25,185,195,9,a
1980-10-26,225,258,8.2,a
1980-10-27,171,175,7.8,a
1980-10-28,146,144,7.6,a
1980-10-29,130,125,8,a
1980-10-30,117,111,8,a
1980-10-31,115,109,8.2,a
1980-11-01,95,88.5,8.2,a
1980-11-02,94,87.5,7.2,a
1980-11-03,97,90.5,6.2,a
1980-11-04,91,84.6,5.2,a
1980-11-05,97,90.5,4,a
1980-11-06,118,112,5.2,a
1980-11-07,116,110,5.8,a
1980-11-08,117,111,6,a
1980-11-09,114,107,6,a
1980-11-10,123,117,6.4,a
1980-11-11,121,115,6.2,a
1980-11-12,117,111,5.2,a
1980-11-13,139,136,4,a
1980-11-14,120,114,5,a
1980-11-15,109,102,4.4,a
1980-11-16,105,98.2,5.2,a
1980-11-17,114,107,6.4,a
1980-11-18,130,125,7,a
1980-11-19,204,223,6.8,a
1980-11-20,171,175,6.8,a
1980-11-21,146,144,6.6,a
1980-11-22,128,123,6.8,a
1980-11-23,116,110,6.6,a
1980-11-24,123,117,6.4,a
1980-11-25,127,122,6.6,a
1980-11-26,126,121,6.8,a
1980-11-27,263,325,7,a
1980-11-28,208,229,6.2,a
1980-11-29,174,180,6.2,a
1980-11-30,146,144,5.6,a
1980-12-01,118,112,5.2,a
1980-12-02,101,94.3,4.2,a
1980-12-03,111,104,3.2,a
1980-12-04,95,88.5,4.4,a
1980-12-05,95,88.5,4.2,a
1980-12-06,94,87.5,3.4,a
1980-12-07,70,66.6,3.2,a
1980-12-08,82,76.3,3.2,a
1980-12-09,62,60.9,2.4,a
1980-12-10,69,65.9,1.8,a
1980-12-11,76,71.3,2.8,a
1980-12-12,67,64.5,3,a
1980-12-13,59,58.9,2.4,a
1980-12-14,61,60.2,3.4,a
1980-12-15,50,53.3,4.4,a
1980-12-16,122,116,5,a
1980-12-17,116,110,4.6,a
1980-12-18,106,99.2,4.8,a
1980-12-19,97,90.5,4.6,a
1980-12-20,81,75.4,5,a
1980-12-21,67,64.5,5.4,a
1980-12-22,83,77.2,4.2,a
1980-12-23,74,69.8,3.6,a
1980-12-24,67,64.5,3.4,a
1980-12-25,67,64.5,3.2,a
1980-12-26,66,63.8,3.4,a
1980-12-27,65,63.1,3.4,a
1980-12-28,60,59.5,3.8,a
1980-12-29,60,59.5,4.2,a
1980-12-30,58,58.3,3.2,a
1980-12-31,64,62.3,2.4,a
1981-01-01,53,53.8,3.2,a
1981-01-02,45,49.1,2.6,a
1981-01-03,55,55.2,3.4,a
1981-01-04,52,53.2,4.8,a
1981-01-05,54,54.5,5,a
1981-01-06,51,52.5,4.8,a
1981-01-07,55,55.2,3,a
1981-01-08,51,52.5,2.6,a
1981-01-09,44,47.7,1.8,a
1981-01-10,44,47.7,0.6,a
1981-01-11,36,42.6,0.8,a
1981-01-12,30,39,1.4,a
1981-01-13,48,50.4,2,a
1981-01-14,42,46.4,2,a
1981-01-15,45,48.4,1.4,a
1981-01-16,37,43.2,2.4,a
1981-01-17,38,43.8,1,a
1981-01-18,37,43.2,0.6,a
1981-01-19,41,45.7,0.8,a
1981-01-20,37,43.2,0.2,a
1981-01-21,37,43.2,0.2,a
1981-01-22,33,40.8,0,a
1981-01-23,32,40.2,0,a
1981-01-24,25,36.4,0,a
1981-01-25,23,35.4,0,a
1981-01-26,24,35.9,0,a
1981-01-27,24,35.9,0,a
1981-01-28,31,39.6,0,a
1981-01-29,27,37.4,0,a
1981-01-30,26,36.9,0.2,a
1981-01-31,22,34.8,0.8,a
1981-02-01,20,33.8,1,a
1981-02-02,22,34.8,1.8,a
1981-02-03,34,41.4,2.8,a
1981-02-04,28,38,3.6,a
1981-02-05,42,46.4,4,a
1981-02-06,30,39,3.4,a
1981-02-07,30,39,3.2,a
1981-02-08,23,35.4,2.8,a
1981-02-09,24,35.9,2.6,a
1981-02-10,27,37.4,3.8,a
1981-02-11,44,47.7,4.6,a
1981-02-12,36,42.6,3,a
1981-02-13,38,43.8,2.6,a
1981-02-14,27,37.4,2.4,a
1981-02-15,24,35.9,2.2,a
1981-02-16,39,44.4,2,a
1981-02-17,48,50.4,2.2,a
1981-02-18,39,44.4,2.4,a
1981-02-19,42,46.4,2.6,a
1981-02-20,35,42,2.6,a
1981-02-21,23,35.4,2.6,a
1981-02-22,23,35.4,2.4,a
1981-02-23,22,34.8,3,a
1981-02-24,20,33.8,3.4,a
1981-02-25,19,33.4,4,a
1981-02-26,17,32.5,3,a
1981-02-27,15,31.7,2.2,a
1981-02-28,16,32.1,2.6,a
1981-03-01,16,32.1,3,a
1981-03-02,16,32.1,4.2,a
1981-03-03,17,32.5,4.6,a
1981-03-04,20,33.8,3.8,a
1981-03-05,26,36.9,4.8,a
1981-03-06,25,36.4,4.8,a
1981-03-07,29,38.5,5,a
1981-03-08,44,47.7,5,a
1981-03-09,62,60.2,5.2,a
1981-03-10,81,75.4,5.2,a
1981-03-11,95,88.5,5.4,a
1981-03-12,123,117,5.8,a
1981-03-13,160,161,6,a
1981-03-14,141,138,6,a
1981-03-15,123,117,6.2,a
1981-03-16,118,112,6.4,a
1981-03-17,127,122,6.2,a
1981-03-18,130,125,6.2,a
1981-03-19,110,103,6,a
1981-03-20,97,90.5,6,a
1981-03-21,85,79.1,6.2,a
1981-03-22,84,78.1,6.4,a
1981-03-23,74,69.8,6.4,a
1981-03-24,58,57.2,7.4,a
1981-03-25,66,63.4,8,a
1981-03-26,78,72.9,8.4,a
1981-03-27,81,75.4,8.6,a
1981-03-28,86,80,8.7,a
1981-03-29,80,74.5,8.6,a
1981-03-30,93,86.5,8,a
1981-03-31,147,145,8,a
1981-04-01,122,116,8.4,a
1981-04-02,112,105,9.4,a
1981-04-03,107,100,9.6,a
1981-04-04,88,81.8,8.2,a
1981-04-05,89,82.7,8.4,a
1981-04-06,82,76.3,9,a
1981-04-07,64,61.8,8.6,a
1981-04-08,71,67.4,9.2,a
1981-04-09,76,71.3,9.8,a
1981-04-10,72,68.2,10.4,a
1981-04-11,79,73.7,9.8,a
1981-04-12,67,64.2,9,a
1981-04-13,60,58.6,9.2,a
1981-04-14,66,63.4,9.6,a
1981-04-15,64,61.8,10.2,a
1981-04-16,58,57.2,10.4,a
1981-04-17,67,64.2,9.6,a
1981-04-18,36,42.6,8.6,a
1981-04-19,39,44.4,7.4,a
1981-04-20,44,47.7,7,a
1981-04-21,41,45.7,8,a
1981-04-22,43,47,7.4,a
1981-04-23,31,39.6,8.4,a
1981-04-24,40,45,9,a
1981-04-25,52,53.2,8,a
1981-04-26,41,45.7,8.2,a
1981-04-27,96,89.5,9.2,a
1981-04-28,105,98.2,9.2,a
1981-04-29,95,88.5,9,a
1981-04-30,77,72.1,8.4,a
1981-05-01,63,61,9.6,a
1981-05-02,61,59.4,9.6,a
1981-05-03,117,111,8.4,a
1981-05-04,124,118,7.6,a
1981-05-05,132,127,6.8,a
1981-05-06,123,117,7.6,a
1981-05-07,116,110,8.8,a
1981-05-08,113,106,9,a
1981-05-09,106,99.2,10.6,a
1981-05-10,100,93.4,10.6,a
1981-05-11,85,79.1,11,a
1981-05-12,116,110,10.2,a
1981-05-13,132,127,9.4,a
1981-05-14,109,102,9.8,a
1981-05-15,102,95.3,10.4,a
1981-05-16,79,73.7,10.6,a
1981-05-17,79,73.7,10.8,a
1981-05-18,71,67.4,10.8,a
1981-05-19,78,72.9,11.6,a
1981-05-20,73,69,12,a
1981-05-21,72,68.2,13,a
1981-05-22,78,72.9,13.4,a
1981-05-23,89,82.7,12.2,a
1981-05-24,94,87.5,11.4,a
1981-05-25,78,72.9,12,a
1981-05-26,72,68.2,11.2,a
1981-05-27,210,232,11.6,a
1981-05-28,204,223,10,a
1981-05-29,150,149,10.2,a
1981-05-30,121,115,11.4,a
1981-05-31,70,66.6,12.2,a
1981-06-01,81,75.4,13.2,a
1981-06-02,82,76.3,14,a
1981-06-03,73,69,14.2,a
1981-06-04,76,71.3,14.6,a
1981-06-05,75,70.6,13.8,a
1981-06-06,73,69,12.4,a
1981-06-07,51,52.5,12.2,a
1981-06-08,54,54.5,13,a
1981-06-09,64,61.8,14.2,a
1981-06-10,53,53.8,14.4,a
1981-06-11,72,68.2,14,a
1981-06-12,63,61,13.8,a
1981-06-13,45,48.4,14.6,a
1981-06-14,46,49.1,14.2,a
1981-06-15,42,46.4,14.4,a
1981-06-16,54,54.5,15.6,a
1981-06-17,57,56.6,15.4,a
1981-06-18,121,115,14,a
1981-06-19,109,102,13.8,a
1981-06-20,78,72.9,12.7,a
1981-06-21,51,52.5,11.4,a
1981-06-22,110,103,11.6,a
1981-06-23,133,129,10.6,a
1981-06-24,121,115,10.8,a
1981-06-25,109,102,11.4,a
1981-06-26,100,93.4,12,a
1981-06-27,76,71.3,11.1,a
1981-06-28,66,63.4,12.6,a
1981-06-29,69,65.8,13.4,a
1981-06-30,73,69,14.2,a
1981-07-01,61,59.4,13.2,a
1981-07-02,55,55.2,13.2,a
1981-07-03,54,54.5,14.2,a
1981-07-04,55,55.2,14.4,a
1981-07-05,46,49.1,14,a
1981-07-06,43,47,14.4,a
1981-07-07,39,44.4,14.6,a
1981-07-08,57,56.6,14.6,a
1981-07-09,51,52.5,13.6,a
1981-07-10,43,47,14,a
1981-07-11,27,37.4,14.2,a
1981-07-12,33,40.8,15,a
1981-07-13,47,49.8,15.4,a
1981-07-14,41,45.7,14.8,a
1981-07-15,42,46.4,14.8,a
1981-07-16,42,46.4,14.4,a
1981-07-17,37,43.2,14.4,a
1981-07-18,39,44.4,14.8,a
1981-07-19,94,87.5,13.6,a
1981-07-20,118,112,12.8,a
1981-07-21,80,74.5,12.4,a
1981-07-22,74,69.8,13.4,a
1981-07-23,58,57.2,14,a
1981-07-24,52,53.2,14.6,a
1981-07-25,69,65.8,14.6,a
1981-07-26,126,121,13.2,a
1981-07-27,117,111,12.6,a
1981-07-28,90,83.6,12.4,a
1981-07-29,63,61,12.8,a
1981-07-30,68,65,13.6,a
1981-07-31,59,57.9,13.8,a
1981-08-01,49,51.1,14,a
1981-08-02,43,47,14.8,a
1981-08-03,51,52.5,15,a
1981-08-04,49,51.1,15.2,a
1981-08-05,52,53.2,15,a
1981-08-06,46,49.1,14.8,a
1981-08-07,36,42.6,15.2,a
1981-08-08,36,42.6,15.2,a
1981-08-09,18,33,15.4,a
1981-08-10,28,38,15.4,a
1981-08-11,47,49.8,15.4,a
1981-08-12,46,49.1,14.8,a
1981-08-13,50,51.8,14.8,a
1981-08-14,44,47.7,14.8,a
1981-08-15,25,36.4,14.6,a
1981-08-16,17,32.5,14.6,a
1981-08-17,28,38,14.8,a
1981-08-18,36,42.6,14.6,a
1981-08-19,30,39,14,a
1981-08-20,18,33,13.6,a
1981-08-21,94,87.5,14.4,a
1981-08-22,75,70.6,13.4,a
1981-08-23,58,57.2,13.2,a
1981-08-24,39,44.4,12.4,a
1981-08-25,41,45.7,12.4,a
1981-08-26,35,42,12.2,a
1981-08-27,33,40.8,12.6,a
1981-08-28,31,39.6,13,a
1981-08-29,29,38.5,13.6,a
1981-08-30,19,33.4,13,a
1981-08-31,19,33.4,13.6,a
1981-09-01,31,39.6,13.8,a
1981-09-02,24,35.9,14,a
1981-09-03,26,36.9,13.6,a
1981-09-04,26,36.9,13.4,a
1981-09-05,25,36.4,12.6,a
1981-09-06,18,33,12.6,a
1981-09-07,17,32.5,12.4,a
1981-09-08,24,35.9,12.6,a
1981-09-09,21,34.3,13.2,a
1981-09-10,33,40.8,13.6,a
1981-09-11,19,33.4,13.4,a
1981-09-12,22,34.8,13.4,a
1981-09-13,19,33.4,13.6,a
1981-09-14,47,49.8,14,a
1981-09-15,25,36.4,12.8,a
1981-09-16,29,38.5,12.4,a
1981-09-17,16,32.1,12,a
1981-09-18,17,32.5,13,a
1981-09-19,18,33,13,a
1981-09-20,32,40.2,13.4,a
1981-09-21,24,35.9,13,a
1981-09-22,19,33.3,13.4,a
1981-09-23,19,33.3,13.6,a
1981-09-24,141,138,13.2,a
1981-09-25,234,273,11.6,a
1981-09-26,152,152,11.4,a
1981-09-27,101,94,12,a
1981-09-28,141,138,11.8,a
1981-09-29,185,195,11.2,a
1981-09-30,139,136,10.8,a
1981-10-01,122,116,10.6,a
1981-10-02,104,97.5,10.2,a
1981-10-03,94,87.1,11.2,a
1981-10-04,90,84,11.2,a
1981-10-05,97,90.5,11.4,a
1981-10-06,85,79.4,11.4,a
1981-10-07,61,59.5,11.4,a
1981-10-08,59,58,11.8,a
1981-10-09,48,50.1,11.6,a
1981-10-10,45,48.7,11.2,a
1981-10-11,48,50.1,11,a
1981-10-12,67,64.1,10.4,a
1981-10-13,42,46.2,10.4,a
1981-10-14,57,56.5,9.8,a
1981-10-15,49,51.4,9.8,a
1981-10-16,31,39.5,10.2,a
1981-10-17,31,39.5,10.6,a
1981-10-18,19,33.3,10.4,a
1981-10-19,23,35.3,10.6,a
1981-10-20,36,42.6,11.2,a
1981-10-21,31,39.5,11.2,a
1981-10-22,142,140,11.4,a
1981-10-23,220,249,9.2,a
1981-10-24,149,148,9,a
1981-10-25,102,95.7,8.6,a
1981-10-26,90,84,8.4,a
1981-10-27,178,186,8.6,a
1981-10-28,197,213,8.4,a
1981-10-29,152,152,8.6,a
1981-10-30,124,118,9,a
1981-10-31,95,88.7,9,a
1981-11-01,71,67.2,9.2,a
1981-11-02,77,71.8,9,a
1981-11-03,71,67.2,8.8,a
1981-11-04,65,62.6,8.8,a
1981-11-05,59,58,9.2,a
1981-11-06,61,59.5,9,a
1981-11-07,53,53.9,8.6,a
1981-11-08,42,46.2,5.6,a
1981-11-09,45,48.7,5.6,a
1981-11-10,45,48.7,5.2,a
1981-11-11,34,41.6,3.8,a
1981-11-12,38,43.7,5.6,a
1981-11-13,40,44.8,5.6,a
1981-11-14,45,48.7,6.2,a
1981-11-15,34,41.6,5.6,a
1981-11-16,23,35.3,5.6,a
1981-11-17,29,38.5,4.8,a
1981-11-18,30,39.3,4.4,a
1981-11-19,31,39.5,4.6,a
1981-11-20,33,40.5,5.2,a
1981-11-21,33,40.5,5.4,a
1981-11-22,23,35.3,5,a
1981-11-23,21,34.3,6.2,a
1981-11-24,27,37.4,7,a
1981-11-25,31,39.5,7.2,a
1981-11-26,25,36.5,6.8,a
1981-11-27,29,38.5,5.2,a
1981-11-28,27,37.4,4.4,a
1981-11-29,25,36.5,5.4,a
1981-11-30,10,29.6,4.6,a
1981-12-01,10,29.6,4.6,a
1981-12-02,15,31.8,4.4,a
1981-12-03,21,34.3,3.6,a
1981-12-04,19,33.3,3.2,a
1981-12-05,14,31.2,4.2,a
1981-12-06,10,29.6,3.8,a
1981-12-07,17,32.6,3.6,a
1981-12-08,17,32.6,5,a
1981-12-09,82,76.4,5.8,a
1981-12-10,45,48.7,6.2,a
1981-12-11,55,55.2,6,a
1981-12-12,82,76.4,5.4,a
1981-12-13,82,76.4,4.8,a
1981-12-14,61,59.5,3.3,a
1981-12-15,49,51.4,3.6,a
1981-12-16,49,51.4,3.2,a
1981-12-17,53,53.9,3.4,a
1981-12-18,55,54.9,4.2,a
1981-12-19,40,45,3,a
1981-12-20,31,39.5,2.2,a
1981-12-21,47,50.1,1.8,a
1981-12-22,45,48.7,1.6,a
1981-12-23,32,40.5,2.2,a
1981-12-24,29,38.5,2.2,a
1981-12-25,34,41.6,3.6,a
1981-12-26,19,33.3,4.4,a
1981-12-27,17,32.6,3.8,a
1981-12-28,25,36.4,3.4,a
1981-12-29,104,97.5,3.6,a
1981-12-30,133,129,3.6,a
1981-12-31,204,223,3.2,a
1982-01-01,619,691,4.6,a
1982-01-02,564,543,5.2,a
1982-01-03,431,275,5,a
1982-01-04,384,201,5.2,a
1982-01-05,339,144,5.6,a
1982-01-06,324,126,6,a
1982-01-07,311,113,5.6,a
1982-01-08,301,102,3.2,a
1982-01-09,286,87.9,3.2,a
1982-01-10,288,89.8,2.6,a
1982-01-11,272,75.4,2.8,a
1982-01-12,266,70.4,3,a
1982-01-13,260,65.5,4.2,a
1982-01-14,247,55.6,2.6,a
1982-01-15,249,57,2.4,a
1982-01-16,245,54.3,2,a
1982-01-17,242,52.2,1.6,a
1982-01-18,244,53.6,1.8,a
1982-01-19,241,51.5,2.4,a
1982-01-20,239,50.2,2.4,a
1982-01-21,237,48.9,2.4,a
1982-01-22,238,49.5,3,a
1982-01-23,244,53.6,2.2,a
1982-01-24,229,43.8,2.4,a
1982-01-25,228,43.2,3.6,a
1982-01-26,232,45.7,3.4,a
1982-01-27,230,44.4,2.8,a
1982-01-28,230,44.4,3.2,a
1982-01-29,229,43.8,4,a
1982-01-30,220,38.5,4.2,a
1982-01-31,220,38.5,4,a
1982-02-01,226,42,4.4,a
1982-02-02,217,37.1,3.2,a
1982-02-03,223,40.3,2.8,a
1982-02-04,216,36.6,2.6,a
1982-02-05,217,37.1,2.4,a
1982-02-06,216,36.6,2,a
1982-02-07,210,33.7,3,a
1982-02-08,218,37.5,2.4,a
1982-02-09,214,35.6,4,a
1982-02-10,215,36.1,3.8,a
1982-02-11,216,36.6,4,a
1982-02-12,221,39.1,4.2,a
1982-02-13,224,40.9,4.4,a
1982-02-14,221,39.1,2.6,a
1982-02-15,223,40.3,2.6,a
1982-02-16,225,41.5,3.8,a
1982-02-17,226,42,4.6,a
1982-02-18,220,38.5,5,a
1982-02-19,226,42,5.2,a
1982-02-20,218,37.5,5,a
1982-02-21,212,34.7,3.4,a
1982-02-22,204,31.2,4,a
1982-02-23,201,30,3,a
1982-02-24,201,30,1.4,a
1982-02-25,201,30,2,a
1982-02-26,200,29.6,2,a
1982-02-27,199,29.2,2.6,a
1982-02-28,197,28.5,2.2,a
1982-03-01,196,28.1,3.4,a
1982-03-02,197,28.5,4.4,a
1982-03-03,198,28.8,4.6,a
1982-03-04,199,29.2,5,a
1982-03-05,224,40.9,5.8,a
1982-03-06,223,40.3,5.2,a
1982-03-07,214,35.6,5,a
1982-03-08,204,31.2,5.2,a
1982-03-09,210,33.7,5.2,a
1982-03-10,215,36.1,4.6,a
1982-03-11,223,40.3,6,a
1982-03-12,236,48.2,4.4,a
1982-03-13,233,46.3,5.2,a
1982-03-14,219,38,5.2,a
1982-03-15,210,33.7,4.2,a
1982-03-16,220,38.5,5,a
1982-03-17,220,38.5,5.2,a
1982-03-18,239,50.2,6.2,a
1982-03-19,250,57.7,5,a
1982-03-20,248,56.3,4.4,a
1982-03-21,232,45.7,5.6,a
1982-03-22,231,45,5.8,a
1982-03-23,243,52.9,5.4,a
1982-03-24,234,47,5.2,a
1982-03-25,236,48.2,5.4,a
1982-03-26,228,43.2,5.4,a
1982-03-27,225,41.5,6.2,a
1982-03-28,229,43.8,6.8,a
1982-03-29,246,54.9,7.4,a
1982-03-30,274,77.1,7.4,a
1982-03-31,292,93.6,6.2,a
1982-04-01,282,84.3,7,a
1982-04-02,277,79.8,7.4,a
1982-04-03,284,86.1,7.4,a
1982-04-04,279,81.5,8,a
1982-04-05,280,82.4,8.2,a
1982-04-06,288,89.8,8.2,a
1982-04-07,298,99.1,8.6,a
1982-04-08,313,115,8.8,a
1982-04-09,295,96.4,8.8,a
1982-04-10,291,92.6,7.4,a
1982-04-11,264,68.7,7,a
1982-04-12,277,79.8,7.8,a
1982-04-13,258,63.9,7.2,a
1982-04-14,253,60,6.4,a
1982-04-15,245,54.3,6.2,a
1982-04-16,244,53.6,7.2,a
1982-04-17,242,52.2,8,a
1982-04-18,236,48.2,7.8,a
1982-04-19,245,54.3,8.6,a
1982-04-20,247,55.6,8,a
1982-04-21,241,51.5,8,a
1982-04-22,240,50.8,7.8,a
1982-04-23,256,62.4,7.6,a
1982-04-24,226,42,7.6,a
1982-04-25,217,37.1,7.6,a
1982-04-26,232,45.7,8,a
1982-04-27,221,39.1,9.2,a
1982-04-28,232,45.7,8.6,a
1982-04-29,234,47,8.8,a
1982-04-30,243,52.9,9.2,a
1982-05-01,232,45.7,8.8,a
1982-05-02,223,40.3,8,a
1982-05-03,214,35.6,8.4,a
1982-05-04,231,45,9.4,a
1982-05-05,244,53.6,10.4,a
1982-05-06,249,57,10.2,a
1982-05-07,313,115,9.8,a
1982-05-08,324,126,9.4,a
1982-05-09,344,150,7.8,a
1982-05-10,403,229,8,a
1982-05-11,503,410,8.4,a
1982-05-12,424,263,8.2,a
1982-05-13,369,181,9.4,a
1982-05-14,337,141,9.6,a
1982-05-15,325,128,10,a
1982-05-16,317,119,10.8,a
1982-05-17,314,116,11,a
1982-05-18,313,115,11.6,a
1982-05-19,307,109,11.2,a
1982-05-20,310,112,11.4,a
1982-05-21,318,120,11.6,a
1982-05-22,298,99.1,11.6,a
1982-05-23,296,97.3,12.4,a
1982-05-24,413,245,11,a
1982-05-25,441,293,9.6,a
1982-05-26,360,169,9.6,a
1982-05-27,335,139,11,a
1982-05-28,309,111,11.6,a
1982-05-29,314,116,12.2,a
1982-05-30,292,93.6,11.4,a
1982-05-31,291,92.6,12,a
1982-06-01,273,76.2,12.2,a
1982-06-02,280,82.4,13,a
1982-06-03,268,72,13.4,a
1982-06-04,271,74.5,13.6,a
1982-06-05,267,71.2,13.6,a
1982-06-06,276,78.9,13.6,a
1982-06-07,253,60,14,a
1982-06-08,266,70.4,13.8,a
1982-06-09,250,57.7,14.2,a
1982-06-10,257,63.2,13.4,a
1982-06-11,254,60.8,13.8,a
1982-06-12,300,101,14.3,a
1982-06-13,495,395,11.6,a
1982-06-14,450,310,7.8,a
1982-06-15,373,186,10.6,a
1982-06-16,323,125,11.4,a
1982-06-17,306,108,11.4,a
1982-06-18,287,88.9,13,a
1982-06-19,311,113,13.2,a
1982-06-20,316,118,11,a
1982-06-21,293,94.5,12.6,a
1982-06-22,285,87.1,13.8,a
1982-06-23,283,85.2,13.8,a
1982-06-24,276,78.9,14.2,a
1982-06-25,264,68.7,13.8,a
1982-06-26,265,69.6,14.4,a
1982-06-27,261,66.3,14,a
1982-06-28,282,84.3,13.2,a
1982-06-29,271,74.5,13.8,a
1982-06-30,289,90.8,13.4,a
1982-07-01,286,87.9,14.2,a
1982-07-02,265,69.6,14,a
1982-07-03,250,57.7,14.2,a
1982-07-04,247,55.6,14.4,a
1982-07-05,258,63.9,14.8,a
1982-07-06,238,49.5,15.2,a
1982-07-07,244,53.6,15.2,a
1982-07-08,254,60.8,15,a
1982-07-09,242,52.2,14.6,a
1982-07-10,232,45.7,15,a
1982-07-11,231,45,15.4,a
1982-07-12,231,45,15.4,a
1982-07-13,224,40.9,15,a
1982-07-14,239,50.2,15.4,a
1982-07-15,228,43.2,15.2,a
1982-07-16,237,48.9,15.8,a
1982-07-17,234,47,16.2,a
1982-07-18,225,41.5,16,a
1982-07-19,234,47,14.8,a
1982-07-20,232,45.7,14.4,a
1982-07-21,244,53.6,15.4,a
1982-07-22,227,42.6,15.4,a
1982-07-23,227,42.6,15.6,a
1982-07-24,231,45,15.6,a
1982-07-25,218,37.5,14.6,a
1982-07-26,240,50.8,15.2,a
1982-07-27,234,47,14,a
1982-07-28,247,55.6,13.8,a
1982-07-29,246,54.9,14,a
1982-07-30,229,43.8,14.4,a
1982-07-31,235,47.6,14.8,a
1982-08-01,231,45,14.8,a
1982-08-02,228,43.2,15,a
1982-08-03,225,41.5,16,a
1982-08-04,225,41.5,15.2,a
1982-08-05,240,50.8,15.4,a
1982-08-06,229,43.8,15,a
1982-08-07,229,43.8,15,a
1982-08-08,221,39.1,14.8,a
1982-08-09,222,39.7,14.4,a
1982-08-10,237,48.9,15,a
1982-08-11,231,45,14.6,a
1982-08-12,216,36.6,15,a
1982-08-13,223,40.3,15.6,a
1982-08-14,214,35.6,15.8,a
1982-08-15,203,30.8,16.2,a
1982-08-16,208,32.9,16,a
1982-08-17,216,36.6,16.2,a
1982-08-18,208,32.9,15.4,a
1982-08-19,206,32.1,15,a
1982-08-20,209,33.3,15.6,a
1982-08-21,305,107,16.2,a
1982-08-22,279,81.5,12.4,a
1982-08-23,253,60,13,a
1982-08-24,232,45.7,13.2,a
1982-08-25,237,48.9,13.6,a
1982-08-26,238,49.5,14,a
1982-08-27,231,45,13.8,a
1982-08-28,231,45,14.2,a
1982-08-29,418,253,13.4,a
1982-08-30,381,197,11.2,a
1982-08-31,320,122,12.4,a
1982-09-01,289,90.8,13.2,a
1982-09-02,267,71.2,13.2,a
1982-09-03,255,61.6,13,a
1982-09-04,237,48.9,13.2,a
1982-09-05,247,55.6,14,a
1982-09-06,230,44.4,14,a
1982-09-07,238,49.5,14.6,a
1982-09-08,294,95.4,14.6,a
1982-09-09,268,72,13.6,a
1982-09-10,261,66.3,13.6,a
1982-09-11,247,55.6,14.2,a
1982-09-12,245,54.3,14.2,a
1982-09-13,231,45,14,a
1982-09-14,233,46.3,14,a
1982-09-15,238,49.5,13.8,a
1982-09-16,218,37.5,13.8,a
1982-09-17,227,42.6,13.8,a
1982-09-18,217,37.1,13.8,a
1982-09-19,210,33.7,13.6,a
1982-09-20,215,36.1,13.6,a
1982-09-21,225,41.5,13.8,a
1982-09-22,227,42.6,14,a
1982-09-23,233,46.3,14,a
1982-09-24,297,98.2,13.4,a
1982-09-25,272,75.4,12.2,a
1982-09-26,245,54.3,12.2,a
1982-09-27,244,53.6,12.8,a
1982-09-28,235,47.6,13.2,a
1982-09-29,233,46.3,13.2,a
1982-09-30,231,45,13.2,a
1982-10-01,234,47,13.2,a
1982-10-02,253,60,12.6,a
1982-10-03,249,57,12.4,a
1982-10-04,230,44.4,12,a
1982-10-05,247,55.6,11.8,a
1982-10-06,314,116,11.2,a
1982-10-07,466,339,10.2,a
1982-10-08,407,235,10.2,a
1982-10-09,380,195,10,a
1982-10-10,346,152,9.8,a
1982-10-11,320,122,10,a
1982-10-12,307,109,10.2,a
1982-10-13,300,101,10.2,a
1982-10-14,436,283,10.8,a
1982-10-15,476,385,9.6,a
1982-10-16,391,211,9.4,a
1982-10-17,355,163,9,a
1982-10-18,324,126,9.2,a
1982-10-19,304,105,9.8,a
1982-10-20,290,91.7,10.4,a
1982-10-21,285,87.1,10.4,a
1982-10-22,266,70.4,10.2,a
1982-10-23,279,81.5,10,a
1982-10-24,462,332,10.2,a
1982-10-25,391,211,9.8,a
1982-10-26,362,172,9.6,a
1982-10-27,323,125,9.6,a
1982-10-28,302,103,9.6,a
1982-10-29,294,95.4,9.8,a
1982-10-30,282,84.3,9.8,a
1982-10-31,270,73.6,9.8,a
1982-11-01,267,71.2,9.2,a
1982-11-02,268,72,8.6,a
1982-11-03,258,63.9,8.6,a
1982-11-04,259,64.7,8.2,a
1982-11-05,255,61.6,8.2,a
1982-11-06,261,66.3,7.8,a
1982-11-07,243,52.9,6.6,a
1982-11-08,252,59.3,6.4,a
1982-11-09,269,72.8,7.2,a
1982-11-10,477,360,8.2,a
1982-11-11,443,297,8.4,a
1982-11-12,366,177,8.6,a
1982-11-13,367,178,8.6,a
1982-11-14,734,1051,8.8,a
1982-11-15,570,581,7.8,a
1982-11-16,428,294,7.6,a
1982-11-17,371,205,7.4,a
1982-11-18,341,168,7,a
1982-11-19,317,143,6.4,a
1982-11-20,296,122,6.6,a
1982-11-21,293,119,6.6,a
1982-11-22,286,112,6.8,a
1982-11-23,267,96.1,7,a
1982-11-24,267,96.1,7,a
1982-11-25,264,93.7,7.4,a
1982-11-26,268,96.9,8.2,a
1982-11-27,264,93.7,8.4,a
1982-11-28,273,101,8.4,a
1982-11-29,285,112,8.2,a
1982-11-30,274,102,8.2,a
1982-12-01,253,85.4,8,a
1982-12-02,261,91.3,7.6,a
1982-12-03,248,81.8,7.8,a
1982-12-04,250,83.2,7.6,a
1982-12-05,242,77.8,7.2,a
1982-12-06,244,79.1,6.8,a
1982-12-07,238,75.1,6.8,a
1982-12-08,240,76.4,7,a
1982-12-09,338,75.1,8,a
1982-12-10,441,315,7.8,a
1982-12-11,513,452,7.6,a
1982-12-12,407,259,6.6,a
1982-12-13,352,181,6.4,a
1982-12-14,323,149,6.6,a
1982-12-15,304,130,6.6,a
1982-12-16,281,108,6.4,a
1982-12-17,282,109,7,a
1982-12-18,415,272,7.6,a
1982-12-19,451,332,6.6,a
1982-12-20,364,196,6.2,a
1982-12-21,412,267,6.6,a
1982-12-22,435,305,6.8,a
1982-12-23,371,205,6,a
1982-12-24,342,169,6.2,a
1982-12-25,314,140,6.2,a
1982-12-26,291,117,6,a
1982-12-27,287,113,5.6,a
1982-12-28,271,99.4,5.6,a
1982-12-29,265,94.5,5.8,a
1982-12-30,261,91.3,4.8,a
1982-12-31,254,86.1,3.8,a
1983-01-01,247,81.9,3,a
1983-01-02,242,77.5,4.8,a
1983-01-03,240,75.8,4.8,a
1983-01-04,248,82.8,5.4,a
1983-01-05,237,73.3,5.8,a
1983-01-06,246,81,5.4,a
1983-01-07,240,75.8,5.6,a
1983-01-08,230,67.4,6,a
1983-01-09,218,58,5.8,a
1983-01-10,230,67.4,5.4,a
1983-01-11,231,68.2,5,a
1983-01-12,226,64.2,4.6,a
1983-01-13,228,65.8,3,a
1983-01-14,221,60.3,5.4,a
1983-01-15,229,66.6,4.8,a
1983-01-16,217,57.2,5.4,a
1983-01-17,222,61.1,5,a
1983-01-18,224,62.7,5.6,a
1983-01-19,225,63.5,6.2,a
1983-01-20,223,61.9,5.2,a
1983-01-21,215,55.7,3.8,a
1983-01-22,211,52.8,4.4,a
1983-01-23,200,44.8,4.2,a
1983-01-24,209,51.1,3,a
1983-01-25,209,51.1,4.2,a
1983-01-26,209,51.1,3.4,a
1983-01-27,212,53.3,3.2,a
1983-01-28,203,46.9,4.8,a
1983-01-29,198,43.5,5,a
1983-01-30,199,44.2,6,a
1983-01-31,204,47.6,5.8,a
1983-02-01,202,46.2,4.8,a
1983-02-02,209,51.1,5.4,a
1983-02-03,208,50.4,4.8,a
1983-02-04,206,49,3.2,a
1983-02-05,196,42.3,3.6,a
1983-02-06,192,39.8,4.4,a
1983-02-07,196,42.3,3.6,a
1983-02-08,208,50.4,4.2,a
1983-02-09,209,51.1,4.6,a
1983-02-10,206,49,4,a
1983-02-11,204,47.6,4,a
1983-02-12,198,43.5,4,a
1983-02-13,186,36.5,4,a
1983-02-14,203,46.9,4.2,a
1983-02-15,202,46.2,4.4,a
1983-02-16,196,42.3,3,a
1983-02-17,192,39.8,2.4,a
1983-02-18,197,42.9,1.4,a
1983-02-19,199,44.2,1.6,a
1983-02-20,190,38.5,1.6,a
1983-02-21,190,38.5,2.2,a
1983-02-22,181,33.9,2.4,a
1983-02-23,177,32,1.2,a
1983-02-24,180,33.4,1,a
1983-02-25,181,33.9,0.8,a
1983-02-26,187,37,1.2,a
1983-02-27,184,35.4,4,a
1983-02-28,185,36,4.4,a
1983-03-01,189,38,5,a
1983-03-02,200,44.8,4.6,a
1983-03-03,198,43.5,4.8,a
1983-03-04,202,46.2,5.4,a
1983-03-05,202,46.2,4.6,a
1983-03-06,200,44.8,4.2,a
1983-03-07,197,42.9,4.2,a
1983-03-08,220,59.5,4.6,a
1983-03-09,228,65.8,5.2,a
1983-03-10,245,80.2,5.6,a
1983-03-11,246,81,6,a
1983-03-12,232,69.1,6.4,a
1983-03-13,224,62.7,5.6,a
1983-03-14,222,61.1,5.2,a
1983-03-15,219,58.7,6,a
1983-03-16,217,57.2,6.4,a
1983-03-17,218,58,6.2,a
1983-03-18,217,57.2,6.6,a
1983-03-19,210,51.8,7.4,a
1983-03-20,203,46.9,8,a
1983-03-21,219,58.7,8.4,a
1983-03-22,227,65,8.8,a
1983-03-23,291,123,6.8,a
1983-03-24,258,91.7,7,a
1983-03-25,436,307,7,a
1983-03-26,428,294,6.4,a
1983-03-27,341,178,6,a
1983-03-28,293,125,6.2,a
1983-03-29,283,115,7,a
1983-03-30,291,123,6.4,a
1983-03-31,271,104,6.4,a
1983-04-01,268,101,7.4,a
1983-04-02,265,98.3,7.4,a
1983-04-03,267,100,7.2,a
1983-04-04,269,102,7.2,a
1983-04-05,269,102,7.4,a
1983-04-06,264,97.3,6.8,a
1983-04-07,258,91.7,7.6,a
1983-04-08,257,90.8,8.4,a
1983-04-09,253,87.2,8.4,a
1983-04-10,250,84.5,9,a
1983-04-11,257,90.8,9.4,a
1983-04-12,266,99.2,9.6,a
1983-04-13,263,96.4,9.2,a
1983-04-14,252,86.3,8.2,a
1983-04-15,239,75,8,a
1983-04-16,236,72.4,8,a
1983-04-17,220,59.5,8.4,a
1983-04-18,225,63.5,9.4,a
1983-04-19,216,56.4,9.4,a
1983-04-20,236,72.4,9.4,a
1983-04-21,249,83.6,10.2,a
1983-04-22,246,81,10.4,a
1983-04-23,234,70.8,10,a
1983-04-24,232,69.1,10.2,a
1983-04-25,228,65.8,10,a
1983-04-26,232,69.1,10.4,a
1983-04-27,229,66.6,11.2,a
1983-04-28,223,61.9,11.2,a
1983-04-29,225,63.5,10.8,a
1983-04-30,223,61.9,11.2,a
1983-05-01,219,58.7,11.6,a
1983-05-02,295,127,10.8,a
1983-05-03,273,106,10.1,a
1983-05-04,262,59.4,11,a
1983-05-05,245,80.2,10.9,a
1983-05-06,247,81.9,11.2,a
1983-05-07,230,67.4,11.8,a
1983-05-08,226,64.2,11.6,a
1983-05-09,313,146,10.4,a
1983-05-10,297,130,9.7,a
1983-05-11,280,112,10.4,a
1983-05-12,280,112,10.3,a
1983-05-13,282,114,10.8,a
1983-05-14,262,95.4,11.4,a
1983-05-15,243,78.4,12,a
1983-05-16,247,81.9,12.6,a
1983-05-17,245,80.2,12.2,a
1983-05-18,234,70.8,12.6,a
1983-05-19,230,67.4,12.7,a
1983-05-20,227,65,12.3,a
1983-05-21,215,55.7,12.6,a
1983-05-22,214,54.9,13,a
1983-05-23,212,53.3,12.6,a
1983-05-24,244,79.3,11.7,a
1983-05-25,243,78.4,11.6,a
1983-05-26,239,75,10.9,a
1983-05-27,250,84.5,11.2,a
1983-05-28,259,92.6,10.7,a
1983-05-29,241,76.7,10.3,a
1983-05-30,236,72.4,11.4,a
1983-05-31,225,63.5,12,a
1983-06-01,220,59.5,12.7,a
1983-06-02,218,58,13.2,a
1983-06-03,216,56.4,14,a
1983-06-04,209,51.1,14.4,a
1983-06-05,196,42.3,14.5,a
1983-06-06,214,54.9,15.6,a
1983-06-07,226,64.2,14.2,a
1983-06-08,213,54.1,13.2,a
1983-06-09,213,54.1,13.7,a
1983-06-10,211,52.8,14.6,a
1983-06-11,209,51.1,14.8,a
1983-06-12,209,51.1,14.2,a
1983-06-13,209,51.1,14.4,a
1983-06-14,226,64.2,14.3,a
1983-06-15,211,52.8,14.8,a
1983-06-16,222,61.1,12.8,a
1983-06-17,206,49,11.9,a
1983-06-18,205,48.3,11.9,a
1983-06-19,208,50.4,12.8,a
1983-06-20,197,42.9,13.2,a
1983-06-21,202,46.2,13,a
1983-06-22,206,49,13.2,a
1983-06-23,213,54.1,13.8,a
1983-06-24,219,58.7,13.8,a
1983-06-25,200,44.8,14.8,a
1983-06-26,204,47.6,14.9,a
1983-06-27,209,51.1,15.2,a
1983-06-28,209,51.1,14.8,a
1983-06-29,217,57.2,14.2,a
1983-06-30,220,59.5,13.6,a
1983-07-01,212,53.3,14.2,a
1983-07-02,202,46.2,14.5,a
1983-07-03,186,36.5,14.3,a
1983-07-04,183,34.9,15,a
1983-07-05,194,41,16,a
1983-07-06,194,41,16.4,a
1983-07-07,198,43.5,15.4,a
1983-07-08,189,38,15.8,a
1983-07-09,188,37.5,15.6,a
1983-07-10,181,33.9,15.8,a
1983-07-11,182,34.4,15.8,a
1983-07-12,192,39.8,16.4,a
1983-07-13,187,37,16.4,a
1983-07-14,188,37.5,15.6,a
1983-07-15,197,42.9,16.2,a
1983-07-16,190,38.5,16,a
1983-07-17,175,31,15.7,a
1983-07-18,172,29.6,16.2,a
1983-07-19,182,34.4,17,a
1983-07-20,182,34.4,17.2,a
1983-07-21,182,34.4,16.9,a
1983-07-22,175,31,15.2,a
1983-07-23,171,29.1,15,a
1983-07-24,163,25.7,15.6,a
1983-07-25,173,30,16.3,a
1983-07-26,174,30.5,16,a
1983-07-27,175,31,17.2,a
1983-07-28,174,30.5,17.4,a
1983-07-29,168,27.8,17,a
1983-07-30,178,32.4,17.2,a
1983-07-31,165,26.6,16.8,a
1983-08-01,160,24.5,16.9,a
1983-08-02,180,33.4,17.7,a
1983-08-03,254,88.1,18,a
1983-08-04,279,111,12.9,a
1983-08-05,238,74.1,13.3,a
1983-08-06,217,57.2,13.4,a
1983-08-07,194,41,13.6,a
1983-08-08,193,40.4,14,a
1983-08-09,189,38,14.4,a
1983-08-10,191,39.1,14.9,a
1983-08-11,189,38,15.3,a
1983-08-12,183,34.9,15,a
1983-08-13,180,33.4,15.2,a
1983-08-14,165,26.6,14.4,a
1983-08-15,173,30,14,a
1983-08-16,179,32.9,14.4,a
1983-08-17,182,34.4,14.8,a
1983-08-18,182,34.4,15.4,a
1983-08-19,177,32,15.2,a
1983-08-20,173,30,14.8,a
1983-08-21,162,25.3,14.9,a
1983-08-22,164,26.1,15,a
1983-08-23,181,33.9,15.8,a
1983-08-24,176,31.5,15.7,a
1983-08-25,184,35.4,15.6,a
1983-08-26,185,36,14.8,a
1983-08-27,179,32.9,14.7,a
1983-08-28,166,27,14.4,a
1983-08-29,165,26.6,14.8,a
1983-08-30,176,31.5,15.6,a
1983-08-31,172,29.6,15,a
1983-09-01,166,27,14.8,a
1983-09-02,174,30.5,15,a
1983-09-03,182,34.4,14.7,a
1983-09-04,257,90.8,14.2,a
1983-09-05,212,53.3,12.8,a
1983-09-06,200,44.8,13.2,a
1983-09-07,196,42.3,14.2,a
1983-09-08,186,36.5,13.2,a
1983-09-09,185,36,12.9,a
1983-09-10,181,33.9,13.8,a
1983-09-11,184,35.4,14.7,a
1983-09-12,263,96.4,14.2,a
1983-09-13,237,73.3,12,a
1983-09-14,227,65,12.2,a
1983-09-15,204,47.6,12.2,a
1983-09-16,209,51.1,11.8,a
1983-09-17,283,115,12.8,a
1983-09-18,297,130,10.5,a
1983-09-19,260,93.5,11.4,a
1983-09-20,224,62.7,11.6,a
1983-09-21,211,52.8,12.4,a
1983-09-22,209,51.1,13,a
1983-09-23,203,46.9,13,a
1983-09-24,195,41.7,12.4,a
1983-09-25,185,36,12.6,a
1983-09-26,180,33.4,12.1,a
1983-09-27,194,41,10.7,a
1983-09-28,180,33.4,10.8,a
1983-09-29,194,41,11.4,a
1983-09-30,185,36,11.7,a
1983-10-01,186,36.5,12.2,a
1983-10-02,179,32.9,10.6,a
1983-10-03,180,33.4,10.3,a
1983-10-04,174,30.5,10.6,a
1983-10-05,173,30,11.3,a
1983-10-06,176,31.5,11.5,a
1983-10-07,178,32.4,12,a
1983-10-08,183,34.9,11.5,a
1983-10-09,175,31,11,a
1983-10-10,175,31,11.2,a
1983-10-11,184,35.4,12,a
1983-10-12,254,88.1,10.4,a
1983-10-13,222,61.1,9.8,a
1983-10-14,200,44.8,9.1,a
1983-10-15,200,44.8,10.4,a
1983-10-16,185,36,11.3,a
1983-10-17,383,230,11.6,a
1983-10-18,376,221,9.1,a
1983-10-19,296,248,9,a
1983-10-20,269,102,8.9,a
1983-10-21,246,81,9.5,a
1983-10-22,234,70.8,8.8,a
1983-10-23,218,58,8,a
1983-10-24,219,58.7,7.2,a
1983-10-25,211,52.8,6.7,a
1983-10-26,211,52.8,6.6,a
1983-10-27,211,52.8,6.7,a
1983-10-28,197,42.9,7.4,a
1983-10-29,198,43.5,7.7,a
1983-10-30,184,35.4,8.5,a
1983-10-31,190,38.5,8.8,a
1983-11-01,185,36,8.5,a
1983-11-02,186,36.5,7.6,a
1983-11-03,193,40.4,7.6,a
1983-11-04,186,36.5,8.4,a
1983-11-05,184,35.4,8.6,a
1983-11-06,180,33.4,8.6,a
1983-11-07,176,31.5,7.8,a
1983-11-08,186,36.5,8.3,a
1983-11-09,177,32,7.8,a
1983-11-10,170,28.6,7.5,a
1983-11-11,175,31,7.5,a
1983-11-12,170,28.6,6.4,a
1983-11-13,174,30.5,4,a
1983-11-14,173,30,5.7,a
1983-11-15,169,28.2,3.5,a
1983-11-16,179,32.9,3,a
1983-11-17,173,30,3.4,a
1983-11-18,176,31.5,3.2,a
1983-11-19,165,26.6,2.1,a
1983-11-20,160,24.5,1.6,a
1983-11-21,160,24.5,2.2,a
1983-11-22,160,24.5,4.6,a
1983-11-23,159,24.2,4.5,a
1983-11-24,176,31.5,4,a
1983-11-25,167,23.6,4.1,a
1983-11-26,174,30.5,3.2,a
1983-11-27,171,29.1,5.6,a
1983-11-28,259,92.6,5.2,a
1983-11-29,207,49.7,5.8,a
1983-11-30,183,34.9,5.2,a
1983-12-01,195,41.7,4.8,a
1983-12-02,189,38,3.4,a
1983-12-03,186,36.5,3,a
1983-12-04,173,30,3.2,a
1983-12-05,170,28.6,3.8,a
1983-12-06,175,31,3,a
1983-12-07,173,30,3.8,a
1983-12-08,173,30,2.6,a
1983-12-09,170,28.6,2.8,a
1983-12-10,172,29.6,3,a
1983-12-11,162,25.3,4.1,a
1983-12-12,160,24.5,3.2,a
1983-12-13,169,28.2,2.6,a
1983-12-14,161,24.9,2.6,a
1983-12-15,169,28.2,2.4,a
1983-12-16,164,26.1,3,a
1983-12-17,174,30.5,2.1,a
1983-12-18,220,59.5,3,a
1983-12-19,334,170,3.2,a
1983-12-20,592,638,3.8,a
1983-12-21,413,272,4,a
1983-12-22,444,320,5.4,a
1983-12-23,394,245,5.6,a
1983-12-24,339,176,5.6,a
1983-12-25,283,115,5.5,a
1983-12-26,270,103,5.4,a
1983-12-27,260,93.5,5.6,a
1983-12-28,240,75.8,5.2,a
1983-12-29,239,75,4.8,a
1983-12-30,231,68.2,4.4,a
1983-12-31,235,71.6,4.6,a
1984-01-01,212,62.4,5,a
1984-01-02,205,57.4,5,a
1984-01-03,209,60.2,5.9,a
1984-01-04,298,140,6.1,a
1984-01-05,294,136,4.8,a
1984-01-06,256,99.1,5,a
1984-01-07,233,78.9,3.6,a
1984-01-08,212,62.4,3.2,a
1984-01-09,222,70,2.8,a
1984-01-10,217,66.2,3.9,a
1984-01-11,223,70.8,1.9,a
1984-01-12,202,55.3,1.2,a
1984-01-13,208,59.5,1.6,a
1984-01-14,194,49.9,1.8,a
1984-01-15,196,51.2,3.8,a
1984-01-16,213,63.1,4,a
1984-01-17,207,58.8,4.4,a
1984-01-18,230,76.4,4.6,a
1984-01-19,212,62.4,4.4,a
1984-01-20,217,66.2,4,a
1984-01-21,197,51.9,4.8,a
1984-01-22,198,52.6,4.1,a
1984-01-23,196,51.2,4.7,a
1984-01-24,204,56.7,4.1,a
1984-01-25,195,50.6,4.9,a
1984-01-26,196,51.2,2.8,a
1984-01-27,198,52.6,3,a
1984-01-28,188,46.2,3.1,a
1984-01-29,192,48.7,3.9,a
1984-01-30,201,54.6,4.9,a
1984-01-31,203,56,5,a
1984-02-01,202,55.3,5.2,a
1984-02-02,213,63.1,4.4,a
1984-02-03,210,60.9,4.9,a
1984-02-04,200,53.9,4.8,a
1984-02-05,200,53.9,5.1,a
1984-02-06,210,60.9,4.9,a
1984-02-07,203,56,4.8,a
1984-02-08,206,58.1,4.5,a
1984-02-09,200,53.9,4.4,a
1984-02-10,198,52.6,4.1,a
1984-02-11,193,49.3,3.5,a
1984-02-12,186,44.9,3.2,a
1984-02-13,183,43.2,3.4,a
1984-02-14,193,49.3,3.4,a
1984-02-15,187,45.5,2.9,a
1984-02-16,189,46.8,2.6,a
1984-02-17,184,43.7,2.5,a
1984-02-18,179,40.9,3.2,a
1984-02-19,169,35.6,3.8,a
1984-02-20,168,35.1,4.4,a
1984-02-21,178,40.3,4.4,a
1984-02-22,179,40.9,4,a
1984-02-23,180,41.4,3.8,a
1984-02-24,179,40.9,3.4,a
1984-02-25,184,43.7,3.9,a
1984-02-26,183,43.2,3.2,a
1984-02-27,182,42.6,3,a
1984-02-28,194,49.9,4,a
1984-02-29,190,47.4,4.7,a
1984-03-01,186,44.9,4.9,a
1984-03-02,189,46.8,5.1,a
1984-03-03,189,46.8,5.2,a
1984-03-04,182,42.6,5.1,a
1984-03-05,182,42.6,4.9,a
1984-03-06,193,49.3,4.5,a
1984-03-07,200,53.9,4.8,a
1984-03-08,213,63.1,5.6,a
1984-03-09,195,50.6,5,a
1984-03-10,193,49.3,4.6,a
1984-03-11,188,46.2,4.5,a
1984-03-12,197,51.9,4.7,a
1984-03-13,193,49.3,5,a
1984-03-14,194,49.9,5.4,a
1984-03-15,197,51.9,5.8,a
1984-03-16,197,51.9,5.9,a
1984-03-17,195,50.6,5.8,a
1984-03-18,193,49.3,6,a
1984-03-19,210,60.9,6.3,a
1984-03-20,212,62.4,5.3,a
1984-03-21,209,60.2,4.6,a
1984-03-22,212,62.4,5,a
1984-03-23,212,62.4,5.6,a
1984-03-24,213,63.1,5.6,a
1984-03-25,211,61.7,6.1,a
1984-03-26,329,174,5.4,a
1984-03-27,300,143,5.4,a
1984-03-28,288,130,6.2,a
1984-03-29,291,133,6.4,a
1984-03-30,377,231,5.8,a
1984-03-31,335,185,5.5,a
1984-04-01,295,137,7.2,a
1984-04-02,328,173,6.4,a
1984-04-03,467,375,5.6,a
1984-04-04,383,239,5.5,a
1984-04-05,335,185,6,a
1984-04-06,313,156,6.1,a
1984-04-07,301,144,7.1,a
1984-04-08,306,149,7.3,a
1984-04-09,311,154,7,a
1984-04-10,293,135,7.2,a
1984-04-11,291,133,7.6,a
1984-04-12,284,126,7,a
1984-04-13,284,126,7.6,a
1984-04-14,270,112,7.4,a
1984-04-15,273,115,7.6,a
1984-04-16,291,133,8.4,a
1984-04-17,288,130,7.4,a
1984-04-18,275,117,7.3,a
1984-04-19,270,112,8,a
1984-04-20,262,105,7.9,a
1984-04-21,252,95.5,9.3,a
1984-04-22,242,86.6,8.6,a
1984-04-23,252,95.5,9,a
1984-04-24,271,113,9.4,a
1984-04-25,278,120,9.3,a
1984-04-26,270,112,9.2,a
1984-04-27,259,102,9.5,a
1984-04-28,257,100,8.5,a
1984-04-29,249,92.8,7.6,a
1984-04-30,243,87.5,7.3,a
1984-05-01,225,72.4,6.9,a
1984-05-02,212,62.4,8.3,a
1984-05-03,236,81.4,9.8,a
1984-05-04,267,109,9.9,a
1984-05-05,285,127,9.6,a
1984-05-06,285,127,9.5,a
1984-05-07,286,128,10.3,a
1984-05-08,309,152,10.5,a
1984-05-09,342,191,8.1,a
1984-05-10,303,146,8.4,a
1984-05-11,280,122,7.8,a
1984-05-12,273,115,8.2,a
1984-05-13,259,102,8.4,a
1984-05-14,256,99.1,10.4,a
1984-05-15,268,110,9.4,a
1984-05-16,271,113,9.4,a
1984-05-17,295,137,9.6,a
1984-05-18,289,131,9.6,a
1984-05-19,278,120,10.2,a
1984-05-20,267,109,9.8,a
1984-05-21,380,235,11.2,a
1984-05-22,520,486,8.5,a
1984-05-23,437,321,8.7,a
1984-05-24,384,240,8.4,a
1984-05-25,345,194,9.2,a
1984-05-26,321,165,9.3,a
1984-05-27,309,152,9.4,a
1984-05-28,328,173,9.2,a
1984-05-29,322,166,9.1,a
1984-05-30,320,164,9.1,a
1984-05-31,312,155,9,a
1984-06-01,293,135,10.1,a
1984-06-02,289,131,11,a
1984-06-03,291,133,11.4,a
1984-06-04,304,147,11.7,a
1984-06-05,296,138,10.8,a
1984-06-06,413,282,9.4,a
1984-06-07,366,217,9.1,a
1984-06-08,332,182,9.2,a
1984-06-09,301,144,10.4,a
1984-06-10,278,120,10.9,a
1984-06-11,291,133,11.8,a
1984-06-12,270,112,10.4,a
1984-06-13,265,108,11,a
1984-06-14,260,103,11.9,a
1984-06-15,258,101,13.2,a
1984-06-16,265,108,13,a
1984-06-17,240,84.9,11.8,a
1984-06-18,247,91,12.2,a
1984-06-19,239,84,13,a
1984-06-20,243,87.5,13.2,a
1984-06-21,246,90.1,14,a
1984-06-22,256,99.1,13.9,a
1984-06-23,258,101,12.5,a
1984-06-24,269,111,12.8,a
1984-06-25,266,109,11.2,a
1984-06-26,250,93.7,12.6,a
1984-06-27,239,84,12.8,a
1984-06-28,212,62.4,13.4,a
1984-06-29,327,171,13.1,a
1984-06-30,405,270,10.4,a
1984-07-01,329,174,10.4,a
1984-07-02,297,139,11.2,a
1984-07-03,380,235,11.7,a
1984-07-04,343,192,10.1,a
1984-07-05,311,154,10.6,a
1984-07-06,277,119,11.4,a
1984-07-07,260,103,12,a
1984-07-08,246,90.1,11.4,a
1984-07-09,240,84.9,12.5,a
1984-07-10,242,86.6,13.3,a
1984-07-11,226,73.2,14,a
1984-07-12,229,75.6,14.8,a
1984-07-13,226,73.2,15,a
1984-07-14,221,69.2,14.4,a
1984-07-15,218,66.9,13.6,a
1984-07-16,216,65.4,14.2,a
1984-07-17,215,64.6,12.6,a
1984-07-18,214,63.9,12.6,a
1984-07-19,215,64.6,13,a
1984-07-20,214,63.9,13.1,a
1984-07-21,216,65.4,13.4,a
1984-07-22,189,46.8,14.2,a
1984-07-23,211,61.7,14.8,a
1984-07-24,210,60.9,14.6,a
1984-07-25,220,68.5,13.4,a
1984-07-26,225,72.4,14.6,a
1984-07-27,217,66.2,13.3,a
1984-07-28,200,53.9,13.2,a
1984-07-29,197,51.9,13.2,a
1984-07-30,191,48,13,a
1984-07-31,198,52.6,14.6,a
1984-08-01,188,46.2,14.6,a
1984-08-02,184,43.7,15,a
1984-08-03,187,45.5,14.2,a
1984-08-04,189,46.8,15,a
1984-08-05,169,35.6,15.2,a
1984-08-06,196,51.2,16.4,a
1984-08-07,292,134,14.8,a
1984-08-08,252,95.5,13.6,a
1984-08-09,241,85.7,13.4,a
1984-08-10,300,143,14.6,a
1984-08-11,276,118,12.6,a
1984-08-12,247,91,13.2,a
1984-08-13,233,78.9,13.2,a
1984-08-14,238,83.1,13.4,a
1984-08-15,219,67.7,12.8,a
1984-08-16,213,63.1,13,a
1984-08-17,210,60.9,13,a
1984-08-18,204,56.7,13.2,a
1984-08-19,202,55.3,13.4,a
1984-08-20,196,51.2,13,a
1984-08-21,203,56,12.8,a
1984-08-22,201,54.6,12.6,a
1984-08-23,196,51.2,13.2,a
1984-08-24,192,48.7,13,a
1984-08-25,190,47.4,13.2,a
1984-08-26,192,48.7,12.8,a
1984-08-27,193,49.3,13.4,a
1984-08-28,196,51.2,12.4,a
1984-08-29,199,53.2,12.8,a
1984-08-30,192,48.7,13,a
1984-08-31,191,48,13,a
1984-09-01,177,39.8,13.2,a
1984-09-02,165,33.6,13.4,a
1984-09-03,174,38.1,13.4,a
1984-09-04,195,50.6,14.4,a
1984-09-05,182,42.6,13.6,a
1984-09-06,201,54.6,14,a
1984-09-07,232,78.1,13.6,a
1984-09-08,202,55.3,12.4,a
1984-09-09,186,44.9,12.4,a
1984-09-10,196,51.2,11.6,a
1984-09-11,229,75.6,10.6,a
1984-09-12,202,55.3,11.4,a
1984-09-13,184,43.7,11.8,a
1984-09-14,197,51.9,12.4,a
1984-09-15,202,55.3,13,a
1984-09-16,216,65.4,13.2,a
1984-09-17,225,72.4,12.4,a
1984-09-18,213,63.1,11.8,a
1984-09-19,204,56.7,12.2,a
1984-09-20,196,51.2,11.8,a
1984-09-21,200,53.9,12.4,a
1984-09-22,254,97.3,11.8,a
1984-09-23,325,169,10.4,a
1984-09-24,606,699,10.8,a
1984-09-25,470,398,9.4,a
1984-09-26,358,224,9,a
1984-09-27,313,170,9.6,a
1984-09-28,280,134,10,a
1984-09-29,260,114,10.4,a
1984-09-30,241,95.9,10.6,a
1984-10-01,222,79.3,11.6,a
1984-10-02,395,271,11.4,a
1984-10-03,452,364,9.6,a
1984-10-04,475,408,10,a
1984-10-05,457,373,9.6,a
1984-10-06,445,352,9.2,a
1984-10-07,351,216,9.4,a
1984-10-08,324,182,9.6,a
1984-10-09,294,149,9.6,a
1984-10-10,275,129,9.4,a
1984-10-11,265,119,9.6,a
1984-10-12,262,116,10.2,a
1984-10-13,248,102,9.2,a
1984-10-14,232,87.9,9.8,a
1984-10-15,236,91.4,10,a
1984-10-16,234,89.7,9.6,a
1984-10-17,230,86.2,9.6,a
1984-10-18,222,79.3,9.4,a
1984-10-19,214,72.8,9.4,a
1984-10-20,233,88.8,10.2,a
1984-10-21,233,88.8,10.4,a
1984-10-22,222,79.3,10.4,a
1984-10-23,223,80.2,9,a
1984-10-24,223,80.2,9.6,a
1984-10-25,222,79.3,9.2,a
1984-10-26,216,74.4,10,a
1984-10-27,209,68.9,10.2,a
1984-10-28,206,66.6,10.4,a
1984-10-29,218,76,9.6,a
1984-10-30,224,81,9,a
1984-10-31,219,76.9,9,a
1984-11-01,208,68.1,8.6,a
1984-11-02,200,62.1,8.6,a
1984-11-03,185,51.6,8,a
1984-11-04,181,49,7.4,a
1984-11-05,182,49.6,6.2,a
1984-11-06,197,59.9,6.8,a
1984-11-07,241,95.9,8,a
1984-11-08,231,87,8.2,a
1984-11-09,234,89.7,8.4,a
1984-11-10,222,79.3,9,a
1984-11-11,211,70.4,8.2,a
1984-11-12,185,51.6,8.4,a
1984-11-13,185,51.6,7,a
1984-11-14,182,49.6,6.8,a
1984-11-15,183,50.3,6,a
1984-11-16,186,52.2,5,a
1984-11-17,194,57.7,5,a
1984-11-18,198,60.6,5,a
1984-11-19,211,70.4,5.6,a
1984-11-20,243,97.8,6,a
1984-11-21,225,81.9,6.6,a
1984-11-22,215,73.6,5.2,a
1984-11-23,222,79.3,6,a
1984-11-24,241,95.9,7,a
1984-11-25,258,112,7.6,a
1984-11-26,248,102,6.6,a
1984-11-27,235,90.5,9,a
1984-11-28,228,84.4,6.8,a
1984-11-29,219,76.9,5.6,a
1984-11-30,209,68.9,5,a
1984-12-01,207,67.3,4.8,a
1984-12-02,223,80.2,6,a
1984-12-03,299,154,6,a
1984-12-04,267,121,6.4,a
1984-12-05,235,90.5,6,a
1984-12-06,226,82.7,4.8,a
1984-12-07,207,67.3,6.4,a
1984-12-08,211,70.4,5.6,a
1984-12-09,198,60.6,5.9,a
1984-12-10,194,57.7,5.6,a
1984-12-11,193,57,5.5,a
1984-12-12,194,57.7,5.6,a
1984-12-13,185,51.6,5.8,a
1984-12-14,188,53.6,6.3,a
1984-12-15,193,57,6.3,a
1984-12-16,175,45.2,6.5,a
1984-12-17,215,73.6,6.3,a
1984-12-18,226,82.7,7,a
1984-12-19,302,157,7.1,a
1984-12-20,369,237,6.7,a
1984-12-21,302,157,6.9,a
1984-12-22,273,127,6.9,a
1984-12-23,247,101,5.6,a
1984-12-24,222,79.3,5.1,a
1984-12-25,223,80.2,5.1,a
1984-12-26,220,77.7,5.2,a
1984-12-27,206,66.6,5.4,a
1984-12-28,206,66.6,5.1,a
1984-12-29,203,64.3,5,a
1984-12-30,174,44.6,4.8,a
1984-12-31,178,47.1,9.6,a
1985-01-01,174,42.8,4,a
1985-01-02,179,46,3.3,a
1985-01-03,192,55,2.8,a
1985-01-04,186,50.7,2.7,a
1985-01-05,186,50.7,2,a
1985-01-06,177,44.7,2.3,a
1985-01-07,181,47.3,1.5,a
1985-01-08,169,39.7,0.7,a
1985-01-09,157,32.8,1.4,a
1985-01-10,166,37.9,1.4,a
1985-01-11,154,31.2,1.4,a
1985-01-12,158,33.3,1,a
1985-01-13,152,30.2,1.2,a
1985-01-14,150,29.2,1,a
1985-01-15,152,30.2,1.2,a
1985-01-16,159,33.9,1.6,a
1985-01-17,154,31.2,2.6,a
1985-01-18,154,31.2,2.4,a
1985-01-19,154,31.2,2.8,a
1985-01-20,158,33.3,2.4,a
1985-01-21,150,29.2,3.6,a
1985-01-22,152,30.2,4.6,a
1985-01-23,301,157,2.8,a
1985-01-24,573,628,4.8,a
1985-01-25,430,342,5,a
1985-01-26,320,190,4.8,a
1985-01-27,335,213,4.4,a
1985-01-28,291,158,5.5,a
1985-01-29,257,123,4.9,a
1985-01-30,237,104,4.4,a
1985-01-31,221,89.6,3.8,a
1985-02-01,209,79.4,4.7,a
1985-02-02,206,77,5,a
1985-02-03,194,67.6,4.9,a
1985-02-04,199,71.4,5,a
1985-02-05,208,78.6,4.9,a
1985-02-06,204,75.4,4.6,a
1985-02-07,193,66.8,5.1,a
1985-02-08,183,59.4,5.8,a
1985-02-09,182,58.7,5.1,a
1985-02-10,199,71.4,5,a
1985-02-11,208,78.6,3.8,a
1985-02-12,204,75.4,3.1,a
1985-02-13,195,68.3,2.1,a
1985-02-14,191,65.3,1.9,a
1985-02-15,188,63.1,2.6,a
1985-02-16,176,54.6,2,a
1985-02-17,162,45.5,2.6,a
1985-02-18,168,49.2,3.1,a
1985-02-19,175,53.9,2.4,a
1985-02-20,173,52.5,2,a
1985-02-21,168,49.2,2,a
1985-02-22,152,39.5,2.4,a
1985-02-23,155,41.3,2.8,a
1985-02-24,150,38.4,4.2,a
1985-02-25,148,37.3,4.6,a
1985-02-26,150,38.4,4.4,a
1985-02-27,152,39.5,5.8,a
1985-02-28,150,38.4,5.6,a
1985-03-01,159,43.6,5.4,a
1985-03-02,166,48,5.8,a
1985-03-03,222,90.4,6,a
1985-03-04,204,75.4,5.7,a
1985-03-05,198,70.6,5.9,a
1985-03-06,212,81.9,6.2,a
1985-03-07,205,76.2,6.7,a
1985-03-08,187,62.3,6.8,a
1985-03-09,191,65.3,6,a
1985-03-10,179,56.6,5.8,a
1985-03-11,185,60.9,5.7,a
1985-03-12,194,67.6,5.5,a
1985-03-13,187,62.3,5.4,a
1985-03-14,181,58,6.4,a
1985-03-15,177,55.2,6.3,a
1985-03-16,177,55.2,6,a
1985-03-17,188,63.1,5.6,a
1985-03-18,183,59.4,5,a
1985-03-19,174,53.2,6.2,a
1985-03-20,181,58,6.2,a
1985-03-21,181,58,6.3,a
1985-03-22,258,124,5.5,a
1985-03-23,273,139,4.6,a
1985-03-24,260,126,6.3,a
1985-03-25,255,121,6.2,a
1985-03-26,256,122,6.8,a
1985-03-27,248,114,6.2,a
1985-03-28,273,139,6.8,a
1985-03-29,258,124,6.2,a
1985-03-30,235,102,6.6,a
1985-03-31,224,92.2,7.2,a
1985-04-01,224,92.2,7.4,a
1985-04-02,229,96.6,8.7,a
1985-04-03,231,98.4,8.7,a
1985-04-04,242,109,8.4,a
1985-04-05,252,118,8.8,a
1985-04-06,264,130,9.2,a
1985-04-07,307,175,8.6,a
1985-04-08,293,160,8.5,a
1985-04-09,320,190,8.1,a
1985-04-10,312,181,8,a
1985-04-11,298,166,8,a
1985-04-12,291,158,8.3,a
1985-04-13,285,152,7.4,a
1985-04-14,270,136,8.1,a
1985-04-15,284,151,5.5,a
1985-04-16,282,148,7.2,a
1985-04-17,266,132,7.6,a
1985-04-18,253,119,7.9,a
1985-04-19,244,110,7.8,a
1985-04-20,233,100,8.8,a
1985-04-21,224,92.2,9.2,a
1985-04-22,214,83.6,9.5,a
1985-04-23,235,102,9.7,a
1985-04-24,244,110,9,a
1985-04-25,262,128,7.3,a
1985-04-26,243,109,8.7,a
1985-04-27,240,107,7.8,a
1985-04-28,237,104,7.6,a
1985-04-29,268,134,6.3,a
1985-04-30,259,125,7.6,a
1985-05-01,249,115,8.5,a
1985-05-02,244,110,9.8,a
1985-05-03,308,177,7.7,a
1985-05-04,318,188,7.2,a
1985-05-05,299,167,8.6,a
1985-05-06,291,158,7.9,a
1985-05-07,347,226,8.3,a
1985-05-08,429,341,7.7,a
1985-05-09,392,283,7.8,a
1985-05-10,353,233,7.6,a
1985-05-11,311,180,8.8,a
1985-05-12,300,168,9.4,a
1985-05-13,299,167,10.2,a
1985-05-14,299,167,10.2,a
1985-05-15,300,168,11.1,a
1985-05-16,299,167,11.2,a
1985-05-17,291,158,10.6,a
1985-05-18,286,153,11,a
1985-05-19,283,149,10.7,a
1985-05-20,281,147,11.4,a
1985-05-21,275,141,10.4,a
1985-05-22,277,143,11.7,a
1985-05-23,279,145,10.6,a
1985-05-24,268,134,10.5,a
1985-05-25,264,130,11.2,a
1985-05-26,249,115,11.3,a
1985-05-27,256,122,12,a
1985-05-28,254,120,12.2,a
1985-05-29,256,122,12.2,a
1985-05-30,252,118,11.7,a
1985-05-31,249,115,12.1,a
1985-06-01,244,110,12.3,a
1985-06-02,227,94.8,12.4,a
1985-06-03,216,85.3,12.8,a
1985-06-04,231,98.4,13.2,a
1985-06-05,219,87.8,13,a
1985-06-06,218,87,13.3,a
1985-06-07,223,91.3,14,a
1985-06-08,253,119,14,a
1985-06-09,373,257,10.2,a
1985-06-10,308,177,10,a
1985-06-11,329,200,11.1,a
1985-06-12,298,166,10.7,a
1985-06-13,272,138,11,a
1985-06-14,345,224,10.3,a
1985-06-15,304,172,10.1,a
1985-06-16,305,173,10.4,a
1985-06-17,341,219,10.4,a
1985-06-18,338,216,9.4,a
1985-06-19,302,170,10,a
1985-06-20,272,138,10.9,a
1985-06-21,261,127,10.4,a
1985-06-22,253,119,11.7,a
1985-06-23,293,160,11.7,a
1985-06-24,302,170,10.9,a
1985-06-25,283,149,11.6,a
1985-06-26,263,129,12,a
1985-06-27,274,140,12.7,a
1985-06-28,268,134,11.3,a
1985-06-29,257,123,11.9,a
1985-06-30,236,103,12.4,a
1985-07-01,233,100,13.4,a
1985-07-02,230,97.5,12.5,a
1985-07-03,222,90.4,13.1,a
1985-07-04,217,86.1,14,a
1985-07-05,208,78.6,13.2,a
1985-07-06,208,78.6,12.7,a
1985-07-07,203,74.6,13.5,a
1985-07-08,208,78.6,13,a
1985-07-09,200,72.2,13.6,a
1985-07-10,202,73.8,13.4,a
1985-07-11,206,77,13,a
1985-07-12,210,80.2,13.8,a
1985-07-13,198,70.6,14.4,a
1985-07-14,193,66.8,14.8,a
1985-07-15,190,64.5,15.1,a
1985-07-16,194,67.6,15.7,a
1985-07-17,196,69.1,15.1,a
1985-07-18,194,67.6,13.9,a
1985-07-19,193,66.8,14.8,a
1985-07-20,184,60.2,15.8,a
1985-07-21,163,46.1,15,a
1985-07-22,164,46.7,15,a
1985-07-23,192,66,14.2,a
1985-07-24,198,70.6,15.4,a
1985-07-25,183,59.4,15.4,a
1985-07-26,185,60.9,15.6,a
1985-07-27,187,62.3,15.8,a
1985-07-28,166,48,15.5,a
1985-07-29,183,59.4,15.8,a
1985-07-30,178,55.9,14.8,a
1985-07-31,181,58,15.6,a
1985-08-01,190,64.5,14.8,a
1985-08-02,170,50.5,14.7,a
1985-08-03,170,50.5,14,a
1985-08-04,164,46.7,14.8,a
1985-08-05,170,50.5,14.7,a
1985-08-06,171,51.2,15.4,a
1985-08-07,243,109,14.6,a
1985-08-08,224,92.2,12.5,a
1985-08-09,201,73,12.8,a
1985-08-10,184,60.2,13.8,a
1985-08-11,175,53.9,14.2,a
1985-08-12,171,51.2,13.4,a
1985-08-13,167,48.6,14.7,a
1985-08-14,170,50.5,15.8,a
1985-08-15,170,50.5,15.2,a
1985-08-16,162,45.5,12.9,a
1985-08-17,154,40.7,15.8,a
1985-08-18,167,48.6,12.9,a
1985-08-19,164,46.7,14.5,a
1985-08-20,169,49.9,15,a
1985-08-21,159,43.6,14,a
1985-08-22,158,43,15.2,a
1985-08-23,156,41.8,15.7,a
1985-08-24,147,36.8,15.7,a
1985-08-25,150,38.4,15.6,a
1985-08-26,168,49.2,15.3,a
1985-08-27,180,57.3,14.5,a
1985-08-28,170,50.5,12.5,a
1985-08-29,165,47.3,12.5,a
1985-08-30,149,37.8,12.4,a
1985-08-31,148,37.3,11.7,a
1985-09-01,133,29.7,15.7,a
1985-09-02,155,41.3,14.1,a
1985-09-03,151,39,14.4,a
1985-09-04,239,106,14.6,a
1985-09-05,244,110,12.2,a
1985-09-06,195,68.3,13,a
1985-09-07,180,57.3,13.3,a
1985-09-08,149,37.8,13.6,a
1985-09-09,164,46.7,12.9,a
1985-09-10,170,50.5,10.1,a
1985-09-11,161,44.8,9.4,a
1985-09-12,163,46.1,12.2,a
1985-09-13,159,43.6,12.9,a
1985-09-14,146,36.2,12.8,a
1985-09-15,143,34.6,12.6,a
1985-09-16,148,37.3,13,a
1985-09-17,151,39,12.8,a
1985-09-18,157,42.4,13.2,a
1985-09-19,146,36.2,13.8,a
1985-09-20,151,39,13,a
1985-09-21,142,34.1,13.3,a
1985-09-22,134,30.1,13.4,a
1985-09-23,134,30.1,13.3,a
1985-09-24,139,32.6,13.5,a
1985-09-25,147,36.8,13.8,a
1985-09-26,154,40.7,14.2,a
1985-09-27,147,36.8,13.5,a
1985-09-28,142,34.1,13.8,a
1985-09-29,132,29.2,12.8,a
1985-09-30,125,26.1,12.8,a
1985-10-01,140,33.1,12.7,a
1985-10-02,128,27.4,11.6,a
1985-10-03,125,26.1,11.4,a
1985-10-04,123,25.3,11.8,a
1985-10-05,121,24.4,12.3,a
1985-10-06,121,24.4,12.2,a
1985-10-07,142,34.1,12.4,a
1985-10-08,145,35.7,12.8,a
1985-10-09,133,29.7,12.4,a
1985-10-10,128,27.4,12.6,a
1985-10-11,129,27.8,11.8,a
1985-10-12,130,28.3,11.6,a
1985-10-13,134,30.1,11.7,a
1985-10-14,133,29.7,10.8,a
1985-10-15,131,28.7,10.4,a
1985-10-16,133,29.7,10.3,a
1985-10-17,129,27.8,9.2,a
1985-10-18,127,27,9,a
1985-10-19,119,23.7,10,a
1985-10-20,118,23.3,9.7,a
1985-10-21,115,22.1,9.8,a
1985-10-22,125,26.1,10,a
1985-10-23,118,23.3,9.6,a
1985-10-24,123,25.3,8.9,a
1985-10-25,124,25.7,9,a
1985-10-26,126,26.5,8.8,a
1985-10-27,112,21.1,9.6,a
1985-10-28,112,21.1,9.2,a
1985-10-29,118,23.3,7.9,a
1985-10-30,118,23.3,7.7,a
1985-10-31,151,39,7.6,a
1985-11-01,150,38.4,7.9,a
1985-11-02,249,115,8.6,a
1985-11-03,211,81.1,8,a
1985-11-04,182,58.7,8.1,a
1985-11-05,174,53.2,8.5,a
1985-11-06,263,129,9,a
1985-11-07,251,117,8.3,a
1985-11-08,212,81.9,7.8,a
1985-11-09,174,53.2,7.5,a
1985-11-10,155,41.3,9,a
1985-11-11,302,170,9.7,a
1985-11-12,319,189,7.2,a
1985-11-13,330,201,6.2,a
1985-11-14,293,160,5.6,a
1985-11-15,257,123,6.4,a
1985-11-16,224,92.2,5.7,a
1985-11-17,203,74.6,5.4,a
1985-11-18,199,71.4,5.5,a
1985-11-19,193,66.8,5,a
1985-11-20,188,63.1,5.4,a
1985-11-21,184,60.2,5.2,a
1985-11-22,180,57.3,5.4,a
1985-11-23,162,45.5,5.7,a
1985-11-24,161,44.8,5.8,a
1985-11-25,172,51.9,6.3,a
1985-11-26,170,50.5,6.5,a
1985-11-27,172,51.9,6.1,a
1985-11-28,175,53.9,5.4,a
1985-11-29,163,46.1,4.4,a
1985-11-30,148,37.3,4,a
1985-12-01,150,38.4,4.3,a
1985-12-02,156,41.8,4.4,a
1985-12-03,168,49.2,4.5,a
1985-12-04,179,56.6,4.9,a
1985-12-05,209,79.4,5.8,a
1985-12-06,230,97.5,6.7,a
1985-12-07,249,115,6.8,a
1985-12-08,249,115,7.2,a
1985-12-09,262,128,7.4,a
1985-12-10,251,117,7.3,a
1985-12-11,308,177,6.8,a
1985-12-12,268,134,6.2,a
1985-12-13,243,109,6.4,a
1985-12-14,227,94.8,5.8,a
1985-12-15,212,81.9,6.5,a
1985-12-16,204,75.4,6,a
1985-12-17,204,75.4,5.7,a
1985-12-18,197,69.9,5.4,a
1985-12-19,198,70.6,5.4,a
1985-12-20,188,63.1,5.6,a
1985-12-21,171,51.2,5.5,a
1985-12-22,177,55.2,5.2,a
1985-12-23,181,58,4.9,a
1985-12-24,174,53.2,4.5,a
1985-12-25,180,57.3,4.8,a
1985-12-26,195,68.3,5.9,a
1985-12-27,206,77,6.1,a
1985-12-28,191,65.3,6.1,a
1985-12-29,416,319,6.4,a
1985-12-30,539,561,5.6,a
1985-12-31,381,268,5.2,a
1986-01-01,307,175,5,a
1986-01-02,267,133,5.1,a
1986-01-03,251,117,5.2,a
1986-01-04,240,107,5.6,a
1986-01-05,233,100,5.4,a
1986-01-06,214,83.6,4.8,a
1986-01-07,208,78.6,4.3,a
1986-01-08,197,69.9,5,a
1986-01-09,178,55.9,4.6,a
1986-01-10,188,63.1,4.1,a
1986-01-11,183,59.4,4.6,a
1986-01-12,161,44.8,5,a
1986-01-13,171,51.2,5.1,a
1986-01-14,170,50.5,4.3,a
1986-01-15,169,49.9,5.1,a
1986-01-16,170,50.5,4.4,a
1986-01-17,171,51.2,4.2,a
1986-01-18,164,46.7,4.1,a
1986-01-19,153,40.1,4.4,a
1986-01-20,162,45.5,5.4,a
1986-01-21,178,55.9,4.9,a
1986-01-22,164,46.7,5.4,a
1986-01-23,174,53.2,5.6,a
1986-01-24,233,100,6.1,a
1986-01-25,242,109,5.2,a
1986-01-26,196,69.1,4.7,a
1986-01-27,187,62.3,4.3,a
1986-01-28,183,59.4,3.5,a
1986-01-29,183,59.4,3.3,a
1986-01-30,180,57.3,3.9,a
1986-01-31,180,57.3,4.3,a
1986-02-01,182,58.7,4.4,a
1986-02-02,182,58.7,4.5,a
1986-02-03,169,49.9,4.8,a
1986-02-04,188,63.1,4.5,a
1986-02-05,167,48.6,4.3,a
1986-02-06,162,45.5,4.3,a
1986-02-07,165,47.3,3.9,a
1986-02-08,156,41.8,3.5,a
1986-02-09,147,36.8,2.8,a
1986-02-10,147,36.8,2.5,a
1986-02-11,150,38.4,2.8,a
1986-02-12,140,33.1,3.1,a
1986-02-13,152,39.5,3,a
1986-02-14,159,43.6,3.1,a
1986-02-15,157,42.4,3.5,a
1986-02-16,163,46.1,3.7,a
1986-02-17,144,35.2,4.4,a
1986-02-18,136,31.1,4.4,a
1986-02-19,136,31.1,5.2,a
1986-02-20,146,36.2,5.3,a
1986-02-21,143,34.6,5.3,a
1986-02-22,144,35.2,5.2,a
1986-02-23,144,35.2,5.4,a
1986-02-24,151,39,4.6,a
1986-02-25,140,33.1,4.1,a
1986-02-26,149,37.8,3.5,a
1986-02-27,143,34.6,2.9,a
1986-02-28,144,35.2,2.6,a
1986-03-01,144,35.2,2.9,a
1986-03-02,137,31.6,2.6,a
1986-03-03,134,30.1,3.3,a
1986-03-04,147,36.8,3.7,a
1986-03-05,139,32.6,4.7,a
1986-03-06,141,33.6,5.3,a
1986-03-07,137,31.6,5.9,a
1986-03-08,192,66,4.8,a
1986-03-09,191,65.3,5.1,a
1986-03-10,182,58.7,5.5,a
1986-03-11,187,62.3,5.8,a
1986-03-12,180,57.3,5.9,a
1986-03-13,180,57.3,5.4,a
1986-03-14,182,58.7,4.5,a
1986-03-15,181,58,5.4,a
1986-03-16,181,58,5.9,a
1986-03-17,179,56.6,5.6,a
1986-03-18,189,63.8,5.2,a
1986-03-19,186,61.6,5.6,a
1986-03-20,186,61.6,5.6,a
1986-03-21,192,66,6.2,a
1986-03-22,181,58,6,a
1986-03-23,189,63.8,6.1,a
1986-03-24,187,62.3,6.1,a
1986-03-25,292,159,6.4,a
1986-03-26,324,194,4.9,a
1986-03-27,272,138,6.1,a
1986-03-28,259,125,6.4,a
1986-03-29,263,129,6.7,a
1986-03-30,261,127,6.8,a
1986-03-31,261,127,6.3,a
1986-04-01,264,130,7.5,a
1986-04-02,261,127,6.8,a
1986-04-03,259,125,7.2,a
1986-04-04,279,145,7.9,a
1986-04-05,278,144,8.2,a
1986-04-06,263,129,7.8,a
1986-04-07,269,135,8.5,a
1986-04-08,273,139,8.5,a
1986-04-09,283,149,9.3,a
1986-04-10,292,159,8,a
1986-04-11,284,151,7.7,a
1986-04-12,280,146,6.1,a
1986-04-13,255,121,5.2,a
1986-04-14,240,107,5.5,a
1986-04-15,237,104,6.7,a
1986-04-16,254,120,6.7,a
1986-04-17,266,132,6.8,a
1986-04-18,341,219,7.1,a
1986-04-19,364,252,6.8,a
1986-04-20,297,167,6.7,a
1986-04-21,262,130,6.8,a
1986-04-22,258,126,7.7,a
1986-04-23,273,141,8.3,a
1986-04-24,281,150,8.2,a
1986-04-25,268,136,8.6,a
1986-04-26,289,158,8.9,a
1986-04-27,284,153,9.3,a
1986-04-28,286,155,9.4,a
1986-04-29,290,159,9,a
1986-04-30,293,163,8.8,a
1986-05-01,304,175,9,a
1986-05-02,294,164,9.5,a
1986-05-03,292,162,9.4,a
1986-05-04,277,145,9,a
1986-05-05,277,145,9.3,a
1986-05-06,273,141,9.4,a
1986-05-07,270,138,9.7,a
1986-05-08,267,135,9.8,a
1986-05-09,273,141,9.4,a
1986-05-10,256,124,9.3,a
1986-05-11,240,109,9.5,a
1986-05-12,244,113,9.7,a
1986-05-13,249,118,10.6,a
1986-05-14,246,115,10.6,a
1986-05-15,237,107,11,a
1986-05-16,251,119,11.1,a
1986-05-17,247,116,10.5,a
1986-05-18,243,112,10.3,a
1986-05-19,229,99.6,11.1,a
1986-05-20,239,108,11.3,a
1986-05-21,238,107,11.8,a
1986-05-22,233,103,11.8,a
1986-05-23,232,102,12.6,a
1986-05-24,234,104,12.2,a
1986-05-25,223,94.5,12.6,a
1986-05-26,213,86.3,12.5,a
1986-05-27,208,82.3,12.4,a
1986-05-28,203,78.5,12.3,a
1986-05-29,220,92,12.3,a
1986-05-30,329,205,12.2,a
1986-05-31,309,181,9.8,a
1986-06-01,270,138,9.3,a
1986-06-02,252,120,9.5,a
1986-06-03,235,105,9.7,a
1986-06-04,231,101,9.7,a
1986-06-05,385,283,9.3,a
1986-06-06,317,191,9,a
1986-06-07,280,149,8.6,a
1986-06-08,261,129,8.9,a
1986-06-09,223,94.5,9.6,a
1986-06-10,235,105,10.1,a
1986-06-11,220,92,10.8,a
1986-06-12,214,87.1,11.8,a
1986-06-13,208,82.3,11.8,a
1986-06-14,209,83.1,11.8,a
1986-06-15,214,87.1,11.6,a
1986-06-16,227,97.8,11.8,a
1986-06-17,231,101,12.4,a
1986-06-18,224,95.3,12.7,a
1986-06-19,230,100,13,a
1986-06-20,241,110,13.1,a
1986-06-21,227,97.8,13.2,a
1986-06-22,211,84.7,13.4,a
1986-06-23,213,86.3,14.1,a
1986-06-24,236,106,14.1,a
1986-06-25,240,109,13.8,a
1986-06-26,199,75.4,13.3,a
1986-06-27,190,68.9,13.3,a
1986-06-28,201,76.9,13.8,a
1986-06-29,183,64,13.8,a
1986-06-30,199,75.4,13.5,a
1986-07-01,181,62.6,13.7,a
1986-07-02,176,59.2,14.2,a
1986-07-03,164,51.5,14.4,a
1986-07-04,180,61.9,15.4,a
1986-07-05,177,59.9,14.3,a
1986-07-06,175,58.6,14.1,a
1986-07-07,185,65.3,14.2,a
1986-07-08,185,65.3,14.1,a
1986-07-09,192,70.3,14.4,a
1986-07-10,193,71,14.6,a
1986-07-11,170,55.3,15.4,a
1986-07-12,170,55.3,15,a
1986-07-13,175,58.6,13.6,a
1986-07-14,164,51.5,12.7,a
1986-07-15,167,53.4,12.7,a
1986-07-16,137,36.1,12.6,a
1986-07-17,135,35.1,15.4,a
1986-07-18,134,34.6,15.4,a
1986-07-19,141,38.3,13.6,a
1986-07-20,144,39.9,14.8,a
1986-07-21,146,41,15,a
1986-07-22,150,43.2,14.5,a
1986-07-23,161,49.7,14.8,a
1986-07-24,151,43.8,15.1,a
1986-07-25,181,62.6,13.8,a
1986-07-26,160,49.1,14.2,a
1986-07-27,154,45.5,14.6,a
1986-07-28,153,45,14.6,a
1986-07-29,144,39.9,15.4,a
1986-07-30,150,43.2,15.8,a
1986-07-31,147,41.5,16.3,a
1986-08-01,150,43.2,16,a
1986-08-02,136,35.6,15.8,a
1986-08-03,148,42.1,16.3,a
1986-08-04,140,37.7,15.4,a
1986-08-05,149,42.7,16.9,a
1986-08-06,150,43.2,17.4,a
1986-08-07,149,42.7,15.4,a
1986-08-08,146,41,16.8,a
1986-08-09,143,39.3,16.2,a
1986-08-10,133,34.1,14.4,a
1986-08-11,131,33.1,14.4,a
1986-08-12,133,34.1,16,a
1986-08-13,135,35.1,16.4,a
1986-08-14,135,35.1,16.6,a
1986-08-15,132,33.6,16,a
1986-08-16,131,33.1,16.6,a
1986-08-17,131,33.1,16.5,a
1986-08-18,135,35.1,16.9,a
1986-08-19,134,34.6,16.8,a
1986-08-20,163,50.9,17.4,a
1986-08-21,180,61.9,16.2,a
1986-08-22,156,46.7,15.4,a
1986-08-23,156,46.7,16.5,a
1986-08-24,161,49.7,15.6,a
1986-08-25,210,83.9,15.5,a
1986-08-26,182,63.3,16.2,a
1986-08-27,175,58.6,16.6,a
1986-08-28,407,317,13.4,a
1986-08-29,519,523,12.3,a
1986-08-30,335,220,12.4,a
1986-08-31,265,140,12.6,a
1986-09-01,250,125,12.6,a
1986-09-02,207,87.5,12.6,a
1986-09-03,203,84.4,13.4,a
1986-09-04,195,78.3,12.3,a
1986-09-05,185,71.1,11.9,a
1986-09-06,181,68.3,11.7,a
1986-09-07,176,64.9,12.2,a
1986-09-08,175,64.2,12.6,a
1986-09-09,171,61.5,12.9,a
1986-09-10,309,188,12.5,a
1986-09-11,312,191,10.9,a
1986-09-12,250,125,10.5,a
1986-09-13,225,102,10.7,a
1986-09-14,204,85.2,11.2,a
1986-09-15,197,79.8,11.7,a
1986-09-16,180,67.6,12.1,a
1986-09-17,185,71.1,12.3,a
1986-09-18,188,73.2,12.6,a
1986-09-19,183,69.7,13,a
1986-09-20,189,73.9,11.4,a
1986-09-21,154,50.9,11.6,a
1986-09-22,164,57,11.5,a
1986-09-23,148,47.4,11.3,a
1986-09-24,154,50.9,11.3,a
1986-09-25,165,57.6,11.3,a
1986-09-26,156,52.1,11.7,a
1986-09-27,153,50.3,11.4,a
1986-09-28,133,39.1,11.6,a
1986-09-29,139,42.3,11.2,a
1986-09-30,164,57,11.7,a
1986-10-01,167,58.9,11.5,a
1986-10-02,163,56.4,11.1,a
1986-10-03,154,50.9,11.2,a
1986-10-04,146,46.2,11.7,a
1986-10-05,155,51.5,12.2,a
1986-10-06,146,46.2,11.2,a
1986-10-07,145,45.7,11.6,a
1986-10-08,142,44,11.9,a
1986-10-09,154,50.9,11.7,a
1986-10-10,151,49.1,11.1,a
1986-10-11,139,42.3,11.2,a
1986-10-12,132,38.6,10.8,a
1986-10-13,131,38.1,11,a
1986-10-14,130,37.6,11,a
1986-10-15,131,38.1,10.9,a
1986-10-16,130,37.6,11,a
1986-10-17,153,50.3,10.8,a
1986-10-18,132,38.6,9.8,a
1986-10-19,132,38.6,9.6,a
1986-10-20,134,39.7,9.8,a
1986-10-21,140,42.9,9.9,a
1986-10-22,129,37.1,9.8,a
1986-10-23,152,49.7,10.2,a
1986-10-24,262,136,9.2,a
1986-10-25,195,78.3,8.6,a
1986-10-26,223,101,9,a
1986-10-27,215,93.9,8.4,a
1986-10-28,169,60.2,8.8,a
1986-10-29,167,58.9,8.6,a
1986-10-30,155,51.5,8.6,a
1986-10-31,153,50.3,9.2,a
1986-11-01,170,60.9,8.8,a
1986-11-02,175,64.2,8.7,a
1986-11-03,170,60.9,8.7,a
1986-11-04,165,57.6,7.9,a
1986-11-05,154,50.9,7.4,a
1986-11-06,152,49.7,7.8,a
1986-11-07,143,44.5,7.8,a
1986-11-08,142,44,7.7,a
1986-11-09,134,39.7,7.5,a
1986-11-10,131,38.1,7.6,a
1986-11-11,129,37.1,7.6,a
1986-11-12,129,37.1,7.5,a
1986-11-13,135,40.2,7.5,a
1986-11-14,134,39.7,7.7,a
1986-11-15,134,39.7,8.2,a
1986-11-16,136,40.7,8.2,a
1986-11-17,139,42.3,8.5,a
1986-11-18,138,41.8,8.5,a
1986-11-19,154,50.9,8.4,a
1986-11-20,150,48.5,8.4,a
1986-11-21,136,40.7,8.4,a
1986-11-22,170,60.9,8.3,a
1986-11-23,259,134,8,a
1986-11-24,489,468,7.4,a
1986-11-25,306,184,7.2,a
1986-11-26,252,127,6.8,a
1986-11-27,232,108,6.9,a
1986-11-28,210,89.9,6.6,a
1986-11-29,186,71.8,6.8,a
1986-11-30,164,57,6.3,a
1986-12-01,151,49.1,6,a
1986-12-02,164,57,6.7,a
1986-12-03,166,58.3,6,a
1986-12-04,163,56.4,5.6,a
1986-12-05,161,55.1,5.4,a
1986-12-06,152,49.7,4.6,a
1986-12-07,139,42.3,5.4,a
1986-12-08,137,41.2,5.6,a
1986-12-09,153,50.3,5.7,a
1986-12-10,150,48.5,5.6,a
1986-12-11,148,47.4,5.3,a
1986-12-12,144,45.1,5.4,a
1986-12-13,147,46.8,5.2,a
1986-12-14,135,40.2,5.7,a
1986-12-15,136,40.7,5.1,a
1986-12-16,144,45.1,5.2,a
1986-12-17,153,50.3,5.5,a
1986-12-18,155,51.5,5.5,a
1986-12-19,154,50.9,5.1,a
1986-12-20,177,65.5,4,a
1986-12-21,147,46.8,4.1,a
1986-12-22,141,43.4,3.6,a
1986-12-23,154,50.9,4,a
1986-12-24,146,46.2,3.4,a
1986-12-25,148,47.4,3.2,a
1986-12-26,137,41.2,3.3,a
1986-12-27,132,38.6,3.4,a
1986-12-28,131,38.1,2.9,a
1986-12-29,131,38.1,3.1,a
1986-12-30,131,38.1,3.5,a
1986-12-31,131,38.1,5.6,a
1987-01-01,131,38.1,5.9,a
1987-01-02,139,42.3,5.9,a
1987-01-03,151,49.1,5.8,a
1987-01-04,141,43.4,4.3,a
1987-01-05,137,41.2,3.9,a
1987-01-06,137,41.2,4.7,a
1987-01-07,137,41.2,4.6,a
1987-01-08,134,39.7,3.7,a
1987-01-09,130,37.6,2.9,a
1987-01-10,132,38.6,3.4,a
1987-01-11,132,38.6,3.2,a
1987-01-12,132,38.6,2.5,a
1987-01-13,129,37.1,2.4,a
1987-01-14,130,37.6,2.5,a
1987-01-15,127,36.1,2.5,a
1987-01-16,130,37.6,2.4,a
1987-01-17,130,37.6,2.4,a
1987-01-18,130,37.6,3.3,a
1987-01-19,129,37.1,4.1,a
1987-01-20,128,36.6,4,a
1987-01-21,127,36.1,4.2,a
1987-01-22,127,36.1,3.4,a
1987-01-23,128,36.6,3.3,a
1987-01-24,128,36.6,3.4,a
1987-01-25,127,36.1,3.4,a
1987-01-26,127,36.1,5.2,a
1987-01-27,126,35.6,5.5,a
1987-01-28,126,35.6,6,a
1987-01-29,126,35.6,5,a
1987-01-30,126,35.6,3.4,a
1987-01-31,124,34.6,2.3,a
1987-02-01,124,34.6,2.2,a
1987-02-02,125,35.1,2.3,a
1987-02-03,123,34.1,2.1,a
1987-02-04,123,34.1,1.8,a
1987-02-05,123,34.1,3.5,a
1987-02-06,123,34.1,3.4,a
1987-02-07,248,32.3,3.8,a
1987-02-08,248,32.3,4.5,a
1987-02-09,248,32.3,4.2,a
1987-02-10,248,32.3,5.3,a
1987-02-11,267,44.8,5.3,a
1987-02-12,297,71.2,4.3,a
1987-02-13,334,114,4.3,a
1987-02-14,413,237,4.2,a
1987-02-15,421,252,4.4,a
1987-02-16,392,201,4.9,a
1987-02-17,345,129,4.9,a
1987-02-18,314,89.4,4.8,a
1987-02-19,307,81.8,5,a
1987-02-20,318,94.1,3.8,a
1987-02-21,319,95.3,4.1,a
1987-02-22,313,88.2,4.4,a
1987-02-23,295,69.2,4,a
1987-02-24,288,62.5,4.3,a
1987-02-25,278,53.6,3.7,a
1987-02-26,278,53.6,3.4,a
1987-02-27,272,48.7,4.6,a
1987-02-28,264,42.6,4.6,a
1987-03-01,263,41.9,5.1,a
1987-03-02,262,41.2,5.5,a
1987-03-03,268,45.6,4.7,a
1987-03-04,268,45.6,3,a
1987-03-05,263,41.9,3.4,a
1987-03-06,257,37.8,3,a
1987-03-07,255,36.5,3.1,a
1987-03-08,253,35.2,3.2,a
1987-03-09,253,35.2,3.3,a
1987-03-10,266,44.1,4.1,a
1987-03-11,255,36.5,4.2,a
1987-03-12,256,37.1,3.6,a
1987-03-13,251,34,3.9,a
1987-03-14,250,33.4,3.8,a
1987-03-15,249,32.8,3.8,a
1987-03-16,249,32.8,4.3,a
1987-03-17,251,34,4.7,a
1987-03-18,251,34,4.8,a
1987-03-19,261,40.5,5.4,a
1987-03-20,296,70.2,4.5,a
1987-03-21,288,62.5,4.1,a
1987-03-22,264,42.6,5.1,a
1987-03-23,263,41.9,5.3,a
1987-03-24,284,58.8,5.2,a
1987-03-25,283,57.9,5.5,a
1987-03-26,312,87,6.2,a
1987-03-27,321,97.8,6,a
1987-03-28,350,136,6,a
1987-03-29,522,466,4.3,a
1987-03-30,396,240,5.1,a
1987-03-31,345,169,5.2,a
1987-04-01,320,139,5.4,a
1987-04-02,315,133,5.9,a
1987-04-03,295,112,6,a
1987-04-04,310,128,6,a
1987-04-05,360,189,6.2,a
1987-04-06,363,193,6.6,a
1987-04-07,350,175,6.7,a
1987-04-08,348,173,7,a
1987-04-09,341,164,7.5,a
1987-04-10,408,259,7.5,a
1987-04-11,412,266,7,a
1987-04-12,365,196,7,a
1987-04-13,346,170,7.1,a
1987-04-14,334,156,7.1,a
1987-04-15,311,129,7.1,a
1987-04-16,311,129,7.4,a
1987-04-17,301,118,7.9,a
1987-04-18,298,115,8,a
1987-04-19,303,120,8.7,a
1987-04-20,319,138,8.9,a
1987-04-21,321,140,9.1,a
1987-04-22,322,141,8.4,a
1987-04-23,301,118,8.4,a
1987-04-24,288,104,8.4,a
1987-04-25,296,113,8.7,a
1987-04-26,301,118,9.3,a
1987-04-27,299,116,9.8,a
1987-04-28,298,115,8.7,a
1987-04-29,285,101,8.9,a
1987-04-30,283,99.3,9,a
1987-05-01,286,102,9.6,a
1987-05-02,291,107,9.8,a
1987-05-03,295,112,10.2,a
1987-05-04,360,189,10.3,a
1987-05-05,416,272,8.1,a
1987-05-06,343,166,8.7,a
1987-05-07,335,157,8.1,a
1987-05-08,322,141,8.2,a
1987-05-09,293,110,8.7,a
1987-05-10,291,107,9.3,a
1987-05-11,300,117,9.9,a
1987-05-12,293,110,9.9,a
1987-05-13,377,212,9.3,a
1987-05-14,471,374,7.9,a
1987-05-15,369,201,8.1,a
1987-05-16,346,170,8.2,a
1987-05-17,325,145,8.2,a
1987-05-18,331,152,8.5,a
1987-05-19,317,136,9.1,a
1987-05-20,313,131,9.2,a
1987-05-21,321,140,9.7,a
1987-05-22,310,128,9.1,a
1987-05-23,292,108,9,a
1987-05-24,295,112,9.5,a
1987-05-25,281,97.3,9.6,a
1987-05-26,286,102,10,a
1987-05-27,281,97.3,10.2,a
1987-05-28,291,107,10.8,a
1987-05-29,306,123,11.3,a
1987-05-30,287,103,11.2,a
1987-05-31,280,96.3,11.2,a
1987-06-01,277,93.4,11.3,a
1987-06-02,295,112,11.3,a
1987-06-03,288,104,11.2,a
1987-06-04,283,99.3,11.1,a
1987-06-05,336,158,10.8,a
1987-06-06,327,147,10.2,a
1987-06-07,298,115,10.4,a
1987-06-08,293,110,11.3,a
1987-06-09,319,138,11.6,a
1987-06-10,352,179,11.3,a
1987-06-11,312,130,10.8,a
1987-06-12,298,115,11.2,a
1987-06-13,283,99.3,12,a
1987-06-14,280,96.3,12.2,a
1987-06-15,275,91.5,12.8,a
1987-06-16,319,138,12.7,a
1987-06-17,381,218,11.7,a
1987-06-18,341,164,10,a
1987-06-19,315,133,10,a
1987-06-20,322,141,10.4,a
1987-06-21,315,133,10.4,a
1987-06-22,299,116,10.3,a
1987-06-23,297,114,10.9,a
1987-06-24,286,102,10.9,a
1987-06-25,278,94.4,11.8,a
1987-06-26,284,100,12.3,a
1987-06-27,275,91.5,12.3,a
1987-06-28,264,81.2,12.2,a
1987-06-29,246,65.6,12.9,a
1987-06-30,267,83.9,13.4,a
1987-07-01,258,75.8,13.6,a
1987-07-02,275,91.5,14.2,a
1987-07-03,255,73.2,14.5,a
1987-07-04,258,75.8,14.5,a
1987-07-05,255,73.2,14.6,a
1987-07-06,251,69.8,14.3,a
1987-07-07,235,57,14.2,a
1987-07-08,254,72.3,14.5,a
1987-07-09,251,69.8,14.6,a
1987-07-10,252,70.6,14.2,a
1987-07-11,246,65.6,13.8,a
1987-07-12,238,59.3,14.4,a
1987-07-13,244,64,14.6,a
1987-07-14,235,57,15.1,a
1987-07-15,234,56.2,15.2,a
1987-07-16,238,59.3,15.3,a
1987-07-17,244,64,15.1,a
1987-07-18,230,53.3,15.2,a
1987-07-19,243,63.2,14.6,a
1987-07-20,255,73.2,16,a
1987-07-21,266,83,14.9,a
1987-07-22,247,66.4,14.8,a
1987-07-23,241,61.6,15,a
1987-07-24,238,59.3,16.6,a
1987-07-25,221,47,15.1,a
1987-07-26,299,116,13.3,a
1987-07-27,341,164,12.8,a
1987-07-28,309,127,11.6,a
1987-07-29,280,96.3,12.4,a
1987-07-30,267,83.9,13,a
1987-07-31,275,91.5,13.2,a
1987-08-01,255,73.2,13,a
1987-08-02,248,67.3,13.4,a
1987-08-03,248,67.3,13.2,a
1987-08-04,250,68.9,13.8,a
1987-08-05,522,485,13.2,a
1987-08-06,386,235,10.5,a
1987-08-07,323,154,10.8,a
1987-08-08,306,133,10.7,a
1987-08-09,294,120,10.8,a
1987-08-10,279,103,11.6,a
1987-08-11,270,93.4,11.8,a
1987-08-12,261,84.3,11.9,a
1987-08-13,254,77.4,12.2,a
1987-08-14,261,84.3,12.8,a
1987-08-15,232,57.8,12.4,a
1987-08-16,214,44,12.9,a
1987-08-17,239,63.7,13.2,a
1987-08-18,236,61.1,13.2,a
1987-08-19,222,49.9,13.8,a
1987-08-20,229,55.3,14,a
1987-08-21,222,49.9,15.1,a
1987-08-22,224,51.4,14.2,a
1987-08-23,213,43.3,15.8,a
1987-08-24,212,42.6,16.2,a
1987-08-25,236,61.1,14,a
1987-08-26,227,53.7,13.5,a
1987-08-27,228,54.5,14.2,a
1987-08-28,235,60.3,13.8,a
1987-08-29,217,46.2,15.4,a
1987-08-30,215,44.7,13.5,a
1987-08-31,216,45.4,13.6,a
1987-09-01,221,49.1,13.9,a
1987-09-02,227,53.7,14.3,a
1987-09-03,224,51.4,14.3,a
1987-09-04,229,55.3,14.2,a
1987-09-05,219,47.6,14.2,a
1987-09-06,226,52.9,14,a
1987-09-07,243,67.2,13.6,a
1987-09-08,239,63.7,13.4,a
1987-09-09,212,42.6,13.4,a
1987-09-10,217,46.2,13.4,a
1987-09-11,213,43.3,13.4,a
1987-09-12,219,47.6,13.8,a
1987-09-13,209,40.6,13.5,a
1987-09-14,212,42.6,13.7,a
1987-09-15,211,42,13.8,a
1987-09-16,215,44.7,14.2,a
1987-09-17,218,46.9,14.3,a
1987-09-18,201,35.6,14.4,a
1987-09-19,206,38.7,14.5,a
1987-09-20,205,38.1,14.2,a
1987-09-21,198,33.8,14.1,a
1987-09-22,196,32.7,14.1,a
1987-09-23,196,32.7,14.1,a
1987-09-24,208,40,13.9,a
1987-09-25,271,94.5,14.4,a
1987-09-26,233,58.6,14.1,a
1987-09-27,405,262,14.2,a
1987-09-28,376,221,12.2,a
1987-09-29,309,137,10.6,a
1987-09-30,280,104,10.2,a
1987-10-01,256,79.4,9.5,a
1987-10-02,249,72.7,9.6,a
1987-10-03,239,63.7,9.9,a
1987-10-04,232,57.8,10.2,a
1987-10-05,214,44,10.4,a
1987-10-06,239,63.7,10.6,a
1987-10-07,377,222,10.8,a
1987-10-08,335,168,10.3,a
1987-10-09,339,173,10.2,a
1987-10-10,310,138,10.1,a
1987-10-11,284,108,10.3,a
1987-10-12,410,270,10.8,a
1987-10-13,362,204,10.1,a
1987-10-14,332,165,9.5,a
1987-10-15,315,144,9.5,a
1987-10-16,328,160,10,a
1987-10-17,322,152,10,a
1987-10-18,428,299,9.8,a
1987-10-19,414,269,9.7,a
1987-10-20,338,160,9.5,a
1987-10-21,304,121,9.8,a
1987-10-22,297,114,10,a
1987-10-23,300,117,10.3,a
1987-10-24,419,277,10.1,a
1987-10-25,353,180,9.9,a
1987-10-26,331,152,9.9,a
1987-10-27,314,132,9.6,a
1987-10-28,297,114,9.2,a
1987-10-29,289,105,9.1,a
1987-10-30,283,99.3,8.4,a
1987-10-31,277,93.4,8.3,a
1987-11-01,267,83.9,7.9,a
1987-11-02,274,90.5,8,a
1987-11-03,270,86.7,8.4,a
1987-11-04,258,75.8,8.3,a
1987-11-05,262,79.4,8.1,a
1987-11-06,254,72.3,8,a
1987-11-07,243,63.2,7.3,a
1987-11-08,242,62.4,7.3,a
1987-11-09,245,64.8,7.4,a
1987-11-10,238,59.3,8.1,a
1987-11-11,254,72.3,8.2,a
1987-11-12,249,68.1,8.3,a
1987-11-13,260,77.6,8.4,a
1987-11-14,510,458,8.9,a
1987-11-15,448,329,7.5,a
1987-11-16,360,189,7.5,a
1987-11-17,330,151,7.1,a
1987-11-18,303,120,7.2,a
1987-11-19,294,111,7.1,a
1987-11-20,280,96.3,7.1,a
1987-11-21,279,95.4,6.6,a
1987-11-22,263,80.3,6.4,a
1987-11-23,268,84.8,6.2,a
1987-11-24,314,132,5.4,a
1987-11-25,497,429,5.5,a
1987-11-26,462,360,6.6,a
1987-11-27,413,275,7,a
1987-11-28,389,239,7.1,a
1987-11-29,363,205,7.1,a
1987-11-30,337,171,7.2,a
1987-12-01,324,155,7,a
1987-12-02,311,139,7.2,a
1987-12-03,301,128,6.9,a
1987-12-04,295,121,6.7,a
1987-12-05,282,106,6.6,a
1987-12-06,301,128,7,a
1987-12-07,315,144,7.1,a
1987-12-08,305,132,6.9,a
1987-12-09,290,115,5.9,a
1987-12-10,280,104,5.7,a
1987-12-11,274,97.6,4.9,a
1987-12-12,270,93.4,4.9,a
1987-12-13,262,85.3,4.9,a
1987-12-14,261,84.3,4.9,a
1987-12-15,255,78.4,4.9,a
1987-12-16,254,77.4,5.4,a
1987-12-17,250,73.6,5.3,a
1987-12-18,247,70.9,5.4,a
1987-12-19,247,70.9,5.9,a
1987-12-20,242,66.3,6,a
1987-12-21,237,62,6,a
1987-12-22,241,65.5,6,a
1987-12-23,246,69.9,6,a
1987-12-24,240,64.6,6.1,a
1987-12-25,251,74.6,5.9,a
1987-12-26,234,59.4,5.6,a
1987-12-27,237,62,5.6,a
1987-12-28,231,56.9,5.7,a
1987-12-29,233,58.6,5.8,a
1987-12-30,236,61.1,5.7,a
1987-12-31,236,61.1,5.6,a
1988-01-01,232,61.5,5.8,a
1988-01-02,234,63,5.8,a
1988-01-03,235,63.8,6.1,a
1988-01-04,229,59.1,6.2,a
1988-01-05,233,62.3,6.3,a
1988-01-06,226,56.9,6.8,a
1988-01-07,274,98.7,7.3,a
1988-01-08,308,135,6,a
1988-01-09,270,94.8,5.9,a
1988-01-10,255,80.8,5.3,a
1988-01-11,252,78.1,5.2,a
1988-01-12,241,68.7,5.1,a
1988-01-13,235,63.8,4.8,a
1988-01-14,233,62.3,4.9,a
1988-01-15,237,65.4,5,a
1988-01-16,226,56.9,5.1,a
1988-01-17,215,48.9,5.3,a
1988-01-18,226,56.9,5.8,a
1988-01-19,220,52.4,6.8,a
1988-01-20,219,51.7,6.4,a
1988-01-21,238,66.3,6.3,a
1988-01-22,252,78.1,6.3,a
1988-01-23,258,83.5,5.8,a
1988-01-24,233,62.3,5.7,a
1988-01-25,239,67.1,5.7,a
1988-01-26,299,125,5.6,a
1988-01-27,283,108,5.7,a
1988-01-28,261,86.2,6.3,a
1988-01-29,273,97.7,6.8,a
1988-01-30,427,308,6.6,a
1988-01-31,358,199,6.1,a
1988-02-01,306,133,5.2,a
1988-02-02,297,123,5.6,a
1988-02-03,282,107,5.4,a
1988-02-04,271,95.7,5.3,a
1988-02-05,263,88.1,6,a
1988-02-06,256,81.7,6.1,a
1988-02-07,294,119,6.1,a
1988-02-08,368,214,6.5,a
1988-02-09,323,153,6.2,a
1988-02-10,305,132,5.8,a
1988-02-11,274,98.7,5.8,a
1988-02-12,284,109,5.7,a
1988-02-13,290,115,5.3,a
1988-02-14,277,102,5.1,a
1988-02-15,268,92.8,4.9,a
1988-02-16,261,86.2,5.3,a
1988-02-17,254,79.9,5.2,a
1988-02-18,256,81.7,5.4,a
1988-02-19,254,79.9,5.4,a
1988-02-20,248,74.6,5.3,a
1988-02-21,231,60.7,5.5,a
1988-02-22,245,72.1,4.9,a
1988-02-23,233,62.3,4.9,a
1988-02-24,236,64.6,4.2,a
1988-02-25,230,59.9,5,a
1988-02-26,229,59.1,5.1,a
1988-02-27,230,59.9,5.2,a
1988-02-28,222,53.9,5.4,a
1988-02-29,221,53.2,5.8,a
1988-03-01,224,55.4,5.6,a
1988-03-02,220,52.4,5.3,a
1988-03-03,220,52.4,4.7,a
1988-03-04,213,47.5,5.2,a
1988-03-05,215,48.9,4.8,a
1988-03-06,212,46.8,4.8,a
1988-03-07,211,46.1,4.7,a
1988-03-08,221,53.2,5.3,a
1988-03-09,216,49.6,5,a
1988-03-10,214,48.2,5,a
1988-03-11,213,47.5,5.5,a
1988-03-12,219,51.7,5.5,a
1988-03-13,215,48.9,6.2,a
1988-03-14,217,50.3,6.4,a
1988-03-15,230,59.9,6.5,a
1988-03-16,238,66.3,6.7,a
1988-03-17,259,84.4,6.6,a
1988-03-18,265,90,6.8,a
1988-03-19,232,61.5,5.9,a
1988-03-20,231,60.7,6.8,a
1988-03-21,230,59.9,7,a
1988-03-22,243,70.4,7.2,a
1988-03-23,296,122,6.5,a
1988-03-24,253,79,7,a
1988-03-25,246,72.9,7,a
1988-03-26,239,67.1,6.8,a
1988-03-27,231,60.7,7.3,a
1988-03-28,230,59.9,7.2,a
1988-03-29,225,56.1,6.7,a
1988-03-30,229,59.1,7.4,a
1988-03-31,272,96.7,7.6,a
1988-04-01,289,114,6.4,a
1988-04-02,272,96.7,7.4,a
1988-04-03,259,84.4,7.5,a
1988-04-04,258,83.5,7.6,a
1988-04-05,253,79,8,a
1988-04-06,251,77.2,7.9,a
1988-04-07,314,142,7.9,a
1988-04-08,351,190,7.4,a
1988-04-09,318,154,7.5,a
1988-04-10,299,132,8.1,a
1988-04-11,300,133,7.3,a
1988-04-12,290,122,7.5,a
1988-04-13,284,115,8.6,a
1988-04-14,298,130,8.8,a
1988-04-15,277,108,7.9,a
1988-04-16,269,99.6,7.7,a
1988-04-17,266,96.6,7.7,a
1988-04-18,252,83.2,8.5,a
1988-04-19,265,95.6,9.4,a
1988-04-20,261,91.7,9.7,a
1988-04-21,277,108,9.8,a
1988-04-22,276,107,10.3,a
1988-04-23,271,102,10.3,a
1988-04-24,303,136,9.5,a
1988-04-25,298,130,7.8,a
1988-04-26,288,119,8,a
1988-04-27,279,110,8.3,a
1988-04-28,268,98.6,8.5,a
1988-04-29,274,105,8.7,a
1988-04-30,279,110,9,a
1988-05-01,270,101,9.2,a
1988-05-02,273,104,9.6,a
1988-05-03,285,116,9.8,a
1988-05-04,339,180,9.3,a
1988-05-05,379,237,8.9,a
1988-05-06,378,235,9.5,a
1988-05-07,339,180,9.5,a
1988-05-08,323,160,9.8,a
1988-05-09,303,136,10.4,a
1988-05-10,300,133,10.1,a
1988-05-11,298,130,10.8,a
1988-05-12,289,121,10.2,a
1988-05-13,281,112,10.4,a
1988-05-14,276,107,10.4,a
1988-05-15,269,99.6,10,a
1988-05-16,277,108,10,a
1988-05-17,269,99.6,10.2,a
1988-05-18,259,89.8,10.9,a
1988-05-19,274,105,11.2,a
1988-05-20,280,111,11.2,a
1988-05-21,282,113,10.7,a
1988-05-22,279,110,10.1,a
1988-05-23,275,106,10,a
1988-05-24,259,89.8,10.4,a
1988-05-25,257,87.9,11.2,a
1988-05-26,249,80.4,11.6,a
1988-05-27,258,88.8,12,a
1988-05-28,263,93.7,12,a
1988-05-29,246,77.7,12,a
1988-05-30,258,88.8,12.2,a
1988-05-31,274,105,11.7,a
1988-06-01,299,132,11.4,a
1988-06-02,307,141,10.4,a
1988-06-03,277,108,10.1,a
1988-06-04,263,93.7,11.4,a
1988-06-05,291,123,11.3,a
1988-06-06,447,349,11.3,a
1988-06-07,378,235,10,a
1988-06-08,339,180,9.6,a
1988-06-09,305,138,9.9,a
1988-06-10,299,132,10.5,a
1988-06-11,271,102,11.4,a
1988-06-12,272,103,12,a
1988-06-13,275,106,12.5,a
1988-06-14,273,104,11.8,a
1988-06-15,265,95.6,12.2,a
1988-06-16,262,92.7,12.4,a
1988-06-17,259,89.8,12.6,a
1988-06-18,258,88.8,12.2,a
1988-06-19,245,76.8,12.1,a
1988-06-20,246,77.7,12.3,a
1988-06-21,272,103,12.3,a
1988-06-22,257,87.9,12.3,a
1988-06-23,254,85.1,12.4,a
1988-06-24,250,81.3,12.7,a
1988-06-25,247,78.6,12.7,a
1988-06-26,242,74.1,12.7,a
1988-06-27,235,68,13,a
1988-06-28,232,65.5,13.3,a
1988-06-29,242,74.1,13.8,a
1988-06-30,234,67.2,14,a
1988-07-01,220,55.7,14.3,a
1988-07-02,234,67.2,14.2,a
1988-07-03,243,75,14,a
1988-07-04,245,76.8,14.4,a
1988-07-05,246,77.7,13.9,a
1988-07-06,239,71.5,14.1,a
1988-07-07,231,64.6,14.2,a
1988-07-08,228,62.1,14.2,a
1988-07-09,226,60.5,15.2,a
1988-07-10,225,59.7,15.4,a
1988-07-11,218,54.1,15.4,a
1988-07-12,220,55.7,15.5,a
1988-07-13,224,58.9,15.3,a
1988-07-14,230,63.8,15.4,a
1988-07-15,347,191,12,a
1988-07-16,311,146,11.8,a
1988-07-17,281,112,11.7,a
1988-07-18,265,95.6,12.3,a
1988-07-19,248,79.5,13,a
1988-07-20,238,70.6,14,a
1988-07-21,229,63,14,a
1988-07-22,226,60.5,14.3,a
1988-07-23,223,58.1,14.7,a
1988-07-24,214,51,15.1,a
1988-07-25,221,56.5,15.3,a
1988-07-26,217,53.3,15.5,a
1988-07-27,213,50.2,15.6,a
1988-07-28,216,52.5,15.9,a
1988-07-29,211,48.7,15.6,a
1988-07-30,215,51.8,15.8,a
1988-07-31,215,51.8,14.8,a
1988-08-01,211,48.7,15,a
1988-08-02,206,45,15,a
1988-08-03,201,41.4,15.3,a
1988-08-04,198,37.6,15.6,a
1988-08-05,208,46.5,15.2,a
1988-08-06,200,40.7,14.8,a
1988-08-07,195,35.7,14.8,a
1988-08-08,199,38.3,14.8,a
1988-08-09,190,32.8,15,a
1988-08-10,202,42.1,15.2,a
1988-08-11,201,41.4,15.2,a
1988-08-12,199,38.3,15.3,a
1988-08-13,197,37,15.3,a
1988-08-14,189,32.2,15.3,a
1988-08-15,190,32.8,15.5,a
1988-08-16,190,32.8,15.4,a
1988-08-17,193,34.5,15.7,a
1988-08-18,188,31.7,15.7,a
1988-08-19,202,42.1,15.1,a
1988-08-20,198,37.6,15.2,a
1988-08-21,353,199,15.2,a
1988-08-22,392,256,12.5,a
1988-08-23,360,209,12.2,a
1988-08-24,313,148,12,a
1988-08-25,278,109,12.2,a
1988-08-26,278,109,12.3,a
1988-08-27,245,76.8,12.2,a
1988-08-28,231,64.6,12.4,a
1988-08-29,233,66.3,12.7,a
1988-08-30,248,79.5,12.9,a
1988-08-31,229,63,13,a
1988-09-01,239,71.5,14.2,a
1988-09-02,313,148,14,a
1988-09-03,422,305,11.6,a
1988-09-04,340,182,10.5,a
1988-09-05,287,118,11.5,a
1988-09-06,269,99.6,11.9,a
1988-09-07,242,74.1,12,a
1988-09-08,258,88.8,12,a
1988-09-09,236,68.9,11.9,a
1988-09-10,238,70.6,12,a
1988-09-11,225,59.7,12.2,a
1988-09-12,227,61.3,12.5,a
1988-09-13,244,75.9,12.7,a
1988-09-14,429,317,11.8,a
1988-09-15,392,256,9.5,a
1988-09-16,357,205,9.4,a
1988-09-17,326,164,9.4,a
1988-09-18,303,136,9.4,a
1988-09-19,288,119,9.6,a
1988-09-20,272,103,9.8,a
1988-09-21,264,94.6,10.7,a
1988-09-22,240,72.4,10.8,a
1988-09-23,262,92.7,11,a
1988-09-24,243,75,10.8,a
1988-09-25,232,65.5,10.9,a
1988-09-26,239,71.5,11.5,a
1988-09-27,238,70.6,11.6,a
1988-09-28,230,63.8,11.9,a
1988-09-29,229,63,11.6,a
1988-09-30,219,54.9,11.8,a
1988-10-01,227,61.3,11.9,a
1988-10-02,222,57.3,11.9,a
1988-10-03,210,48,11.8,a
1988-10-04,212,49.5,11.8,a
1988-10-05,219,54.9,11.3,a
1988-10-06,231,64.6,11.4,a
1988-10-07,226,60.5,11.4,a
1988-10-08,276,107,10.6,a
1988-10-09,267,91.9,10.5,a
1988-10-10,236,64.6,10.5,a
1988-10-11,232,61.5,10.7,a
1988-10-12,239,67.1,10.9,a
1988-10-13,261,86.2,10.7,a
1988-10-14,260,85.3,10.7,a
1988-10-15,239,67.1,10.7,a
1988-10-16,230,59.9,10.7,a
1988-10-17,232,61.5,10.8,a
1988-10-18,221,53.2,11,a
1988-10-19,222,53.9,11.1,a
1988-10-20,237,65.4,11.4,a
1988-10-21,272,96.7,11,a
1988-10-22,248,74.6,10.8,a
1988-10-23,235,63.8,9.8,a
1988-10-24,238,66.3,10.8,a
1988-10-25,236,64.6,9.6,a
1988-10-26,236,64.6,8.9,a
1988-10-27,228,58.4,9.1,a
1988-10-28,226,56.9,9,a
1988-10-29,223,54.6,9,a
1988-10-30,216,49.6,9,a
1988-10-31,216,49.6,8.1,a
1988-11-01,221,53.2,7.6,a
1988-11-02,211,46.1,7.2,a
1988-11-03,214,48.2,8.2,a
1988-11-04,214,48.2,7.2,a
1988-11-05,210,45.5,6.2,a
1988-11-06,201,39.6,5.8,a
1988-11-07,195,33.6,5.7,a
1988-11-08,202,40.2,5.8,a
1988-11-09,204,41.5,6.2,a
1988-11-10,206,42.8,6.3,a
1988-11-11,207,43.5,6,a
1988-11-12,203,40.9,6,a
1988-11-13,195,33.6,5.9,a
1988-11-14,199,36.1,6.1,a
1988-11-15,206,42.8,6.2,a
1988-11-16,206,42.8,6.5,a
1988-11-17,201,39.6,6.4,a
1988-11-18,201,39.6,6.2,a
1988-11-19,193,32.5,6,a
1988-11-20,193,32.5,6.3,a
1988-11-21,195,33.6,5.7,a
1988-11-22,194,33,5.4,a
1988-11-23,197,34.8,4.9,a
1988-11-24,191,31.4,4.4,a
1988-11-25,192,31.9,3.9,a
1988-11-26,195,33.6,4.5,a
1988-11-27,194,33,4.9,a
1988-11-28,192,31.9,5.1,a
1988-11-29,190,30.8,4.9,a
1988-11-30,191,31.4,5.2,a
1988-12-01,204,41.5,5.5,a
1988-12-02,253,79,5.5,a
1988-12-03,278,103,4.8,a
1988-12-04,248,74.6,5.1,a
1988-12-05,239,67.1,6,a
1988-12-06,242,69.5,6.3,a
1988-12-07,241,68.7,5.8,a
1988-12-08,233,62.3,5.2,a
1988-12-09,233,62.3,5,a
1988-12-10,223,54.6,5,a
1988-12-11,205,42.1,4.8,a
1988-12-12,204,41.5,4.9,a
1988-12-13,212,46.8,5.2,a
1988-12-14,206,42.8,4.9,a
1988-12-15,206,42.8,4.8,a
1988-12-16,201,39.6,4.2,a
1988-12-17,192,31.9,3.4,a
1988-12-18,192,31.9,3,a
1988-12-19,193,32.5,3.1,a
1988-12-20,194,33,3.4,a
1988-12-21,195,33.6,4.1,a
1988-12-22,199,36.1,3.8,a
1988-12-23,198,35.4,4.3,a
1988-12-24,195,33.6,4.3,a
1988-12-25,192,31.9,4.1,a
1988-12-26,192,31.9,4.6,a
1988-12-27,194,33,4.6,a
1988-12-28,202,40.2,4.7,a
1988-12-29,194,33,4.4,a
1988-12-30,191,31.4,4.4,a
1988-12-31,191,31.4,4.3,a
1989-01-01,191,31.4,4.3,a
1989-01-02,189,30.3,4.3,a
1989-01-03,185,28.3,4.2,a
1989-01-04,186,28.8,4.2,a
1989-01-05,187,29.3,3.2,a
1989-01-06,187,29.3,3.2,a
1989-01-07,188,29.8,3.9,a
1989-01-08,187,29.3,4.1,a
1989-01-09,182,26.9,4.1,a
1989-01-10,168,21.6,4.1,a
1989-01-11,167,21.3,4.5,a
1989-01-12,166,21,4.6,a
1989-01-13,165,20.7,5.1,a
1989-01-14,165,20.7,5.2,a
1989-01-15,166,21,5.3,a
1989-01-16,166,21,4.9,a
1989-01-17,182,26.9,4.6,a
1989-01-18,175,24.1,4.5,a
1989-01-19,175,24.1,4.4,a
1989-01-20,174,23.7,4.4,a
1989-01-21,173,23.3,4.4,a
1989-01-22,174,23.7,4.2,a
1989-01-23,175,24.1,5,a
1989-01-24,177,24.8,4.8,a
1989-01-25,183,27.4,4.8,a
1989-01-26,186,28.8,4.5,a
1989-01-27,186,28.8,4.4,a
1989-01-28,185,28.3,4.4,a
1989-01-29,176,24.4,4.4,a
1989-01-30,175,24.1,4.3,a
1989-01-31,172,23,4,a
1989-02-01,169,21.9,4,a
1989-02-02,169,21.9,4.8,a
1989-02-03,168,21.6,5.3,a
1989-02-04,167,21.3,5.5,a
1989-02-05,166,21,5.2,a
1989-02-06,166,21,5.6,a
1989-02-07,167,21.3,5.4,a
1989-02-08,168,21.6,5.4,a
1989-02-09,171,22.6,5.3,a
1989-02-10,174,23.7,5.4,a
1989-02-11,175,24.1,5.6,a
1989-02-12,175,24.1,5.3,a
1989-02-13,176,24.4,5.3,a
1989-02-14,171,22.6,5,a
1989-02-15,167,21.3,4.8,a
1989-02-16,166,21,4.9,a
1989-02-17,165,20.7,5.4,a
1989-02-18,169,21.9,5.9,a
1989-02-19,170,22.3,6.1,a
1989-02-20,168,21.6,5.8,a
1989-02-21,170,22.3,6.3,a
1989-02-22,179,25.6,6.5,a
1989-02-23,189,30.3,6.4,a
1989-02-24,197,34.8,6.4,a
1989-02-25,263,88.1,6.4,a
1989-02-26,329,161,5.7,a
1989-02-27,295,121,6.1,a
1989-02-28,258,83.5,4.9,a
1989-03-01,233,62.3,5.1,a
1989-03-02,225,56.1,5.2,a
1989-03-03,226,56.9,5.7,a
1989-03-04,238,66.3,5.2,a
1989-03-05,218,51,5.5,a
1989-03-06,219,51.7,5.7,a
1989-03-07,217,50.3,5.8,a
1989-03-08,217,50.3,5.8,a
1989-03-09,220,52.4,6.6,a
1989-03-10,223,54.6,6.5,a
1989-03-11,211,46.1,6.7,a
1989-03-12,203,40.9,6.7,a
1989-03-13,211,46.1,6.9,a
1989-03-14,229,59.1,7.4,a
1989-03-15,220,52.4,6.9,a
1989-03-16,204,41.5,7.4,a
1989-03-17,206,42.8,7.3,a
1989-03-18,208,44.1,7.9,a
1989-03-19,301,127,7.3,a
1989-03-20,313,141,6.3,a
1989-03-21,330,162,6.5,a
1989-03-22,343,179,6.6,a
1989-03-23,306,133,6.4,a
1989-03-24,281,106,6.7,a
1989-03-25,259,84.4,6.6,a
1989-03-26,239,67.1,7,a
1989-03-27,251,77.2,7,a
1989-03-28,236,64.6,8,a
1989-03-29,248,74.6,8.5,a
1989-03-30,240,67.9,9.1,a
1989-03-31,242,69.5,9.1,a
1989-04-01,238,66.3,9.3,a
1989-04-02,229,59.1,9.7,a
1989-04-03,249,75.5,8.8,a
1989-04-04,377,227,8.5,a
1989-04-05,371,218,8.2,a
1989-04-06,361,203,7.6,a
1989-04-07,313,141,7.7,a
1989-04-08,295,121,7.6,a
1989-04-09,272,96.7,8.3,a
1989-04-10,273,97.7,8.3,a
1989-04-11,252,78.1,8.9,a
1989-04-12,253,79,9.4,a
1989-04-13,268,92.8,9.7,a
1989-04-14,336,170,9.3,a
1989-04-15,307,134,8.3,a
1989-04-16,280,105,8.4,a
1989-04-17,278,103,8.9,a
1989-04-18,272,96.7,8.8,a
1989-04-19,281,106,8.9,a
1989-04-20,297,123,8.5,a
1989-04-21,300,126,8.4,a
1989-04-22,346,183,8.5,a
1989-04-23,341,176,7.7,a
1989-04-24,317,146,7.2,a
1989-04-25,285,110,7.7,a
1989-04-26,278,103,8.2,a
1989-04-27,276,101,8.5,a
1989-04-28,380,231,8.7,a
1989-04-29,349,187,8.4,a
1989-04-30,313,141,7.9,a
1989-05-01,281,106,8.1,a
1989-05-02,290,115,8.3,a
1989-05-03,261,86.2,8.6,a
1989-05-04,268,92.8,8.9,a
1989-05-05,258,83.5,9.8,a
1989-05-06,257,82.6,10.2,a
1989-05-07,251,77.2,10,a
1989-05-08,251,77.2,10,a
1989-05-09,246,72.9,10.2,a
1989-05-10,244,71.2,12,a
1989-05-11,242,69.5,10.9,a
1989-05-12,246,72.9,11.5,a
1989-05-13,248,74.6,11.4,a
1989-05-14,237,65.4,11.5,a
1989-05-15,258,83.5,10.5,a
1989-05-16,271,95.7,10.3,a
1989-05-17,259,84.4,10.2,a
1989-05-18,255,80.8,10.2,a
1989-05-19,259,84.4,10.2,a
1989-05-20,245,72.1,10.3,a
1989-05-21,243,70.4,10.5,a
1989-05-22,231,60.7,11.1,a
1989-05-23,250,76.4,11.1,a
1989-05-24,240,67.9,11.3,a
1989-05-25,245,72.1,11.7,a
1989-05-26,238,66.3,12.1,a
1989-05-27,236,64.6,12.1,a
1989-05-28,224,55.4,12.1,a
1989-05-29,231,60.7,12.6,a
1989-05-30,210,45.5,12.6,a
1989-05-31,214,48.2,12.6,a
1989-06-01,220,52.4,12.4,a
1989-06-02,239,67.1,12.6,a
1989-06-03,237,65.4,12.2,a
1989-06-04,271,95.7,11.9,a
1989-06-05,264,89,11.6,a
1989-06-06,253,79,11.3,a
1989-06-07,250,76.4,11.5,a
1989-06-08,234,63,11.6,a
1989-06-09,251,77.2,11.1,a
1989-06-10,244,71.2,11.6,a
1989-06-11,233,62.3,12.1,a
1989-06-12,236,64.6,12.5,a
1989-06-13,235,63.8,12.7,a
1989-06-14,218,51,12.5,a
1989-06-15,223,54.6,12.4,a
1989-06-16,224,55.4,12.7,a
1989-06-17,217,50.3,12.3,a
1989-06-18,217,50.3,12.6,a
1989-06-19,222,53.9,12.8,a
1989-06-20,216,49.6,13,a
1989-06-21,208,44.1,13.1,a
1989-06-22,212,46.8,13.1,a
1989-06-23,219,51.7,13.4,a
1989-06-24,260,85.3,13.1,a
1989-06-25,232,61.5,12.9,a
1989-06-26,220,52.4,13.5,a
1989-06-27,228,58.4,13.8,a
1989-06-28,234,63,14,a
1989-06-29,288,113,14,a
1989-06-30,253,79,13,a
1989-07-01,238,66.3,13.2,a
1989-07-02,236,64.6,13.4,a
1989-07-03,281,106,13.8,a
1989-07-04,328,159,13.4,a
1989-07-05,382,234,11.8,a
1989-07-06,329,161,11.8,a
1989-07-07,288,113,11.7,a
1989-07-08,283,108,12.2,a
1989-07-09,256,81.7,12.9,a
1989-07-10,261,86.2,13,a
1989-07-11,268,92.8,13.7,a
1989-07-12,257,82.6,13.9,a
1989-07-13,256,81.7,13.7,a
1989-07-14,244,71.2,13.9,a
1989-07-15,249,75.5,13.8,a
1989-07-16,239,67.1,13.1,a
1989-07-17,252,78.1,13.6,a
1989-07-18,242,69.5,13.5,a
1989-07-19,240,67.9,13.6,a
1989-07-20,225,56.1,13.5,a
1989-07-21,230,59.9,13.9,a
1989-07-22,216,49.6,14.2,a
1989-07-23,213,47.5,14.4,a
1989-07-24,225,56.1,15.1,a
1989-07-25,244,71.2,15,a
1989-07-26,233,62.3,15.3,a
1989-07-27,230,59.9,15.3,a
1989-07-28,221,53.2,14.8,a
1989-07-29,220,52.4,14.2,a
1989-07-30,207,43.5,14.3,a
1989-07-31,325,156,14.4,a
1989-08-01,337,171,13,a
1989-08-02,290,115,11.2,a
1989-08-03,260,85.3,11.9,a
1989-08-04,229,59.1,12.2,a
1989-08-05,247,73.8,12.5,a
1989-08-06,219,51.7,12.8,a
1989-08-07,240,67.9,12.7,a
1989-08-08,224,55.4,13,a
1989-08-09,232,61.5,14.5,a
1989-08-10,221,53.2,14,a
1989-08-11,221,53.2,14.3,a
1989-08-12,215,48.9,13.9,a
1989-08-13,214,48.2,14.1,a
1989-08-14,218,51,14.3,a
1989-08-15,217,50.3,14.7,a
1989-08-16,209,44.8,15.1,a
1989-08-17,211,46.1,15,a
1989-08-18,216,49.6,15.5,a
1989-08-19,240,67.9,15,a
1989-08-20,227,57.6,15.1,a
1989-08-21,229,59.1,15,a
1989-08-22,216,49.6,15.2,a
1989-08-23,215,48.9,15.1,a
1989-08-24,216,49.6,15.2,a
1989-08-25,209,44.8,15,a
1989-08-26,211,46.1,15.1,a
1989-08-27,240,67.9,14.3,a
1989-08-28,325,156,15,a
1989-08-29,294,119,13.2,a
1989-08-30,270,94.8,12.7,a
1989-08-31,236,64.6,11.7,a
1989-09-01,235,63.8,12.1,a
1989-09-02,231,60.7,12.4,a
1989-09-03,360,202,12.2,a
1989-09-04,321,151,14.4,a
1989-09-05,281,106,11,a
1989-09-06,266,90.9,11.1,a
1989-09-07,254,79.9,11.4,a
1989-09-08,241,68.7,11.4,a
1989-09-09,243,70.4,11.7,a
1989-09-10,232,61.5,11.6,a
1989-09-11,233,62.3,11.8,a
1989-09-12,233,62.3,11.7,a
1989-09-13,232,61.5,12.5,a
1989-09-14,229,59.1,12.3,a
1989-09-15,210,45.5,12,a
1989-09-16,220,52.4,12.2,a
1989-09-17,207,43.5,12.6,a
1989-09-18,220,52.4,12.4,a
1989-09-19,208,44.1,12.8,a
1989-09-20,209,44.8,12.9,a
1989-09-21,208,44.1,13,a
1989-09-22,205,42.1,13.2,a
1989-09-23,198,35.4,13.1,a
1989-09-24,193,32.5,13,a
1989-09-25,192,31.9,12.9,a
1989-09-26,205,42.1,12.8,a
1989-09-27,209,44.8,12.8,a
1989-09-28,288,113,12.8,a
1989-09-29,303,129,12.5,a
1989-09-30,251,77.2,12.2,a
1989-10-01,227,57.6,11,a
1989-10-02,231,60.7,11,a
1989-10-03,237,65.4,11.2,a
1989-10-04,221,53.2,11,a
1989-10-05,213,47.5,10.6,a
1989-10-06,218,51,10.8,a
1989-10-07,219,51.7,10.8,a
1989-10-08,211,46.1,10.6,a
1989-10-09,202,40.2,10.8,a
1989-10-10,211,46.1,10.7,a
1989-10-11,203,40.9,10.6,a
1989-10-12,210,45.5,10.6,a
1989-10-13,203,40.9,10.5,a
1989-10-14,209,44.8,10.2,a
1989-10-15,198,35.4,9.7,a
1989-10-16,197,34.8,9.3,a
1989-10-17,193,32.5,9.2,a
1989-10-18,199,36.1,9.1,a
1989-10-19,193,32.5,9.2,a
1989-10-20,198,35.4,8.9,a
1989-10-21,192,31.9,9.2,a
1989-10-22,192,31.9,9.3,a
1989-10-23,190,30.8,9.3,a
1989-10-24,188,29.8,9,a
1989-10-25,186,28.8,9.1,a
1989-10-26,200,39,9.1,a
1989-10-27,192,31.9,9.1,a
1989-10-28,194,33,9,a
1989-10-29,190,30.8,8.8,a
1989-10-30,193,32.5,9.4,a
1989-10-31,193,32.5,9.5,a
1989-11-01,191,31.4,9.4,a
1989-11-02,188,29.8,9.6,a
1989-11-03,188,29.8,9.6,a
1989-11-04,208,44.1,9.9,a
1989-11-05,257,82.6,9.5,a
1989-11-06,513,476,9.2,a
1989-11-07,381,233,8.2,a
1989-11-08,318,147,7.5,a
1989-11-09,295,121,7.3,a
1989-11-10,266,90.9,7.6,a
1989-11-11,253,79,7.3,a
1989-11-12,233,62.3,7,a
1989-11-13,235,63.8,6.9,a
1989-11-14,233,62.3,6.6,a
1989-11-15,232,61.5,6.3,a
1989-11-16,227,57.6,5.8,a
1989-11-17,221,53.2,6,a
1989-11-18,219,51.7,5.6,a
1989-11-19,218,51,5.4,a
1989-11-20,215,48.9,6,a
1989-11-21,209,44.8,6,a
1989-11-22,218,51,7.2,a
1989-11-23,268,92.8,6.5,a
1989-11-24,246,72.9,5.3,a
1989-11-25,238,66.3,5.3,a
1989-11-26,219,51.7,5.3,a
1989-11-27,217,50.3,4.2,a
1989-11-28,223,54.6,4.3,a
1989-11-29,210,45.5,4.1,a
1989-11-30,209,44.8,3.8,a
1989-12-01,199,36.1,3.4,a
1989-12-02,201,39.6,3.3,a
1989-12-03,204,41.5,3.5,a
1989-12-04,198,35.4,3.3,a
1989-12-05,199,36.1,3.8,a
1989-12-06,202,40.2,3.6,a
1989-12-07,206,42.8,3.6,a
1989-12-08,201,39.6,3.6,a
1989-12-09,199,36.1,3.7,a
1989-12-10,193,32.5,3.4,a
1989-12-11,195,33.6,3.3,a
1989-12-12,192,31.9,2.9,a
1989-12-13,194,33,4,a
1989-12-14,193,32.5,5.4,a
1989-12-15,199,36.1,5.6,a
1989-12-16,252,78.1,6.5,a
1989-12-17,257,82.6,5.2,a
1989-12-18,354,194,5.9,a
1989-12-19,361,203,6.9,a
1989-12-20,423,301,6.8,a
1989-12-21,336,170,6.6,a
1989-12-22,300,126,6.8,a
1989-12-23,302,128,6.7,a
1989-12-24,280,105,6.6,a
1989-12-25,270,94.8,6.4,a
1989-12-26,254,79.9,6.1,a
1989-12-27,244,71.2,5.5,a
1989-12-28,248,74.6,5,a
1989-12-29,240,67.9,4.1,a
1989-12-30,223,54.6,4.2,a
1989-12-31,215,48.9,4.2,a
1990-01-01,215,48.4,4.3,a
1990-01-02,213,47,4.3,a
1990-01-03,213,47,4.3,a
1990-01-04,213,47,4,a
1990-01-05,215,48.4,3.8,a
1990-01-06,214,47.7,3.8,a
1990-01-07,205,41.9,3.4,a
1990-01-08,204,41.3,3.2,a
1990-01-09,200,38.9,3,a
1990-01-10,207,43.2,2.9,a
1990-01-11,208,43.8,3,a
1990-01-12,213,47,3,a
1990-01-13,202,40.1,3,a
1990-01-14,194,35.4,3.1,a
1990-01-15,198,37.7,3.2,a
1990-01-16,202,40.1,3.2,a
1990-01-17,201,39.5,3.3,a
1990-01-18,202,40.1,3.5,a
1990-01-19,192,34.3,3.6,a
1990-01-20,191,33.8,4.2,a
1990-01-21,195,36,4.1,a
1990-01-22,191,33.8,4,a
1990-01-23,193,34.9,3.9,a
1990-01-24,199,38.3,3.9,a
1990-01-25,196,36.6,4.6,a
1990-01-26,226,56.2,4.6,a
1990-01-27,273,96.9,4.4,a
1990-01-28,237,64.6,4.6,a
1990-01-29,372,220,5.1,a
1990-01-30,365,210,5.8,a
1990-01-31,316,144,5.9,a
1990-02-01,287,111,5.8,a
1990-02-02,269,92.9,5.8,a
1990-02-03,254,79,6.1,a
1990-02-04,233,61.5,5.8,a
1990-02-05,247,72.9,5.4,a
1990-02-06,234,62.2,5.2,a
1990-02-07,218,50.4,5.2,a
1990-02-08,216,49.1,4.7,a
1990-02-09,219,51.1,5.3,a
1990-02-10,220,51.8,5.2,a
1990-02-11,213,47,5.2,a
1990-02-12,214,47.7,5.2,a
1990-02-13,222,53.3,5.3,a
1990-02-14,219,51.1,5.1,a
1990-02-15,215,48.4,5.5,a
1990-02-16,213,47,5.3,a
1990-02-17,208,43.8,4.8,a
1990-02-18,203,40.7,5.2,a
1990-02-19,203,40.7,5.2,a
1990-02-20,203,40.7,5.2,a
1990-02-21,198,37.7,5.4,a
1990-02-22,200,38.9,5.6,a
1990-02-23,208,43.8,6.5,a
1990-02-24,200,38.9,6,a
1990-02-25,202,40.1,5.9,a
1990-02-26,207,43.2,6.4,a
1990-02-27,209,44.4,7.1,a
1990-02-28,208,43.8,6.8,a
1990-03-01,209,44.4,7,a
1990-03-02,208,43.8,6.9,a
1990-03-03,200,38.9,6.9,a
1990-03-04,195,36,6.8,a
1990-03-05,196,36.6,6.8,a
1990-03-06,193,34.9,6.8,a
1990-03-07,187,31.7,6.7,a
1990-03-08,180,28.2,6.8,a
1990-03-09,176,26.3,7,a
1990-03-10,176,26.3,7.4,a
1990-03-11,176,26.3,8.1,a
1990-03-12,174,25.4,8.2,a
1990-03-13,170,23.7,8.6,a
1990-03-14,169,23.3,8.7,a
1990-03-15,174,25.4,8,a
1990-03-16,188,32.2,8.2,a
1990-03-17,191,33.8,7.3,a
1990-03-18,189,32.7,6.8,a
1990-03-19,187,31.7,7.1,a
1990-03-20,186,31.1,7.2,a
1990-03-21,186,31.1,7.6,a
1990-03-22,186,31.1,7.9,a
1990-03-23,186,31.1,8.4,a
1990-03-24,186,31.1,8.6,a
1990-03-25,192,34.3,9.2,a
1990-03-26,241,67.8,7.6,a
1990-03-27,210,45.1,7.4,a
1990-03-28,238,65.4,7.5,a
1990-03-29,239,66.2,7.5,a
1990-03-30,242,68.7,7.7,a
1990-03-31,233,61.5,7.5,a
1990-04-01,237,64.6,8.2,a
1990-04-02,232,60.7,8.1,a
1990-04-03,246,72,8.6,a
1990-04-04,254,79,8.4,a
1990-04-05,332,165,7.7,a
1990-04-06,315,143,7,a
1990-04-07,347,185,7,a
1990-04-08,387,243,7.1,a
1990-04-09,331,163,6.8,a
1990-04-10,293,118,6.7,a
1990-04-11,278,102,6.7,a
1990-04-12,261,85.3,6.7,a
1990-04-13,255,79.9,6.7,a
1990-04-14,236,63.8,7.3,a
1990-04-15,235,63,8.4,a
1990-04-16,233,61.5,7.8,a
1990-04-17,230,59.2,7.8,a
1990-04-18,227,56.9,8.4,a
1990-04-19,229,58.4,8,a
1990-04-20,228,57.6,7.8,a
1990-04-21,226,56.2,7.7,a
1990-04-22,244,70.3,7.7,a
1990-04-23,252,77.2,8,a
1990-04-24,268,92,8.2,a
1990-04-25,262,86.3,8.2,a
1990-04-26,254,79,8.6,a
1990-04-27,250,75.4,9,a
1990-04-28,238,65.4,9.2,a
1990-04-29,225,55.4,9.2,a
1990-04-30,227,56.9,9.3,a
1990-05-01,222,53.3,9.4,a
1990-05-02,220,51.8,10.5,a
1990-05-03,239,66.2,10.6,a
1990-05-04,253,78.1,10.6,a
1990-05-05,239,66.2,10.7,a
1990-05-06,224,54.7,10.8,a
1990-05-07,237,64.6,11,a
1990-05-08,233,61.5,11.2,a
1990-05-09,234,62.2,11.6,a
1990-05-10,235,63,12.1,a
1990-05-11,233,61.5,12.2,a
1990-05-12,224,54.7,12.2,a
1990-05-13,226,56.2,11.2,a
1990-05-14,230,59.2,11.6,a
1990-05-15,222,53.3,12.2,a
1990-05-16,226,56.2,12.7,a
1990-05-17,218,50.4,13,a
1990-05-18,216,49.1,13,a
1990-05-19,237,64.6,12.9,a
1990-05-20,209,44.4,12.3,a
1990-05-21,215,48.4,12.1,a
1990-05-22,218,50.4,12.2,a
1990-05-23,219,51.1,12.2,a
1990-05-24,218,50.4,12.9,a
1990-05-25,220,51.8,12.9,a
1990-05-26,212,46.4,12.8,a
1990-05-27,234,62.2,11.8,a
1990-05-28,216,49.1,11.7,a
1990-05-29,216,49.1,12,a
1990-05-30,215,48.4,11.5,a
1990-05-31,205,41.9,11.4,a
1990-06-01,214,47.7,11.5,a
1990-06-02,202,40.1,11.7,a
1990-06-03,199,38.3,12.5,a
1990-06-04,203,40.7,12.4,a
1990-06-05,254,79,12.2,a
1990-06-06,282,106,10.9,a
1990-06-07,315,143,11,a
1990-06-08,326,157,10.6,a
1990-06-09,451,353,10.1,a
1990-06-10,463,376,9.9,a
1990-06-11,395,256,9.7,a
1990-06-12,343,179,9.8,a
1990-06-13,314,142,9.7,a
1990-06-14,295,120,10.1,a
1990-06-15,281,105,10.1,a
1990-06-16,273,96.9,10.6,a
1990-06-17,259,83.5,10.8,a
1990-06-18,256,80.8,11.4,a
1990-06-19,255,79.9,12.4,a
1990-06-20,243,69.5,12.6,a
1990-06-21,250,75.4,12.5,a
1990-06-22,247,72.9,12.8,a
1990-06-23,243,69.5,13.4,a
1990-06-24,255,79.9,12.6,a
1990-06-25,274,97.9,12.6,a
1990-06-26,250,75.4,12.8,a
1990-06-27,246,72,13.6,a
1990-06-28,237,64.6,13.4,a
1990-06-29,238,65.4,13.9,a
1990-06-30,220,51.8,14.4,a
1990-07-01,218,50.4,14.5,a
1990-07-02,235,63,14.5,a
1990-07-03,248,73.7,14,a
1990-07-04,280,104,14.1,a
1990-07-05,274,97.9,14.3,a
1990-07-06,287,111,12.3,a
1990-07-07,311,138,10.7,a
1990-07-08,273,96.9,10.8,a
1990-07-09,255,79.9,11.8,a
1990-07-10,262,86.3,11.4,a
1990-07-11,319,148,12.3,a
1990-07-12,298,123,11.5,a
1990-07-13,266,90,12,a
1990-07-14,261,85.3,12.3,a
1990-07-15,251,76.3,12.9,a
1990-07-16,245,71.2,13.4,a
1990-07-17,239,66.2,13.8,a
1990-07-18,235,63,14.6,a
1990-07-19,229,58.4,14.2,a
1990-07-20,225,55.4,14.6,a
1990-07-21,225,55.4,14.8,a
1990-07-22,220,51.8,14.8,a
1990-07-23,217,49.7,14.6,a
1990-07-24,228,57.6,14.6,a
1990-07-25,213,47,14.9,a
1990-07-26,224,54.7,14.7,a
1990-07-27,205,41.9,14.8,a
1990-07-28,209,44.4,14.8,a
1990-07-29,199,38.3,15.4,a
1990-07-30,203,40.7,14.8,a
1990-07-31,210,45.1,15.4,a
1990-08-01,213,47,15.6,a
1990-08-02,215,48.4,15.5,a
1990-08-03,206,42.5,15.6,a
1990-08-04,212,46.4,15.6,a
1990-08-05,201,39.5,15.4,a
1990-08-06,201,39.5,15.8,a
1990-08-07,227,56.9,15.8,a
1990-08-08,242,68.7,14.6,a
1990-08-09,243,69.5,14.1,a
1990-08-10,215,48.4,13.2,a
1990-08-11,220,51.8,13.3,a
1990-08-12,194,35.4,13.4,a
1990-08-13,215,48.4,13.7,a
1990-08-14,196,36.6,14,a
1990-08-15,198,37.7,14,a
1990-08-16,197,37.1,13.9,a
1990-08-17,203,40.7,13.9,a
1990-08-18,208,43.8,14.2,a
1990-08-19,195,36,13.8,a
1990-08-20,201,39.5,13.6,a
1990-08-21,200,38.9,14.1,a
1990-08-22,202,40.1,13.4,a
1990-08-23,196,36.6,13.8,a
1990-08-24,195,36,14.2,a
1990-08-25,198,37.7,13.9,a
1990-08-26,196,36.6,13.7,a
1990-08-27,194,35.4,13.7,a
1990-08-28,189,32.7,14.4,a
1990-08-29,195,36,14.2,a
1990-08-30,195,36,14.2,a
1990-08-31,191,33.8,14.2,a
1990-09-01,193,34.9,14.2,a
1990-09-02,196,36.6,13.3,a
1990-09-03,190,33.2,13.2,a
1990-09-04,187,31.7,13.6,a
1990-09-05,208,43.8,13.2,a
1990-09-06,195,36,13.3,a
1990-09-07,204,41.3,13.3,a
1990-09-08,225,55.4,12.7,a
1990-09-09,214,47.7,12.6,a
1990-09-10,207,43.2,12.6,a
1990-09-11,210,45.1,12.6,a
1990-09-12,203,40.7,12.6,a
1990-09-13,201,39.5,11.8,a
1990-09-14,191,33.8,11.8,a
1990-09-15,192,34.3,11.8,a
1990-09-16,188,32.2,12.2,a
1990-09-17,192,34.3,11.8,a
1990-09-18,194,35.4,11.9,a
1990-09-19,194,35.4,12,a
1990-09-20,187,31.7,12.2,a
1990-09-21,190,33.2,12.2,a
1990-09-22,198,37.7,13.2,a
1990-09-23,196,36.6,12.2,a
1990-09-24,329,161,11.6,a
1990-09-25,447,346,9.8,a
1990-09-26,335,168,10,a
1990-09-27,287,111,9.6,a
1990-09-28,265,89.1,10,a
1990-09-29,215,48.4,10.6,a
1990-09-30,207,43.2,10.6,a
1990-10-01,223,54,10.6,a
1990-10-02,231,59.9,11.2,a
1990-10-03,218,50.4,11.3,a
1990-10-04,211,45.7,11.8,a
1990-10-05,270,93.9,12.5,a
1990-10-06,319,148,10.8,a
1990-10-07,270,93.9,10.6,a
1990-10-08,273,96.9,10.7,a
1990-10-09,288,112,10,a
1990-10-10,270,93.9,10,a
1990-10-11,237,64.6,10.4,a
1990-10-12,237,64.6,9.8,a
1990-10-13,228,57.6,10.2,a
1990-10-14,225,55.4,10.6,a
1990-10-15,226,56.2,10.5,a
1990-10-16,224,54.7,11,a
1990-10-17,217,49.7,11,a
1990-10-18,222,53.3,11.2,a
1990-10-19,235,63,11.4,a
1990-10-20,245,71.2,11.4,a
1990-10-21,292,117,11.5,a
1990-10-22,278,102,9.8,a
1990-10-23,253,78.1,8.5,a
1990-10-24,246,72,8.1,a
1990-10-25,240,67,8.1,a
1990-10-26,251,76.3,8.4,a
1990-10-27,326,157,8.3,a
1990-10-28,449,350,8.3,a
1990-10-29,426,308,8.8,a
1990-10-30,492,433,9.2,a
1990-10-31,390,248,9.3,a
1990-11-01,643,788,9.5,a
1990-11-02,605,696,7.8,a
1990-11-03,498,456,8.1,a
1990-11-04,439,343,7.9,a
1990-11-05,388,258,7.8,a
1990-11-06,353,207,7.5,a
1990-11-07,326,171,7,a
1990-11-08,316,159,7.2,a
1990-11-09,298,138,6.1,a
1990-11-10,289,128,6.2,a
1990-11-11,278,116,6.3,a
1990-11-12,255,94,6.4,a
1990-11-13,252,91.3,6.4,a
1990-11-14,258,96.7,6.6,a
1990-11-15,262,100,6.7,a
1990-11-16,256,94.9,7,a
1990-11-17,250,89.5,6.7,a
1990-11-18,245,81,6.7,a
1990-11-19,243,78.9,7.1,a
1990-11-20,231,67,6.9,a
1990-11-21,249,85.4,7.3,a
1990-11-22,370,231,7.4,a
1990-11-23,368,228,7.4,a
1990-11-24,351,204,7.4,a
1990-11-25,328,174,7.4,a
1990-11-26,536,536,7.3,a
1990-11-27,452,367,6.7,a
1990-11-28,391,263,6.7,a
1990-11-29,352,206,6.9,a
1990-11-30,332,179,5.5,a
1990-12-01,308,149,5.4,a
1990-12-02,295,134,5.2,a
1990-12-03,289,128,4.4,a
1990-12-04,278,116,4.5,a
1990-12-05,271,109,4.4,a
1990-12-06,263,101,4.5,a
1990-12-07,253,92.2,4.6,a
1990-12-08,253,92.2,4.8,a
1990-12-09,257,95.8,4.9,a
1990-12-10,405,285,5,a
1990-12-11,362,220,5.2,a
1990-12-12,315,158,5.4,a
1990-12-13,295,134,5.5,a
1990-12-14,284,123,5.4,a
1990-12-15,265,103,5.2,a
1990-12-16,250,89.5,5.2,a
1990-12-17,257,95.8,5.2,a
1990-12-18,253,92.2,4.9,a
1990-12-19,242,77.9,5,a
1990-12-20,243,78.9,4.8,a
1990-12-21,241,76.8,4.8,a
1990-12-22,241,76.8,4.8,a
1990-12-23,233,68.9,4.8,a
1990-12-24,222,58.9,4.8,a
1990-12-25,225,61.5,4.5,a
1990-12-26,224,60.6,4.2,a
1990-12-27,232,67.9,4.6,a
1990-12-28,227,63.3,4.8,a
1990-12-29,232,67.9,4.8,a
1990-12-30,229,65.1,5,a
1990-12-31,232,67.9,5.2,a
1991-01-01,247,83.2,5.4,a
1991-01-02,243,78.9,5.3,a
1991-01-03,242,77.9,5.2,a
1991-01-04,234,69.8,5.8,a
1991-01-05,253,92.2,5.1,a
1991-01-06,257,95.8,5.1,a
1991-01-07,246,82.1,5.6,a
1991-01-08,255,94,5.8,a
1991-01-09,248,84.3,5.5,a
1991-01-10,248,84.3,5.5,a
1991-01-11,249,85.4,5.7,a
1991-01-12,241,76.8,6.5,a
1991-01-13,245,81,5.4,a
1991-01-14,248,84.3,5.5,a
1991-01-15,249,85.4,4.7,a
1991-01-16,232,67.9,4.6,a
1991-01-17,231,67,4.6,a
1991-01-18,229,65.1,4,a
1991-01-19,226,62.4,3.5,a
1991-01-20,213,51.5,3.3,a
1991-01-21,222,58.9,3.8,a
1991-01-22,221,58,3.6,a
1991-01-23,207,47,4,a
1991-01-24,211,50,3.8,a
1991-01-25,214,52.3,3.8,a
1991-01-26,216,53.9,4,a
1991-01-27,213,51.5,3.8,a
1991-01-28,218,55.5,3.6,a
1991-01-29,222,58.9,3,a
1991-01-30,220,57.2,3.2,a
1991-01-31,203,44.1,3.4,a
1991-02-01,200,42.1,2.6,a
1991-02-02,188,34.7,2.2,a
1991-02-03,179,30,2.8,a
1991-02-04,182,31.5,2.8,a
1991-02-05,182,31.5,2.4,a
1991-02-06,182,31.5,2.1,a
1991-02-07,183,32,2.2,a
1991-02-08,183,32,2.1,a
1991-02-09,183,32,3,a
1991-02-10,219,56.3,4,a
1991-02-11,306,147,2.4,a
1991-02-12,243,78.9,2.5,a
1991-02-13,227,63.3,2.1,a
1991-02-14,214,52.3,2,a
1991-02-15,210,49.2,2.1,a
1991-02-16,202,43.5,2.3,a
1991-02-17,209,48.4,2.4,a
1991-02-18,210,49.2,2.6,a
1991-02-19,217,54.7,2.9,a
1991-02-20,214,52.3,2.9,a
1991-02-21,215,53.1,4,a
1991-02-22,207,47,4.1,a
1991-02-23,212,50.7,4.8,a
1991-02-24,206,46.3,4.9,a
1991-02-25,220,57.2,4.7,a
1991-02-26,214,52.3,4.7,a
1991-02-27,208,47.7,5.2,a
1991-02-28,212,50.7,5,a
1991-03-01,224,60.6,5.1,a
1991-03-02,214,52.3,5.1,a
1991-03-03,207,47,5.7,a
1991-03-04,216,53.9,5.9,a
1991-03-05,223,59.7,6.2,a
1991-03-06,219,56.3,6.4,a
1991-03-07,229,65.1,6.3,a
1991-03-08,270,108,6.3,a
1991-03-09,278,116,6.3,a
1991-03-10,277,115,6.3,a
1991-03-11,265,103,6.3,a
1991-03-12,254,93.1,6.8,a
1991-03-13,252,91.3,6,a
1991-03-14,247,83.2,6.2,a
1991-03-15,248,84.3,6.4,a
1991-03-16,242,77.9,6.7,a
1991-03-17,237,72.8,6.7,a
1991-03-18,239,74.8,6.6,a
1991-03-19,236,71.8,7,a
1991-03-20,237,72.8,7.5,a
1991-03-21,240,75.8,7.6,a
1991-03-22,239,74.8,7.6,a
1991-03-23,253,92.2,7.6,a
1991-03-24,286,125,7.6,a
1991-03-25,269,107,7.6,a
1991-03-26,305,146,7.7,a
1991-03-27,301,141,7.4,a
1991-03-28,281,119,6.3,a
1991-03-29,273,111,6.1,a
1991-03-30,258,96.7,6.2,a
1991-03-31,242,77.9,6.4,a
1991-04-01,245,81,6.9,a
1991-04-02,238,73.8,7,a
1991-04-03,239,74.8,7.4,a
1991-04-04,232,67.9,7.6,a
1991-04-05,240,75.8,7.8,a
1991-04-06,241,76.8,7.9,a
1991-04-07,242,77.9,8.3,a
1991-04-08,244,80,8.6,a
1991-04-09,250,89.5,8.5,a
1991-04-10,233,68.9,8.9,a
1991-04-11,231,67,8.8,a
1991-04-12,233,68.9,8.8,a
1991-04-13,220,57.2,8.8,a
1991-04-14,212,50.7,8.6,a
1991-04-15,224,60.6,8.6,a
1991-04-16,221,58,8.9,a
1991-04-17,229,65.1,8.3,a
1991-04-18,235,70.8,7,a
1991-04-19,228,64.2,7,a
1991-04-20,229,65.1,7.2,a
1991-04-21,221,58,7.3,a
1991-04-22,221,58,7.2,a
1991-04-23,223,59.7,7,a
1991-04-24,223,59.7,7.2,a
1991-04-25,223,59.7,7.4,a
1991-04-26,214,52.3,7.6,a
1991-04-27,215,53.1,7.6,a
1991-04-28,211,50,7.6,a
1991-04-29,214,52.3,8.2,a
1991-04-30,216,53.9,9,a
1991-05-01,235,70.8,9.2,a
1991-05-02,234,69.8,9,a
1991-05-03,364,223,8.7,a
1991-05-04,448,359,8,a
1991-05-05,407,289,7,a
1991-05-06,350,203,7.3,a
1991-05-07,325,170,7,a
1991-05-08,295,134,7.6,a
1991-05-09,282,120,7.7,a
1991-05-10,318,161,7.6,a
1991-05-11,444,352,7.7,a
1991-05-12,364,223,8,a
1991-05-13,334,181,8,a
1991-05-14,319,162,8.1,a
1991-05-15,300,140,8.8,a
1991-05-16,315,158,7.8,a
1991-05-17,295,134,7.7,a
1991-05-18,288,127,7.8,a
1991-05-19,293,132,7.8,a
1991-05-20,271,109,7.9,a
1991-05-21,262,100,8.3,a
1991-05-22,265,103,9.6,a
1991-05-23,269,107,10.2,a
1991-05-24,265,103,10.2,a
1991-05-25,254,93.1,10.4,a
1991-05-26,264,102,10.2,a
1991-05-27,259,97.7,10.2,a
1991-05-28,244,80,10.2,a
1991-05-29,241,76.8,10.2,a
1991-05-30,240,75.8,10.9,a
1991-05-31,238,73.8,10.4,a
1991-06-01,239,74.8,11.2,a
1991-06-02,240,75.8,11.2,a
1991-06-03,263,101,11.2,a
1991-06-04,302,142,10.2,a
1991-06-05,386,255,9.7,a
1991-06-06,330,176,9.2,a
1991-06-07,327,172,9,a
1991-06-08,327,172,9.2,a
1991-06-09,299,139,9.4,a
1991-06-10,281,119,10.2,a
1991-06-11,276,114,10.8,a
1991-06-12,270,108,11.7,a
1991-06-13,259,97.7,11.4,a
1991-06-14,268,106,11.5,a
1991-06-15,260,98.6,12,a
1991-06-16,245,81,12.2,a
1991-06-17,256,94.9,12.3,a
1991-06-18,291,130,12,a
1991-06-19,294,133,11.9,a
1991-06-20,272,110,11.8,a
1991-06-21,251,90.4,10.7,a
1991-06-22,237,72.8,11.2,a
1991-06-23,240,75.8,12.4,a
1991-06-24,241,76.8,12.3,a
1991-06-25,248,84.3,12.8,a
1991-06-26,248,84.3,13.7,a
1991-06-27,243,78.9,13.8,a
1991-06-28,411,295,12.1,a
1991-06-29,317,160,11.8,a
1991-06-30,285,124,10.5,a
1991-07-01,275,113,10.2,a
1991-07-02,260,98.6,11.9,a
1991-07-03,253,92.2,12.1,a
1991-07-04,242,77.9,13.4,a
1991-07-05,244,80,13.6,a
1991-07-06,227,63.3,13.8,a
1991-07-07,237,72.8,13.8,a
1991-07-08,234,69.8,14,a
1991-07-09,232,67.9,14.2,a
1991-07-10,232,67.9,14,a
1991-07-11,224,60.6,14.4,a
1991-07-12,214,52.3,14.7,a
1991-07-13,221,58,14.8,a
1991-07-14,221,58,14.4,a
1991-07-15,249,85.4,13.8,a
1991-07-16,229,65.1,14,a
1991-07-17,227,63.3,13.5,a
1991-07-18,245,81,13.9,a
1991-07-19,230,66,14.1,a
1991-07-20,234,69.8,14.4,a
1991-07-21,215,53.1,14.6,a
1991-07-22,234,69.8,14.3,a
1991-07-23,219,56.3,14.1,a
1991-07-24,215,53.1,14.2,a
1991-07-25,263,101,14.3,a
1991-07-26,297,137,11.9,a
1991-07-27,290,129,12,a
1991-07-28,253,92.2,11.8,a
1991-07-29,254,93.1,12,a
1991-07-30,245,81,12.5,a
1991-07-31,240,75.8,12.9,a
1991-08-01,248,84.3,13.3,a
1991-08-02,239,74.8,13.3,a
1991-08-03,230,66,13.2,a
1991-08-04,228,64.2,13.2,a
1991-08-05,217,54.7,13.6,a
1991-08-06,230,66,14,a
1991-08-07,226,62.4,14.2,a
1991-08-08,220,57.2,14.4,a
1991-08-09,218,55.5,14.4,a
1991-08-10,217,54.7,14.6,a
1991-08-11,194,38.3,15,a
1991-08-12,204,44.8,15.2,a
1991-08-13,207,47,15.4,a
1991-08-14,210,49.2,15.2,a
1991-08-15,210,49.2,14.9,a
1991-08-16,216,53.9,14.6,a
1991-08-17,201,42.8,14.6,a
1991-08-18,205,45.5,14.2,a
1991-08-19,258,96.7,13.9,a
1991-08-20,200,42.1,13.7,a
1991-08-21,203,44.1,13.6,a
1991-08-22,188,34.7,13.7,a
1991-08-23,195,38.9,13.7,a
1991-08-24,177,29,13.8,a
1991-08-25,179,30,13.8,a
1991-08-26,205,45.5,14.1,a
1991-08-27,203,44.1,14.2,a
1991-08-28,200,42.1,15.2,a
1991-08-29,201,42.8,15.8,a
1991-08-30,204,44.8,15.3,a
1991-08-31,199,41.4,15.4,a
1991-09-01,188,34.7,15.1,a
1991-09-02,189,35.3,15.2,a
1991-09-03,191,36.5,15,a
1991-09-04,194,38.3,15.1,a
1991-09-05,193,37.7,14.2,a
1991-09-06,188,34.7,13.6,a
1991-09-07,183,32,12.8,a
1991-09-08,180,30.5,12.7,a
1991-09-09,183,32,12.4,a
1991-09-10,187,34.2,12.1,a
1991-09-11,191,36.5,12.9,a
1991-09-12,175,28.1,12.9,a
1991-09-13,180,30.5,13,a
1991-09-14,192,37.1,13,a
1991-09-15,193,37.7,13.2,a
1991-09-16,187,34.2,13.1,a
1991-09-17,190,35.9,12.9,a
1991-09-18,181,31,12.6,a
1991-09-19,184,32.5,12.4,a
1991-09-20,178,29.5,12.6,a
1991-09-21,178,29.5,12.2,a
1991-09-22,175,28.1,12.8,a
1991-09-23,213,51.5,12.8,a
1991-09-24,204,44.8,13.6,a
1991-09-25,193,37.7,13.4,a
1991-09-26,188,34.7,13.7,a
1991-09-27,227,63.3,12.4,a
1991-09-28,244,80,12.6,a
1991-09-29,207,47,12.6,a
1991-09-30,249,85.4,12.8,a
1991-10-01,339,188,11,a
1991-10-02,290,129,11,a
1991-10-03,248,84.3,10.8,a
1991-10-04,235,70.8,10.3,a
1991-10-05,220,57.2,10.3,a
1991-10-06,217,54.7,10.3,a
1991-10-07,210,49.2,10.4,a
1991-10-08,196,39.5,10.3,a
1991-10-09,196,39.5,10.3,a
1991-10-10,194,38.3,10.3,a
1991-10-11,193,37.7,10.5,a
1991-10-12,210,49.2,10.4,a
1991-10-13,282,120,10.6,a
1991-10-14,292,131,10.6,a
1991-10-15,324,169,10.3,a
1991-10-16,294,133,10.2,a
1991-10-17,251,90.4,10,a
1991-10-18,250,89.5,9.4,a
1991-10-19,366,225,8.6,a
1991-10-20,346,197,8.4,a
1991-10-21,297,137,8.2,a
1991-10-22,275,113,7.8,a
1991-10-23,262,100,7.2,a
1991-10-24,249,85.4,7.3,a
1991-10-25,245,81,7.3,a
1991-10-26,236,71.8,7.2,a
1991-10-27,225,61.5,7.2,a
1991-10-28,221,58,7,a
1991-10-29,218,55.5,6.8,a
1991-10-30,225,61.5,6.4,a
1991-10-31,226,62.4,6,a
1991-11-01,209,48.4,6.2,a
1991-11-02,207,47,6.4,a
1991-11-03,202,43.5,6.3,a
1991-11-04,220,57.2,6.3,a
1991-11-05,435,336,6.2,a
1991-11-06,335,183,6.2,a
1991-11-07,289,128,6.4,a
1991-11-08,261,99.5,6.5,a
1991-11-09,241,76.8,6.4,a
1991-11-10,243,78.9,6.9,a
1991-11-11,217,54.7,6.8,a
1991-11-12,229,65.1,6.6,a
1991-11-13,234,69.8,6.9,a
1991-11-14,331,178,7.2,a
1991-11-15,397,273,6.9,a
1991-11-16,433,333,6.8,a
1991-11-17,452,367,6.9,a
1991-11-18,347,199,6.4,a
1991-11-19,331,178,6.6,a
1991-11-20,436,338,6.9,a
1991-11-21,483,426,7.2,a
1991-11-22,428,324,7.2,a
1991-11-23,379,245,7.1,a
1991-11-24,343,193,6.7,a
1991-11-25,340,189,6.7,a
1991-11-26,324,169,6.8,a
1991-11-27,301,141,7,a
1991-11-28,291,130,6.7,a
1991-11-29,278,116,6.5,a
1991-11-30,270,108,6.5,a
1991-12-01,261,99.5,6.2,a
1991-12-02,257,95.8,6,a
1991-12-03,256,94.9,5.9,a
1991-12-04,249,85.4,5.5,a
1991-12-05,243,78.9,5.4,a
1991-12-06,246,82.1,5.2,a
1991-12-07,237,72.8,4.7,a
1991-12-08,235,70.8,4.3,a
1991-12-09,222,58.9,3.9,a
1991-12-10,221,58,3.6,a
1991-12-11,212,50.7,3.2,a
1991-12-12,215,53.1,2.9,a
1991-12-13,209,48.4,2.9,a
1991-12-14,208,47.7,2.9,a
1991-12-15,214,52.3,2.7,a
1991-12-16,218,55.5,2.9,a
1991-12-17,211,50,3.6,a
1991-12-18,216,53.9,3.5,a
1991-12-19,210,49.2,3.6,a
1991-12-20,214,52.3,4,a
1991-12-21,207,47,4.1,a
1991-12-22,205,45.5,4.3,a
1991-12-23,211,50,4.4,a
1991-12-24,201,42.8,4.5,a
1991-12-25,197,40.1,4.6,a
1991-12-26,189,35.3,4.7,a
1991-12-27,204,44.8,4.2,a
1991-12-28,191,36.5,3.9,a
1991-12-29,192,37.1,3.8,a
1991-12-30,193,37.7,3.8,a
1991-12-31,192,37.1,3.9,a
1992-01-01,183,33.1,3.9,a
1992-01-02,188,35.8,3.9,a
1992-01-03,190,37,3.8,a
1992-01-04,194,39.3,4,a
1992-01-05,188,35.8,4.2,a
1992-01-06,187,35.3,4.3,a
1992-01-07,195,40,4.2,a
1992-01-08,187,35.3,4.3,a
1992-01-09,195,40,4.3,a
1992-01-10,192,38.1,4.8,a
1992-01-11,191,37.5,5.2,a
1992-01-12,190,37,5.3,a
1992-01-13,182,32.6,5,a
1992-01-14,184,33.7,4.9,a
1992-01-15,184,33.7,4.9,a
1992-01-16,185,34.2,4.7,a
1992-01-17,184,33.7,4.7,a
1992-01-18,176,29.8,4.7,a
1992-01-19,176,29.8,4.7,a
1992-01-20,175,29.3,4.5,a
1992-01-21,176,29.8,3.7,a
1992-01-22,183,33.1,2.9,a
1992-01-23,177,30.2,3.9,a
1992-01-24,177,30.2,4.2,a
1992-01-25,177,30.2,4.2,a
1992-01-26,177,30.2,4.1,a
1992-01-27,185,34.2,4,a
1992-01-28,175,29.3,4.1,a
1992-01-29,176,29.8,4.3,a
1992-01-30,175,29.3,4.3,a
1992-01-31,181,32.1,4.3,a
1992-02-01,175,29.3,4.3,a
1992-02-02,175,29.3,4.3,a
1992-02-03,176,29.8,4.2,a
1992-02-04,177,30.2,4.2,a
1992-02-05,175,29.3,4.3,a
1992-02-06,176,29.8,4.2,a
1992-02-07,182,32.6,4.3,a
1992-02-08,177,30.2,4.3,a
1992-02-09,179,31.2,4.6,a
1992-02-10,178,30.7,4.6,a
1992-02-11,194,39.3,5.3,a
1992-02-12,195,40,5.3,a
1992-02-13,194,39.3,5.5,a
1992-02-14,193,38.7,5.7,a
1992-02-15,197,41.2,5.6,a
1992-02-16,191,37.5,5.3,a
1992-02-17,196,40.6,5.2,a
1992-02-18,198,41.9,4.7,a
1992-02-19,190,37,4.8,a
1992-02-20,187,35.3,4.7,a
1992-02-21,185,34.2,4.6,a
1992-02-22,183,33.1,5.4,a
1992-02-23,184,33.7,4.7,a
1992-02-24,183,33.1,4.7,a
1992-02-25,182,32.6,4.6,a
1992-02-26,182,32.6,4.6,a
1992-02-27,179,31.2,4.6,a
1992-02-28,175,29.3,4.9,a
1992-02-29,163,24.6,5.2,a
1992-03-01,161,24,5.7,a
1992-03-02,174,28.9,5.7,a
1992-03-03,170,27.2,6,a
1992-03-04,167,26.1,6.2,a
1992-03-05,177,30.2,6.4,a
1992-03-06,176,29.8,7,a
1992-03-07,168,26.4,7.2,a
1992-03-08,168,26.4,7.2,a
1992-03-09,174,28.9,7.3,a
1992-03-10,171,27.6,7.3,a
1992-03-11,169,26.8,7.2,a
1992-03-12,170,27.2,7,a
1992-03-13,171,27.6,6.8,a
1992-03-14,171,27.6,6.9,a
1992-03-15,166,25.7,6.8,a
1992-03-16,170,27.2,6.8,a
1992-03-17,172,28.1,6.4,a
1992-03-18,165,25.3,6.8,a
1992-03-19,166,25.7,7,a
1992-03-20,167,26.1,7.5,a
1992-03-21,164,25,7.6,a
1992-03-22,169,26.8,8.6,a
1992-03-23,171,27.6,7,a
1992-03-24,344,198,6.2,a
1992-03-25,416,306,6,a
1992-03-26,328,176,5.4,a
1992-03-27,294,134,5.1,a
1992-03-28,271,108,5.3,a
1992-03-29,270,107,6.1,a
1992-03-30,270,107,5.6,a
1992-03-31,264,101,5.8,a
1992-04-01,377,245,6,a
1992-04-02,351,208,6,a
1992-04-03,301,142,6.7,a
1992-04-04,304,145,6.8,a
1992-04-05,347,202,6.7,a
1992-04-06,377,245,6.6,a
1992-04-07,362,223,6.5,a
1992-04-08,310,153,6.4,a
1992-04-09,283,121,6.4,a
1992-04-10,259,95.4,6.5,a
1992-04-11,260,96.4,6.5,a
1992-04-12,248,84.5,6.9,a
1992-04-13,240,76.9,7.4,a
1992-04-14,240,76.9,8.1,a
1992-04-15,235,72.3,8,a
1992-04-16,265,102,8.1,a
1992-04-17,273,110,7.4,a
1992-04-18,253,89.4,8,a
1992-04-19,240,76.9,7.8,a
1992-04-20,237,74.1,8,a
1992-04-21,233,70.5,8.2,a
1992-04-22,236,73.2,8.3,a
1992-04-23,231,68.7,8.4,a
1992-04-24,232,69.6,8.8,a
1992-04-25,221,59.9,9,a
1992-04-26,231,68.7,9,a
1992-04-27,256,92.4,9.2,a
1992-04-28,261,97.4,9,a
1992-04-29,260,96.4,8.8,a
1992-04-30,320,165,8.8,a
1992-05-01,324,171,7.7,a
1992-05-02,285,123,8.8,a
1992-05-03,282,120,9.6,a
1992-05-04,283,121,9.3,a
1992-05-05,279,117,9.1,a
1992-05-06,266,103,9.2,a
1992-05-07,262,98.5,9.3,a
1992-05-08,262,98.5,9.9,a
1992-05-09,252,88.4,9.6,a
1992-05-10,244,80.7,9.5,a
1992-05-11,252,88.4,9.7,a
1992-05-12,264,101,9.6,a
1992-05-13,257,93.4,10,a
1992-05-14,237,74.1,10.6,a
1992-05-15,257,93.4,11,a
1992-05-16,243,79.7,11.8,a
1992-05-17,231,68.7,12.9,a
1992-05-18,245,81.6,10.9,a
1992-05-19,243,79.7,11,a
1992-05-20,238,75,11.2,a
1992-05-21,231,68.7,11.2,a
1992-05-22,220,59.1,11.2,a
1992-05-23,216,55.7,11.4,a
1992-05-24,205,46.8,11.8,a
1992-05-25,226,64.3,12,a
1992-05-26,223,61.7,12.6,a
1992-05-27,221,59.9,12.9,a
1992-05-28,214,54.1,12.6,a
1992-05-29,221,59.9,12.8,a
1992-05-30,215,54.9,12.9,a
1992-05-31,214,54.1,12.8,a
1992-06-01,215,54.9,12.4,a
1992-06-02,219,58.2,12.6,a
1992-06-03,216,55.7,12.4,a
1992-06-04,226,64.3,13.2,a
1992-06-05,236,73.2,13.4,a
1992-06-06,221,59.9,13.6,a
1992-06-07,206,47.6,13.8,a
1992-06-08,222,60.8,13.6,a
1992-06-09,219,58.2,12.4,a
1992-06-10,224,62.5,12.5,a
1992-06-11,215,54.9,12.7,a
1992-06-12,230,67.8,12.6,a
1992-06-13,228,66,12.8,a
1992-06-14,226,64.3,12.8,a
1992-06-15,221,59.9,13.2,a
1992-06-16,212,52.4,13.6,a
1992-06-17,214,54.1,14.6,a
1992-06-18,206,47.6,14.7,a
1992-06-19,211,51.6,14.6,a
1992-06-20,205,46.8,14.5,a
1992-06-21,203,45.3,13.7,a
1992-06-22,208,49.2,13.5,a
1992-06-23,209,50,13.8,a
1992-06-24,205,46.8,14,a
1992-06-25,202,44.5,14.1,a
1992-06-26,202,44.5,14.3,a
1992-06-27,197,41.2,13.8,a
1992-06-28,191,37.5,13.5,a
1992-06-29,189,36.4,13.8,a
1992-06-30,190,37,14,a
1992-07-01,192,38.1,14.2,a
1992-07-02,191,37.5,14.3,a
1992-07-03,186,34.7,14.5,a
1992-07-04,179,31.2,14.6,a
1992-07-05,181,32.1,14.4,a
1992-07-06,204,46.1,15.2,a
1992-07-07,200,43,15.4,a
1992-07-08,199,42.5,15.5,a
1992-07-09,200,43,15.5,a
1992-07-10,204,46.1,15.6,a
1992-07-11,184,33.7,16,a
1992-07-12,233,70.5,16,a
1992-07-13,227,65.1,15.4,a
1992-07-14,217,56.6,15.6,a
1992-07-15,209,50,15.5,a
1992-07-16,199,42.5,16.2,a
1992-07-17,210,50.8,16,a
1992-07-18,200,43,15.9,a
1992-07-19,191,37.5,15.7,a
1992-07-20,196,40.6,15.8,a
1992-07-21,195,40,15.9,a
1992-07-22,179,31.2,15.6,a
1992-07-23,190,37,15.6,a
1992-07-24,191,37.5,15.4,a
1992-07-25,175,29.3,15.5,a
1992-07-26,176,29.8,15.8,a
1992-07-27,176,29.8,15.8,a
1992-07-28,190,37,15.7,a
1992-07-29,181,32.1,15.2,a
1992-07-30,185,34.2,15.6,a
1992-07-31,177,30.2,15.7,a
1992-08-01,176,29.8,15.8,a
1992-08-02,177,30.2,15.7,a
1992-08-03,173,28.5,15.7,a
1992-08-04,174,28.9,15.7,a
1992-08-05,182,32.6,16,a
1992-08-06,170,27.2,16.3,a
1992-08-07,175,29.3,16.2,a
1992-08-08,175,29.3,16.2,a
1992-08-09,176,29.8,16.3,a
1992-08-10,170,27.2,16.4,a
1992-08-11,167,26.1,16.8,a
1992-08-12,168,26.4,16.9,a
1992-08-13,169,26.8,16.5,a
1992-08-14,168,26.4,16.2,a
1992-08-15,167,26.1,16.4,a
1992-08-16,165,25.3,15.7,a
1992-08-17,170,27.2,15.4,a
1992-08-18,165,25.3,15.7,a
1992-08-19,159,23.3,15.6,a
1992-08-20,163,24.6,16,a
1992-08-21,164,25,16,a
1992-08-22,165,25.3,15.8,a
1992-08-23,173,28.5,16,a
1992-08-24,166,25.7,16.4,a
1992-08-25,162,24.3,16.2,a
1992-08-26,161,24,16.3,a
1992-08-27,165,25.3,16.2,a
1992-08-28,159,23.3,16.2,a
1992-08-29,160,23.6,15.4,a
1992-08-30,161,24,15.4,a
1992-08-31,158,23,15.6,a
1992-09-01,177,30.2,15.8,a
1992-09-02,269,106,14.8,a
1992-09-03,212,52.4,13.3,a
1992-09-04,223,61.7,13.2,a
1992-09-05,259,95.4,12.5,a
1992-09-06,220,59.1,11.9,a
1992-09-07,210,50.8,11.5,a
1992-09-08,186,34.7,11.8,a
1992-09-09,170,27.2,12,a
1992-09-10,179,31.2,12.6,a
1992-09-11,181,32.1,13,a
1992-09-12,178,30.7,13.6,a
1992-09-13,170,27.2,13.8,a
1992-09-14,172,28.1,13.7,a
1992-09-15,170,27.2,13.7,a
1992-09-16,164,25,13.8,a
1992-09-17,168,26.4,13.8,a
1992-09-18,171,27.6,13.9,a
1992-09-19,166,25.7,13.5,a
1992-09-20,165,25.3,13.3,a
1992-09-21,162,24.3,12.9,a
1992-09-22,159,23.3,13,a
1992-09-23,164,25,13.3,a
1992-09-24,164,25,13.3,a
1992-09-25,166,25.7,13.2,a
1992-09-26,156,22.4,13.4,a
1992-09-27,153,21.4,13.6,a
1992-09-28,168,26.4,13.6,a
1992-09-29,168,26.4,13.6,a
1992-09-30,177,30.2,13.6,a
1992-10-01,174,28.9,13.6,a
1992-10-02,176,29.8,13.8,a
1992-10-03,177,30.2,13.4,a
1992-10-04,251,87.4,12.9,a
1992-10-05,351,208,11.6,a
1992-10-06,362,223,11.4,a
1992-10-07,302,143,11.4,a
1992-10-08,285,123,10.8,a
1992-10-09,244,80.7,10.8,a
1992-10-10,258,94.4,10.9,a
1992-10-11,233,70.5,11.1,a
1992-10-12,268,105,11,a
1992-10-13,273,110,9.1,a
1992-10-14,258,94.4,9,a
1992-10-15,238,75,8.9,a
1992-10-16,241,77.8,8.9,a
1992-10-17,312,155,9.8,a
1992-10-18,528,514,8.9,a
1992-10-19,435,341,8.5,a
1992-10-20,355,222,8.5,a
1992-10-21,347,210,8.4,a
1992-10-22,366,237,8.5,a
1992-10-23,335,193,8.2,a
1992-10-24,310,160,8.1,a
1992-10-25,289,135,8.2,a
1992-10-26,280,124,8.3,a
1992-10-27,267,110,8.3,a
1992-10-28,258,100,8.4,a
1992-10-29,356,224,8.5,a
1992-10-30,452,370,8,a
1992-10-31,434,339,7.8,a
1992-11-01,359,228,8.5,a
1992-11-02,347,210,8.3,a
1992-11-03,339,199,8.3,a
1992-11-04,363,233,8.5,a
1992-11-05,335,193,8.6,a
1992-11-06,321,174,8.4,a
1992-11-07,300,148,8.3,a
1992-11-08,290,136,8.3,a
1992-11-09,276,120,8.2,a
1992-11-10,272,115,8.3,a
1992-11-11,258,100,8.3,a
1992-11-12,251,93,8.1,a
1992-11-13,234,76.4,8,a
1992-11-14,227,69.9,7.9,a
1992-11-15,212,56.7,7.7,a
1992-11-16,415,309,7.9,a
1992-11-17,593,658,8.6,a
1992-11-18,441,351,7.8,a
1992-11-19,367,238,7.7,a
1992-11-20,330,186,7.6,a
1992-11-21,295,142,6.4,a
1992-11-22,267,110,6.6,a
1992-11-23,265,108,6.5,a
1992-11-24,261,103,6.6,a
1992-11-25,248,90,7.1,a
1992-11-26,248,90,7.8,a
1992-11-27,243,85.1,7.7,a
1992-11-28,242,84.1,7.7,a
1992-11-29,224,67.2,7.6,a
1992-11-30,228,70.8,7.6,a
1992-12-01,223,66.3,7.7,a
1992-12-02,231,73.6,7.7,a
1992-12-03,360,229,7.7,a
1992-12-04,488,435,7.8,a
1992-12-05,538,535,7.8,a
1992-12-06,627,748,7.5,a
1992-12-07,435,341,7,a
1992-12-08,373,247,6.5,a
1992-12-09,338,197,6.6,a
1992-12-10,322,176,6.6,a
1992-12-11,305,154,6.7,a
1992-12-12,297,144,6.5,a
1992-12-13,279,123,6.4,a
1992-12-14,279,123,6,a
1992-12-15,276,120,5.8,a
1992-12-16,273,116,5.8,a
1992-12-17,270,113,6.3,a
1992-12-18,266,109,6.9,a
1992-12-19,248,90,6.8,a
1992-12-20,234,76.4,6.8,a
1992-12-21,233,75.5,5.4,a
1992-12-22,236,78.3,5.6,a
1992-12-23,231,73.6,5.8,a
1992-12-24,219,62.8,5.4,a
1992-12-25,220,63.6,4.4,a
1992-12-26,217,61,4.3,a
1992-12-27,216,60.1,4.2,a
1992-12-28,218,61.9,4.3,a
1992-12-29,214,58.4,3.2,a
1992-12-30,211,55.8,3.6,a
1992-12-31,221,64.5,3.4,a
1993-01-01,190,33.3,3.4,a
1993-01-02,203,38.5,3.4,a
1993-01-03,193,37.5,3.6,a
1993-01-04,208,43,3.5,a
1993-01-05,200,34.4,3.5,a
1993-01-06,197,37.5,3.4,a
1993-01-07,201,42.5,3.9,a
1993-01-08,208,53.3,4,a
1993-01-09,197,36.6,4.3,a
1993-01-10,192,31.4,4.7,a
1993-01-11,197,38.5,5.2,a
1993-01-12,198,37.5,6,a
1993-01-13,201,43.3,6,a
1993-01-14,204,43.3,6.1,a
1993-01-15,203,44.5,6.1,a
1993-01-16,199,38.5,6.2,a
1993-01-17,192,38.5,6.3,a
1993-01-18,193,37.5,6.2,a
1993-01-19,195,39.8,6.1,a
1993-01-20,192,35.6,5.9,a
1993-01-21,191,36.6,6,a
1993-01-22,194,36.6,5.9,a
1993-01-23,190,32.5,5.9,a
1993-01-24,195,34.6,6.6,a
1993-01-25,207,34.6,7,a
1993-01-26,231,34.6,6.7,a
1993-01-27,234,34.6,6.8,a
1993-01-28,257,34.6,6.6,a
1993-01-29,256,35.6,6.5,a
1993-01-30,246,31,6.5,a
1993-01-31,237,26,5.3,a
1993-02-01,243,28.2,5.2,a
1993-02-02,235,26,4.9,a
1993-02-03,238,28.2,4.8,a
1993-02-04,260,31,4.8,a
1993-02-05,292,36.5,4.9,a
1993-02-06,295,26.8,5.1,a
1993-02-07,290,26,5.1,a
1993-02-08,293,29.5,6,a
1993-02-09,293,26.8,6.1,a
1993-02-10,292,27.5,6.2,a
1993-02-11,296,29.2,6.3,a
1993-02-12,297,31.7,6.3,a
1993-02-13,292,26.8,7,a
1993-02-14,292,27.5,7.2,a
1993-02-15,292,34.3,7.5,a
1993-02-16,291,27.5,7.8,a
1993-02-17,298,32.6,7.2,a
1993-02-18,304,39,7.1,a
1993-02-19,295,28.2,7.1,a
1993-02-20,297,29.2,7,a
1993-02-21,294,28.2,6.6,a
1993-02-22,290,25.2,5.3,a
1993-02-23,282,25.2,4.9,a
1993-02-24,273,24.4,4.8,a
1993-02-25,273,24.4,4.8,a
1993-02-26,275,23.6,4.8,a
1993-02-27,286,23,4.9,a
1993-02-28,286,23.6,5.4,a
1993-03-01,286,23.3,6.1,a
1993-03-02,286,19.4,5.6,a
1993-03-03,287,19.4,5.4,a
1993-03-04,289,19.4,5.2,a
1993-03-05,287,22,4.9,a
1993-03-06,289,19.4,4,a
1993-03-07,287,174,4.8,a
1993-03-08,232,20.4,5.2,a
1993-03-09,240,21.3,5.3,a
1993-03-10,246,26.4,5.6,a
1993-03-11,244,26.2,5.9,a
1993-03-12,242,25.4,6.4,a
1993-03-13,239,24.2,6.5,a
1993-03-14,252,31.2,6.6,a
1993-03-15,252,29.6,7,a
1993-03-16,255,29.3,7.6,a
1993-03-17,258,28.6,7.9,a
1993-03-18,263,29.6,8.2,a
1993-03-19,264,29.3,8.4,a
1993-03-20,257,25.6,8.5,a
1993-03-21,256,25.3,8.9,a
1993-03-22,256,26.9,9.2,a
1993-03-23,256,25.6,9.6,a
1993-03-24,259,26.8,10,a
1993-03-25,275,41,8.6,a
1993-03-26,278,37.3,8.6,a
1993-03-27,279,38,8.7,a
1993-03-28,272,32.9,8.6,a
1993-03-29,262,26.4,8.4,a
1993-03-30,260,25.2,8.2,a
1993-03-31,259,24.7,7.8,a
1993-04-01,259,24.7,7.6,a
1993-04-02,260,25.2,7.6,a
1993-04-03,264,27.6,7.7,a
1993-04-04,269,30.8,7.6,a
1993-04-05,263,27,7.8,a
1993-04-06,266,28.9,8,a
1993-04-07,269,30.8,8.4,a
1993-04-08,265,28.2,8.5,a
1993-04-09,259,24.7,8.7,a
1993-04-10,259,24.7,8.7,a
1993-04-11,260,25.2,8.7,a
1993-04-12,275,35,8.8,a
1993-04-13,297,53.8,9,a
1993-04-14,315,73.5,9.2,a
1993-04-15,314,72.3,9.2,a
1993-04-16,313,71.1,9,a
1993-04-17,296,52.8,9.1,a
1993-04-18,281,39.6,10,a
1993-04-19,286,43.7,10.9,a
1993-04-20,288,45.5,11.8,a
1993-04-21,281,39.6,11.9,a
1993-04-22,285,42.9,12,a
1993-04-23,284,42,12.4,a
1993-04-24,284,42,12.8,a
1993-04-25,283,41.2,13.2,a
1993-04-26,281,39.6,13.3,a
1993-04-27,275,35,13.2,a
1993-04-28,280,38.8,12.1,a
1993-04-29,281,39.6,12.2,a
1993-04-30,278,37.3,11.2,a
1993-05-01,277,36.5,11.3,a
1993-05-02,274,34.3,12,a
1993-05-03,277,36.5,12.9,a
1993-05-04,277,36.5,12.9,a
1993-05-05,278,37.3,13.2,a
1993-05-06,273,33.6,12.9,a
1993-05-07,279,38,12.7,a
1993-05-08,271,32.2,12.8,a
1993-05-09,271,32.2,12.9,a
1993-05-10,268,30.2,13,a
1993-05-11,278,37.3,13.1,a
1993-05-12,280,38.8,13,a
1993-05-13,273,33.6,13.2,a
1993-05-14,278,37.3,13.2,a
1993-05-15,269,30.8,13.5,a
1993-05-16,269,30.8,14,a
1993-05-17,268,30.2,13.9,a
1993-05-18,266,28.9,13.9,a
1993-05-19,268,30.2,13.9,a
1993-05-20,266,28.9,14,a
1993-05-21,263,27,13.8,a
1993-05-22,263,27,13.8,a
1993-05-23,262,26.4,13.8,a
1993-05-24,261,25.8,14.8,a
1993-05-25,262,26.4,14.8,a
1993-05-26,261,25.8,15,a
1993-05-27,261,25.8,15,a
1993-05-28,264,27.6,15,a
1993-05-29,268,30.2,15.3,a
1993-05-30,274,34.3,15.3,a
1993-05-31,271,32.2,15.3,a
1993-06-01,273,33.6,15.4,a
1993-06-02,267,29.5,15.2,a
1993-06-03,269,30.8,15.1,a
1993-06-04,267,29.5,15.2,a
1993-06-05,271,32.2,15.2,a
1993-06-06,268,30.2,15.1,a
1993-06-07,270,31.5,15.1,a
1993-06-08,269,30.8,15.2,a
1993-06-09,272,32.9,15.6,a
1993-06-10,263,27,15.9,a
1993-06-11,265,28.2,15.2,a
1993-06-12,262,26.4,15.2,a
1993-06-13,261,25.8,15.3,a
1993-06-14,265,28.2,16,a
1993-06-15,275,35,16,a
1993-06-16,275,35,16.5,a
1993-06-17,272,32.9,16.5,a
1993-06-18,272,32.9,16.6,a
1993-06-19,266,28.9,16.4,a
1993-06-20,263,27,16.6,a
1993-06-21,264,27.6,17.2,a
1993-06-22,265,28.2,17.3,a
1993-06-23,265,28.2,17.1,a
1993-06-24,265,28.2,16.5,a
1993-06-25,262,26.4,16,a
1993-06-26,266,28.9,15.1,a
1993-06-27,264,27.6,15.5,a
1993-06-28,264,27.6,15.5,a
1993-06-29,264,27.6,15.5,a
1993-06-30,263,27,15.8,a
1993-07-01,262,26.4,16.2,a
1993-07-02,262,26.4,16.4,a
1993-07-03,272,32.9,16.4,a
1993-07-04,263,27,17.3,a
1993-07-05,260,25.2,17.5,a
1993-07-06,262,26.4,18.1,a
1993-07-07,261,25.8,18.3,a
1993-07-08,257,23.6,18.2,a
1993-07-09,256,23,18,a
1993-07-10,251,20.5,17.5,a
1993-07-11,250,20,17.3,a
1993-07-12,278,37.3,17.6,a
1993-07-13,296,52.8,17.6,a
1993-07-14,275,35,17.9,a
1993-07-15,270,31.5,18.2,a
1993-07-16,269,30.8,18.4,a
1993-07-17,259,24.7,18.6,a
1993-07-18,256,23,18.6,a
1993-07-19,264,27.6,18.2,a
1993-07-20,270,31.5,18.2,a
1993-07-21,280,38.8,18,a
1993-07-22,280,38.8,18,a
1993-07-23,273,33.6,18.1,a
1993-07-24,269,30.8,18.1,a
1993-07-25,267,29.5,18,a
1993-07-26,271,32.2,18,a
1993-07-27,296,52.8,16.3,a
1993-07-28,280,38.8,17,a
1993-07-29,274,34.3,17.1,a
1993-07-30,275,35,17.2,a
1993-07-31,269,30.8,17.5,a
1993-08-01,265,28.2,16.6,a
1993-08-02,261,25.8,17.2,a
1993-08-03,265,28.2,17.4,a
1993-08-04,264,27.6,17.6,a
1993-08-05,264,27.6,17.7,a
1993-08-06,265,28.2,17.4,a
1993-08-07,265,28.2,17.6,a
1993-08-08,265,28.2,17.6,a
1993-08-09,268,30.2,15.4,a
1993-08-10,268,30.2,15.2,a
1993-08-11,261,25.8,15.8,a
1993-08-12,251,20.5,16,a
1993-08-13,263,27,16.2,a
1993-08-14,254,22,16,a
1993-08-15,253,21.5,16,a
1993-08-16,254,22,16.6,a
1993-08-17,258,24.1,17.3,a
1993-08-18,252,20.9,16.6,a
1993-08-19,252,20.9,16.6,a
1993-08-20,251,20.5,16.7,a
1993-08-21,248,19.1,17,a
1993-08-22,254,22,17.2,a
1993-08-23,253,21.5,17.6,a
1993-08-24,251,20.5,17.4,a
1993-08-25,256,23,15.5,a
1993-08-26,302,58.9,15.4,a
1993-08-27,297,53.8,15.3,a
1993-08-28,282,40.4,15.2,a
1993-08-29,275,35,15,a
1993-08-30,277,36.5,13.8,a
1993-08-31,273,33.6,13.9,a
1993-09-01,273,33.6,13.5,a
1993-09-02,266,28.9,13.2,a
1993-09-03,266,28.9,12.9,a
1993-09-04,279,38,12.7,a
1993-09-05,278,37.3,12.7,a
1993-09-06,272,32.9,13,a
1993-09-07,267,29.5,13.2,a
1993-09-08,264,27.6,13.6,a
1993-09-09,261,25.8,12.9,a
1993-09-10,280,38.8,12.6,a
1993-09-11,338,103,12.8,a
1993-09-12,329,91.7,13.1,a
1993-09-13,302,58.9,13,a
1993-09-14,348,117,12.8,a
1993-09-15,370,150,12.6,a
1993-09-16,332,94.8,12,a
1993-09-17,344,112,11.8,a
1993-09-18,363,139,11.8,a
1993-09-19,342,109,11.4,a
1993-09-20,321,81,10.2,a
1993-09-21,302,58.9,10.1,a
1993-09-22,297,53.8,10.3,a
1993-09-23,290,47.2,10.3,a
1993-09-24,281,39.6,10.3,a
1993-09-25,285,42.9,10.3,a
1993-09-26,446,278,10.6,a
1993-09-27,440,267,10.7,a
1993-09-28,387,177,10.1,a
1993-09-29,373,155,9.8,a
1993-09-30,374,156,9.8,a
1993-10-01,372,153,9.7,a
1993-10-02,480,343,10.1,a
1993-10-03,559,512,10.6,a
1993-10-04,453,291,9.8,a
1993-10-05,396,191,9.2,a
1993-10-06,375,158,8.9,a
1993-10-07,524,433,9.6,a
1993-10-08,514,412,10.4,a
1993-10-09,557,507,10.6,a
1993-10-10,496,375,10,a
1993-10-11,431,251,9.9,a
1993-10-12,402,201,10.4,a
1993-10-13,376,159,10.8,a
1993-10-14,389,180,9.6,a
1993-10-15,414,221,9.6,a
1993-10-16,379,164,9.2,a
1993-10-17,375,158,9.8,a
1993-10-18,361,136,10,a
1993-10-19,355,128,9.8,a
1993-10-20,360,135,9.7,a
1993-10-21,375,158,9.7,a
1993-10-22,588,588,9.9,a
1993-10-23,609,646,9.4,a
1993-10-24,583,575,9.1,a
1993-10-25,520,425,9,a
1993-10-26,456,297,9.2,a
1993-10-27,417,227,9.2,a
1993-10-28,396,191,8.4,a
1993-10-29,387,177,8.2,a
1993-10-30,362,138,8,a
1993-10-31,359,133,8,a
1993-11-01,346,114,8,a
1993-11-02,353,125,8.1,a
1993-11-03,339,105,8.1,a
1993-11-04,344,112,8,a
1993-11-05,343,110,8.7,a
1993-11-06,380,166,9.8,a
1993-11-07,382,169,9.8,a
1993-11-08,400,198,9.6,a
1993-11-09,395,190,9.2,a
1993-11-10,370,150,8.8,a
1993-11-11,354,126,8.5,a
1993-11-12,357,130,8.4,a
1993-11-13,354,126,6.8,a
1993-11-14,351,122,6.9,a
1993-11-15,362,138,6.6,a
1993-11-16,357,130,6.7,a
1993-11-17,348,117,6.5,a
1993-11-18,339,105,6.4,a
1993-11-19,331,93.4,6.2,a
1993-11-20,330,92,5.2,a
1993-11-21,322,82.3,4.6,a
1993-11-22,329,91.7,4.7,a
1993-11-23,319,78.4,4.7,a
1993-11-24,313,71.1,4.6,a
1993-11-25,316,74.7,4.7,a
1993-11-26,315,73.5,4.7,a
1993-11-27,303,59.9,4.6,a
1993-11-28,307,64.2,4.5,a
1993-11-29,309,66.5,4.6,a
1993-11-30,306,63.1,5,a
1993-12-01,310,67.6,5.2,a
1993-12-02,307,64.2,5.1,a
1993-12-03,301,57.8,5.2,a
1993-12-04,293,50,5.2,a
1993-12-05,290,47.2,5.2,a
1993-12-06,300,56.8,5.3,a
1993-12-07,297,53.8,5.4,a
1993-12-08,296,52.8,5.7,a
1993-12-09,300,56.8,6.4,a
1993-12-10,302,58.9,6.6,a
1993-12-11,294,50.9,6.5,a
1993-12-12,299,55.8,6.6,a
1993-12-13,303,59.9,6.6,a
1993-12-14,342,109,6.5,a
1993-12-15,488,359,6.6,a
1993-12-16,427,244,6.5,a
1993-12-17,401,200,5.9,a
1993-12-18,357,130,5.7,a
1993-12-19,340,106,6.6,a
1993-12-20,334,97.5,7,a
1993-12-21,336,100,7.1,a
1993-12-22,361,136,7,a
1993-12-23,345,113,6.6,a
1993-12-24,350,120,6.3,a
1993-12-25,408,211,6.4,a
1993-12-26,365,142,6.1,a
1993-12-27,347,116,6,a
1993-12-28,338,103,6.1,a
1993-12-29,332,94.8,5.8,a
1993-12-30,326,87.6,4.5,a
1993-12-31,321,81,4.3,a
1994-01-01,335,100.587,4,a
1994-01-02,345,115.092,3.8,a
1994-01-03,329,92.402,3.8,a
1994-01-04,339,106.258,4.9,a
1994-01-05,460,309.195,5.6,a
1994-01-06,404,209.555,5.7,a
1994-01-07,420,236.968,5.9,a
1994-01-08,394,192.861,7.4,a
1994-01-09,408,216.327,7.3,a
1994-01-10,387,181.379,7.3,a
1994-01-11,372,157.347,7.2,a
1994-01-12,366,147.955,7.1,a
1994-01-13,350,122.758,8,a
1994-01-14,345,115.092,7.6,a
1994-01-15,339,106.258,7.3,a
1994-01-16,336,101.989,7.2,a
1994-01-17,333,97.816,7,a
1994-01-18,331,95.088,7,a
1994-01-19,322,83.328,5.5,a
1994-01-20,318,78.369,5,a
1994-01-21,321,82.073,4.9,a
1994-01-22,313,72.396,4.9,a
1994-01-23,307,65.553,4.9,a
1994-01-24,312,71.231,4.8,a
1994-01-25,310,68.931,4.8,a
1994-01-26,305,63.35,5.1,a
1994-01-27,306,64.447,5.1,a
1994-01-28,306,64.447,4.9,a
1994-01-29,303,61.184,4.8,a
1994-01-30,296,53.902,4.9,a
1994-01-31,290,48.019,4.9,a
1994-02-01,287,45.199,5.4,a
1994-02-02,286,44.277,5.7,a
1994-02-03,287,45.199,5.6,a
1994-02-04,284,42.459,6,a
1994-02-05,297,54.915,6.2,a
1994-02-06,308,66.669,6.4,a
1994-02-07,305,63.35,6.5,a
1994-02-08,303,61.184,6.6,a
1994-02-09,302,60.116,6.7,a
1994-02-10,303,61.184,6.8,a
1994-02-11,297,54.915,6.6,a
1994-02-12,296,53.902,5,a
1994-02-13,287,45.199,4.6,a
1994-02-14,298,55.936,4,a
1994-02-15,287,45.199,3.7,a
1994-02-16,287,45.199,3.6,a
1994-02-17,287,45.199,3.8,a
1994-02-18,287,45.199,3.9,a
1994-02-19,289,47.07,3.9,a
1994-02-20,283,41.563,4.2,a
1994-02-21,283,41.563,4.2,a
1994-02-22,283,41.563,4.2,a
1994-02-23,282,40.676,5.7,a
1994-02-24,285,43.364,6,a
1994-02-25,293,50.92,7,a
1994-02-26,288,46.13,7.5,a
1994-02-27,283,41.563,7.6,a
1994-02-28,288,46.13,7.7,a
1994-03-01,288,46.13,7.5,a
1994-03-02,297,54.915,7,a
1994-03-03,310,68.931,7.2,a
1994-03-04,297,54.915,6.8,a
1994-03-05,297,54.915,6.8,a
1994-03-06,291,48.977,6.8,a
1994-03-07,301,59.057,7.4,a
1994-03-08,294,51.905,7.4,a
1994-03-09,296,53.902,7.8,a
1994-03-10,299,56.967,8.1,a
1994-03-11,309,67.795,8.2,a
1994-03-12,309,67.795,8.5,a
1994-03-13,303,61.184,8.6,a
1994-03-14,310,68.931,8.8,a
1994-03-15,300,58.007,9,a
1994-03-16,300,58.007,9.1,a
1994-03-17,305,63.35,9.3,a
1994-03-18,304,62.262,9.3,a
1994-03-19,299,56.967,9.1,a
1994-03-20,295,52.899,9,a
1994-03-21,297,54.915,8.7,a
1994-03-22,294,51.905,8.8,a
1994-03-23,297,54.915,8.8,a
1994-03-24,287,45.199,9.4,a
1994-03-25,298,55.936,9.8,a
1994-03-26,300,58.007,9.8,a
1994-03-27,309,67.795,8.5,a
1994-03-28,306,64.447,8.6,a
1994-03-29,294,51.905,8.6,a
1994-03-30,302,60.116,8.9,a
1994-03-31,283,41.563,9,a
1994-04-01,299,56.967,9,a
1994-04-02,365,146.402,9.2,a
1994-04-03,338,104.824,8.4,a
1994-04-04,318,78.369,7.9,a
1994-04-05,325,87.155,7.5,a
1994-04-06,311,70.076,7.4,a
1994-04-07,305,63.35,7.6,a
1994-04-08,304,62.262,7.6,a
1994-04-09,298,55.936,8,a
1994-04-10,305,63.35,8.2,a
1994-04-11,329,92.402,8,a
1994-04-12,334,99.196,8,a
1994-04-13,325,87.155,7.6,a
1994-04-14,347,118.125,7.6,a
1994-04-15,363,143.307,7.8,a
1994-04-16,353,127.494,7.8,a
1994-04-17,368,151.072,7.8,a
1994-04-18,413,224.869,7.8,a
1994-04-19,394,192.861,7.8,a
1994-04-20,378,166.866,7.8,a
1994-04-21,355,130.708,8.4,a
1994-04-22,345,115.092,8.6,a
1994-04-23,343,112.103,9,a
1994-04-24,334,99.196,9.4,a
1994-04-25,341,109.159,9.5,a
1994-04-26,340,107.703,9.5,a
1994-04-27,332,96.447,9.6,a
1994-04-28,330,93.739,9.8,a
1994-04-29,328,91.074,9.9,a
1994-04-30,334,99.196,9.9,a
1994-05-01,323,84.593,10,a
1994-05-02,327,89.757,10.2,a
1994-05-03,327,89.757,9.8,a
1994-05-04,322,83.328,10,a
1994-05-05,333,97.816,10.2,a
1994-05-06,328,91.074,10.2,a
1994-05-07,315,74.755,10.6,a
1994-05-08,308,66.669,10.6,a
1994-05-09,305,63.35,11,a
1994-05-10,313,72.396,11.5,a
1994-05-11,309,67.795,11.5,a
1994-05-12,304,62.262,11.6,a
1994-05-13,302,60.116,11.8,a
1994-05-14,303,61.184,12,a
1994-05-15,291,48.977,12,a
1994-05-16,307,65.553,12.2,a
1994-05-17,307,65.553,12.6,a
1994-05-18,308,66.669,12.6,a
1994-05-19,354,129.095,12.5,a
1994-05-20,378,166.866,12.5,a
1994-05-21,410,219.734,12.6,a
1994-05-22,366,147.955,12.6,a
1994-05-23,344,113.592,12.6,a
1994-05-24,334,99.196,12.2,a
1994-05-25,323,84.593,12.2,a
1994-05-26,338,104.824,11.9,a
1994-05-27,329,92.402,12,a
1994-05-28,331,95.088,12.1,a
1994-05-29,324,85.869,12,a
1994-05-30,328,91.074,12,a
1994-05-31,332,96.447,12,a
1994-06-01,323,84.593,12.5,a
1994-06-02,321,82.073,13,a
1994-06-03,317,77.154,13.4,a
1994-06-04,312,71.231,13.2,a
1994-06-05,387,181.379,12.8,a
1994-06-06,370,154.203,11.9,a
1994-06-07,328,91.074,11.8,a
1994-06-08,330,93.739,11.7,a
1994-06-09,326,88.451,11.8,a
1994-06-10,313,72.396,11.7,a
1994-06-11,314,73.571,11.6,a
1994-06-12,315,74.755,11.7,a
1994-06-13,324,85.869,11.4,a
1994-06-14,331,95.088,11.3,a
1994-06-15,320,80.828,11.4,a
1994-06-16,316,75.95,11.4,a
1994-06-17,314,73.571,11.4,a
1994-06-18,310,68.931,11.4,a
1994-06-19,304,62.262,11.3,a
1994-06-20,305,63.35,11.4,a
1994-06-21,308,66.669,11.9,a
1994-06-22,305,63.35,12,a
1994-06-23,303,61.184,12,a
1994-06-24,299,56.967,13.6,a
1994-06-25,288,46.13,14,a
1994-06-26,291,48.977,15.8,a
1994-06-27,291,48.977,16,a
1994-06-28,290,48.019,16,a
1994-06-29,304,62.262,16.2,a
1994-06-30,294,51.905,16.4,a
1994-07-01,295,52.899,16.4,a
1994-07-02,281,39.797,16.4,a
1994-07-03,280,38.927,16.4,a
1994-07-04,286,44.277,16.6,a
1994-07-05,283,41.563,16.6,a
1994-07-06,295,52.899,16.4,a
1994-07-07,304,62.262,16.6,a
1994-07-08,309,67.795,16.7,a
1994-07-09,312,71.231,16.6,a
1994-07-10,304,62.262,16.7,a
1994-07-11,301,59.057,16.6,a
1994-07-12,293,50.92,16.3,a
1994-07-13,288,46.13,16.1,a
1994-07-14,288,46.13,16.1,a
1994-07-15,292,49.944,16.3,a
1994-07-16,287,45.199,16.3,a
1994-07-17,278,37.213,16.3,a
1994-07-18,278,37.213,16.3,a
1994-07-19,281,39.797,16.2,a
1994-07-20,298,55.936,16,a
1994-07-21,292,49.944,16.2,a
1994-07-22,292,49.944,16.2,a
1994-07-23,282,40.676,16.2,a
1994-07-24,280,38.927,16.3,a
1994-07-25,278,37.213,16.3,a
1994-07-26,278,37.213,16.4,a
1994-07-27,280,38.927,16.6,a
1994-07-28,276,35.533,16.6,a
1994-07-29,279,38.066,16.6,a
1994-07-30,276,35.533,16.6,a
1994-07-31,271,31.478,16.6,a
1994-08-01,276,35.533,16.7,a
1994-08-02,275,34.705,16.7,a
1994-08-03,270,30.692,16.8,a
1994-08-04,273,33.075,16.8,a
1994-08-05,272,32.272,16.8,a
1994-08-06,271,31.478,17,a
1994-08-07,273,33.075,17.1,a
1994-08-08,275,34.705,17.1,a
1994-08-09,274,33.886,17.1,a
1994-08-10,269,30.494,17.1,a
1994-08-11,278,37.213,17.2,a
1994-08-12,284,42.459,17,a
1994-08-13,283,41.563,16.6,a
1994-08-14,295,52.899,16.3,a
1994-08-15,294,51.905,16.2,a
1994-08-16,291,48.977,16.2,a
1994-08-17,283,41.563,16.2,a
1994-08-18,296,53.902,16.2,a
1994-08-19,301,59.057,16.1,a
1994-08-20,291,48.977,16,a
1994-08-21,283,41.563,16.2,a
1994-08-22,286,44.277,16.2,a
1994-08-23,282,40.676,16.2,a
1994-08-24,286,44.277,16,a
1994-08-25,293,50.92,16.1,a
1994-08-26,298,55.936,15.8,a
1994-08-27,288,46.13,15.4,a
1994-08-28,274,33.886,15.4,a
1994-08-29,284,42.459,15.4,a
1994-08-30,298,55.936,15.1,a
1994-08-31,284,42.459,15.2,a
1994-09-01,283,41.563,15,a
1994-09-02,286,44.277,15,a
1994-09-03,304,62.262,15,a
1994-09-04,310,68.931,14.9,a
1994-09-05,298,55.936,15,a
1994-09-06,292,49.944,15,a
1994-09-07,288,46.13,15,a
1994-09-08,283,41.563,14.9,a
1994-09-09,294,51.905,14.8,a
1994-09-10,301,59.057,14.8,a
1994-09-11,286,44.277,14.8,a
1994-09-12,290,48.019,14.7,a
1994-09-13,287,45.199,14.8,a
1994-09-14,335,100.587,14.7,a
1994-09-15,508,402.546,13.6,a
1994-09-16,429,252.764,12.2,a
1994-09-17,420,236.968,12.2,a
1994-09-18,388,183.009,12.1,a
1994-09-19,361,140.226,12,a
1994-09-20,331,95.088,11,a
1994-09-21,328,91.074,10.8,a
1994-09-22,318,78.369,10.7,a
1994-09-23,311,70.076,10.6,a
1994-09-24,311,70.076,10.6,a
1994-09-25,299,56.967,10.5,a
1994-09-26,299,56.967,10.4,a
1994-09-27,308,66.669,10.6,a
1994-09-28,303,61.184,11.6,a
1994-09-29,303,61.184,12,a
1994-09-30,296,53.902,12.2,a
1994-10-01,301,59.057,12.6,a
1994-10-02,288,46.13,13,a
1994-10-03,313,72.396,12.6,a
1994-10-04,424,243.955,11.8,a
1994-10-05,443,277.864,11,a
1994-10-06,376,163.679,9.2,a
1994-10-07,350,122.758,8.8,a
1994-10-08,329,92.402,8.4,a
1994-10-09,323,84.593,8.6,a
1994-10-10,307,65.553,8.6,a
1994-10-11,313,72.396,8.6,a
1994-10-12,304,62.262,8.8,a
1994-10-13,303,61.184,8.7,a
1994-10-14,300,58.007,8.6,a
1994-10-15,292,49.944,8.8,a
1994-10-16,290,48.019,8.6,a
1994-10-17,293,50.92,8.6,a
1994-10-18,294,51.905,8.6,a
1994-10-19,293,50.92,8.5,a
1994-10-20,289,47.07,8.3,a
1994-10-21,292,49.944,8.5,a
1994-10-22,287,45.199,8.5,a
1994-10-23,284,42.459,8.6,a
1994-10-24,310,68.931,9,a
1994-10-25,326,88.451,9,a
1994-10-26,309,67.795,9,a
1994-10-27,339,106.258,9,a
1994-10-28,360,138.691,9,a
1994-10-29,483,353.04,8.8,a
1994-10-30,408,216.327,8.7,a
1994-10-31,377,165.271,8.7,a
1994-11-01,354,129.095,8.8,a
1994-11-02,340,107.703,9.2,a
1994-11-03,324,85.869,9.4,a
1994-11-04,327,89.757,9.4,a
1994-11-05,314,73.571,9.8,a
1994-11-06,308,66.669,9.7,a
1994-11-07,318,78.369,9.8,a
1994-11-08,321,82.073,9.8,a
1994-11-09,320,80.828,9.8,a
1994-11-10,321,82.073,9.8,a
1994-11-11,463,314.819,9.7,a
1994-11-12,423,242.203,9.6,a
1994-11-13,380,170.067,9.8,a
1994-11-14,350,122.758,9.8,a
1994-11-15,344,113.592,9.8,a
1994-11-16,334,99.196,9.6,a
1994-11-17,329,92.402,9.8,a
1994-11-18,318,78.369,9.6,a
1994-11-19,318,78.369,9.7,a
1994-11-20,308,66.669,9.8,a
1994-11-21,313,72.396,7.8,a
1994-11-22,308,66.669,7.6,a
1994-11-23,304,62.262,7.8,a
1994-11-24,304,62.262,7.8,a
1994-11-25,302,60.116,7.6,a
1994-11-26,292,49.944,7.8,a
1994-11-27,290,48.019,8,a
1994-11-28,294,51.905,7.8,a
1994-11-29,302,60.116,7.8,a
1994-11-30,290,48.019,6.9,a
1994-12-01,289,47.07,6.5,a
1994-12-02,297,54.915,6.6,a
1994-12-03,282,40.676,6.8,a
1994-12-04,283,41.563,6.5,a
1994-12-05,292,49.944,6.4,a
1994-12-06,291,48.977,6.4,a
1994-12-07,286,44.277,6.5,a
1994-12-08,284,42.459,6.4,a
1994-12-09,289,47.07,6.4,a
1994-12-10,284,42.459,6.8,a
1994-12-11,278,37.213,7.3,a
1994-12-12,279,38.066,7.2,a
1994-12-13,278,37.213,7.4,a
1994-12-14,279,38.066,7.2,a
1994-12-15,275,34.705,7,a
1994-12-16,277,36.368,6.8,a
1994-12-17,274,33.886,7,a
1994-12-18,272,32.272,6.8,a
1994-12-19,273,33.075,5.8,a
1994-12-20,281,39.797,5.5,a
1994-12-21,280,38.927,5,a
1994-12-22,275,34.705,5.2,a
1994-12-23,280,38.927,5.2,a
1994-12-24,276,35.533,4.9,a
1994-12-25,281,39.797,5,a
1994-12-26,281,39.797,5.2,a
1994-12-27,281,39.797,5.2,a
1994-12-28,278,37.213,5.2,a
1994-12-29,280,38.927,5.3,a
1994-12-30,291,48.977,5.6,a
1994-12-31,420,236.968,5.2,a
1995-01-01,375,151.833,5.6,a
1995-01-02,334,96.136,5.7,a
1995-01-03,317,75.802,4.8,a
1995-01-04,310,67.88,3.6,a
1995-01-05,303,60.216,4.2,a
1995-01-06,302,59.142,4.3,a
1995-01-07,294,50.734,4.4,a
1995-01-08,288,44.643,4.4,a
1995-01-09,291,47.666,4.2,a
1995-01-10,285,41.665,4.3,a
1995-01-11,289,45.645,4.4,a
1995-01-12,286,42.652,4,a
1995-01-13,283,39.704,3.6,a
1995-01-14,282,38.731,3.8,a
1995-01-15,277,36.07,3.6,a
1995-01-16,272,32.465,3.4,a
1995-01-17,277,36.07,3.2,a
1995-01-18,281,37.764,3,a
1995-01-19,284,40.682,3.8,a
1995-01-20,284,40.682,4.4,a
1995-01-21,284,40.682,4.4,a
1995-01-22,284,40.682,4.5,a
1995-01-23,284,40.682,4.5,a
1995-01-24,333,94.896,4.6,a
1995-01-25,317,75.802,5.2,a
1995-01-26,304,61.295,5.6,a
1995-01-27,408,203.896,5,a
1995-01-28,377,154.8,5.6,a
1995-01-29,341,104.969,5.8,a
1995-01-30,327,87.573,5.2,a
1995-01-31,327,87.573,5.2,a
1995-02-01,313,71.244,5.2,a
1995-02-02,303,60.216,4.6,a
1995-02-03,304,61.295,4.2,a
1995-02-04,296,52.806,4.3,a
1995-02-05,290,46.653,4.4,a
1995-02-06,297,53.849,4.4,a
1995-02-07,289,45.645,4.4,a
1995-02-08,287,43.645,4.8,a
1995-02-09,292,48.684,5.4,a
1995-02-10,295,51.768,5.4,a
1995-02-11,287,43.645,6,a
1995-02-12,285,41.665,6,a
1995-02-13,291,47.666,6.2,a
1995-02-14,298,54.897,6.4,a
1995-02-15,297,53.849,6.2,a
1995-02-16,294,50.734,6.2,a
1995-02-17,299,55.951,6.2,a
1995-02-18,364,135.938,6.2,a
1995-02-19,363,134.528,4.6,a
1995-02-20,339,102.417,4.8,a
1995-02-21,325,85.176,5.2,a
1995-02-22,322,81.621,5.6,a
1995-02-23,319,78.114,5.8,a
1995-02-24,351,118.063,5.8,a
1995-02-25,343,107.542,5.9,a
1995-02-26,359,128.948,5.6,a
1995-02-27,357,126.192,5,a
1995-02-28,353,120.75,5,a
1995-03-01,337,99.888,5.2,a
1995-03-02,361,131.726,5.2,a
1995-03-03,402,193.931,5.3,a
1995-03-04,395,182.588,5.3,a
1995-03-05,396,184.19,5.5,a
1995-03-06,374,150.358,5.5,a
1995-03-07,354,122.102,5.4,a
1995-03-08,347,112.757,5.6,a
1995-03-09,334,96.136,5.6,a
1995-03-10,326,86.372,5.8,a
1995-03-11,311,68.996,5.8,a
1995-03-12,311,68.996,5.8,a
1995-03-13,318,76.955,5.8,a
1995-03-14,320,79.277,6,a
1995-03-15,311,68.996,6.2,a
1995-03-16,311,68.996,6.2,a
1995-03-17,310,67.88,6.2,a
1995-03-18,310,67.88,6.2,a
1995-03-19,305,62.38,6,a
1995-03-20,330,91.21,5.6,a
1995-03-21,332,93.662,5.4,a
1995-03-22,327,87.573,6.2,a
1995-03-23,314,72.375,6.8,a
1995-03-24,315,73.512,7.1,a
1995-03-25,311,68.996,6.8,a
1995-03-26,311,68.996,6.8,a
1995-03-27,318,76.955,6.5,a
1995-03-28,362,133.125,6.5,a
1995-03-29,347,112.757,6.8,a
1995-03-30,332,93.662,7.2,a
1995-03-31,318,76.955,7.2,a
1995-04-01,309,66.77,7.4,a
1995-04-02,309,66.77,7.4,a
1995-04-03,314,72.375,8.1,a
1995-04-04,321,80.446,8.2,a
1995-04-05,340,103.69,8.4,a
1995-04-06,346,111.445,8.4,a
1995-04-07,342,106.253,8.4,a
1995-04-08,351,118.063,8.6,a
1995-04-09,335,97.381,8.8,a
1995-04-10,327,87.573,8.8,a
1995-04-11,321,80.446,9,a
1995-04-12,315,73.512,9.2,a
1995-04-13,309,66.77,9.2,a
1995-04-14,307,64.564,9.2,a
1995-04-15,297,53.849,9.1,a
1995-04-16,294,50.734,9,a
1995-04-17,293,49.707,9.2,a
1995-04-18,299,55.951,9.2,a
1995-04-19,296,52.806,9.4,a
1995-04-20,296,52.806,9.4,a
1995-04-21,307,64.564,9.6,a
1995-04-22,317,75.802,9.6,a
1995-04-23,315,73.512,10.1,a
1995-04-24,336,98.632,10,a
1995-04-25,352,119.403,10.4,a
1995-04-26,364,135.938,10.4,a
1995-04-27,335,97.381,10.6,a
1995-04-28,321,80.446,10.6,a
1995-04-29,323,82.8,10.8,a
1995-04-30,319,78.114,11,a
1995-05-01,318,76.955,11,a
1995-05-02,317,75.802,11,a
1995-05-03,322,81.621,11.2,a
1995-05-04,315,73.512,11.4,a
1995-05-05,318,76.955,11.4,a
1995-05-06,308,65.665,12.2,a
1995-05-07,314,72.375,12.2,a
1995-05-08,314,72.375,12.4,a
1995-05-09,317,75.802,12.4,a
1995-05-10,312,70.117,12.4,a
1995-05-11,315,73.512,12.6,a
1995-05-12,324,83.985,12.6,a
1995-05-13,406,200.549,12.2,a
1995-05-14,411,208.964,12.2,a
1995-05-15,365,137.354,11.6,a
1995-05-16,337,99.888,11.2,a
1995-05-17,328,88.78,11.2,a
1995-05-18,345,110.139,11,a
1995-05-19,336,98.632,10.8,a
1995-05-20,365,137.354,9.4,a
1995-05-21,346,111.445,9.4,a
1995-05-22,336,98.632,10.4,a
1995-05-23,325,85.176,10.6,a
1995-05-24,317,75.802,10.8,a
1995-05-25,314,72.375,11.2,a
1995-05-26,313,71.244,11.8,a
1995-05-27,307,64.564,12.6,a
1995-05-28,302,59.142,12.8,a
1995-05-29,305,62.38,12.6,a
1995-05-30,304,61.295,12.2,a
1995-05-31,306,63.47,12.2,a
1995-06-01,319,78.114,12.2,a
1995-06-02,325,85.176,12.2,a
1995-06-03,325,85.176,12,a
1995-06-04,312,70.117,12,a
1995-06-05,312,70.117,12,a
1995-06-06,341,104.969,12,a
1995-06-07,337,99.888,12,a
1995-06-08,325,85.176,12.2,a
1995-06-09,312,70.117,12.2,a
1995-06-10,308,65.665,11.8,a
1995-06-11,384,165.373,11.4,a
1995-06-12,404,197.228,11.6,a
1995-06-13,382,162.322,11.6,a
1995-06-14,366,138.775,11.4,a
1995-06-15,348,114.075,11.6,a
1995-06-16,333,94.896,11.6,a
1995-06-17,321,80.446,11.6,a
1995-06-18,311,68.996,11.6,a
1995-06-19,313,71.244,12,a
1995-06-20,307,64.564,12.2,a
1995-06-21,299,55.951,13.2,a
1995-06-22,320,79.277,13.3,a
1995-06-23,360,130.334,11.8,a
1995-06-24,334,96.136,11.9,a
1995-06-25,342,106.253,12,a
1995-06-26,332,93.662,12,a
1995-06-27,321,80.446,12,a
1995-06-28,316,74.655,12,a
1995-06-29,309,66.77,13,a
1995-06-30,307,64.564,13,a
1995-07-01,303,60.216,14.2,a
1995-07-02,302,59.142,15,a
1995-07-03,299,55.951,15.7,a
1995-07-04,300,57.009,15.4,a
1995-07-05,308,65.665,15.6,a
1995-07-06,305,62.38,15.2,a
1995-07-07,299,55.951,15.8,a
1995-07-08,301,58.073,16.1,a
1995-07-09,285,41.665,16.2,a
1995-07-10,298,54.897,16.2,a
1995-07-11,289,45.645,16.6,a
1995-07-12,288,44.643,16.8,a
1995-07-13,287,43.645,16.9,a
1995-07-14,298,54.897,16.9,a
1995-07-15,286,42.652,16.8,a
1995-07-16,283,39.704,17,a
1995-07-17,295,51.768,16.8,a
1995-07-18,289,45.645,16.8,a
1995-07-19,288,44.643,16,a
1995-07-20,279,37.59,16.4,a
1995-07-21,282,38.731,16.4,a
1995-07-22,287,43.645,16.6,a
1995-07-23,270,31.1,17,a
1995-07-24,277,36.07,16.6,a
1995-07-25,275,34.595,16.7,a
1995-07-26,277,36.07,16.8,a
1995-07-27,277,36.07,17,a
1995-07-28,276,35.327,16.8,a
1995-07-29,285,41.665,16.3,a
1995-07-30,282,38.731,16.4,a
1995-07-31,284,40.682,16.4,a
1995-08-01,281,37.764,16.6,a
1995-08-02,278,36.825,16.6,a
1995-08-03,281,37.764,16.5,a
1995-08-04,280,36.801,16.4,a
1995-08-05,274,33.874,16.3,a
1995-08-06,274,33.874,16.3,a
1995-08-07,276,35.327,16.4,a
1995-08-08,277,36.07,16.2,a
1995-08-09,283,39.704,16.2,a
1995-08-10,292,48.684,16.2,a
1995-08-11,281,37.764,15.8,a
1995-08-12,280,36.801,15.8,a
1995-08-13,274,33.874,15.7,a
1995-08-14,268,29.777,15.6,a
1995-08-15,274,33.874,15.6,a
1995-08-16,272,32.465,15.6,a
1995-08-17,275,34.595,15.6,a
1995-08-18,275,34.595,15.6,a
1995-08-19,290,46.653,15,a
1995-08-20,294,50.734,14.6,a
1995-08-21,288,44.643,14.4,a
1995-08-22,298,54.897,14.4,a
1995-08-23,290,46.653,14.4,a
1995-08-24,287,43.645,14.4,a
1995-08-25,282,38.731,14.4,a
1995-08-26,277,36.07,14.2,a
1995-08-27,276,35.327,14,a
1995-08-28,381,160.805,13.6,a
1995-08-29,380,159.295,13.4,a
1995-08-30,330,91.21,13.4,a
1995-08-31,321,80.446,13.4,a
1995-09-01,294,50.734,13.4,a
1995-09-02,291,47.666,13.4,a
1995-09-03,284,40.682,13.4,a
1995-09-04,315,73.512,13.2,a
1995-09-05,324,83.985,13.4,a
1995-09-06,305,62.38,13.6,a
1995-09-07,302,59.142,13.4,a
1995-09-08,411,208.964,13.4,a
1995-09-09,463,306.125,13.4,a
1995-09-10,410,207.269,13.4,a
1995-09-11,366,138.775,13.4,a
1995-09-12,336,98.632,12.8,a
1995-09-13,339,102.417,12.4,a
1995-09-14,364,135.938,12.4,a
1995-09-15,394,180.992,12.2,a
1995-09-16,400,190.659,12.2,a
1995-09-17,421,226.271,12,a
1995-09-18,378,156.292,12.2,a
1995-09-19,376,153.313,12.2,a
1995-09-20,528,443.286,11.8,a
1995-09-21,484,350.565,11.2,a
1995-09-22,413,212.375,11.2,a
1995-09-23,384,165.373,10.9,a
1995-09-24,362,133.125,10.9,a
1995-09-25,347,112.757,10.8,a
1995-09-26,337,99.888,10.9,a
1995-09-27,329,89.992,10.8,a
1995-09-28,328,88.78,10.4,a
1995-09-29,334,96.136,10.4,a
1995-09-30,331,92.433,10.4,a
1995-10-01,320,79.277,10.2,a
1995-10-02,320,79.277,10.2,a
1995-10-03,318,76.955,10.6,a
1995-10-04,313,71.244,10.6,a
1995-10-05,306,63.47,10.6,a
1995-10-06,302,59.142,10.8,a
1995-10-07,305,62.38,11.8,a
1995-10-08,295,51.768,12,a
1995-10-09,297,53.849,12.4,a
1995-10-10,296,52.806,12.4,a
1995-10-11,297,53.849,12.6,a
1995-10-12,294,50.734,12.6,a
1995-10-13,293,49.707,13,a
1995-10-14,290,46.653,13.2,a
1995-10-15,286,42.652,12.2,a
1995-10-16,290,46.653,12.2,a
1995-10-17,287,43.645,12.1,a
1995-10-18,289,45.645,12.2,a
1995-10-19,283,39.704,12.2,a
1995-10-20,284,40.682,12.2,a
1995-10-21,284,40.682,11.4,a
1995-10-22,282,38.731,11.6,a
1995-10-23,282,38.731,9.4,a
1995-10-24,278,36.825,9.4,a
1995-10-25,288,44.643,8.8,a
1995-10-26,281,37.764,8.8,a
1995-10-27,273,33.164,8.8,a
1995-10-28,274,33.874,8.8,a
1995-10-29,274,33.874,9,a
1995-10-30,280,36.801,9.4,a
1995-10-31,277,36.07,9.6,a
1995-11-01,274,33.874,9.4,a
1995-11-02,278,36.825,9.4,a
1995-11-03,277,36.07,9.4,a
1995-11-04,272,32.465,9,a
1995-11-05,270,31.1,8.4,a
1995-11-06,275,34.595,8.4,a
1995-11-07,273,33.164,8,a
1995-11-08,275,34.595,7.8,a
1995-11-09,273,33.164,7.6,a
1995-11-10,278,36.825,7.6,a
1995-11-11,273,33.164,7.8,a
1995-11-12,275,34.595,8.4,a
1995-11-13,281,37.764,8.6,a
1995-11-14,276,35.327,8.6,a
1995-11-15,275,34.595,8.6,a
1995-11-16,275,34.595,8.6,a
1995-11-17,388,171.547,8.6,a
1995-11-18,414,214.089,8.2,a
1995-11-19,359,128.948,6.8,a
1995-11-20,328,88.78,5.2,a
1995-11-21,319,78.114,4.8,a
1995-11-22,299,55.951,4.5,a
1995-11-23,299,55.951,4.5,a
1995-11-24,297,53.849,4.8,a
1995-11-25,295,51.768,5,a
1995-11-26,285,41.665,6.6,a
1995-11-27,296,52.806,6.8,a
1995-11-28,296,52.806,6.8,a
1995-11-29,303,60.216,7,a
1995-11-30,296,52.806,7.2,a
1995-12-01,289,45.645,7.2,a
1995-12-02,286,42.652,7.2,a
1995-12-03,286,42.652,7,a
1995-12-04,281,37.764,6.8,a
1995-12-05,284,40.682,6.4,a
1995-12-06,281,37.764,5.8,a
1995-12-07,287,43.645,5.2,a
1995-12-08,286,42.652,5.2,a
1995-12-09,275,34.595,5.2,a
1995-12-10,275,34.595,5.2,a
1995-12-11,282,38.731,5.4,a
1995-12-12,276,35.327,5.2,a
1995-12-13,279,37.59,5.2,a
1995-12-14,284,40.682,5.4,a
1995-12-15,276,35.327,5.4,a
1995-12-16,282,38.731,5.6,a
1995-12-17,283,39.704,5.6,a
1995-12-18,314,72.375,5.6,a
1995-12-19,334,96.136,5.6,a
1995-12-20,324,83.985,6.4,a
1995-12-21,314,72.375,6,a
1995-12-22,304,61.295,6,a
1995-12-23,413,212.375,6.2,a
1995-12-24,504,388.125,7,a
1995-12-25,413,212.375,7,a
1995-12-26,383,163.844,6.6,a
1995-12-27,386,168.448,4.6,a
1995-12-28,364,135.938,4.5,a
1995-12-29,346,111.445,3.6,a
1995-12-30,336,98.632,3.6,a
1995-12-31,314,72.375,3.8,a
1996-01-01,316,74.655,4,a
1996-01-02,308,65.665,4.2,a
1996-01-03,313,71.244,4.2,a
1996-01-04,299,55.951,4.2,a
1996-01-05,310,67.88,4.2,a
1996-01-06,294,50.734,4.2,a
1996-01-07,301,58.073,4.4,a
1996-01-08,321,80.446,4.4,a
1996-01-09,349,115.399,4.6,a
1996-01-10,354,122.102,4.6,a
1996-01-11,378,156.292,4.6,a
1996-01-12,428,238.769,4.8,a
1996-01-13,420,224.512,4.8,a
1996-01-14,386,168.448,4.8,a
1996-01-15,368,141.636,4.6,a
1996-01-16,353,120.75,4.6,a
1996-01-17,326,86.372,4.4,a
1996-01-18,330,91.21,4.4,a
1996-01-19,320,79.277,4.4,a
1996-01-20,310,67.88,4.4,a
1996-01-21,309,66.77,4.4,a
1996-01-22,308,65.665,4.4,a
1996-01-23,301,58.073,4.4,a
1996-01-24,300,57.009,4.4,a
1996-01-25,304,61.295,4.4,a
1996-01-26,302,59.142,4.3,a
1996-01-27,296,52.806,4.3,a
1996-01-28,290,46.653,4.3,a
1996-01-29,289,45.645,4.2,a
1996-01-30,291,47.666,4.2,a
1996-01-31,290,46.653,3.8,a
1996-02-01,288,44.643,3.8,a
1996-02-02,287,43.645,3.9,a
1996-02-03,287,43.645,4.2,a
1996-02-04,289,45.645,4.6,a
1996-02-05,294,50.734,4.2,a
1996-02-06,287,43.645,3.8,a
1996-02-07,290,46.653,3.8,a
1996-02-08,280,36.801,3.8,a
1996-02-09,282,38.731,3.8,a
1996-02-10,282,38.731,3.6,a
1996-02-11,282,38.731,4.2,a
1996-02-12,277,36.07,4.4,a
1996-02-13,285,41.665,4.8,a
1996-02-14,282,38.731,4.8,a
1996-02-15,281,37.764,5,a
1996-02-16,281,37.764,5.2,a
1996-02-17,276,35.327,5.2,a
1996-02-18,276,35.327,5.4,a
1996-02-19,311,68.996,5.3,a
1996-02-20,336,98.632,5.2,a
1996-02-21,303,60.216,4.8,a
1996-02-22,301,58.073,4.8,a
1996-02-23,304,61.295,4.8,a
1996-02-24,289,45.645,3.8,a
1996-02-25,284,40.682,3.8,a
1996-02-26,291,47.666,4.6,a
1996-02-27,286,42.652,4.8,a
1996-02-28,283,39.704,5,a
1996-02-29,281,37.764,5,a
1996-03-01,288,44.643,5,a
1996-03-02,285,41.665,5.4,a
1996-03-03,282,38.731,5.2,a
1996-03-04,283,39.704,5.4,a
1996-03-05,285,41.665,5.8,a
1996-03-06,281,37.764,5.8,a
1996-03-07,281,37.764,5.6,a
1996-03-08,282,38.731,5.6,a
1996-03-09,281,37.764,5.7,a
1996-03-10,279,37.59,5.7,a
1996-03-11,280,36.801,5.7,a
1996-03-12,280,36.801,5.6,a
1996-03-13,279,37.59,5.6,a
1996-03-14,279,37.59,5.6,a
1996-03-15,282,38.731,6,a
1996-03-16,281,37.764,6,a
1996-03-17,283,39.704,6.6,a
1996-03-18,284,40.682,6.6,a
1996-03-19,287,43.645,6.6,a
1996-03-20,295,51.768,6.6,a
1996-03-21,308,65.665,6.6,a
1996-03-22,304,61.295,6.8,a
1996-03-23,306,63.47,6.9,a
1996-03-24,321,80.446,7.6,a
1996-03-25,334,96.136,7.4,a
1996-03-26,329,89.992,7.4,a
1996-03-27,333,94.896,7.5,a
1996-03-28,336,98.632,7.2,a
1996-03-29,325,85.176,7.4,a
1996-03-30,313,71.244,7.4,a
1996-03-31,306,63.47,7.4,a
1996-04-01,305,62.38,6.9,a
1996-04-02,326,86.372,5.5,a
1996-04-03,326,86.372,4.6,a
1996-04-04,324,83.985,5.2,a
1996-04-05,324,83.985,5.4,a
1996-04-06,336,98.632,5.7,a
1996-04-07,353,120.75,5.5,a
1996-04-08,376,153.313,6.4,a
1996-04-09,371,145.97,7,a
1996-04-10,362,133.125,7.2,a
1996-04-11,353,120.75,7.4,a
1996-04-12,353,120.75,8,a
1996-04-13,347,112.757,8.2,a
1996-04-14,337,99.888,6.7,a
1996-04-15,332,93.662,7.2,a
1996-04-16,322,81.621,7.6,a
1996-04-17,321,80.446,7.9,a
1996-04-18,314,72.375,8.3,a
1996-04-19,323,82.8,9,a
1996-04-20,323,82.8,9.4,a
1996-04-21,332,93.662,9.7,a
1996-04-22,344,108.838,9.9,a
1996-04-23,337,99.888,10.4,a
1996-04-24,346,111.445,10,a
1996-04-25,354,122.102,9.8,a
1996-04-26,377,154.8,9.6,a
1996-04-27,383,163.844,8.7,a
1996-04-28,353,120.75,8.6,a
1996-04-29,347,112.757,9,a
1996-04-30,354,122.102,9.7,a
1996-05-01,374,150.358,9.8,a
1996-05-02,369,143.075,9.8,a
1996-05-03,409,205.579,9.6,a
1996-05-04,457,293.99,9.6,a
1996-05-05,387,169.995,10,a
1996-05-06,373,148.89,10,a
1996-05-07,353,120.75,10,a
1996-05-08,346,111.445,10,a
1996-05-09,348,114.075,9.8,a
1996-05-10,344,108.838,10,a
1996-05-11,333,94.896,10.2,a
1996-05-12,338,101.15,10.2,a
1996-05-13,372,147.427,11,a
1996-05-14,387,169.995,11.4,a
1996-05-15,363,134.528,11.4,a
1996-05-16,350,116.728,12.6,a
1996-05-17,348,114.075,12.8,a
1996-05-18,341,104.969,12.8,a
1996-05-19,334,96.136,12.9,a
1996-05-20,336,98.632,12,a
1996-05-21,339,102.417,11.8,a
1996-05-22,335,97.381,11.8,a
1996-05-23,338,101.15,11.5,a
1996-05-24,330,91.21,11.8,a
1996-05-25,317,75.802,11.9,a
1996-05-26,319,78.114,10.9,a
1996-05-27,329,89.992,10.8,a
1996-05-28,396,184.19,11.2,a
1996-05-29,366,138.775,11.4,a
1996-05-30,338,101.15,11.8,a
1996-05-31,320,79.277,11.8,a
1996-06-01,327,87.573,12.4,a
1996-06-02,310,67.88,12.4,a
1996-06-03,316,74.655,13,a
1996-06-04,307,64.564,13.4,a
1996-06-05,311,68.996,13.4,a
1996-06-06,315,73.512,14.2,a
1996-06-07,310,67.88,14.8,a
1996-06-08,308,65.665,15.2,a
1996-06-09,291,47.666,15.4,a
1996-06-10,296,52.806,15.7,a
1996-06-11,295,51.768,16,a
1996-06-12,292,48.684,16,a
1996-06-13,295,51.768,16,a
1996-06-14,294,50.734,16,a
1996-06-15,297,53.849,16.4,a
1996-06-16,279,37.59,16.4,a
1996-06-17,292,48.684,16.8,a
1996-06-18,291,47.666,16.8,a
1996-06-19,295,51.768,16.8,a
1996-06-20,283,39.704,16.8,a
1996-06-21,348,114.075,14.8,a
1996-06-22,476,333.27,13.8,a
1996-06-23,468,316.426,12.4,a
1996-06-24,393,179.403,12.8,a
1996-06-25,361,131.726,11.6,a
1996-06-26,367,140.202,10.8,a
1996-06-27,352,119.403,11.2,a
1996-06-28,339,102.417,11.6,a
1996-06-29,319,78.114,11.8,a
1996-06-30,393,179.403,12.4,a
1996-07-01,398,187.412,12.2,a
1996-07-02,516,415.398,10.4,a
1996-07-03,565,533.123,10.7,a
1996-07-04,457,293.99,10.9,a
1996-07-05,392,177.82,13,a
1996-07-06,384,165.373,13.2,a
1996-07-07,357,126.192,13.2,a
1996-07-08,369,143.075,12.2,a
1996-07-09,397,185.798,11.6,a
1996-07-10,371,145.97,11.6,a
1996-07-11,355,123.459,11.2,a
1996-07-12,342,106.253,11.6,a
1996-07-13,335,97.381,11.6,a
1996-07-14,323,82.8,12.6,a
1996-07-15,317,75.802,13.8,a
1996-07-16,328,88.78,14,a
1996-07-17,310,67.88,14.2,a
1996-07-18,319,78.114,14.2,a
1996-07-19,308,65.665,14.6,a
1996-07-20,300,57.009,14.6,a
1996-07-21,302,59.142,14.6,a
1996-07-22,294,50.734,14.5,a
1996-07-23,300,57.009,14.4,a
1996-07-24,304,61.295,14.6,a
1996-07-25,302,59.142,14.9,a
1996-07-26,303,60.216,14.8,a
1996-07-27,293,49.707,14.8,a
1996-07-28,288,44.643,14.8,a
1996-07-29,291,47.666,15.2,a
1996-07-30,292,48.684,15.4,a
1996-07-31,298,54.897,15.4,a
1996-08-01,292,48.684,15.4,a
1996-08-02,296,52.806,15.8,a
1996-08-03,299,55.951,15.6,a
1996-08-04,313,55.534,15.6,a
1996-08-05,314,56.455,15.8,a
1996-08-06,320,62.086,16,a
1996-08-07,321,63.042,16,a
1996-08-08,329,70.875,14,a
1996-08-09,322,64.004,14.2,a
1996-08-10,324,65.941,14.4,a
1996-08-11,316,58.312,14.4,a
1996-08-12,343,85.381,14.6,a
1996-08-13,388,124.344,14,a
1996-08-14,373,105.397,14.2,a
1996-08-15,348,77.128,14.2,a
1996-08-16,353,82.462,14.2,a
1996-08-17,349,78.182,14,a
1996-08-18,331,60.144,14.4,a
1996-08-19,334,63.015,14.6,a
1996-08-20,338,49.001,15,a
1996-08-21,342,52.626,15.2,a
1996-08-22,348,58.356,16,a
1996-08-23,344,54.497,15.8,a
1996-08-24,340,50.794,15.8,a
1996-08-25,335,46.382,15.4,a
1996-08-26,340,50.794,15.6,a
1996-08-27,346,56.407,15.6,a
1996-08-28,364,74.822,15,a
1996-08-29,351,61.355,15,a
1996-08-30,350,60.345,14.8,a
1996-08-31,347,57.376,14.6,a
1996-09-01,333,44.684,14.4,a
1996-09-02,338,49.001,14.2,a
1996-09-03,341,51.705,14.2,a
1996-09-04,339,49.893,14,a
1996-09-05,344,54.497,13.8,a
1996-09-06,332,43.848,13.6,a
1996-09-07,334,45.528,13.2,a
1996-09-08,330,42.206,13.2,a
1996-09-09,328,40.6,12.2,a
1996-09-10,329,41.398,12,a
1996-09-11,327,39.811,11.8,a
1996-09-12,336,47.245,11.6,a
1996-09-13,332,43.848,11.6,a
1996-09-14,332,43.848,11.6,a
1996-09-15,332,43.848,11.5,a
1996-09-16,331,43.023,11.5,a
1996-09-17,329,41.398,11.8,a
1996-09-18,328,40.6,14.4,a
1996-09-19,328,40.6,13.2,a
1996-09-20,330,42.206,13,a
1996-09-21,332,43.848,12.6,a
1996-09-22,369,72.746,12.3,a
1996-09-23,403,102.686,12.2,a
1996-09-24,415,114.761,12.3,a
1996-09-25,451,155.111,12.1,a
1996-09-26,420,120.006,12.1,a
1996-09-27,396,95.99,12,a
1996-09-28,374,76.728,12.2,a
1996-09-29,355,62.423,12.6,a
1996-09-30,352,60.374,12,a
1996-10-01,352,60.374,11.6,a
1996-10-02,362,67.43,11.4,a
1996-10-03,554,295.657,11,a
1996-10-04,469,177.338,10.4,a
1996-10-05,449,152.72,10.4,a
1996-10-06,525,253.316,10.2,a
1996-10-07,503,222.398,10.4,a
1996-10-08,455,159.942,10.6,a
1996-10-09,430,130.857,10.6,a
1996-10-10,398,97.876,10.4,a
1996-10-11,397,96.931,10.4,a
1996-10-12,374,76.728,10.4,a
1996-10-13,374,76.728,10.3,a
1996-10-14,374,76.728,10.4,a
1996-10-15,384,85.139,10.3,a
1996-10-16,508,229.317,10.6,a
1996-10-17,632,413.97,10.4,a
1996-10-18,554,295.657,9.8,a
1996-10-19,498,215.548,9.8,a
1996-10-20,464,171.04,10,a
1996-10-21,444,146.816,9.8,a
1996-10-22,423,123.212,9.8,a
1996-10-23,424,124.29,9,a
1996-10-24,404,103.664,8.6,a
1996-10-25,394,94.126,8.8,a
1996-10-26,374,76.728,8.8,a
1996-10-27,378,80.022,9,a
1996-10-28,373,75.919,8.6,a
1996-10-29,373,75.919,8.4,a
1996-10-30,369,84.999,8.4,a
1996-10-31,357,70.844,8.4,a
1996-11-01,354,67.262,8.2,a
1996-11-02,362,76.8,8.3,a
1996-11-03,351,63.8,8,a
1996-11-04,353,66.095,8,a
1996-11-05,350,62.672,8.6,a
1996-11-06,349,61.558,9,a
1996-11-07,347,59.367,9,a
1996-11-08,341,53.105,9.2,a
1996-11-09,342,54.117,9,a
1996-11-10,340,52.105,9.2,a
1996-11-11,352,64.941,9,a
1996-11-12,390,111.264,9.4,a
1996-11-13,386,106.064,9.6,a
1996-11-14,361,75.651,10,a
1996-11-15,419,151.828,9.8,a
1996-11-16,449,199.34,9.4,a
1996-11-17,519,334.088,9.4,a
1996-11-18,634,614.483,9.4,a
1996-11-19,645,645.235,8.6,a
1996-11-20,571,452.407,8.4,a
1996-11-21,542,386.23,8,a
1996-11-22,491,275.992,7.6,a
1996-11-23,463,223.539,7,a
1996-11-24,437,179.636,6.8,a
1996-11-25,429,167.022,6.4,a
1996-11-26,417,148.865,6,a
1996-11-27,409,137.262,6.2,a
1996-11-28,399,123.308,6,a
1996-11-29,388,108.652,6,a
1996-11-30,386,106.064,5.8,a
1996-12-01,377,94.706,5.6,a
1996-12-02,370,86.192,5.4,a
1996-12-03,368,83.811,5.4,a
1996-12-04,371,87.392,5.2,a
1996-12-05,365,80.28,5,a
1996-12-06,363,77.955,4.4,a
1996-12-07,360,74.508,4.6,a
1996-12-08,349,61.558,4.8,a
1996-12-09,355,68.443,5,a
1996-12-10,359,73.3,5.2,a
1996-12-11,358,72.065,5.4,a
1996-12-12,351,63.8,5,a
1996-12-13,361,75.651,5.8,a
1996-12-14,390,111.264,6,a
1996-12-15,382,100.958,6.4,a
1996-12-16,381,99.696,6.4,a
1996-12-17,369,84.999,6.4,a
1996-12-18,365,80.28,6.4,a
1996-12-19,361,75.651,6.6,a
1996-12-20,365,80.28,6.4,a
1996-12-21,401,126.05,6.4,a
1996-12-22,389,109.955,6.3,a
1996-12-23,403,128.817,3.9,a
1996-12-24,452,204.414,3.9,a
1996-12-25,427,163.932,3.6,a
1996-12-26,396,119.24,2.8,a
1996-12-27,380,98.44,2.7,a
1996-12-28,370,86.192,2.6,a
1996-12-29,364,79.115,2.6,a
1996-12-30,361,75.651,2.6,a
1996-12-31,362,76.8,2.6,a
1997-01-01,355,65.929,1.9,a
1997-01-02,360,71.363,2.2,a
1997-01-03,351,61.694,2.6,a
1997-01-04,354,64.861,3.3,a
1997-01-05,355,65.929,3.1,a
1997-01-06,353,63.799,4.1,a
1997-01-07,349,59.613,4.2,a
1997-01-08,338,49.173,4.5,a
1997-01-09,345,55.523,4.6,a
1997-01-10,344,54.516,4.2,a
1997-01-11,339,50.068,4.7,a
1997-01-12,337,48.288,5.3,a
1997-01-13,335,46.547,5.1,a
1997-01-14,336,47.413,5.2,a
1997-01-15,335,46.547,5.4,a
1997-01-16,338,49.173,5.5,a
1997-01-17,336,47.413,5,a
1997-01-18,337,48.288,4.9,a
1997-01-19,334,45.69,4.6,a
1997-01-20,351,61.694,5.1,a
1997-01-21,373,86.23,4.9,a
1997-01-22,374,87.418,4.8,a
1997-01-23,363,74.698,5.1,a
1997-01-24,369,81.54,5.3,a
1997-01-25,373,86.23,5.5,a
1997-01-26,368,80.384,5.5,a
1997-01-27,359,70.264,4.9,a
1997-01-28,355,65.929,4.5,a
1997-01-29,354,64.861,3.9,a
1997-01-30,345,55.523,4.1,a
1997-01-31,348,58.581,3.9,a
1997-02-01,345,55.523,3.7,a
1997-02-02,343,53.515,3.5,a
1997-02-03,346,56.536,3.3,a
1997-02-04,335,46.547,3,a
1997-02-05,340,50.546,4,a
1997-02-06,338,49.173,4.5,a
1997-02-07,334,45.69,4.2,a
1997-02-08,335,46.547,4,a
1997-02-09,334,45.69,4.4,a
1997-02-10,332,44.004,4.3,a
1997-02-11,329,41.544,4.5,a
1997-02-12,325,38.39,5.4,a
1997-02-13,341,51.53,5.8,a
1997-02-14,359,70.264,5.4,a
1997-02-15,354,64.861,5.1,a
1997-02-16,346,56.536,5.4,a
1997-02-17,350,60.65,5.5,a
1997-02-18,343,53.515,4.8,a
1997-02-19,340,50.546,5.2,a
1997-02-20,342,52.519,5.2,a
1997-02-21,339,50.068,5.2,a
1997-02-22,337,48.288,5.1,a
1997-02-23,331,43.175,5.4,a
1997-02-24,343,53.515,5.8,a
1997-02-25,349,59.613,6.5,a
1997-02-26,376,89.815,6.9,a
1997-02-27,423,153.998,6.3,a
1997-02-28,380,94.688,5.9,a
1997-03-01,369,81.54,6,a
1997-03-02,356,67.003,6.5,a
1997-03-03,351,61.694,6.7,a
1997-03-04,353,63.799,7.1,a
1997-03-05,354,64.861,7,a
1997-03-06,353,63.799,7.5,a
1997-03-07,350,60.65,7.1,a
1997-03-08,346,56.536,7.7,a
1997-03-09,343,53.515,7.1,a
1997-03-10,337,48.288,7.1,a
1997-03-11,333,44.842,7.2,a
1997-03-12,339,50.068,7,a
1997-03-13,336,47.413,7.2,a
1997-03-14,330,42.355,7.4,a
1997-03-15,329,41.544,7.9,a
1997-03-16,331,43.175,8.2,a
1997-03-17,332,44.004,8.4,a
1997-03-18,330,42.355,8.4,a
1997-03-19,336,47.413,8,a
1997-03-20,340,50.546,7.7,a
1997-03-21,331,43.175,7.8,a
1997-03-22,329,41.544,7.4,a
1997-03-23,331,43.175,7.2,a
1997-03-24,331,43.175,7.1,a
1997-03-25,330,42.355,6.9,a
1997-03-26,328,40.742,7.7,a
1997-03-27,319,33.927,7.1,a
1997-03-28,322,36.119,7,a
1997-03-29,325,38.39,7.4,a
1997-03-30,323,36.867,7.3,a
1997-03-31,317,32.509,6.9,a
1997-04-01,320,34.649,7.7,a
1997-04-02,323,36.867,8.2,a
1997-04-03,322,36.119,8.7,a
1997-04-04,319,33.927,9.2,a
1997-04-05,319,33.927,8,a
1997-04-06,320,34.649,8.3,a
1997-04-07,315,31.125,8.4,a
1997-04-08,318,33.213,8.1,a
1997-04-09,322,36.119,8.1,a
1997-04-10,320,34.649,8.9,a
1997-04-11,318,33.213,9.3,a
1997-04-12,320,34.649,9.5,a
1997-04-13,318,33.213,9,a
1997-04-14,317,32.509,8.3,a
1997-04-15,316,31.812,9.2,a
1997-04-16,315,31.125,8.6,a
1997-04-17,316,31.812,7.8,a
1997-04-18,313,29.775,8.8,a
1997-04-19,313,29.775,9.3,a
1997-04-20,314,30.446,9.7,a
1997-04-21,321,35.379,7.9,a
1997-04-22,320,34.649,7.7,a
1997-04-23,321,35.379,7.9,a
1997-04-24,320,34.649,8.4,a
1997-04-25,321,35.379,8.9,a
1997-04-26,320,34.649,9.7,a
1997-04-27,317,32.509,9.9,a
1997-04-28,345,55.523,9.3,a
1997-04-29,345,55.523,10,a
1997-04-30,341,51.53,10.2,a
1997-05-01,344,54.516,10.3,a
1997-05-02,334,45.69,10.2,a
1997-05-03,335,46.547,10.9,a
1997-05-04,329,41.544,11.5,a
1997-05-05,336,47.413,11.7,a
1997-05-06,344,54.516,11.9,a
1997-05-07,404,126.189,11.7,a
1997-05-08,398,117.942,10.7,a
1997-05-09,400,120.663,9.1,a
1997-05-10,383,98.411,9.8,a
1997-05-11,378,92.238,9.3,a
1997-05-12,375,88.613,10.5,a
1997-05-13,363,74.698,11.1,a
1997-05-14,354,64.861,12.1,a
1997-05-15,350,60.65,12.1,a
1997-05-16,346,56.536,12.9,a
1997-05-17,343,53.515,13.3,a
1997-05-18,339,50.068,13.4,a
1997-05-19,340,50.546,14,a
1997-05-20,336,47.413,14.2,a
1997-05-21,331,43.175,14.2,a
1997-05-22,336,47.413,14.3,a
1997-05-23,340,50.546,13.7,a
1997-05-24,329,41.544,13.8,a
1997-05-25,332,44.004,13.7,a
1997-05-26,331,43.175,12.8,a
1997-05-27,329,41.544,13.3,a
1997-05-28,326,39.165,13.5,a
1997-05-29,327,39.949,12.6,a
1997-05-30,326,39.165,13.2,a
1997-05-31,326,39.165,13.1,a
1997-06-01,324,37.624,13.2,a
1997-06-02,320,34.649,13.1,a
1997-06-03,336,47.413,12.4,a
1997-06-04,343,53.515,13.5,a
1997-06-05,332,44.004,13.3,a
1997-06-06,343,53.515,13.5,a
1997-06-07,338,49.173,14.1,a
1997-06-08,329,41.544,14.3,a
1997-06-09,326,39.165,14.1,a
1997-06-10,326,39.165,14.7,a
1997-06-11,331,43.175,14.9,a
1997-06-12,328,40.742,15.1,a
1997-06-13,334,45.69,15.7,a
1997-06-14,339,50.068,15.4,a
1997-06-15,335,46.547,15.7,a
1997-06-16,336,47.413,16,a
1997-06-17,338,49.173,16.1,a
1997-06-18,368,80.384,16.4,a
1997-06-19,399,119.299,15.2,a
1997-06-20,437,176.19,13,a
1997-06-21,401,122.034,12.3,a
1997-06-22,372,85.047,12.8,a
1997-06-23,405,127.588,13.2,a
1997-06-24,417,144.934,12.7,a
1997-06-25,381,95.922,12,a
1997-06-26,363,74.698,12,a
1997-06-27,389,106.04,12.7,a
1997-06-28,417,144.934,12.4,a
1997-06-29,386,102.195,11.8,a
1997-06-30,357,68.084,13,a
1997-07-01,356,67.003,13.3,a
1997-07-02,354,64.861,13.3,a
1997-07-03,347,57.556,13.6,a
1997-07-04,344,54.516,13.6,a
1997-07-05,354,64.861,14.3,a
1997-07-06,340,50.546,13.8,a
1997-07-07,349,59.613,13.5,a
1997-07-08,342,52.519,13.2,a
1997-07-09,341,51.53,13.2,a
1997-07-10,336,47.413,13.8,a
1997-07-11,336,47.413,14.1,a
1997-07-12,334,45.69,14.3,a
1997-07-13,332,44.004,14.7,a
1997-07-14,336,47.413,15.2,a
1997-07-15,391,108.637,15.7,a
1997-07-16,360,71.363,14.6,a
1997-07-17,348,58.581,15.2,a
1997-07-18,371,83.872,15.2,a
1997-07-19,375,88.613,14.4,a
1997-07-20,356,67.003,14.2,a
1997-07-21,354,64.861,14.1,a
1997-07-22,352,62.743,14,a
1997-07-23,340,50.546,14.5,a
1997-07-24,342,52.519,15.3,a
1997-07-25,345,55.523,15.3,a
1997-07-26,335,46.547,15.1,a
1997-07-27,326,39.165,15.1,a
1997-07-28,330,42.355,15.2,a
1997-07-29,331,43.175,15.6,a
1997-07-30,333,44.842,15.6,a
1997-07-31,337,48.288,15.6,a
1997-08-01,346,56.536,16,a
1997-08-02,341,51.53,15,a
1997-08-03,333,44.842,15,a
1997-08-04,337,48.288,15.2,a
1997-08-05,327,39.949,15.6,a
1997-08-06,329,41.544,15.8,a
1997-08-07,342,52.519,15.2,a
1997-08-08,335,46.547,15.5,a
1997-08-09,333,44.842,15.4,a
1997-08-10,326,39.165,15,a
1997-08-11,330,42.355,14.9,a
1997-08-12,326,39.165,15.1,a
1997-08-13,322,36.119,15.3,a
1997-08-14,328,40.742,15.5,a
1997-08-15,316,31.812,15.8,a
1997-08-16,318,33.213,15.9,a
1997-08-17,338,49.173,16.3,a
1997-08-18,337,48.288,15.9,a
1997-08-19,331,43.175,15.5,a
1997-08-20,338,49.173,15.4,a
1997-08-21,333,44.842,15.3,a
1997-08-22,333,44.842,14.9,a
1997-08-23,327,39.949,15.1,a
1997-08-24,325,38.39,15.4,a
1997-08-25,325,38.39,15.3,a
1997-08-26,327,39.949,15.7,a
1997-08-27,322,36.119,15.8,a
1997-08-28,325,38.39,15.8,a
1997-08-29,334,45.69,15.7,a
1997-08-30,348,58.581,14.6,a
1997-08-31,332,44.004,14.6,a
1997-09-01,328,40.742,14.8,a
1997-09-02,325,38.39,14.7,a
1997-09-03,324,37.624,15.1,a
1997-09-04,324,37.624,15.1,a
1997-09-05,317,32.509,15.2,a
1997-09-06,321,35.379,15.4,a
1997-09-07,316,31.812,15.5,a
1997-09-08,320,34.649,15.7,a
1997-09-09,322,36.119,15.3,a
1997-09-10,318,33.213,15.3,a
1997-09-11,317,32.509,15.1,a
1997-09-12,321,35.379,15,a
1997-09-13,319,33.927,15.3,a
1997-09-14,433,169.698,15.2,a
1997-09-15,394,112.584,13.5,a
1997-09-16,365,76.953,11.6,a
1997-09-17,351,61.694,11.9,a
1997-09-18,336,47.413,12.2,a
1997-09-19,332,44.004,12.6,a
1997-09-20,329,41.544,12.6,a
1997-09-21,324,37.624,11.8,a
1997-09-22,320,34.649,11.9,a
1997-09-23,323,36.867,12,a
1997-09-24,317,32.509,12.1,a
1997-09-25,317,32.509,12.5,a
1997-09-26,317,32.509,12.2,a
1997-09-27,314,30.446,11.9,a
1997-09-28,312,29.113,12.3,a
1997-09-29,314,30.446,12.8,a
1997-09-30,312,29.113,12.6,a
1997-10-01,317,32.509,12.8,a
1997-10-02,320,34.649,12.4,a
1997-10-03,318,33.213,13,a
1997-10-04,320,34.649,11.8,a
1997-10-05,320,34.649,11.8,a
1997-10-06,314,30.446,11.8,a
1997-10-07,314,30.446,12.5,a
1997-10-08,315,31.125,12.6,a
1997-10-09,315,31.125,12.6,a
1997-10-10,336,47.413,13.2,a
1997-10-11,323,36.867,13.4,a
1997-10-12,356,67.003,12.5,a
1997-10-13,327,39.949,11.3,a
1997-10-14,320,34.649,11.1,a
1997-10-15,334,45.69,10.2,a
1997-10-16,315,31.125,10.2,a
1997-10-17,320,34.649,10.5,a
1997-10-18,318,33.213,10.3,a
1997-10-19,318,33.213,10.2,a
1997-10-20,317,32.509,9.9,a
1997-10-21,315,31.125,9.7,a
1997-10-22,315,31.125,9.6,a
1997-10-23,315,31.125,9.5,a
1997-10-24,311,28.459,9.5,a
1997-10-25,310,27.814,8.8,a
1997-10-26,310,27.814,8.2,a
1997-10-27,308,26.548,8.6,a
1997-10-28,308,26.548,7.2,a
1997-10-29,310,27.814,6.7,a
1997-10-30,311,28.459,6.2,a
1997-10-31,315,31.125,6.8,a
1997-11-01,310,27.814,7.1,a
1997-11-02,310,27.814,6.9,a
1997-11-03,310,27.814,6.8,a
1997-11-04,310,27.814,7,a
1997-11-05,310,27.814,6.9,a
1997-11-06,339,50.068,7.4,a
1997-11-07,562,432.206,7.3,a
1997-11-08,640,634.875,9.2,a
1997-11-09,523,343.26,8.8,a
1997-11-10,527,352.014,8.8,a
1997-11-11,455,206.93,8.6,a
1997-11-12,431,166.498,8.6,a
1997-11-13,485,263.95,8.8,a
1997-11-14,436,174.555,8.6,a
1997-11-15,408,131.828,8,a
1997-11-16,373,86.23,7.4,a
1997-11-17,381,95.922,7.5,a
1997-11-18,359,70.264,7.2,a
1997-11-19,352,62.743,6.8,a
1997-11-20,352,62.743,6.4,a
1997-11-21,343,53.515,5.6,a
1997-11-22,346,56.536,5.6,a
1997-11-23,333,44.842,5.7,a
1997-11-24,340,50.546,5.2,a
1997-11-25,340,50.546,5.6,a
1997-11-26,337,48.288,5.9,a
1997-11-27,346,56.536,6.2,a
1997-11-28,346,56.536,6.5,a
1997-11-29,350,60.65,6.9,a
1997-11-30,443,186.156,7.3,a
1997-12-01,471,236.418,7.4,a
1997-12-02,426,158.63,7.4,a
1997-12-03,442,184.476,7.3,a
1997-12-04,423,153.998,6.8,a
1997-12-05,402,123.412,6.7,a
1997-12-06,378,92.238,6.4,a
1997-12-07,366,78.09,5.7,a
1997-12-08,362,73.58,5.6,a
1997-12-09,356,67.003,5.6,a
1997-12-10,350,60.65,5.8,a
1997-12-11,354,64.861,5.9,a
1997-12-12,366,78.09,6.5,a
1997-12-13,362,73.58,6.6,a
1997-12-14,354,64.861,6.3,a
1997-12-15,357,68.084,5.6,a
1997-12-16,343,53.515,5.2,a
1997-12-17,346,56.536,4.9,a
1997-12-18,344,54.516,4.3,a
1997-12-19,353,63.799,4.6,a
1997-12-20,489,272.121,4.7,a
1997-12-21,520,336.75,5.7,a
1997-12-22,457,210.503,6.4,a
1997-12-23,434,171.31,6.7,a
1997-12-24,398,117.942,6.8,a
1997-12-25,378,92.238,6.6,a
1997-12-26,388,104.752,6.7,a
1997-12-27,492,278.338,6.6,a
1997-12-28,431,166.498,6.4,a
1997-12-29,407,130.407,6.2,a
1997-12-30,395,113.913,5.8,a
1997-12-31,378,92.238,5.6,a
1998-01-01,381,95.922,6.1,a
1998-01-02,367,79.234,6.5,a
1998-01-03,380,94.688,6.7,a
1998-01-04,395,113.913,6.7,a
1998-01-05,378,92.238,6.8,a
1998-01-06,382,97.163,6.6,a
1998-01-07,370,82.703,6.3,a
1998-01-08,361,72.468,6.1,a
1998-01-09,358,69.171,5.9,a
1998-01-10,351,61.694,5.9,a
1998-01-11,358,69.171,5.6,a
1998-01-12,355,65.929,5,a
1998-01-13,346,56.536,5,a
1998-01-14,346,56.536,5.9,a
1998-01-15,350,60.65,6.3,a
1998-01-16,349,59.613,6.1,a
1998-01-17,340,50.546,6.4,a
1998-01-18,344,54.516,5.9,a
1998-01-19,348,58.581,5.5,a
1998-01-20,349,59.613,5.8,a
1998-01-21,344,54.516,5.7,a
1998-01-22,337,48.288,5.6,a
1998-01-23,341,51.53,5.8,a
1998-01-24,330,42.355,5.3,a
1998-01-25,331,43.175,5,a
1998-01-26,334,45.69,4.5,a
1998-01-27,333,44.842,4.3,a
1998-01-28,333,44.842,3.9,a
1998-01-29,330,42.355,4.1,a
1998-01-30,335,46.547,3.7,a
1998-01-31,334,45.69,3.9,a
1998-02-01,331,43.175,3.8,a
1998-02-02,330,42.355,3.5,a
1998-02-03,333,44.842,3.3,a
1998-02-04,328,40.742,3.9,a
1998-02-05,328,40.742,3.4,a
1998-02-06,336,47.413,3.5,a
1998-02-07,325,38.39,3.6,a
1998-02-08,323,36.867,3.6,a
1998-02-09,319,33.927,3.7,a
1998-02-10,314,30.446,4.4,a
1998-02-11,315,31.125,4.6,a
1998-02-12,314,30.446,5,a
1998-02-13,316,31.812,5.5,a
1998-02-14,312,29.113,5.6,a
1998-02-15,314,30.446,5.9,a
1998-02-16,312,29.113,6,a
1998-02-17,317,32.509,6.8,a
1998-02-18,322,36.119,6.3,a
1998-02-19,325,38.39,5.9,a
1998-02-20,325,38.39,6,a
1998-02-21,331,43.175,6.1,a
1998-02-22,326,39.165,6.4,a
1998-02-23,329,41.544,6.8,a
1998-02-24,326,39.165,7.1,a
1998-02-25,326,39.165,7.4,a
1998-02-26,325,38.39,7.7,a
1998-02-27,323,36.867,7.2,a
1998-02-28,320,34.649,7.2,a
1998-03-01,326,39.165,8,a
1998-03-02,333,44.842,7,a
1998-03-03,328,40.742,7.1,a
1998-03-04,320,34.649,7.8,a
1998-03-05,323,36.867,8,a
1998-03-06,342,52.519,7.2,a
1998-03-07,334,45.69,7.2,a
1998-03-08,329,41.544,8,a
1998-03-09,329,41.544,8,a
1998-03-10,324,37.624,6.8,a
1998-03-11,326,39.165,6.3,a
1998-03-12,326,39.165,6.2,a
1998-03-13,325,38.39,6.1,a
1998-03-14,325,38.39,6.3,a
1998-03-15,320,34.649,6.5,a
1998-03-16,325,38.39,6.3,a
1998-03-17,316,31.812,6.4,a
1998-03-18,318,33.213,7.1,a
1998-03-19,314,30.446,7.4,a
1998-03-20,311,28.459,7,a
1998-03-21,316,31.812,7.1,a
1998-03-22,319,33.927,6.4,a
1998-03-23,318,33.213,6.3,a
1998-03-24,317,32.509,6.1,a
1998-03-25,318,33.213,6.3,a
1998-03-26,317,32.509,6.2,a
1998-03-27,310,27.814,6.3,a
1998-03-28,313,29.775,7,a
1998-03-29,316,31.812,8.2,a
1998-03-30,318,33.213,8.3,a
1998-03-31,310,27.814,8.5,a
1998-04-01,309,27.177,9.4,a
1998-04-02,309,27.177,10.1,a
1998-04-03,312,29.113,10.1,a
1998-04-04,319,33.927,9.9,a
1998-04-05,325,38.39,9.8,a
1998-04-06,440,181.138,9.7,a
1998-04-07,444,187.844,8.8,a
1998-04-08,417,144.934,8,a
1998-04-09,404,126.189,8.5,a
1998-04-10,392,109.946,8.3,a
1998-04-11,386,102.195,8.5,a
1998-04-12,405,127.588,8.7,a
1998-04-13,416,143.448,7.6,a
1998-04-14,412,137.581,7,a
1998-04-15,387,103.47,6.9,a
1998-04-16,427,160.188,7.9,a
1998-04-17,433,169.698,7.4,a
1998-04-18,425,157.078,7.5,a
1998-04-19,415,141.971,7.5,a
1998-04-20,405,127.588,7.8,a
1998-04-21,383,98.411,8.5,a
1998-04-22,386,102.195,9.7,a
1998-04-23,381,95.922,9.6,a
1998-04-24,381,95.922,9.4,a
1998-04-25,364,75.822,9.9,a
1998-04-26,367,79.234,10.2,a
1998-04-27,385,100.927,10.8,a
1998-04-28,374,87.418,10.9,a
1998-04-29,398,117.942,11,a
1998-04-30,432,168.095,9.6,a
1998-05-01,392,109.946,9.1,a
1998-05-02,387,103.47,9.6,a
1998-05-03,373,86.23,9.8,a
1998-05-04,381,95.922,11.1,a
1998-05-05,368,80.384,10.4,a
1998-05-06,360,71.363,10.6,a
1998-05-07,355,65.929,10.8,a
1998-05-08,361,72.468,10.8,a
1998-05-09,354,64.861,11.5,a
1998-05-10,351,61.694,12.1,a
1998-05-11,365,76.953,12.6,a
1998-05-12,352,62.743,13.1,a
1998-05-13,357,68.084,13.4,a
1998-05-14,359,70.264,13.9,a
1998-05-15,353,63.799,13.1,a
1998-05-16,348,58.581,13.1,a
1998-05-17,343,53.515,13,a
1998-05-18,348,58.581,12.1,a
1998-05-19,343,53.515,12.2,a
1998-05-20,341,51.53,11.6,a
1998-05-21,334,45.69,11.9,a
1998-05-22,336,47.413,12.1,a
1998-05-23,339,50.068,12.5,a
1998-05-24,340,50.546,12.9,a
1998-05-25,338,49.173,12.2,a
1998-05-26,338,49.173,12.1,a
1998-05-27,339,50.068,12.4,a
1998-05-28,340,50.546,12.7,a
1998-05-29,343,53.515,13,a
1998-05-30,331,43.175,13.1,a
1998-05-31,335,46.547,13.1,a
1998-06-01,342,52.519,13.5,a
1998-06-02,347,57.556,13.3,a
1998-06-03,339,50.068,13.8,a
1998-06-04,342,52.519,14.8,a
1998-06-05,340,50.546,14.9,a
1998-06-06,336,47.413,15.1,a
1998-06-07,331,43.175,15.5,a
1998-06-08,339,50.068,15.8,a
1998-06-09,339,50.068,15.4,a
1998-06-10,331,43.175,15.5,a
1998-06-11,344,54.516,15.5,a
1998-06-12,359,70.264,14.9,a
1998-06-13,354,64.861,14.8,a
1998-06-14,345,55.523,13.5,a
1998-06-15,338,49.173,13.5,a
1998-06-16,338,49.173,13.6,a
1998-06-17,350,60.65,13.5,a
1998-06-18,348,58.581,12.8,a
1998-06-19,342,52.519,13.7,a
1998-06-20,342,52.519,13.9,a
1998-06-21,336,47.413,14.4,a
1998-06-22,317,32.509,15.3,a
1998-06-23,343,53.515,15.4,a
1998-06-24,359,70.264,14.9,a
1998-06-25,346,56.536,15.2,a
1998-06-26,334,45.69,15.1,a
1998-06-27,336,47.413,15,a
1998-06-28,329,41.544,15.4,a
1998-06-29,337,48.288,15.7,a
1998-06-30,328,40.742,15.3,a
1998-07-01,335,46.547,15.4,a
1998-07-02,337,48.288,15.4,a
1998-07-03,375,88.613,15.3,a
1998-07-04,492,278.338,14.1,a
1998-07-05,424,155.534,12.2,a
1998-07-06,387,103.47,12.6,a
1998-07-07,375,88.613,13.2,a
1998-07-08,507,309.081,13.1,a
1998-07-09,430,164.91,11.2,a
1998-07-10,394,112.584,11.3,a
1998-07-11,371,83.872,12.8,a
1998-07-12,363,74.698,13.6,a
1998-07-13,361,72.468,13.7,a
1998-07-14,469,232.618,14.2,a
1998-07-15,573,458.761,11.4,a
1998-07-16,472,238.331,10.8,a
1998-07-17,421,150.947,11.3,a
1998-07-18,395,113.913,12.2,a
1998-07-19,374,87.418,13.5,a
1998-07-20,374,87.418,13.9,a
1998-07-21,361,72.468,14.6,a
1998-07-22,366,78.09,15,a
1998-07-23,354,64.861,15.8,a
1998-07-24,351,61.694,15.9,a
1998-07-25,350,60.65,16.2,a
1998-07-26,365,76.953,16.6,a
1998-07-27,344,54.516,16,a
1998-07-28,368,80.384,16.1,a
1998-07-29,358,69.171,15.8,a
1998-07-30,348,58.581,15.6,a
1998-07-31,348,58.581,15.7,a
1998-08-01,337,48.288,16.1,a
1998-08-02,335,46.547,15.9,a
1998-08-03,341,51.53,16.5,a
1998-08-04,333,44.842,16.6,a
1998-08-05,348,58.581,16.3,a
1998-08-06,339,50.068,16.1,a
1998-08-07,339,50.068,15.9,a
1998-08-08,334,45.69,15.8,a
1998-08-09,330,42.355,15.9,a
1998-08-10,340,50.546,16.3,a
1998-08-11,332,44.004,16.6,a
1998-08-12,331,43.175,16.6,a
1998-08-13,327,39.949,16.7,a
1998-08-14,329,41.544,16.8,a
1998-08-15,324,37.624,16.9,a
1998-08-16,324,37.624,16.7,a
1998-08-17,325,38.39,16.6,a
1998-08-18,327,39.949,16.8,a
1998-08-19,342,52.519,16.6,a
1998-08-20,333,44.842,16.5,a
1998-08-21,330,42.355,16.1,a
1998-08-22,345,55.523,16.4,a
1998-08-23,384,99.666,15.3,a
1998-08-24,365,76.953,14.9,a
1998-08-25,360,71.363,14.8,a
1998-08-26,344,54.516,14.4,a
1998-08-27,343,53.515,14.7,a
1998-08-28,424,155.534,13.8,a
1998-08-29,379,93.459,12.8,a
1998-08-30,364,75.822,12.1,a
1998-08-31,347,57.556,12.2,a
1998-09-01,351,61.694,12.9,a
1998-09-02,339,50.068,13.1,a
1998-09-03,336,47.413,13.9,a
1998-09-04,335,46.547,14.3,a
1998-09-05,404,126.189,14.3,a
1998-09-06,543,387.866,12.4,a
1998-09-07,448,194.675,11.6,a
1998-09-08,397,116.592,12,a
1998-09-09,375,88.613,12.6,a
1998-09-10,362,73.58,12.9,a
1998-09-11,365,76.953,13.2,a
1998-09-12,381,95.922,13.6,a
1998-09-13,503,300.743,12.9,a
1998-09-14,474,242.18,10.8,a
1998-09-15,444,187.844,10.3,a
1998-09-16,410,134.69,10.5,a
1998-09-17,394,112.584,11.1,a
1998-09-18,385,100.927,10.9,a
1998-09-19,374,87.418,11,a
1998-09-20,364,75.822,11,a
1998-09-21,364,75.822,11.1,a
1998-09-22,356,67.003,10.8,a
1998-09-23,357,68.084,11.4,a
1998-09-24,345,55.523,11.5,a
1998-09-25,354,64.861,11.5,a
1998-09-26,341,51.53,12.1,a
1998-09-27,372,85.047,12,a
1998-09-28,389,106.04,12.1,a
1998-09-29,382,97.163,11.9,a
1998-09-30,374,87.418,11.8,a
1998-10-01,406,128.994,12,a
1998-10-02,465,225.117,11.7,a
1998-10-03,424,155.534,11,a
1998-10-04,435,172.929,10.9,a
1998-10-05,436,174.555,10.9,a
1998-10-06,642,640.518,10.8,a
1998-10-07,688,776.687,10.4,a
1998-10-08,634,618.079,10.2,a
1998-10-09,544,390.152,10.1,a
1998-10-10,494,282.526,10.1,a
1998-10-11,461,217.745,10,a
1998-10-12,452,201.63,9.9,a
1998-10-13,425,157.078,10,a
1998-10-14,412,137.581,9.3,a
1998-10-15,409,133.255,9.5,a
1998-10-16,396,115.249,9.7,a
1998-10-17,389,106.04,9.8,a
1998-10-18,398,117.942,10.5,a
1998-10-19,547,397.041,10.5,a
1998-10-20,599,524.147,9.4,a
1998-10-21,485,263.95,9,a
1998-10-22,462,219.576,8.5,a
1998-10-23,434,171.31,8.5,a
1998-10-24,421,150.947,8.6,a
1998-10-25,414,140.5,8.6,a
1998-10-26,400,120.663,9,a
1998-10-27,392,109.946,8.7,a
1998-10-28,383,98.411,8.5,a
1998-10-29,385,100.927,9.5,a
1998-10-30,406,128.994,8.8,a
1998-10-31,396,115.249,8.4,a
1998-11-01,382,97.163,8.2,a
1998-11-02,391,108.637,8.2,a
1998-11-03,388,104.752,8.5,a
1998-11-04,492,278.338,9.5,a
1998-11-05,672,728.358,9.5,a
1998-11-06,555,415.222,7.7,a
1998-11-07,491,273.612,7.6,a
1998-11-08,456,207.461,7.5,a
1998-11-09,442,183.432,7.4,a
1998-11-10,421,149.878,8,a
1998-11-11,414,139.338,8.6,a
1998-11-12,405,126.248,7.7,a
1998-11-13,404,124.826,7.1,a
1998-11-14,392,108.239,6.6,a
1998-11-15,397,115.041,6.7,a
1998-11-16,386,100.277,7.1,a
1998-11-17,378,89.999,7.1,a
1998-11-18,379,91.263,6.4,a
1998-11-19,374,85.002,5.8,a
1998-11-20,370,80.1,5.2,a
1998-11-21,364,72.92,5.1,a
1998-11-22,366,75.291,4.8,a
1998-11-23,365,74.103,5,a
1998-11-24,360,68.249,5.5,a
1998-11-25,355,64.043,5.7,a
1998-11-26,361,69.408,5.9,a
1998-11-27,356,65.096,6.1,a
1998-11-28,353,61.965,6.1,a
1998-11-29,348,56.927,6.2,a
1998-11-30,354,63,6.5,a
1998-12-01,355,64.043,6.3,a
1998-12-02,346,54.975,5.9,a
1998-12-03,344,53.058,5.9,a
1998-12-04,349,57.917,6,a
1998-12-05,340,49.328,5,a
1998-12-06,342,51.175,5.3,a
1998-12-07,345,54.012,4.6,a
1998-12-08,344,53.058,3.9,a
1998-12-09,333,43.131,3.5,a
1998-12-10,339,48.417,3.2,a
1998-12-11,339,48.417,3.7,a
1998-12-12,337,46.621,3.9,a
1998-12-13,332,42.28,4,a
1998-12-14,342,51.175,4.1,a
1998-12-15,335,44.86,4.4,a
1998-12-16,335,44.86,4.5,a
1998-12-17,332,42.28,4.4,a
1998-12-18,333,43.131,4.5,a
1998-12-19,332,42.28,4.5,a
1998-12-20,335,44.86,4.1,a
1998-12-21,332,42.28,4.1,a
1998-12-22,331,41.437,4.2,a
1998-12-23,329,39.775,3.9,a
1998-12-24,329,39.775,4.3,a
1998-12-25,321,33.457,4,a
1998-12-26,321,33.457,3.4,a
1998-12-27,326,37.345,2.7,a
1998-12-28,326,37.345,3.4,a
1998-12-29,325,36.551,4.4,a
1998-12-30,332,42.28,4.9,a
1998-12-31,333,43.131,5,a
1999-01-01,327,38.147,5,a
1999-01-02,326,37.345,4.8,a
1999-01-03,330,40.602,5.2,a
1999-01-04,340,49.328,5.4,a
1999-01-05,338,47.515,5.7,a
1999-01-06,337,46.621,5.5,a
1999-01-07,332,42.28,5.2,a
1999-01-08,337,46.621,5.4,a
1999-01-09,336,45.736,6,a
1999-01-10,334,43.991,5.7,a
1999-01-11,339,48.417,4.7,a
1999-01-12,344,53.058,4.7,a
1999-01-13,342,51.175,5.3,a
1999-01-14,341,50.247,5.5,a
1999-01-15,340,49.328,5,a
1999-01-16,336,45.736,4.4,a
1999-01-17,333,43.131,5.2,a
1999-01-18,339,48.417,5.1,a
1999-01-19,337,46.621,5.1,a
1999-01-20,338,47.515,4.9,a
1999-01-21,332,42.28,4.8,a
1999-01-22,328,38.957,4.6,a
1999-01-23,333,43.131,4.3,a
1999-01-24,331,41.437,4.4,a
1999-01-25,323,34.988,4.2,a
1999-01-26,323,34.988,3.9,a
1999-01-27,324,35.766,4.7,a
1999-01-28,325,36.551,4.8,a
1999-01-29,327,38.147,4.8,a
1999-01-30,322,34.218,3.5,a
1999-01-31,320,32.703,2.5,a
1999-02-01,324,35.766,2.8,a
1999-02-02,321,33.457,3.7,a
1999-02-03,325,36.551,3.7,a
1999-02-04,320,32.703,4.2,a
1999-02-05,324,35.766,4,a
1999-02-06,320,32.703,4.1,a
1999-02-07,320,32.703,3.9,a
1999-02-08,320,32.703,4.2,a
1999-02-09,320,32.703,4.1,a
1999-02-10,323,34.988,2.5,a
1999-02-11,331,41.437,3,a
1999-02-12,321,33.457,3.2,a
1999-02-13,323,34.988,2.4,a
1999-02-14,318,31.219,3.3,a
1999-02-15,318,31.219,3.6,a
1999-02-16,319,31.957,3.4,a
1999-02-17,318,31.219,3.9,a
1999-02-18,318,31.219,3.4,a
1999-02-19,317,30.489,3.5,a
1999-02-20,318,31.219,4.4,a
1999-02-21,313,27.647,5.2,a
1999-02-22,327,38.147,5.3,a
1999-02-23,338,47.515,4,a
1999-02-24,334,43.991,4,a
1999-02-25,333,43.131,4.5,a
1999-02-26,332,42.28,4.3,a
1999-02-27,332,42.28,4.4,a
1999-02-28,336,45.736,4.8,a
1999-03-01,338,47.515,4.9,a
1999-03-02,348,56.927,5.6,a
1999-03-03,360,68.249,5.9,a
1999-03-04,391,106.896,5.7,a
1999-03-05,452,200.457,5.7,a
1999-03-06,424,153.493,5.7,a
1999-03-07,412,135.385,5.6,a
1999-03-08,388,101.906,5.8,a
1999-03-09,367,75.484,5.7,a
1999-03-10,367,75.484,6.4,a
1999-03-11,376,86.489,7.2,a
1999-03-12,376,86.489,6.9,a
1999-03-13,378,88.999,6.9,a
1999-03-14,382,94.09,7.4,a
1999-03-15,379,90.263,7.6,a
1999-03-16,383,95.378,8,a
1999-03-17,377,87.741,7,a
1999-03-18,366,74.291,6.3,a
1999-03-19,363,70.744,6.1,a
1999-03-20,354,62,6.6,a
1999-03-21,351,58.923,6.3,a
1999-03-22,350,57.916,6.7,a
1999-03-23,357,65.158,6.5,a
1999-03-24,354,62,6.8,a
1999-03-25,353,60.965,7.3,a
1999-03-26,347,54.947,7.9,a
1999-03-27,376,86.489,8.1,a
1999-03-28,423,151.948,7.6,a
1999-03-29,401,119.595,8,a
1999-03-30,391,105.896,8.1,a
1999-03-31,381,92.808,8.2,a
1999-04-01,371,80.317,8.5,a
1999-04-02,374,84.002,9.2,a
1999-04-03,366,74.291,9.3,a
1999-04-04,365,73.103,9.4,a
1999-04-05,355,63.043,10,a
1999-04-06,363,70.744,9.7,a
1999-04-07,365,73.103,10.1,a
1999-04-08,422,150.41,10.2,a
1999-04-09,409,131.003,8.8,a
1999-04-10,386,99.277,8.6,a
1999-04-11,380,91.532,9.1,a
1999-04-12,375,85.243,9.2,a
1999-04-13,419,145.834,8.9,a
1999-04-14,413,136.858,8.2,a
1999-04-15,408,129.555,8.1,a
1999-04-16,470,231.86,8.7,a
1999-04-17,590,500.018,8.1,a
1999-04-18,502,295.266,8,a
1999-04-19,459,211.787,7.6,a
1999-04-20,430,162.899,7.3,a
1999-04-21,412,135.385,7.9,a
1999-04-22,438,175.814,8.4,a
1999-04-23,453,201.198,8.3,a
1999-04-24,413,136.858,8.7,a
1999-04-25,399,116.806,9.4,a
1999-04-26,401,119.595,9.6,a
1999-04-27,385,97.971,9.8,a
1999-04-28,388,101.906,9.7,a
1999-04-29,379,90.263,10,a
1999-04-30,385,97.971,10.7,a
1999-05-01,384,96.671,10.9,a
1999-05-02,385,97.971,10.5,a
1999-05-03,383,95.378,10.9,a
1999-05-04,374,84.002,11.3,a
1999-05-05,406,126.677,11.3,a
1999-05-06,408,129.555,10.4,a
1999-05-07,395,111.302,9.9,a
1999-05-08,387,100.589,9.9,a
1999-05-09,380,91.532,10.8,a
1999-05-10,382,94.09,10.8,a
1999-05-11,381,92.808,11.3,a
1999-05-12,377,87.741,11.9,a
1999-05-13,378,88.999,11.9,a
1999-05-14,393,108.587,12.1,a
1999-05-15,425,155.044,12.1,a
1999-05-16,421,148.878,11.3,a
1999-05-17,394,109.941,10.7,a
1999-05-18,388,101.906,11.1,a
1999-05-19,374,84.002,11.1,a
1999-05-20,380,91.532,11.7,a
1999-05-21,401,119.595,11.3,a
1999-05-22,406,126.677,10.8,a
1999-05-23,407,128.113,10.8,a
1999-05-24,382,94.09,11.1,a
1999-05-25,373,82.768,11.6,a
1999-05-26,375,85.243,12.3,a
1999-05-27,364,71.92,12.6,a
1999-05-28,370,79.1,13.2,a
1999-05-29,362,69.573,13.7,a
1999-05-30,356,64.096,13.9,a
1999-05-31,358,66.229,14.3,a
1999-06-01,361,68.408,14.5,a
1999-06-02,352,59.94,14.8,a
1999-06-03,347,54.947,15,a
1999-06-04,354,62,15,a
1999-06-05,351,58.923,14.7,a
1999-06-06,345,53.012,14.4,a
1999-06-07,340,48.328,14.4,a
1999-06-08,346,53.975,14.6,a
1999-06-09,352,59.94,14.4,a
1999-06-10,351,58.923,14.8,a
1999-06-11,356,64.096,14.8,a
1999-06-12,365,73.103,14.1,a
1999-06-13,408,129.555,13.9,a
1999-06-14,379,90.263,14.2,a
1999-06-15,357,65.158,14,a
1999-06-16,385,97.971,13.7,a
1999-06-17,372,81.539,14.2,a
1999-06-18,364,71.92,13.8,a
1999-06-19,364,71.92,13.9,a
1999-06-20,352,59.94,13.3,a
1999-06-21,367,75.484,12.9,a
1999-06-22,389,103.23,12.4,a
1999-06-23,369,77.889,12.1,a
1999-06-24,363,70.744,12.7,a
1999-06-25,349,56.917,12.9,a
1999-06-26,351,58.923,13.5,a
1999-06-27,351,58.923,14.1,a
1999-06-28,345,53.012,14.4,a
1999-06-29,340,48.328,14.2,a
1999-06-30,341,49.247,14.6,a
1999-07-01,344,52.058,15.1,a
1999-07-02,342,50.175,15.1,a
1999-07-03,342,50.175,15.5,a
1999-07-04,328,37.957,15.9,a
1999-07-05,336,44.736,16.2,a
1999-07-06,336,44.736,16.4,a
1999-07-07,338,46.515,16.7,a
1999-07-08,340,48.328,16.3,a
1999-07-09,332,41.28,15.9,a
1999-07-10,351,58.923,15.1,a
1999-07-11,367,75.484,15.2,a
1999-07-12,357,65.158,14.9,a
1999-07-13,344,52.058,15.1,a
1999-07-14,348,55.927,15.4,a
1999-07-15,347,54.947,15.1,a
1999-07-16,349,56.917,15.4,a
1999-07-17,346,53.975,15.4,a
1999-07-18,337,45.621,15.5,a
1999-07-19,330,39.602,15.5,a
1999-07-20,334,42.991,15.7,a
1999-07-21,333,42.131,16.1,a
1999-07-22,337,45.621,16.2,a
1999-07-23,423,151.948,15.1,a
1999-07-24,394,109.941,14.1,a
1999-07-25,365,73.103,13.5,a
1999-07-26,350,57.916,13.5,a
1999-07-27,339,47.417,13.6,a
1999-07-28,348,55.927,14.6,a
1999-07-29,350,57.916,14.4,a
1999-07-30,347,54.947,14.5,a
1999-07-31,341,49.247,14.6,a
1999-08-01,340,48.328,14.5,a
1999-08-02,338,46.515,14.9,a
1999-08-03,339,47.417,14.8,a
1999-08-04,333,42.131,15.4,a
1999-08-05,334,42.991,15.6,a
1999-08-06,331,40.437,15.8,a
1999-08-07,330,39.602,16.1,a
1999-08-08,326,36.345,16,a
1999-08-09,327,37.147,15.9,a
1999-08-10,330,39.602,16.2,a
1999-08-11,328,37.957,16.1,a
1999-08-12,328,37.957,15.8,a
1999-08-13,331,40.437,15.6,a
1999-08-14,337,45.621,14.9,a
1999-08-15,327,37.147,15,a
1999-08-16,338,46.515,15.1,a
1999-08-17,431,164.49,15.7,a
1999-08-18,398,115.421,14.4,a
1999-08-19,368,76.684,13.9,a
1999-08-20,357,65.158,14.4,a
1999-08-21,409,131.003,15,a
1999-08-22,384,96.671,14.1,a
1999-08-23,357,65.158,13.4,a
1999-08-24,352,59.94,13.8,a
1999-08-25,348,55.927,14,a
1999-08-26,337,45.621,14.3,a
1999-08-27,340,48.328,14.7,a
1999-08-28,338,46.515,14.1,a
1999-08-29,336,44.736,14.8,a
1999-08-30,357,65.158,14.3,a
1999-08-31,370,79.1,14,a
1999-09-01,360,67.249,13.8,a
1999-09-02,350,57.916,13.6,a
1999-09-03,344,52.058,13.2,a
1999-09-04,338,46.515,13.3,a
1999-09-05,333,42.131,13.1,a
1999-09-06,339,47.417,13,a
1999-09-07,336,44.736,13.4,a
1999-09-08,340,48.328,13.5,a
1999-09-09,330,39.602,13.8,a
1999-09-10,335,43.86,13.7,a
1999-09-11,333,42.131,13.6,a
1999-09-12,318,30.219,13.9,a
1999-09-13,333,42.131,13.9,a
1999-09-14,323,33.988,14.1,a
1999-09-15,320,31.703,13.8,a
1999-09-16,325,35.551,13.8,a
1999-09-17,323,33.988,13.8,a
1999-09-18,327,37.147,14.1,a
1999-09-19,324,34.766,14.1,a
1999-09-20,326,36.345,14.2,a
1999-09-21,379,90.263,14.7,a
1999-09-22,367,75.484,13.8,a
1999-09-23,343,51.112,13.7,a
1999-09-24,337,45.621,13.8,a
1999-09-25,337,45.621,13.9,a
1999-09-26,329,38.775,13.8,a
1999-09-27,335,43.86,14.1,a
1999-09-28,365,73.103,13.5,a
1999-09-29,358,66.229,13.4,a
1999-09-30,347,54.947,12.7,a
1999-10-01,392,107.239,12.7,a
1999-10-02,398,115.421,12.3,a
1999-10-03,369,77.889,11.9,a
1999-10-04,421,148.878,12.4,a
1999-10-05,468,228.146,10.4,a
1999-10-06,430,162.899,9.9,a
1999-10-07,389,103.23,9.8,a
1999-10-08,373,82.768,9.5,a
1999-10-09,366,74.291,9.6,a
1999-10-10,356,64.096,9.9,a
1999-10-11,349,56.917,10.3,a
1999-10-12,351,58.923,10.5,a
1999-10-13,343,51.112,10.7,a
1999-10-14,342,50.175,11,a
1999-10-15,338,46.515,11,a
1999-10-16,340,48.328,11,a
1999-10-17,333,42.131,10.5,a
1999-10-18,339,47.417,9.6,a
1999-10-19,331,40.437,9.4,a
1999-10-20,332,41.28,9.1,a
1999-10-21,332,41.28,9.2,a
1999-10-22,335,43.86,9.1,a
1999-10-23,350,57.916,9.5,a
1999-10-24,423,151.948,9.5,a
1999-10-25,454,202.945,9.8,a
1999-10-26,536,371.201,10.3,a
1999-10-27,539,378.342,9.9,a
1999-10-28,477,245.086,9.6,a
1999-10-29,429,161.315,9.4,a
1999-10-30,405,125.248,9.6,a
1999-10-31,379,90.263,9.8,a
1999-11-01,378,88.999,10,a
1999-11-02,370,79.1,9.6,a
1999-11-03,374,84.002,9.6,a
1999-11-04,362,69.573,9.9,a
1999-11-05,363,70.744,9.6,a
1999-11-06,356,64.096,9.7,a
1999-11-07,381,92.808,9.9,a
1999-11-08,370,79.1,9.3,a
1999-11-09,370,79.1,8.7,a
1999-11-10,368,76.684,8.5,a
1999-11-11,360,67.249,8.2,a
1999-11-12,362,69.573,8,a
1999-11-13,347,54.947,8.1,a
1999-11-14,348,55.927,7.6,a
1999-11-15,355,63.043,8.1,a
1999-11-16,356,64.096,7.1,a
1999-11-17,348,55.927,7,a
1999-11-18,354,62,6.5,a
1999-11-19,356,64.096,5.9,a
1999-11-20,342,50.175,5.3,a
1999-11-21,343,51.112,5.2,a
1999-11-22,345,53.012,4.6,a
1999-11-23,351,58.923,5.1,a
1999-11-24,344,52.058,4.6,a
1999-11-25,339,47.417,4.5,a
1999-11-26,345,53.012,4.8,a
1999-11-27,341,49.247,4.5,a
1999-11-28,345,53.012,4.3,a
1999-11-29,340,48.328,4.3,a
1999-11-30,347,54.947,4,a
1999-12-01,337,45.621,3.5,a
1999-12-02,341,49.247,4,a
1999-12-03,344,52.058,4.1,a
1999-12-04,347,54.947,5,a
1999-12-05,366,74.291,5.5,a
1999-12-06,368,76.684,4.8,a
1999-12-07,356,64.096,4.2,a
1999-12-08,352,59.94,4.4,a
1999-12-09,344,52.058,5.3,a
1999-12-10,358,66.229,5.8,a
1999-12-11,410,132.457,6,a
1999-12-12,390,104.56,6,a
1999-12-13,424,153.493,6.6,a
1999-12-14,396,112.669,6.6,a
1999-12-15,406,126.677,6.6,a
1999-12-16,391,105.896,5.6,a
1999-12-17,376,86.489,5.1,a
1999-12-18,365,73.103,4.6,a
1999-12-19,365,73.103,5.7,a
1999-12-20,364,71.92,5.2,a
1999-12-21,360,67.249,4.1,a
1999-12-22,352,59.94,3.3,a
1999-12-23,363,70.744,3.2,a
1999-12-24,344,52.058,3,a
1999-12-25,347,54.947,3.5,a
1999-12-26,362,69.573,4.1,a
1999-12-27,392,107.239,4.6,a
1999-12-28,376,86.489,4.4,a
1999-12-29,364,71.92,4,a
1999-12-30,356,64.096,4.2,a
1999-12-31,352,59.94,3.6,a
2000-01-01,344,52.1,3.1,a
2000-01-02,344,52.1,3.6,a
2000-01-03,341,49.2,4.3,a
2000-01-04,347,54.9,3.8,a
2000-01-05,341,49.2,3.3,a
2000-01-06,339,47.4,3.4,a
2000-01-07,342,50.2,3.5,a
2000-01-08,341,49.2,3.3,a
2000-01-09,335,43.9,3.8,a
2000-01-10,327,37.1,4.1,a
2000-01-11,333,42.1,4.3,a
2000-01-12,334,43,4.4,a
2000-01-13,331,40.4,4.3,a
2000-01-14,331,40.4,4.4,a
2000-01-15,331,40.4,4.4,a
2000-01-16,326,36.3,4.5,a
2000-01-17,328,38,3.8,a
2000-01-18,329,38.8,3.5,a
2000-01-19,331,40.4,4,a
2000-01-20,328,38,3.7,a
2000-01-21,325,35.6,3.5,a
2000-01-22,323,34,3.8,a
2000-01-23,323,34,3.6,a
2000-01-24,322,33.2,3.7,a
2000-01-25,327,37.1,2.5,a
2000-01-26,317,29.5,2.4,a
2000-01-27,317,29.5,2.1,a
2000-01-28,321,32.5,2.3,a
2000-01-29,324,34.8,2.7,a
2000-01-30,320,31.7,3.7,a
2000-01-31,321,32.5,4,a
2000-02-01,324,34.8,3.8,a
2000-02-02,330,39.6,4.8,a
2000-02-03,333,42.1,5,a
2000-02-04,327,37.1,4.5,a
2000-02-05,323,34,4.3,a
2000-02-06,323,34,4.9,a
2000-02-07,334,43,4.8,a
2000-02-08,329,38.8,5.4,a
2000-02-09,336,44.7,5.7,a
2000-02-10,334,43,5.1,a
2000-02-11,327,37.1,4.7,a
2000-02-12,326,36.3,5.3,a
2000-02-13,327,37.1,5.5,a
2000-02-14,329,38.8,5.3,a
2000-02-15,329,38.8,5.4,a
2000-02-16,326,36.3,5.6,a
2000-02-17,334,43,5,a
2000-02-18,332,41.3,5.2,a
2000-02-19,332,41.3,4.8,a
2000-02-20,327,37.1,5.2,a
2000-02-21,327,37.1,5.3,a
2000-02-22,323,34,4.6,a
2000-02-23,316,28.8,4.4,a
2000-02-24,313,26.6,4.7,a
2000-02-25,312,26,5.4,a
2000-02-26,312,26,5.7,a
2000-02-27,320,31.7,5.7,a
2000-02-28,323,34,5.5,a
2000-02-29,319,31,5.7,a
2000-03-01,351,58.9,6.3,a
2000-03-02,413,137,4.7,a
2000-03-03,360,67.2,4.9,a
2000-03-04,360,67.2,5.8,a
2000-03-05,337,45.6,5.6,a
2000-03-06,337,45.6,5.1,a
2000-03-07,344,52.1,5.5,a
2000-03-08,332,41.3,5.9,a
2000-03-09,330,39.6,6.5,a
2000-03-10,336,44.7,6.9,a
2000-03-11,339,47.4,7.5,a
2000-03-12,336,44.7,7.1,a
2000-03-13,340,48.3,7.2,a
2000-03-14,339,47.4,7.5,a
2000-03-15,334,43,8.2,a
2000-03-16,338,46.5,7.3,a
2000-03-17,337,45.6,7.4,a
2000-03-18,336,44.7,7.3,a
2000-03-19,329,38.8,7.2,a
2000-03-20,326,36.3,6.9,a
2000-03-21,333,42.1,7.3,a
2000-03-22,330,39.6,7.5,a
2000-03-23,326,36.3,7.7,a
2000-03-24,325,35.6,8.4,a
2000-03-25,328,38,8.5,a
2000-03-26,328,38,8.7,a
2000-03-27,347,54.9,8.8,a
2000-03-28,368,76.7,8.2,a
2000-03-29,437,174,8.7,a
2000-03-30,470,232,7.1,a
2000-03-31,447,191,6.7,a
2000-04-01,411,134,7.3,a
2000-04-02,396,113,7,a
2000-04-03,385,98,7.5,a
2000-04-04,396,113,7.8,a
2000-04-05,410,132,7.7,a
2000-04-06,392,107,8.7,a
2000-04-07,385,98,7.8,a
2000-04-08,378,89,8.1,a
2000-04-09,369,77.9,8.5,a
2000-04-10,366,74.3,8.6,a
2000-04-11,360,67.2,8.9,a
2000-04-12,362,69.6,9.1,a
2000-04-13,410,132,8.9,a
2000-04-14,405,125,8.9,a
2000-04-15,392,107,9,a
2000-04-16,379,90.3,9.5,a
2000-04-17,386,99.3,9.2,a
2000-04-18,381,92.8,10,a
2000-04-19,381,92.8,10.2,a
2000-04-20,402,121,10.1,a
2000-04-21,390,105,10.4,a
2000-04-22,388,102,10.6,a
2000-04-23,385,98,10.8,a
2000-04-24,381,92.8,11.3,a
2000-04-25,392,107,10.8,a
2000-04-26,388,102,10.5,a
2000-04-27,376,86.5,11,a
2000-04-28,377,87.7,11.5,a
2000-04-29,372,81.5,11.5,a
2000-04-30,371,80.3,11.6,a
2000-05-01,358,66.2,11.9,a
2000-05-02,370,79.1,11.9,a
2000-05-03,364,71.9,12.1,a
2000-05-04,364,71.9,12,a
2000-05-05,360,67.2,12.5,a
2000-05-06,352,59.9,11.9,a
2000-05-07,349,56.9,12.3,a
2000-05-08,349,56.9,12.6,a
2000-05-09,359,67.3,12.4,a
2000-05-10,359,67.3,12.7,a
2000-05-11,360,67.2,13.3,a
2000-05-12,355,63,13.6,a
2000-05-13,353,61,14.1,a
2000-05-14,348,55.9,12.9,a
2000-05-15,344,52.1,13.2,a
2000-05-16,341,49.2,13.4,a
2000-05-17,337,45.6,13.9,a
2000-05-18,338,46.5,13.9,a
2000-05-19,344,52.1,14.3,a
2000-05-20,352,59.9,13.1,a
2000-05-21,379,90.3,12,a
2000-05-22,374,84,11.5,a
2000-05-23,388,102,11.2,a
2000-05-24,365,73.1,11.5,a
2000-05-25,359,67.3,12.3,a
2000-05-26,352,59.9,13.1,a
2000-05-27,341,49.2,13.3,a
2000-05-28,345,53,14,a
2000-05-29,357,65.2,14,a
2000-05-30,407,128,12.6,a
2000-05-31,385,98,11.9,a
2000-06-01,371,80.3,12.1,a
2000-06-02,355,63,12.3,a
2000-06-03,350,57.9,13.6,a
2000-06-04,347,54.9,14.1,a
2000-06-05,339,47.4,14.6,a
2000-06-06,340,48.3,15.1,a
2000-06-07,346,54,15.4,a
2000-06-08,340,48.3,14.2,a
2000-06-09,338,46.5,15.1,a
2000-06-10,335,43.9,15.3,a
2000-06-11,325,35.6,15.7,a
2000-06-12,335,43.9,15.9,a
2000-06-13,339,47.4,16.9,a
2000-06-14,330,39.6,16,a
2000-06-15,326,36.3,16.3,a
2000-06-16,333,42.1,16,a
2000-06-17,332,41.3,15.4,a
2000-06-18,325,35.6,14.9,a
2000-06-19,327,37.1,15.1,a
2000-06-20,326,36.3,15.8,a
2000-06-21,326,36.3,16,a
2000-06-22,323,34,16.2,a
2000-06-23,321,32.5,16.5,a
2000-06-24,331,40.4,16.6,a
2000-06-25,372,81.5,16.4,a
2000-06-26,354,62,15.3,a
2000-06-27,338,46.5,15.3,a
2000-06-28,341,49.2,14.9,a
2000-06-29,329,38.8,14.7,a
2000-06-30,332,41.3,14.9,a
2000-07-01,333,42.1,14.9,a
2000-07-02,323,34,15.4,a
2000-07-03,322,33.2,15.9,a
2000-07-04,332,41.3,16,a
2000-07-05,323,34,16.5,a
2000-07-06,323,34,16.3,a
2000-07-07,321,32.5,16.6,a
2000-07-08,316,28.8,16.6,a
2000-07-09,337,45.6,15.4,a
2000-07-10,334,43,15.6,a
2000-07-11,417,143,15.8,a
2000-07-12,491,273,14.3,a
2000-07-13,415,140,12.3,a
2000-07-14,383,95.4,12.3,a
2000-07-15,379,90.3,12.8,a
2000-07-16,370,79.1,12.7,a
2000-07-17,353,61,12.7,a
2000-07-18,348,55.9,13.3,a
2000-07-19,344,52.1,13.7,a
2000-07-20,350,57.9,13.8,a
2000-07-21,327,37.1,14.4,a
2000-07-22,332,41.3,14.2,a
2000-07-23,333,42.1,14.6,a
2000-07-24,325,35.6,14.9,a
2000-07-25,327,37.1,15.1,a
2000-07-26,336,44.7,15.3,a
2000-07-27,333,42.1,15.4,a
2000-07-28,340,48.3,15.6,a
2000-07-29,344,52.1,15.1,a
2000-07-30,345,53,15.6,a
2000-07-31,337,45.6,15.1,a
2000-08-01,340,48.3,15,a
2000-08-02,336,44.7,15.3,a
2000-08-03,325,35.6,15.8,a
2000-08-04,336,44.7,15.6,a
2000-08-05,343,51.1,15.2,a
2000-08-06,375,85.2,14.9,a
2000-08-07,366,74.3,14.6,a
2000-08-08,346,54,14.4,a
2000-08-09,345,53,14.5,a
2000-08-10,338,46.5,15.1,a
2000-08-11,335,43.9,15.1,a
2000-08-12,338,46.5,15.6,a
2000-08-13,324,34.8,15.7,a
2000-08-14,329,38.8,15.7,a
2000-08-15,322,33.2,15.8,a
2000-08-16,324,34.8,15.9,a
2000-08-17,329,38.8,16.1,a
2000-08-18,318,30.2,16.5,a
2000-08-19,326,36.3,16.6,a
2000-08-20,317,29.5,16.6,a
2000-08-21,324,34.8,16.6,a
2000-08-22,315,28.1,16.8,a
2000-08-23,317,29.5,16.9,a
2000-08-24,315,28.1,16.8,a
2000-08-25,317,29.5,16.6,a
2000-08-26,316,28.8,16.3,a
2000-08-27,323,34,15.9,a
2000-08-28,315,28.1,16,a
2000-08-29,315,28.1,15.1,a
2000-08-30,317,29.5,15.1,a
2000-08-31,318,30.2,15.6,a
2000-09-01,319,31,15.5,a
2000-09-02,320,31.7,15.4,a
2000-09-03,341,49.2,15,a
2000-09-04,334,43,14.7,a
2000-09-05,328,38,14.5,a
2000-09-06,324,34.8,14.1,a
2000-09-07,323,34,14.4,a
2000-09-08,322,33.2,13.5,a
2000-09-09,324,34.8,13.5,a
2000-09-10,315,28.1,13.6,a
2000-09-11,314,27.3,13.6,a
2000-09-12,321,32.5,13.8,a
2000-09-13,319,31,14,a
2000-09-14,312,26,14.4,a
2000-09-15,312,26,14.4,a
2000-09-16,314,27.3,14.6,a
2000-09-17,332,41.3,14.8,a
2000-09-18,330,39.6,14.7,a
2000-09-19,328,38,14.7,a
2000-09-20,326,36.3,14.4,a
2000-09-21,330,39.6,14.9,a
2000-09-22,344,52.1,14.1,a
2000-09-23,328,38,14.2,a
2000-09-24,327,37.1,13.7,a
2000-09-25,322,33.2,13.1,a
2000-09-26,324,34.8,13.2,a
2000-09-27,321,32.5,13.3,a
2000-09-28,319,31,13.3,a
2000-09-29,319,31,13.3,a
2000-09-30,320,31.7,13.3,a
2000-10-01,372,81.5,13.3,a
2000-10-02,473,237,13.1,a
2000-10-03,428,160,11.7,a
2000-10-04,408,130,11.7,a
2000-10-05,384,96.7,11.5,a
2000-10-06,372,81.5,11.8,a
2000-10-07,376,86.5,11.8,a
2000-10-08,435,171,11.2,a
2000-10-09,432,166,10.2,a
2000-10-10,421,149,9.9,a
2000-10-11,467,226,10.4,a
2000-10-12,477,245,10.6,a
2000-10-13,477,245,10.2,a
2000-10-14,432,166,10.7,a
2000-10-15,401,120,10.9,a
2000-10-16,399,117,11.2,a
2000-10-17,382,94.1,11,a
2000-10-18,378,89,11.3,a
2000-10-19,375,85.2,11.3,a
2000-10-20,373,82.8,11.3,a
2000-10-21,362,69.6,10.9,a
2000-10-22,359,67.3,10.7,a
2000-10-23,356,64.1,10.1,a
2000-10-24,353,61,9.7,a
2000-10-25,354,62,9.5,a
2000-10-26,347,54.9,9.6,a
2000-10-27,347,54.9,9.5,a
2000-10-28,343,51.1,9.4,a
2000-10-29,337,45.6,9.3,a
2000-10-30,342,50.2,9.7,a
2000-10-31,357,65.2,10.1,a
2000-11-01,531,359,10.2,a
2000-11-02,488,267,9.3,a
2000-11-03,476,243,9.4,a
2000-11-04,682,758,9.7,a
2000-11-05,597,518,8.9,a
2000-11-06,544,390,8.9,a
2000-11-07,755,997,9.5,a
2000-11-08,639,631,8.9,a
2000-11-09,584,485,8.8,a
2000-11-10,524,343,8.7,a
2000-11-11,471,234,8.4,a
2000-11-12,455,205,7.9,a
2000-11-13,453,201,8.2,a
2000-11-14,552,407,8.8,a
2000-11-15,663,701,9.5,a
2000-11-16,689,779,9.4,a
2000-11-17,653,671,9.4,a
2000-11-18,617,571,9.3,a
2000-11-19,552,407,8.8,a
2000-11-20,520,334,8.4,a
2000-11-21,655,677,8.6,a
2000-11-22,634,617,8.7,a
2000-11-23,545,393,8.5,a
2000-11-24,506,304,8.5,a
2000-11-25,561,428,9,a
2000-11-26,544,390,8.7,a
2000-11-27,491,273,8.3,a
2000-11-28,457,208,7.4,a
2000-11-29,449,194,7.1,a
2000-11-30,439,177,6.8,a
2000-12-01,423,152,6.8,a
2000-12-02,418,144,6.9,a
2000-12-03,406,127,7.9,a
2000-12-04,404,124,8.1,a
2000-12-05,400,118,8.4,a
2000-12-06,394,110,8.4,a
2000-12-07,392,107,8,a
2000-12-08,389,103,8.1,a
2000-12-09,413,137,8.3,a
2000-12-10,488,267,8.1,a
2000-12-11,439,177,7.5,a
2000-12-12,414,138,7.3,a
2000-12-13,404,124,7,a
2000-12-14,393,109,6.7,a
2000-12-15,423,152,7.2,a
2000-12-16,465,223,6.4,a
2000-12-17,422,150,6.1,a
2000-12-18,415,140,6,a
2000-12-19,404,124,5.7,a
2000-12-20,398,115,5.5,a
2000-12-21,389,103,5.2,a
2000-12-22,387,101,5,a
2000-12-23,379,90.3,4.3,a
2000-12-24,372,81.5,3.6,a
2000-12-25,379,90.3,4.8,a
2000-12-26,415,140,5.1,a
2000-12-27,412,135,5.9,a
2000-12-28,439,177,6.3,a
2000-12-29,440,179,6.6,a
2000-12-30,433,168,5.7,a
2000-12-31,411,134,5.5,a
2001-01-01,389,103.23,4.9,a
2001-01-02,389,103.23,4.8,a
2001-01-03,403,122.409,5.6,a
2001-01-04,412,135.385,5.7,a
2001-01-05,401,119.595,6.2,a
2001-01-06,398,115.421,6.8,a
2001-01-07,463,218.987,7.1,a
2001-01-08,563,434.254,7,a
2001-01-09,564,436.657,6.9,a
2001-01-10,471,234.728,6.2,a
2001-01-11,451,198.724,6.3,a
2001-01-12,426,157.602,6.6,a
2001-01-13,410,133.457,5.7,a
2001-01-14,405,126.248,4.7,a
2001-01-15,386,100.277,3.7,a
2001-01-16,382,95.09,3.9,a
2001-01-17,374,85.002,3.8,a
2001-01-18,371,81.317,4.2,a
2001-01-19,374,85.002,4.4,a
2001-01-20,369,78.889,4.8,a
2001-01-21,367,76.484,4.8,a
2001-01-22,363,71.744,4.8,a
2001-01-23,365,74.103,5,a
2001-01-24,360,68.249,5.4,a
2001-01-25,472,236.603,5.4,a
2001-01-26,616,569.049,6.1,a
2001-01-27,504,300.484,6,a
2001-01-28,475,242.271,5.7,a
2001-01-29,440,180.11,5.7,a
2001-01-30,418,145.322,5.7,a
2001-01-31,409,132.003,5.5,a
2001-02-01,399,117.806,4.9,a
2001-02-02,389,104.23,4.3,a
2001-02-03,378,89.999,4.1,a
2001-02-04,381,93.808,4.9,a
2001-02-05,376,87.489,5.6,a
2001-02-06,376,87.489,5.9,a
2001-02-07,367,76.484,6.4,a
2001-02-08,372,82.539,7,a
2001-02-09,378,89.999,7.2,a
2001-02-10,397,115.041,6.9,a
2001-02-11,382,95.09,6.6,a
2001-02-12,372,82.539,6.1,a
2001-02-13,371,81.317,5.8,a
2001-02-14,370,80.1,6,a
2001-02-15,363,71.744,5.5,a
2001-02-16,364,72.92,5.4,a
2001-02-17,356,65.096,5.6,a
2001-02-18,358,67.229,6.3,a
2001-02-19,352,60.94,5.7,a
2001-02-20,355,64.043,5.7,a
2001-02-21,354,63,5.5,a
2001-02-22,350,58.916,5.4,a
2001-02-23,349,57.917,5.7,a
2001-02-24,352,60.94,5.8,a
2001-02-25,349,57.917,5.1,a
2001-02-26,348,56.927,5,a
2001-02-27,340,49.328,4.3,a
2001-02-28,348,56.927,4.6,a
2001-03-01,345,54.012,4.4,a
2001-03-02,347,55.947,4.5,a
2001-03-03,382,95.09,4.5,a
2001-03-04,473,238.485,4.9,a
2001-03-05,631,609.993,5.8,a
2001-03-06,541,384.144,6,a
2001-03-07,460,214.576,5.4,a
2001-03-08,438,176.814,5.3,a
2001-03-09,426,157.602,5.8,a
2001-03-10,451,198.724,6.4,a
2001-03-11,427,159.166,6.5,a
2001-03-12,408,130.555,6.8,a
2001-03-13,506,304.732,7.6,a
2001-03-14,529,355.821,6.2,a
2001-03-15,465,223.629,6.6,a
2001-03-16,445,188.468,6.7,a
2001-03-17,427,159.166,7.3,a
2001-03-18,438,176.814,7.4,a
2001-03-19,423,152.948,7.5,a
2001-03-20,419,146.834,7.4,a
2001-03-21,412,136.385,7.4,a
2001-03-22,409,132.003,7.7,a
2001-03-23,406,127.677,7.6,a
2001-03-24,402,121.999,8,a
2001-03-25,395,112.302,8.6,a
2001-03-26,412,136.385,8.6,a
2001-03-27,426,157.602,8.2,a
2001-03-28,422,151.41,7,a
2001-03-29,410,133.457,6.6,a
2001-03-30,439,178.458,6.7,a
2001-03-31,431,165.49,6.9,a
2001-04-01,412,136.385,7.2,a
2001-04-02,403,123.409,7.4,a
2001-04-03,390,105.56,7.5,a
2001-04-04,390,105.56,8.2,a
2001-04-05,392,108.239,8.9,a
2001-04-06,390,105.56,7.8,a
2001-04-07,383,96.378,8.4,a
2001-04-08,419,146.834,8.2,a
2001-04-09,416,142.317,7.4,a
2001-04-10,400,119.197,7.3,a
2001-04-11,395,112.302,8.2,a
2001-04-12,398,116.421,7.9,a
2001-04-13,386,100.277,8,a
2001-04-14,385,98.971,7.4,a
2001-04-15,381,93.808,6.8,a
2001-04-16,380,92.532,7.1,a
2001-04-17,376,87.489,7.1,a
2001-04-18,368,77.684,7.1,a
2001-04-19,372,82.539,7.5,a
2001-04-20,376,87.489,7.8,a
2001-04-21,412,136.385,7.8,a
2001-04-22,400,119.197,7.6,a
2001-04-23,395,112.302,7.5,a
2001-04-24,371,81.317,8,a
2001-04-25,364,72.92,9.3,a
2001-04-26,384,97.671,9.8,a
2001-04-27,392,108.239,8.9,a
2001-04-28,378,89.999,8.8,a
2001-04-29,376,87.489,9.2,a
2001-04-30,378,89.999,9.8,a
2001-05-01,373,83.768,10.4,a
2001-05-02,374,85.002,10.8,a
2001-05-03,378,89.999,11.4,a
2001-05-04,384,97.671,11.3,a
2001-05-05,378,89.999,11.2,a
2001-05-06,386,100.277,11,a
2001-05-07,387,101.589,10.8,a
2001-05-08,380,92.532,10.4,a
2001-05-09,378,89.999,10,a
2001-05-10,376,87.489,10.5,a
2001-05-11,372,82.539,10.7,a
2001-05-12,371,81.317,11.2,a
2001-05-13,365,74.103,11.4,a
2001-05-14,370,80.1,11.3,a
2001-05-15,368,77.684,11.5,a
2001-05-16,370,80.1,11.6,a
2001-05-17,362,70.573,11.8,a
2001-05-18,364,72.92,12.2,a
2001-05-19,388,102.906,11.8,a
2001-05-20,375,86.243,10.9,a
2001-05-21,367,76.484,11.4,a
2001-05-22,363,71.744,11.1,a
2001-05-23,363,71.744,11.1,a
2001-05-24,364,72.92,11.1,a
2001-05-25,359,68.31,12.1,a
2001-05-26,355,64.043,12.3,a
2001-05-27,354,63,12.4,a
2001-05-28,354,63,13.2,a
2001-05-29,356,65.096,13.6,a
2001-05-30,355,64.043,13.3,a
2001-05-31,382,95.09,13.9,a
2001-06-01,382,95.09,13.5,a
2001-06-02,362,70.573,12.2,a
2001-06-03,353,61.965,12.4,a
2001-06-04,356,65.096,12.4,a
2001-06-05,350,58.916,12.4,a
2001-06-06,352,60.94,12.5,a
2001-06-07,343,52.112,12.4,a
2001-06-08,347,55.947,13.2,a
2001-06-09,348,56.927,13.6,a
2001-06-10,347,55.947,13.5,a
2001-06-11,359,68.31,13.5,a
2001-06-12,425,156.044,12.3,a
2001-06-13,395,112.302,10.7,a
2001-06-14,375,86.243,12.1,a
2001-06-15,366,75.291,12.9,a
2001-06-16,356,65.096,13.5,a
2001-06-17,362,70.573,14.4,a
2001-06-18,399,117.806,13.9,a
2001-06-19,388,102.906,13.4,a
2001-06-20,369,78.889,13.1,a
2001-06-21,359,68.31,13.7,a
2001-06-22,357,66.158,14.3,a
2001-06-23,354,63,14.6,a
2001-06-24,338,47.515,14.9,a
2001-06-25,338,47.515,15.9,a
2001-06-26,342,51.175,16.1,a
2001-06-27,349,57.917,16.5,a
2001-06-28,337,46.621,17.1,a
2001-06-29,349,57.917,16.8,a
2001-06-30,340,49.328,16.7,a
2001-07-01,350,58.916,17.1,a
2001-07-02,344,53.058,16.4,a
2001-07-03,345,54.012,16.6,a
2001-07-04,338,47.515,16,a
2001-07-05,336,45.736,16.4,a
2001-07-06,340,49.328,16.4,a
2001-07-07,335,44.86,16.9,a
2001-07-08,336,45.736,17.4,a
2001-07-09,321,33.457,17.2,a
2001-07-10,332,42.28,16.4,a
2001-07-11,328,38.957,16.1,a
2001-07-12,330,40.602,16.4,a
2001-07-13,334,43.991,15.7,a
2001-07-14,335,44.86,17,a
2001-07-15,336,45.736,16.9,a
2001-07-16,330,40.602,17.1,a
2001-07-17,333,43.131,16.3,a
2001-07-18,334,43.991,16.6,a
2001-07-19,347,55.947,17.4,a
2001-07-20,418,145.322,17.1,a
2001-07-21,428,160.737,15,a
2001-07-22,382,95.09,14.1,a
2001-07-23,352,60.94,14.7,a
2001-07-24,349,57.917,15.3,a
2001-07-25,352,60.94,15.5,a
2001-07-26,341,50.247,15.2,a
2001-07-27,334,43.991,15.9,a
2001-07-28,344,53.058,16.6,a
2001-07-29,334,43.991,17.3,a
2001-07-30,337,46.621,17.3,a
2001-07-31,330,40.602,17.4,a
2001-08-01,325,36.551,17.3,a
2001-08-02,326,37.345,15.6,a
2001-08-03,326,37.345,17,a
2001-08-04,324,35.766,16.9,a
2001-08-05,327,38.147,17.2,a
2001-08-06,325,36.551,16.9,a
2001-08-07,324,35.766,16.2,a
2001-08-08,332,42.28,16.4,a
2001-08-09,318,31.219,16.8,a
2001-08-10,317,30.489,16.5,a
2001-08-11,325,36.551,16.2,a
2001-08-12,318,31.219,15,a
2001-08-13,322,34.218,15.1,a
2001-08-14,321,33.457,15.3,a
2001-08-15,319,31.957,15.8,a
2001-08-16,319,31.957,16,a
2001-08-17,327,38.147,16.4,a
2001-08-18,316,29.767,16.6,a
2001-08-19,320,32.703,16.5,a
2001-08-20,320,32.703,16.4,a
2001-08-21,318,31.219,16.3,a
2001-08-22,321,33.457,16.4,a
2001-08-23,319,31.957,16.6,a
2001-08-24,316,29.767,16.4,a
2001-08-25,313,27.647,16.3,a
2001-08-26,310,25.595,16.3,a
2001-08-27,313,27.647,16.3,a
2001-08-28,311,26.272,16.6,a
2001-08-29,313,27.647,16.1,a
2001-08-30,309,24.927,16.1,a
2001-08-31,311,26.272,15.7,a
2001-09-01,317,30.489,15.5,a
2001-09-02,317,30.489,15.7,a
2001-09-03,324,35.766,15.1,a
2001-09-04,329,39.775,14.9,a
2001-09-05,338,47.515,14.8,a
2001-09-06,326,37.345,13.8,a
2001-09-07,334,43.991,13.9,a
2001-09-08,326,37.345,13.7,a
2001-09-09,324,35.766,13.8,a
2001-09-10,342,51.175,12.6,a
2001-09-11,335,44.86,12.9,a
2001-09-12,324,35.766,13,a
2001-09-13,322,34.218,12.5,a
2001-09-14,337,46.621,12.8,a
2001-09-15,481,253.803,12.6,a
2001-09-16,416,142.317,10.8,a
2001-09-17,405,126.248,10.4,a
2001-09-18,383,96.378,10.4,a
2001-09-19,355,64.043,10.6,a
2001-09-20,343,52.112,11.1,a
2001-09-21,346,54.975,11.1,a
2001-09-22,335,44.86,11.7,a
2001-09-23,350,58.916,12,a
2001-09-24,528,353.513,11.8,a
2001-09-25,477,246.086,11.2,a
2001-09-26,524,344.36,11.5,a
2001-09-27,463,219.987,10.6,a
2001-09-28,429,162.315,10.4,a
2001-09-29,390,105.56,10.7,a
2001-09-30,375,86.243,11.5,a
2001-10-01,383,96.378,11.7,a
2001-10-02,365,74.103,11.8,a
2001-10-03,359,68.31,12.4,a
2001-10-04,360,68.249,12.7,a
2001-10-05,381,93.808,13.4,a
2001-10-06,366,75.291,12.5,a
2001-10-07,363,71.744,12.8,a
2001-10-08,423,152.948,12.8,a
2001-10-09,433,168.692,12,a
2001-10-10,390,105.56,11.3,a
2001-10-11,378,89.999,11.7,a
2001-10-12,364,72.92,11.7,a
2001-10-13,349,57.917,11.7,a
2001-10-14,346,54.975,11.7,a
2001-10-15,350,58.916,11.7,a
2001-10-16,349,57.917,11.5,a
2001-10-17,345,54.012,11.5,a
2001-10-18,348,56.927,11.6,a
2001-10-19,338,47.515,11,a
2001-10-20,332,42.28,11.6,a
2001-10-21,332,42.28,11.9,a
2001-10-22,371,81.317,11.7,a
2001-10-23,353,61.965,11.4,a
2001-10-24,346,54.975,11.6,a
2001-10-25,342,51.175,11.2,a
2001-10-26,343,52.112,11.1,a
2001-10-27,340,49.328,10.6,a
2001-10-28,334,43.991,10.4,a
2001-10-29,338,47.515,10.4,a
2001-10-30,339,48.417,10.1,a
2001-10-31,323,34.988,10,a
2001-11-01,328,38.957,10.3,a
2001-11-02,329,39.775,9.4,a
2001-11-03,332,42.28,8.7,a
2001-11-04,321,33.457,8.7,a
2001-11-05,326,37.345,8.1,a
2001-11-06,325,36.551,8.8,a
2001-11-07,326,37.345,8.8,a
2001-11-08,325,36.551,8.9,a
2001-11-09,338,47.515,9.1,a
2001-11-10,336,45.736,7.7,a
2001-11-11,331,41.437,7.7,a
2001-11-12,380,92.532,7.8,a
2001-11-13,409,132.003,7.6,a
2001-11-14,373,83.768,7.5,a
2001-11-15,364,72.92,7,a
2001-11-16,356,65.096,6.4,a
2001-11-17,344,53.058,6,a
2001-11-18,343,52.112,5.9,a
2001-11-19,343,52.112,6.2,a
2001-11-20,336,45.736,6,a
2001-11-21,339,48.417,6.2,a
2001-11-22,333,43.131,5.9,a
2001-11-23,334,43.991,6.6,a
2001-11-24,332,42.28,5.5,a
2001-11-25,324,35.766,5.2,a
2001-11-26,325,36.551,4.8,a
2001-11-27,328,38.957,5.9,a
2001-11-28,328,38.957,6.7,a
2001-11-29,325,36.551,6.4,a
2001-11-30,321,33.457,6.3,a
2001-12-01,323,34.988,6.5,a
2001-12-02,319,31.957,6.4,a
2001-12-03,318,31.219,6.3,a
2001-12-04,324,35.766,6.2,a
2001-12-05,322,34.218,6.4,a
2001-12-06,323,34.988,6.1,a
2001-12-07,326,37.345,6.2,a
2001-12-08,322,34.218,6,a
2001-12-09,318,31.219,5.5,a
2001-12-10,315,29.052,5.1,a
2001-12-11,319,31.957,4.7,a
2001-12-12,317,30.489,5.6,a
2001-12-13,317,30.489,5.3,a
2001-12-14,313,27.647,4.1,a
2001-12-15,310,25.595,2.9,a
2001-12-16,310,25.595,3.1,a
2001-12-17,314,28.346,3.3,a
2001-12-18,314,28.346,3.5,a
2001-12-19,313,27.647,3.2,a
2001-12-20,313,27.647,3.1,a
2001-12-21,313,27.647,3.8,a
2001-12-22,313,27.647,3.9,a
2001-12-23,313,27.647,4.2,a
2001-12-24,311,26.272,3.4,a
2001-12-25,311,26.272,2.4,a
2001-12-26,314,28.346,3.3,a
2001-12-27,314,28.346,3.7,a
2001-12-28,313,27.647,3.9,a
2001-12-29,313,27.647,3.4,a
2001-12-30,320,32.703,4.6,a
2001-12-31,320,32.703,4.3,a
2002-01-01,316,29.767,3.4,a
2002-01-02,313,27.647,3.1,a
2002-01-03,313,27.647,2.8,a
2002-01-04,312,26.955,2.5,a
2002-01-05,311,26.272,2.3,a
2002-01-06,312,26.955,2.5,a
2002-01-07,310,25.595,2.8,a
2002-01-08,304,21.697,2.9,a
2002-01-09,308,24.266,2.8,a
2002-01-10,310,25.595,3,a
2002-01-11,312,26.955,3.1,a
2002-01-12,309,24.927,3.5,a
2002-01-13,307,23.612,3.6,a
2002-01-14,306,22.966,3.9,a
2002-01-15,305,22.328,4.2,a
2002-01-16,305,22.328,3.8,a
2002-01-17,306,22.966,3.7,a
2002-01-18,308,24.266,4,a
2002-01-19,305,22.328,4.2,a
2002-01-20,307,23.612,4.1,a
2002-01-21,305,22.328,4,a
2002-01-22,306,22.966,4.6,a
2002-01-23,313,27.647,5,a
2002-01-24,314,28.346,5.4,a
2002-01-25,323,34.988,5.1,a
2002-01-26,316,29.767,5.5,a
2002-01-27,318,31.219,5.3,a
2002-01-28,318,31.219,5.6,a
2002-01-29,314,28.346,5.7,a
2002-01-30,317,30.489,5.6,a
2002-01-31,320,32.703,5.7,a
2002-02-01,323,34.988,5.5,a
2002-02-02,312,26.955,5.5,a
2002-02-03,312,26.955,5.8,a
2002-02-04,312,26.955,5.4,a
2002-02-05,308,24.266,5.5,a
2002-02-06,307,23.612,6.2,a
2002-02-07,328,38.957,6.6,a
2002-02-08,335,44.86,6.8,a
2002-02-09,329,39.775,6.9,a
2002-02-10,330,40.602,6.7,a
2002-02-11,331,41.437,6.5,a
2002-02-12,325,36.551,5.9,a
2002-02-13,323,34.988,6,a
2002-02-14,322,34.218,6.4,a
2002-02-15,318,31.219,6.3,a
2002-02-16,315,29.052,6.1,a
2002-02-17,316,29.767,5.2,a
2002-02-18,330,40.602,5.4,a
2002-02-19,349,57.917,6.1,a
2002-02-20,344,53.058,6.3,a
2002-02-21,345,54.012,6.5,a
2002-02-22,344,53.058,5.9,a
2002-02-23,337,46.621,6,a
2002-02-24,332,42.28,6.3,a
2002-02-25,333,43.131,5.6,a
2002-02-26,326,37.345,5.7,a
2002-02-27,324,35.766,6.7,a
2002-02-28,328,38.957,7.4,a
2002-03-01,387,101.589,7,a
2002-03-02,377,88.741,6.6,a
2002-03-03,414,139.338,7.1,a
2002-03-04,406,127.677,7,a
2002-03-05,385,98.971,6.6,a
2002-03-06,364,72.92,7.6,a
2002-03-07,367,76.484,7.6,a
2002-03-08,360,68.249,7.6,a
2002-03-09,353,61.965,7.9,a
2002-03-10,342,51.175,8,a
2002-03-11,347,55.947,7.8,a
2002-03-12,343,52.112,7.7,a
2002-03-13,339,48.417,7.9,a
2002-03-14,330,40.602,7.9,a
2002-03-15,338,47.515,8.8,a
2002-03-16,332,42.28,8.8,a
2002-03-17,330,40.602,8.8,a
2002-03-18,329,39.775,9,a
2002-03-19,333,43.131,9.3,a
2002-03-20,329,39.775,9.5,a
2002-03-21,333,43.131,9.7,a
2002-03-22,334,43.991,10.2,a
2002-03-23,333,43.131,9.9,a
2002-03-24,327,38.147,8.8,a
2002-03-25,330,40.602,7.9,a
2002-03-26,321,33.457,8.9,a
2002-03-27,326,37.345,8.4,a
2002-03-28,326,37.345,7.6,a
2002-03-29,323,34.988,7.7,a
2002-03-30,323,34.988,8.2,a
2002-03-31,320,32.703,8.5,a
2002-04-01,317,30.489,9.2,a
2002-04-02,319,31.957,9.4,a
2002-04-03,318,31.219,9.8,a
2002-04-04,322,34.218,10.1,a
2002-04-05,315,29.052,10.4,a
2002-04-06,315,29.052,9.6,a
2002-04-07,314,28.346,9.6,a
2002-04-08,314,28.346,9.5,a
2002-04-09,316,29.767,9.9,a
2002-04-10,319,31.957,9.1,a
2002-04-11,317,30.489,9,a
2002-04-12,351,59.923,9.1,a
2002-04-13,422,151.41,8.2,a
2002-04-14,407,120.459,8.4,a
2002-04-15,386,92.976,9.1,a
2002-04-16,384,90.552,9.1,a
2002-04-17,377,82.324,8.9,a
2002-04-18,361,64.973,9.2,a
2002-04-19,355,58.972,9.4,a
2002-04-20,346,50.47,9.7,a
2002-04-21,354,57.998,10,a
2002-04-22,358,61.939,10.2,a
2002-04-23,365,69.124,10.5,a
2002-04-24,358,61.939,10.7,a
2002-04-25,354,57.998,10.9,a
2002-04-26,345,49.561,11.1,a
2002-04-27,361,64.973,11.6,a
2002-04-28,364,68.075,10.2,a
2002-04-29,359,62.942,10.9,a
2002-04-30,356,59.953,10.7,a
2002-05-01,349,53.238,10.5,a
2002-05-02,349,53.238,11.1,a
2002-05-03,345,49.561,11.7,a
2002-05-04,349,53.238,11.8,a
2002-05-05,364,68.075,11.3,a
2002-05-06,359,62.942,11.1,a
2002-05-07,352,56.072,11.3,a
2002-05-08,343,47.766,12,a
2002-05-09,345,49.561,12.6,a
2002-05-10,359,62.942,12.5,a
2002-05-11,355,58.972,12.4,a
2002-05-12,348,52.308,12.7,a
2002-05-13,345,49.561,12.7,a
2002-05-14,346,50.47,12.6,a
2002-05-15,340,45.126,13.3,a
2002-05-16,342,46.879,13.5,a
2002-05-17,338,43.401,14.2,a
2002-05-18,328,35.192,14.4,a
2002-05-19,326,33.631,14.6,a
2002-05-20,336,41.704,14.6,a
2002-05-21,340,45.126,14.4,a
2002-05-22,334,40.035,14.3,a
2002-05-23,332,38.394,14.2,a
2002-05-24,334,40.035,14.2,a
2002-05-25,330,36.779,14.3,a
2002-05-26,344,48.66,14.1,a
2002-05-27,380,85.802,13.7,a
2002-05-28,376,81.18,14,a
2002-05-29,364,68.075,12.8,a
2002-05-30,353,57.031,13.3,a
2002-05-31,351,55.12,13.7,a
2002-06-01,333,39.211,13.9,a
2002-06-02,330,36.779,14.4,a
2002-06-03,336,41.704,14.6,a
2002-06-04,330,36.779,15.1,a
2002-06-05,331,37.583,15.1,a
2002-06-06,333,39.211,15,a
2002-06-07,371,75.583,14.5,a
2002-06-08,362,65.999,14,a
2002-06-09,357,60.942,13.6,a
2002-06-10,351,55.12,13.3,a
2002-06-11,351,55.12,13.6,a
2002-06-12,341,45.999,14,a
2002-06-13,341,45.999,14.6,a
2002-06-14,334,40.035,15.2,a
2002-06-15,327,34.408,16,a
2002-06-16,326,33.631,16.4,a
2002-06-17,340,45.126,16.9,a
2002-06-18,331,37.583,17.3,a
2002-06-19,320,29.108,17.7,a
2002-06-20,326,33.631,17.4,a
2002-06-21,329,35.982,17.8,a
2002-06-22,326,33.631,18.4,a
2002-06-23,318,27.653,18.5,a
2002-06-24,326,33.631,18.5,a
2002-06-25,339,44.26,18.1,a
2002-06-26,343,47.766,17,a
2002-06-27,335,40.866,17,a
2002-06-28,356,59.953,17.1,a
2002-06-29,370,74.487,15,a
2002-06-30,371,75.583,15.5,a
2002-07-01,342,46.879,15.6,a
2002-07-02,342,46.879,15.7,a
2002-07-03,342,46.879,16.2,a
2002-07-04,356,59.953,16.6,a
2002-07-05,400,110.88,15.4,a
2002-07-06,373,77.798,13.9,a
2002-07-07,354,57.998,14.8,a
2002-07-08,351,55.12,15.3,a
2002-07-09,339,44.26,16,a
2002-07-10,335,40.866,16.6,a
2002-07-11,330,36.779,16.9,a
2002-07-12,328,35.192,16.8,a
2002-07-13,319,28.377,16.5,a
2002-07-14,326,33.631,17.1,a
2002-07-15,367,71.246,17.4,a
2002-07-16,447,183.73,17,a
2002-07-17,394,103.005,15.5,a
2002-07-18,369,73.399,14.6,a
2002-07-19,360,63.954,14.9,a
2002-07-20,347,51.385,15.1,a
2002-07-21,333,39.211,15.3,a
2002-07-22,350,54.176,15.9,a
2002-07-23,348,52.308,15.5,a
2002-07-24,350,54.176,16.3,a
2002-07-25,352,56.072,16,a
2002-07-26,350,54.176,15.9,a
2002-07-27,338,43.401,15.7,a
2002-07-28,334,40.035,15.5,a
2002-07-29,331,37.583,15.9,a
2002-07-30,333,39.211,16.2,a
2002-07-31,337,42.549,16.3,a
2002-08-01,340,45.126,16.7,a
2002-08-02,340,45.126,16.4,a
2002-08-03,323,31.34,16.5,a
2002-08-04,324,32.097,16.5,a
2002-08-05,343,47.766,16.8,a
2002-08-06,383,89.352,16.9,a
2002-08-07,417,134.893,15.9,a
2002-08-08,380,85.802,14.5,a
2002-08-09,364,68.075,14.6,a
2002-08-10,351,55.12,14.6,a
2002-08-11,484,253.838,14.7,a
2002-08-12,568,439.066,12.6,a
2002-08-13,479,243.956,12.1,a
2002-08-14,425,147.091,12.2,a
2002-08-15,401,112.222,12.9,a
2002-08-16,381,86.977,13.6,a
2002-08-17,362,65.999,14.2,a
2002-08-18,360,63.954,14.5,a
2002-08-19,363,67.033,14.6,a
2002-08-20,353,57.031,14.8,a
2002-08-21,361,64.973,15.3,a
2002-08-22,363,67.033,14.6,a
2002-08-23,361,64.973,14.6,a
2002-08-24,352,56.072,15,a
2002-08-25,345,49.561,15,a
2002-08-26,350,54.176,15.2,a
2002-08-27,362,65.999,15.4,a
2002-08-28,353,57.031,14.9,a
2002-08-29,351,55.12,15.2,a
2002-08-30,351,55.12,14.9,a
2002-08-31,340,45.126,14.9,a
2002-09-01,333,39.211,15,a
2002-09-02,338,43.401,14.6,a
2002-09-03,339,44.26,15,a
2002-09-04,336,41.704,14.8,a
2002-09-05,337,42.549,14.9,a
2002-09-06,336,41.704,14.7,a
2002-09-07,327,34.408,14.1,a
2002-09-08,328,35.192,14.2,a
2002-09-09,328,35.192,14.6,a
2002-09-10,331,37.583,14.5,a
2002-09-11,332,38.394,15,a
2002-09-12,332,38.394,14.3,a
2002-09-13,331,37.583,13.5,a
2002-09-14,325,32.861,13.2,a
2002-09-15,325,32.861,13.2,a
2002-09-16,327,34.408,12.9,a
2002-09-17,325,32.861,13,a
2002-09-18,324,32.097,13.2,a
2002-09-19,330,36.779,13.3,a
2002-09-20,324,32.097,13.5,a
2002-09-21,320,29.108,13.7,a
2002-09-22,325,32.861,13.4,a
2002-09-23,340,45.126,12.9,a
2002-09-24,383,89.352,12.4,a
2002-09-25,416,133.41,12.1,a
2002-09-26,409,123.275,11.6,a
2002-09-27,370,74.487,11.1,a
2002-09-28,348,52.308,10.7,a
2002-09-29,341,45.999,10.6,a
2002-09-30,345,49.561,10.3,a
2002-10-01,340,45.126,10.5,a
2002-10-02,343,47.766,10.7,a
2002-10-03,342,46.879,10.8,a
2002-10-04,326,33.631,10.9,a
2002-10-05,325,32.861,11.2,a
2002-10-06,321,29.846,10.9,a
2002-10-07,327,34.408,11.1,a
2002-10-08,328,35.192,11,a
2002-10-09,333,39.211,10.8,a
2002-10-10,334,40.035,10.8,a
2002-10-11,359,62.942,11,a
2002-10-12,401,112.222,10.9,a
2002-10-13,389,96.674,10.5,a
2002-10-14,371,75.583,10.2,a
2002-10-15,364,68.075,10.4,a
2002-10-16,352,56.072,11.1,a
2002-10-17,364,68.075,11.4,a
2002-10-18,538,368.691,11.1,a
2002-10-19,493,271.944,9.5,a
2002-10-20,422,142.448,9.3,a
2002-10-21,393,101.722,9,a
2002-10-22,475,236.14,10.3,a
2002-10-23,498,282.18,10.3,a
2002-10-24,501,288.383,10.1,a
2002-10-25,457,201.957,9.3,a
2002-10-26,425,147.091,9.8,a
2002-10-27,399,109.546,10,a
2002-10-28,392,100.447,10.3,a
2002-10-29,386,92.976,8.9,a
2002-10-30,380,85.802,9.2,a
2002-10-31,359,62.942,9.5,a
2002-11-01,362,65.999,9.6,a
2002-11-02,361,64.973,9.7,a
2002-11-03,355,58.972,9.4,a
2002-11-04,377,82.324,9.6,a
2002-11-05,361,64.973,9.4,a
2002-11-06,356,59.953,8.7,a
2002-11-07,352,56.072,7.8,a
2002-11-08,347,51.385,7.2,a
2002-11-09,339,44.26,6.8,a
2002-11-10,337,42.549,7.2,a
2002-11-11,346,50.47,7.3,a
2002-11-12,344,48.66,7.3,a
2002-11-13,343,47.766,8.1,a
2002-11-14,356,59.953,8.7,a
2002-11-15,368,72.319,8.7,a
2002-11-16,357,60.942,8.9,a
2002-11-17,386,92.976,9.5,a
2002-11-18,451,190.919,9.6,a
2002-11-19,592,498.834,9.4,a
2002-11-20,507,309.081,8.6,a
2002-11-21,446,191.244,8.7,a
2002-11-22,579,473.522,8.9,a
2002-11-23,544,390.152,8.5,a
2002-11-24,472,238.331,8.3,a
2002-11-25,452,201.63,8.7,a
2002-11-26,476,246.063,8.9,a
2002-11-27,489,272.121,8.9,a
2002-11-28,437,176.19,8.8,a
2002-11-29,429,163.328,8.6,a
2002-11-30,420,149.433,8.6,a
2002-12-01,435,172.929,8.5,a
2002-12-02,421,150.947,8.1,a
2002-12-03,411,136.132,7.6,a
2002-12-04,400,120.663,7.4,a
2002-12-05,397,116.592,7.6,a
2002-12-06,400,120.663,7.9,a
2002-12-07,396,115.249,7.7,a
2002-12-08,389,106.04,7.1,a
2002-12-09,381,95.922,6.2,a
2002-12-10,373,86.23,5,a
2002-12-11,368,80.384,4.7,a
2002-12-12,367,79.234,4.6,a
2002-12-13,366,78.09,4.8,a
2002-12-14,363,74.698,5.2,a
2002-12-15,357,68.084,5.3,a
2002-12-16,360,71.363,5.2,a
2002-12-17,359,70.264,5.6,a
2002-12-18,359,70.264,5.7,a
2002-12-19,353,63.799,5.8,a
2002-12-20,349,59.613,5.9,a
2002-12-21,345,55.523,5.2,a
2002-12-22,345,55.523,5.6,a
2002-12-23,350,60.65,6.4,a
2002-12-24,347,57.556,6.4,a
2002-12-25,343,53.515,5.9,a
2002-12-26,344,54.516,5.7,a
2002-12-27,344,54.516,5.8,a
2002-12-28,355,65.929,6.4,a
2002-12-29,386,102.195,6.7,a
2002-12-30,370,82.703,7,a
2002-12-31,372,85.047,7.4,a
2003-01-01,366,78.09,7.1,a
2003-01-02,368,80.384,6.5,a
2003-01-03,374,87.418,6.9,a
2003-01-04,374,87.418,6.5,a
2003-01-05,366,78.09,6.8,a
2003-01-06,365,76.953,5.5,a
2003-01-07,363,74.698,4.4,a
2003-01-08,355,65.929,3.6,a
2003-01-09,355,65.929,3.4,a
2003-01-10,350,60.65,3.1,a
2003-01-11,350,60.65,2.9,a
2003-01-12,341,51.53,2.1,a
2003-01-13,337,48.288,1.6,a
2003-01-14,344,54.516,2.2,a
2003-01-15,342,52.519,2.8,a
2003-01-16,350,60.65,2.7,a
2003-01-17,344,54.516,3.3,a
2003-01-18,340,50.546,3.7,a
2003-01-19,338,49.173,3.6,a
2003-01-20,340,50.546,3.5,a
2003-01-21,335,46.547,3.4,a
2003-01-22,387,103.47,4.1,a
2003-01-23,383,98.411,4.6,a
2003-01-24,373,86.23,4.8,a
2003-01-25,363,74.698,5,a
2003-01-26,360,71.363,5.3,a
2003-01-27,356,67.003,4.9,a
2003-01-28,352,62.743,5.1,a
2003-01-29,351,61.694,5,a
2003-01-30,341,51.53,4.6,a
2003-01-31,342,52.519,5,a
2003-02-01,341,51.53,4.6,a
2003-02-02,342,52.519,3.9,a
2003-02-03,344,54.516,3.4,a
2003-02-04,340,50.546,3.1,a
2003-02-05,335,46.547,3.4,a
2003-02-06,328,40.742,3.6,a
2003-02-07,322,36.119,3.2,a
2003-02-08,337,48.288,3.3,a
2003-02-09,329,41.544,4.4,a
2003-02-10,335,46.547,4.3,a
2003-02-11,328,40.742,4.3,a
2003-02-12,327,39.949,3.7,a
2003-02-13,328,40.742,3.4,a
2003-02-14,331,43.175,3.3,a
2003-02-15,329,41.544,2.9,a
2003-02-16,324,37.624,3.4,a
2003-02-17,328,40.742,3.4,a
2003-02-18,328,40.742,3.2,a
2003-02-19,324,37.624,3.1,a
2003-02-20,326,39.165,2.7,a
2003-02-21,328,40.742,3.6,a
2003-02-22,317,32.509,4.6,a
2003-02-23,319,33.927,3.6,a
2003-02-24,320,34.649,3.4,a
2003-02-25,322,36.119,3.4,a
2003-02-26,323,36.867,3.5,a
2003-02-27,324,37.624,4,a
2003-02-28,318,33.213,4.5,a
2003-03-01,320,34.649,5,a
2003-03-02,325,38.39,5,a
2003-03-03,328,40.742,5.6,a
2003-03-04,333,44.842,5.6,a
2003-03-05,335,46.547,5.9,a
2003-03-06,334,45.69,5.8,a
2003-03-07,333,44.842,5.7,a
2003-03-08,327,39.949,6,a
2003-03-09,326,39.165,6.1,a
2003-03-10,329,41.544,6.8,a
2003-03-11,329,41.544,6.6,a
2003-03-12,331,43.175,7.3,a
2003-03-13,333,44.842,7.5,a
2003-03-14,334,45.69,6.6,a
2003-03-15,326,39.165,6.6,a
2003-03-16,329,41.544,6.6,a
2003-03-17,329,41.544,6.6,a
2003-03-18,324,37.624,6.6,a
2003-03-19,323,36.867,6.7,a
2003-03-20,323,36.867,6.8,a
2003-03-21,322,36.119,7.4,a
2003-03-22,319,33.927,6.6,a
2003-03-23,319,33.927,6.2,a
2003-03-24,320,34.649,6.3,a
2003-03-25,322,36.119,7.1,a
2003-03-26,321,35.379,7.7,a
2003-03-27,316,31.812,7.9,a
2003-03-28,312,29.113,8.1,a
2003-03-29,316,31.812,8.6,a
2003-03-30,316,31.812,9.3,a
2003-03-31,320,34.649,9.3,a
2003-04-01,328,40.742,9.3,a
2003-04-02,330,42.355,9.1,a
2003-04-03,361,72.468,8.1,a
2003-04-04,363,74.698,7.5,a
2003-04-05,346,56.536,7.1,a
2003-04-06,346,56.536,7.8,a
2003-04-07,338,49.173,6.6,a
2003-04-08,335,46.547,6.4,a
2003-04-09,329,41.544,6.9,a
2003-04-10,331,43.175,11.1,a
2003-04-11,333,44.842,10.8,a
2003-04-12,352,62.743,10.5,a
2003-04-13,363,74.698,10.1,a
2003-04-14,353,63.799,,a
2003-04-15,358,69.171,,a
2003-04-16,360,71.363,,a
2003-04-17,363,74.698,,a
2003-04-18,360,71.363,,a
2003-04-19,357,68.084,10.5,a
2003-04-20,351,61.694,10.3,a
2003-04-21,348,58.581,10.1,a
2003-04-22,350,60.65,9.9,a
2003-04-23,352,62.743,9.6,a
2003-04-24,349,59.613,10.3,a
2003-04-25,349,59.613,10.4,a
2003-04-26,347,57.556,10.9,a
2003-04-27,347,57.556,11.7,a
2003-04-28,348,58.581,11.1,a
2003-04-29,347,57.556,11.2,a
2003-04-30,348,58.581,11.5,a
2003-05-01,349,59.613,11.9,a
2003-05-02,350,60.65,12.1,a
2003-05-03,348,58.581,12.2,a
2003-05-04,338,49.173,11.8,a
2003-05-05,339,50.068,12.3,a
2003-05-06,340,50.546,12.6,a
2003-05-07,335,46.547,12.9,a
2003-05-08,331,43.175,13.5,a
2003-05-09,331,43.175,13.7,a
2003-05-10,329,41.544,13.6,a
2003-05-11,327,39.949,13.7,a
2003-05-12,332,44.004,13.7,a
2003-05-13,328,40.742,13.8,a
2003-05-14,329,41.544,13.9,a
2003-05-15,328,40.742,12.3,a
2003-05-16,327,39.949,12.4,a
2003-05-17,319,33.927,12.2,a
2003-05-18,319,33.927,12.4,a
2003-05-19,320,34.649,13,a
2003-05-20,325,38.39,13.5,a
2003-05-21,358,69.171,12.4,a
2003-05-22,348,58.581,12.3,a
2003-05-23,336,47.413,12.2,a
2003-05-24,326,39.165,12.8,a
2003-05-25,321,35.379,13.4,a
2003-05-26,324,37.624,13.8,a
2003-05-27,323,36.867,14.9,a
2003-05-28,322,36.119,14.7,a
2003-05-29,325,38.39,15,a
2003-05-30,321,35.379,15.3,a
2003-05-31,318,33.213,15.6,a
2003-06-01,315,31.125,,a
2003-06-02,322,36.119,16.2,a
2003-06-03,323,36.867,,a
2003-06-04,320,34.649,15.9,a
2003-06-05,315,31.125,,a
2003-06-06,316,31.812,,a
2003-06-07,317,32.509,18.3,a
2003-06-08,313,29.775,,a
2003-06-09,312,29.113,,a
2003-06-10,309,27.177,,a
2003-06-11,308,26.548,21.4,a
2003-06-12,313,29.775,,a
2003-06-13,309,27.177,,a
2003-06-14,306,25.315,,a
2003-06-15,313,29.775,21.5,a
2003-06-16,312,29.113,,a
2003-06-17,319,33.927,21.4,a
2003-06-18,317,32.509,,a
2003-06-19,314,30.446,20.1,a
2003-06-20,312,29.113,,a
2003-06-21,315,31.125,21.8,a
2003-06-22,312,29.113,,a
2003-06-23,316,31.812,,a
2003-06-24,314,30.446,,a
2003-06-25,308,26.548,,a
2003-06-26,312,29.113,,a
2003-06-27,312,29.113,19,a
2003-06-28,313,29.775,,a
2003-06-29,338,49.173,,a
2003-06-30,324,37.624,18.3,a
2003-07-01,326,39.165,17.8,a
2003-07-02,322,36.119,17.3,a
2003-07-03,322,36.119,16.4,a
2003-07-04,368,80.384,16.7,a
2003-07-05,362,73.58,15.7,a
2003-07-06,341,51.53,14.9,a
2003-07-07,331,43.175,15.1,a
2003-07-08,330,42.355,15.3,a
2003-07-09,325,38.39,15.6,a
2003-07-10,323,36.867,15.8,a
2003-07-11,322,36.119,15.2,a
2003-07-12,322,36.119,16.4,a
2003-07-13,320,34.649,16.9,a
2003-07-14,311,28.459,16.5,a
2003-07-15,314,30.446,16.5,a
2003-07-16,312,29.113,17.2,a
2003-07-17,312,29.113,17.7,a
2003-07-18,315,31.125,17.6,a
2003-07-19,312,29.113,17.4,a
2003-07-20,310,27.814,17.7,a
2003-07-21,318,33.213,17.8,a
2003-07-22,314,30.446,18.3,a
2003-07-23,313,29.775,18.3,a
2003-07-24,316,31.812,17.7,a
2003-07-25,317,32.509,17.9,a
2003-07-26,309,27.177,17.9,a
2003-07-27,309,27.177,18,a
2003-07-28,307,25.927,18.1,a
2003-07-29,314,30.446,,a
2003-07-30,304,24.114,,a
2003-07-31,306,25.315,,a
2003-08-01,310,27.814,,a
2003-08-02,306,25.315,,a
2003-08-03,309,27.177,,a
2003-08-04,303,23.526,,a
2003-08-05,299,21.253,,a
2003-08-06,300,21.809,,a
2003-08-07,303,23.526,,a
2003-08-08,300,21.809,,a
2003-08-09,300,21.809,,a
2003-08-10,300,21.809,,a
2003-08-11,302,22.946,,a
2003-08-12,299,21.253,,a
2003-08-13,300,21.809,,a
2003-08-14,304,24.114,,a
2003-08-15,306,25.315,,a
2003-08-16,307,25.927,,a
2003-08-17,304,24.114,,a
2003-08-18,300,21.809,,a
2003-08-19,302,22.946,,a
2003-08-20,304,24.114,,a
2003-08-21,302,22.946,,a
2003-08-22,303,23.526,,a
2003-08-23,303,23.526,,a
2003-08-24,302,22.946,,a
2003-08-25,306,25.315,,a
2003-08-26,304,24.114,,a
2003-08-27,304,24.114,,a
2003-08-28,304,24.114,,a
2003-08-29,314,30.446,,a
2003-08-30,339,50.068,,a
2003-08-31,357,68.084,,a
2003-09-01,398,117.942,,a
2003-09-02,349,59.613,,a
2003-09-03,332,44.004,,a
2003-09-04,332,44.004,,a
2003-09-05,324,37.624,,a
2003-09-06,317,32.509,,a
2003-09-07,311,28.459,,a
2003-09-08,313,29.775,,a
2003-09-09,310,27.814,,a
2003-09-10,319,33.927,,a
2003-09-11,319,33.927,,a
2003-09-12,326,39.165,,a
2003-09-13,320,34.649,,a
2003-09-14,319,33.927,,a
2003-09-15,316,31.812,,a
2003-09-16,316,31.812,,a
2003-09-17,316,31.812,,a
2003-09-18,309,27.177,,a
2003-09-19,309,27.177,,a
2003-09-20,309,27.177,,a
2003-09-21,309,27.177,,a
2003-09-22,309,27.177,,a
2003-09-23,307,25.927,,a
2003-09-24,311,28.459,,a
2003-09-25,313,29.775,,a
2003-09-26,310,27.814,,a
2003-09-27,307,25.927,,a
2003-09-28,307,25.927,,a
2003-09-29,317,32.509,,a
2003-09-30,321,35.379,,a
2003-10-01,319,33.927,,a
2003-10-02,314,30.446,,a
2003-10-03,319,33.927,,a
2003-10-04,387,103.47,,a
2003-10-05,455,198.258,,a
2003-10-06,436,164.833,,a
2003-10-07,404,116.302,,a
2003-10-08,380,85.802,,a
2003-10-09,350,54.176,,a
2003-10-10,352,56.072,,a
2003-10-11,342,46.879,,a
2003-10-12,331,37.583,,a
2003-10-13,328,35.192,,a
2003-10-14,327,34.408,,a
2003-10-15,321,29.846,,a
2003-10-16,321,29.846,,a
2003-10-17,321,29.846,,a
2003-10-18,321,29.846,,a
2003-10-19,319,28.377,,a
2003-10-20,324,32.097,,a
2003-10-21,375,80.045,,a
2003-10-22,373,77.798,,a
2003-10-23,363,67.033,,a
2003-10-24,367,71.246,,a
2003-10-25,350,54.176,,a
2003-10-26,335,40.866,,a
2003-10-27,343,47.766,,a
2003-10-28,339,44.26,,a
2003-10-29,338,43.401,,a
2003-10-30,390,97.924,,a
2003-10-31,416,133.41,,a
2003-11-01,573,451.262,,a
2003-11-02,647,659.729,,a
2003-11-03,496,291.749,,a
2003-11-04,433,174.698,,a
2003-11-05,403,129.797,,a
2003-11-06,371,88.871,,a
2003-11-07,362,78.58,,a
2003-11-08,352,67.743,,a
2003-11-09,353,68.799,,a
2003-11-10,358,74.17,,a
2003-11-11,344,59.515,,a
2003-11-12,351,66.693,,a
2003-11-13,345,60.523,,a
2003-11-14,336,52.413,,a
2003-11-15,328,45.742,,a
2003-11-16,319,38.927,,a
2003-11-17,341,56.529,,a
2003-11-18,352,67.743,,a
2003-11-19,353,68.799,,a
2003-11-20,345,60.523,,a
2003-11-21,331,48.175,,a
2003-11-22,330,47.355,,a
2003-11-23,322,41.119,,a
2003-11-24,330,47.355,,a
2003-11-25,322,41.119,,a
2003-11-26,378,97.238,,a
2003-11-27,584,490.974,,a
2003-11-28,534,372.534,,a
2003-11-29,486,270.98,,a
2003-11-30,438,182.831,,a
2003-12-01,400,125.663,,a
2003-12-02,393,116.261,,a
2003-12-03,374,92.418,,a
2003-12-04,364,80.822,,a
2003-12-05,354,69.861,,a
2003-12-06,347,62.555,,a
2003-12-07,347,62.555,,a
2003-12-08,346,61.536,,a
2003-12-09,340,55.546,,a
2003-12-10,341,56.529,,a
2003-12-11,343,58.514,,a
2003-12-12,337,53.288,,a
2003-12-13,334,50.69,,a
2003-12-14,335,51.547,,a
2003-12-15,334,50.69,,a
2003-12-16,337,53.288,,a
2003-12-17,329,46.544,,a
2003-12-18,328,45.742,,a
2003-12-19,329,46.544,,a
2003-12-20,326,44.165,,a
2003-12-21,323,41.867,,a
2003-12-22,370,87.702,,a
2003-12-23,347,62.555,,a
2003-12-24,337,53.288,,a
2003-12-25,334,50.69,,a
2003-12-26,329,46.544,,a
2003-12-27,332,49.004,,a
2003-12-28,331,48.175,,a
2003-12-29,391,113.637,,a
2003-12-30,500,292.079,,a
2003-12-31,477,246.086,,a
2004-01-01,421,149.878,,a
2004-01-02,398,116.421,,a
2004-01-03,380,92.532,,a
2004-01-04,364,72.92,,a
2004-01-05,357,66.158,,a
2004-01-06,355,64.043,,a
2004-01-07,352,60.94,,a
2004-01-08,343,52.112,,a
2004-01-09,342,51.175,,a
2004-01-10,340,49.328,,a
2004-01-11,335,44.86,,a
2004-01-12,341,50.247,,a
2004-01-13,338,47.515,,a
2004-01-14,336,45.736,,a
2004-01-15,337,46.621,,a
2004-01-16,338,47.515,,a
2004-01-17,389,104.23,,a
2004-01-18,407,129.113,,a
2004-01-19,378,89.999,,a
2004-01-20,363,71.744,,a
2004-01-21,359,68.31,,a
2004-01-22,352,60.94,,a
2004-01-23,346,54.975,,a
2004-01-24,340,49.328,,a
2004-01-25,339,48.417,,a
2004-01-26,337,46.621,,a
2004-01-27,336,45.736,,a
2004-01-28,335,44.86,,a
2004-01-29,331,41.437,,a
2004-01-30,331,41.437,,a
2004-01-31,326,37.345,,a
2004-02-01,332,42.28,,a
2004-02-02,329,39.775,,a
2004-02-03,326,37.345,,a
2004-02-04,324,35.766,,a
2004-02-05,331,41.437,,a
2004-02-06,336,45.736,,a
2004-02-07,343,52.112,,a
2004-02-08,339,48.417,,a
2004-02-09,344,53.058,,a
2004-02-10,340,49.328,,a
2004-02-11,340,49.328,,a
2004-02-12,337,46.621,,a
2004-02-13,336,45.736,,a
2004-02-14,332,42.28,,a
2004-02-15,326,37.345,,a
2004-02-16,325,36.551,,a
2004-02-17,322,34.218,,a
2004-02-18,320,32.703,,a
2004-02-19,314,28.346,,a
2004-02-20,329,39.775,,a
2004-02-21,325,36.551,,a
2004-02-22,334,43.991,,a
2004-02-23,409,132.003,,a
2004-02-24,428,160.737,,a
2004-02-25,387,101.589,,a
2004-02-26,372,82.539,,a
2004-02-27,361,69.408,,a
2004-02-28,354,63,,a
2004-02-29,351,59.923,,a
2004-03-01,345,54.012,,a
2004-03-02,335,44.86,,a
2004-03-03,339,48.417,,a
2004-03-04,334,43.991,,a
2004-03-05,336,45.736,,a
2004-03-06,333,43.131,,a
2004-03-07,333,43.131,,a
2004-03-08,330,40.602,,a
2004-03-09,334,43.991,,a
2004-03-10,331,41.437,,a
2004-03-11,333,43.131,,a
2004-03-12,331,41.437,,a
2004-03-13,331,41.437,,a
2004-03-14,339,48.417,,a
2004-03-15,357,66.158,,a
2004-03-16,392,108.239,,a
2004-03-17,409,132.003,,a
2004-03-18,426,157.602,,a
2004-03-19,429,162.315,,a
2004-03-20,436,173.545,,a
2004-03-21,430,163.899,,a
2004-03-22,468,229.146,,a
2004-03-23,468,229.146,,a
2004-03-24,449,195.278,,a
2004-03-25,429,162.315,,a
2004-03-26,405,126.248,,a
2004-03-27,391,106.896,,a
2004-03-28,381,93.808,,a
2004-03-29,377,88.741,,a
2004-03-30,369,78.889,,a
2004-03-31,368,77.684,,a
2004-04-01,368,77.684,,a
2004-04-02,375,86.243,,a
2004-04-03,383,96.378,,a
2004-04-04,391,106.896,,a
2004-04-05,406,127.677,,a
2004-04-06,470,232.86,,a
2004-04-07,481,253.803,,a
2004-04-08,451,198.724,,a
2004-04-09,425,156.044,,a
2004-04-10,432,167.088,,a
2004-04-11,415,140.825,,a
2004-04-12,410,133.457,,a
2004-04-13,405,126.248,,a
2004-04-14,392,108.239,,a
2004-04-15,387,101.589,,a
2004-04-16,383,96.378,,a
2004-04-17,380,92.532,,a
2004-04-18,379,91.263,,a
2004-04-19,398,116.421,,a
2004-04-20,414,139.338,,a
2004-04-21,409,132.003,,a
2004-04-22,403,123.409,,a
2004-04-23,415,140.825,,a
2004-04-24,417,143.817,,a
2004-04-25,422,151.41,,a
2004-04-26,394,110.941,,a
2004-04-27,386,100.277,,a
2004-04-28,387,101.589,,a
2004-04-29,388,102.906,,a
2004-04-30,381,93.808,,a
2004-05-01,386,100.277,,a
2004-05-02,391,106.896,,a
2004-05-03,395,112.302,,a
2004-05-04,396,113.669,,a
2004-05-05,433,168.692,,a
2004-05-06,506,304.732,,a
2004-05-07,469,234.218,,a
2004-05-08,439,181.081,,a
2004-05-09,427,161.788,,a
2004-05-10,411,137.731,,a
2004-05-11,395,115.513,,a
2004-05-12,394,114.183,,a
2004-05-13,397,118.192,,a
2004-05-14,391,110.237,,a
2004-05-15,389,107.64,,a
2004-05-16,382,98.763,,a
2004-05-17,381,97.522,,a
2004-05-18,376,91.415,,a
2004-05-19,382,98.763,,a
2004-05-20,380,96.287,,a
2004-05-21,384,101.266,,a
2004-05-22,401,123.634,,a
2004-05-23,443,187.756,,a
2004-05-24,410,136.289,,a
2004-05-25,390,108.935,,a
2004-05-26,382,98.763,,a
2004-05-27,375,90.213,,a
2004-05-28,377,92.623,,a
2004-05-29,379,95.059,,a
2004-05-30,372,86.647,,a
2004-05-31,370,84.302,,a
2004-06-01,375,90.213,,a
2004-06-02,370,84.302,,a
2004-06-03,369,83.14,,a
2004-06-04,366,79.69,,a
2004-06-05,362,75.18,,a
2004-06-06,350,62.25,,a
2004-06-07,358,70.77,,a
2004-06-08,357,69.684,,a
2004-06-09,356,68.603,,a
2004-06-10,357,69.684,,a
2004-06-11,359,71.863,,a
2004-06-12,351,63.293,,a
2004-06-13,423,155.597,,a
2004-06-14,404,127.789,,a
2004-06-15,383,100.011,,a
2004-06-16,371,85.471,,a
2004-06-17,364,77.422,,a
2004-06-18,362,75.18,,a
2004-06-19,351,63.293,,a
2004-06-20,447,194.555,,a
2004-06-21,514,325.872,,a
2004-06-22,439,179.481,,a
2004-06-23,406,128.994,,a
2004-06-24,396,115.249,,a
2004-06-25,409,133.255,,a
2004-06-26,411,136.132,,a
2004-06-27,380,94.688,,a
2004-06-28,381,95.922,,a
2004-06-29,385,100.927,,a
2004-06-30,378,92.238,,a
2004-07-01,373,86.23,,a
2004-07-02,445,189.54,,a
2004-07-03,499,293.148,,a
2004-07-04,441,182.803,,a
2004-07-05,404,126.189,,a
2004-07-06,395,113.913,,a
2004-07-07,382,97.163,,a
2004-07-08,376,89.815,,a
2004-07-09,375,88.613,,a
2004-07-10,370,82.703,,a
2004-07-11,378,92.238,,a
2004-07-12,385,100.927,,a
2004-07-13,377,91.023,,a
2004-07-14,373,86.23,,a
2004-07-15,365,76.953,,a
2004-07-16,359,70.264,,a
2004-07-17,361,72.468,,a
2004-07-18,356,67.003,,a
2004-07-19,357,68.084,,a
2004-07-20,354,64.861,,a
2004-07-21,351,61.694,,a
2004-07-22,348,58.581,,a
2004-07-23,349,59.613,,a
2004-07-24,345,55.523,,a
2004-07-25,345,55.523,,a
2004-07-26,343,53.515,,a
2004-07-27,372,85.047,,a
2004-07-28,360,71.363,,a
2004-07-29,360,71.363,,a
2004-07-30,351,61.694,,a
2004-07-31,336,47.413,,a
2004-08-01,345,55.523,,a
2004-08-02,341,51.53,,a
2004-08-03,333,44.842,,a
2004-08-04,339,50.068,,a
2004-08-05,342,52.519,,a
2004-08-06,335,46.547,,a
2004-08-07,336,47.413,,a
2004-08-08,346,56.536,,a
2004-08-09,343,53.515,,a
2004-08-10,341,51.53,,a
2004-08-11,339,50.068,,a
2004-08-12,330,42.355,,a
2004-08-13,336,47.413,,a
2004-08-14,358,69.171,,a
2004-08-15,356,67.003,,a
2004-08-16,342,52.519,,a
2004-08-17,340,50.546,,a
2004-08-18,339,50.068,,a
2004-08-19,332,44.004,,a
2004-08-20,335,46.547,,a
2004-08-21,343,53.515,,a
2004-08-22,358,69.171,,a
2004-08-23,347,57.556,,a
2004-08-24,341,51.53,,a
2004-08-25,337,48.288,,a
2004-08-26,358,69.171,,a
2004-08-27,364,75.822,,a
2004-08-28,352,62.743,,a
2004-08-29,340,50.546,,a
2004-08-30,340,50.546,,a
2004-08-31,364,75.822,,a
2004-09-01,446,191.244,,a
2004-09-02,394,112.584,,a
2004-09-03,375,88.613,,a
2004-09-04,356,67.003,,a
2004-09-05,351,61.694,,a
2004-09-06,346,56.536,,a
2004-09-07,342,52.519,,a
2004-09-08,333,44.842,,a
2004-09-09,334,45.69,,a
2004-09-10,331,43.175,,a
2004-09-11,333,44.842,,a
2004-09-12,331,43.175,,a
2004-09-13,333,44.842,,a
2004-09-14,329,41.544,,a
2004-09-15,349,59.613,,a
2004-09-16,394,112.584,,a
2004-09-17,381,95.922,,a
2004-09-18,360,71.363,,a
2004-09-19,354,64.861,,a
2004-09-20,349,59.613,,a
2004-09-21,340,50.546,,a
2004-09-22,339,50.068,,a
2004-09-23,332,44.004,,a
2004-09-24,426,158.63,,a
2004-09-25,461,217.745,,a
2004-09-26,387,103.47,,a
2004-09-27,376,89.815,,a
2004-09-28,363,74.698,,a
2004-09-29,358,69.171,,a
2004-09-30,352,62.743,,a
2004-10-01,345,55.523,,a
2004-10-02,343,53.515,,a
2004-10-03,338,49.173,,a
2004-10-04,339,50.068,,a
2004-10-05,337,48.288,,a
2004-10-06,333,44.842,,a
2004-10-07,333,44.842,,a
2004-10-08,337,48.288,,a
2004-10-09,332,44.004,,a
2004-10-10,534,367.533,,a
2004-10-11,574,461.208,,a
2004-10-12,488,270.065,,a
2004-10-13,425,157.078,,a
2004-10-14,399,119.299,,a
2004-10-15,393,111.261,,a
2004-10-16,487,268.018,,a
2004-10-17,542,385.586,,a
2004-10-18,466,226.98,,a
2004-10-19,429,163.328,,a
2004-10-20,410,134.69,,a
2004-10-21,397,116.592,,a
2004-10-22,415,141.971,,a
2004-10-23,432,168.095,,a
2004-10-24,401,122.034,,a
2004-10-25,392,109.946,,a
2004-10-26,383,98.411,,a
2004-10-27,378,92.238,,a
2004-10-28,383,98.411,,a
2004-10-29,386,102.195,,a
2004-10-30,497,288.873,,a
2004-10-31,583,483.472,,a
2004-11-01,643,643.349,,a
2004-11-02,512,319.619,,a
2004-11-03,460,215.923,,a
2004-11-04,438,177.832,,a
2004-11-05,417,144.934,,a
2004-11-06,409,133.255,,a
2004-11-07,402,123.412,,a
2004-11-08,394,112.584,,a
2004-11-09,390,107.335,,a
2004-11-10,394,112.584,,a
2004-11-11,415,141.971,,a
2004-11-12,410,134.69,,a
2004-11-13,410,134.69,,a
2004-11-14,400,120.663,,a
2004-11-15,391,108.637,,a
2004-11-16,385,100.927,,a
2004-11-17,379,93.459,,a
2004-11-18,374,87.418,,a
2004-11-19,370,82.703,,a
2004-11-20,370,82.703,,a
2004-11-21,358,69.171,,a
2004-11-22,359,70.264,,a
2004-11-23,359,70.264,,a
2004-11-24,357,68.084,,a
2004-11-25,353,63.799,,a
2004-11-26,350,60.65,,a
2004-11-27,348,58.581,,a
2004-11-28,341,51.53,,a
2004-11-29,346,56.536,,a
2004-11-30,358,69.171,,a
2004-12-01,397,116.592,,a
2004-12-02,380,94.688,,a
2004-12-03,379,93.459,,a
2004-12-04,369,81.54,,a
2004-12-05,356,67.003,,a
2004-12-06,364,75.822,,a
2004-12-07,364,75.822,,a
2004-12-08,358,69.171,,a
2004-12-09,354,64.861,,a
2004-12-10,353,63.799,,a
2004-12-11,344,54.516,,a
2004-12-12,336,47.413,,a
2004-12-13,336,47.413,,a
2004-12-14,338,49.173,,a
2004-12-15,342,52.519,,a
2004-12-16,345,55.523,,a
2004-12-17,347,57.556,,a
2004-12-18,335,46.547,,a
2004-12-19,332,44.004,,a
2004-12-20,339,50.068,,a
2004-12-21,336,47.413,,a
2004-12-22,334,45.69,,a
2004-12-23,334,45.69,,a
2004-12-24,334,45.69,,a
2004-12-25,327,39.949,,a
2004-12-26,375,88.613,,a
2004-12-27,506,306.988,,a
2004-12-28,472,238.331,,a
2004-12-29,418,146.426,,a
2004-12-30,392,109.946,,a
2004-12-31,379,93.459,,a
2005-01-01,364,75.822,,a
2005-01-02,357,68.084,5,a
2005-01-03,357,68.084,5,a
2005-01-04,357,68.084,5,a
2005-01-05,359,70.264,5.9,a
2005-01-06,349,59.613,5,a
2005-01-07,351,61.694,6,a
2005-01-08,336,47.413,,a
2005-01-09,339,50.068,,a
2005-01-10,343,53.515,5,a
2005-01-11,342,52.519,5,a
2005-01-12,339,50.068,5,a
2005-01-13,343,53.515,,a
2005-01-14,339,50.068,5.2,a
2005-01-15,332,44.004,,a
2005-01-16,329,41.544,,a
2005-01-17,331,43.175,,a
2005-01-18,334,45.69,4.1,a
2005-01-19,327,39.949,4.8,a
2005-01-20,331,43.175,5.1,a
2005-01-21,337,48.288,,a
2005-01-22,326,39.165,,a
2005-01-23,322,36.119,,a
2005-01-24,324,37.624,4.9,a
2005-01-25,331,43.175,4.4,a
2005-01-26,324,37.624,,a
2005-01-27,335,46.547,,a
2005-01-28,321,35.379,,a
2005-01-29,318,33.213,,a
2005-01-30,319,33.927,3.2,a
2005-01-31,324,37.624,,a
2005-02-01,326,39.165,,a
2005-02-02,322,36.119,4.4,a
2005-02-03,319,33.927,4.5,a
2005-02-04,323,36.867,4,a
2005-02-05,310,27.814,4.1,a
2005-02-06,313,29.775,,a
2005-02-07,315,31.125,2.3,a
2005-02-08,317,32.509,3.1,a
2005-02-09,318,33.213,3.9,a
2005-02-10,317,32.509,,a
2005-02-11,322,36.119,4,a
2005-02-12,329,41.544,,a
2005-02-13,327,39.949,4.9,a
2005-02-14,317,32.509,5.9,a
2005-02-15,314,30.446,4.6,a
2005-02-16,312,29.113,4.8,a
2005-02-17,311,28.459,4.9,a
2005-02-18,311,28.459,5.2,a
2005-02-19,310,27.814,,a
2005-02-20,311,28.459,4.9,a
2005-02-21,312,29.113,5,a
2005-02-22,323,36.867,4.5,a
2005-02-23,322,36.119,4.4,a
2005-02-24,314,30.446,4.8,a
2005-02-25,312,29.113,,a
2005-02-26,311,28.459,4.8,a
2005-02-27,309,27.177,,a
2005-02-28,307,25.927,3.8,a
2005-03-01,308,26.548,4.3,a
2005-03-02,311,28.459,4.6,a
2005-03-03,311,28.459,,a
2005-03-04,313,29.775,4.7,a
2005-03-05,309,27.177,5,a
2005-03-06,304,24.114,,a
2005-03-07,309,27.177,5.9,a
2005-03-08,315,31.125,6.3,a
2005-03-09,313,29.775,6.4,a
2005-03-10,307,25.927,,a
2005-03-11,307,25.927,5.5,a
2005-03-12,308,26.548,5.4,a
2005-03-13,313,29.775,,a
2005-03-14,317,32.509,7.6,a
2005-03-15,320,34.649,6.3,a
2005-03-16,330,42.355,7.9,a
2005-03-17,342,52.519,8.3,a
2005-03-18,350,60.65,8.9,a
2005-03-19,342,52.519,,a
2005-03-20,346,56.536,,a
2005-03-21,343,53.515,9.2,a
2005-03-22,342,52.519,9.4,a
2005-03-23,335,46.547,,a
2005-03-24,331,43.175,,a
2005-03-25,337,48.288,8.9,a
2005-03-26,361,72.468,,a
2005-03-27,352,62.743,8.9,a
2005-03-28,348,58.581,,a
2005-03-29,347,57.556,9.9,a
2005-03-30,361,72.468,,a
2005-03-31,365,76.953,9.7,a
2005-04-01,357,68.084,8.6,a
2005-04-02,344,54.516,8.2,a
2005-04-03,342,52.519,8.1,a
2005-04-04,335,46.547,8.2,a
2005-04-05,332,44.004,8.4,a
2005-04-06,331,43.175,8.5,a
2005-04-07,333,44.842,9,a
2005-04-08,328,40.742,9.5,a
2005-04-09,397,116.592,10.2,a
2005-04-10,474,242.18,8.3,a
2005-04-11,436,176.155,6.9,a
2005-04-12,395,115.513,8.2,a
2005-04-13,393,112.861,8.3,a
2005-04-14,390,108.935,8.4,a
2005-04-15,381,97.522,8.5,a
2005-04-16,376,91.415,9.2,a
2005-04-17,389,107.64,9,a
2005-04-18,384,101.266,8.6,a
2005-04-19,375,90.213,9.4,a
2005-04-20,404,127.789,9.2,a
2005-04-21,423,155.597,8.6,a
2005-04-22,399,120.899,7.7,a
2005-04-23,371,85.471,8.2,a
2005-04-24,362,75.18,9.1,a
2005-04-25,383,100.011,9.1,a
2005-04-26,418,148.026,8.7,a
2005-04-27,393,112.861,9.2,a
2005-04-28,382,98.763,10,a
2005-04-29,375,90.213,10.5,a
2005-04-30,370,84.302,10.8,a
2005-05-01,362,75.18,11.2,a
2005-05-02,362,75.18,12,a
2005-05-03,368,81.983,12.4,a
2005-05-04,376,91.415,12.6,a
2005-05-05,405,129.188,12.4,a
2005-05-06,399,120.899,11.1,a
2005-05-07,381,97.522,10.4,a
2005-05-08,371,85.471,10.7,a
2005-05-09,366,79.69,10.7,a
2005-05-10,362,75.18,10.1,a
2005-05-11,352,64.343,10,a
2005-05-12,349,61.212,10.4,a
2005-05-13,345,57.123,10.8,a
2005-05-14,335,48.147,11.4,a
2005-05-15,331,44.775,11.9,a
2005-05-16,343,55.114,12.1,a
2005-05-17,339,51.668,12.2,a
2005-05-18,388,106.351,12.7,a
2005-05-19,418,148.026,11.8,a
2005-05-20,383,100.011,10.4,a
2005-05-21,371,85.471,11,a
2005-05-22,356,68.603,12.3,a
2005-05-23,355,67.529,13,a
2005-05-24,353,65.399,12.9,a
2005-05-25,342,54.119,13.6,a
2005-05-26,346,58.136,13.7,a
2005-05-27,341,53.129,14.3,a
2005-05-28,336,49.013,14.8,a
2005-05-29,333,46.442,15.1,a
2005-05-30,335,48.147,15.4,a
2005-05-31,336,49.013,15.8,a
2005-06-01,338,50.773,14.5,a
2005-06-02,332,45.604,14.6,a
2005-06-03,330,43.955,14.7,a
2005-06-04,331,44.775,15,a
2005-06-05,332,45.604,15.2,a
2005-06-06,334,47.29,14.3,a
2005-06-07,332,45.604,14.2,a
2005-06-08,330,43.955,13.1,a
2005-06-09,328,42.342,12.9,a
2005-06-10,325,39.99,12.7,a
2005-06-11,325,39.99,12.8,a
2005-06-12,328,42.342,13.2,a
2005-06-13,317,34.108,13.1,a
2005-06-14,321,36.979,13.3,a
2005-06-15,324,39.224,13.4,a
2005-06-16,322,37.719,14.2,a
2005-06-17,319,35.527,14.5,a
2005-06-18,323,38.467,14.9,a
2005-06-19,320,36.249,14.7,a
2005-06-20,323,38.467,14.9,a
2005-06-21,322,37.719,15.5,a
2005-06-22,320,36.249,15.9,a
2005-06-23,320,36.249,16.6,a
2005-06-24,319,35.527,17,a
2005-06-25,319,35.527,17,a
2005-06-26,317,34.108,17,a
2005-06-27,315,32.725,17.2,a
2005-06-28,319,35.527,17.5,a
2005-06-29,319,35.527,17.2,a
2005-06-30,344,56.115,17.2,a
2005-07-01,392,111.545,18.1,a
2005-07-02,399,120.899,14.7,a
2005-07-03,359,71.863,15,a
2005-07-04,351,63.293,15.8,a
2005-07-05,370,84.302,16.4,a
2005-07-06,402,125.012,14.3,a
2005-07-07,374,89.018,15.1,a
2005-07-08,437,177.789,14.8,a
2005-07-09,448,196.274,14.8,a
2005-07-10,400,122.263,14,a
2005-07-11,394,114.183,14.6,a
2005-07-12,378,93.838,14.9,a
2005-07-13,361,74.068,15.3,a
2005-07-14,355,67.529,15.7,a
2005-07-15,352,64.343,16.2,a
2005-07-16,340,52.146,16.9,a
2005-07-17,339,51.668,17.7,a
2005-07-18,342,54.119,18.2,a
2005-07-19,338,50.773,18.6,a
2005-07-20,338,50.773,18.7,a
2005-07-21,342,54.119,18.1,a
2005-07-22,342,54.119,17.6,a
2005-07-23,367,80.833,17.9,a
2005-07-24,348,60.181,17.8,a
2005-07-25,349,61.212,18,a
2005-07-26,342,54.119,18,a
2005-07-27,335,48.147,18,a
2005-07-28,335,48.147,18.3,a
2005-07-29,337,49.888,18.4,a
2005-07-30,323,38.467,18.8,a
2005-07-31,320,36.249,19,a
2005-08-01,328,42.342,17.1,a
2005-08-02,328,42.342,16.8,a
2005-08-03,329,43.144,16.9,a
2005-08-04,333,46.442,16.4,a
2005-08-05,330,43.955,15.4,a
2005-08-06,316,33.412,15.1,a
2005-08-07,359,71.863,15.6,a
2005-08-08,350,62.25,14.3,a
2005-08-09,342,54.119,14.4,a
2005-08-10,330,43.955,14.2,a
2005-08-11,335,48.147,14.7,a
2005-08-12,386,103.795,15.1,a
2005-08-13,362,75.18,13.7,a
2005-08-14,344,56.115,14.8,a
2005-08-15,390,108.935,14.4,a
2005-08-16,396,116.849,13.7,a
2005-08-17,374,89.018,13,a
2005-08-18,368,81.983,13.2,a
2005-08-19,355,67.529,13.6,a
2005-08-20,339,51.668,14.3,a
2005-08-21,363,76.298,14.5,a
2005-08-22,445,191.14,14.3,a
2005-08-23,440,182.738,13.2,a
2005-08-24,404,127.789,12.7,a
2005-08-25,379,95.059,13,a
2005-08-26,372,86.647,13.8,a
2005-08-27,378,93.838,13.7,a
2005-08-28,367,80.833,13.4,a
2005-08-29,364,77.422,13.4,a
2005-08-30,358,70.77,13.8,a
2005-08-31,358,70.77,14.1,a
2005-09-01,348,60.181,15.9,a
2005-09-02,351,63.293,15.9,a
2005-09-03,346,58.136,16.4,a
2005-09-04,336,49.013,16.2,a
2005-09-05,341,53.129,15.3,a
2005-09-06,339,51.668,14.7,a
2005-09-07,335,48.147,14.9,a
2005-09-08,338,50.773,14.9,a
2005-09-09,338,50.773,15.5,a
2005-09-10,336,49.013,15.6,a
2005-09-11,330,43.955,15.5,a
2005-09-12,330,43.955,15,a
2005-09-13,332,45.604,14.5,a
2005-09-14,331,44.775,14.7,a
2005-09-15,329,43.144,14.3,a
2005-09-16,331,44.775,14.3,a
2005-09-17,363,76.298,14.8,a
2005-09-18,443,187.756,14,a
2005-09-19,455,208.53,12.1,a
2005-09-20,423,155.597,12,a
2005-09-21,400,122.263,11.9,a
2005-09-22,381,97.522,12,a
2005-09-23,373,87.829,12.1,a
2005-09-24,359,71.863,12,a
2005-09-25,347,59.155,12,a
2005-09-26,346,58.136,12.1,a
2005-09-27,348,60.181,12.5,a
2005-09-28,346,58.136,13,a
2005-09-29,400,122.263,13.3,a
2005-09-30,497,290.473,12.2,a
2005-10-01,416,145.048,10.3,a
2005-10-02,394,114.183,10.1,a
2005-10-03,385,102.527,10.6,a
2005-10-04,487,269.618,11,a
2005-10-05,551,408.302,10.4,a
2005-10-06,545,393.845,10.5,a
2005-10-07,482,255.751,10.2,a
2005-10-08,446,190.16,10.4,a
2005-10-09,431,165.49,10.2,a
2005-10-10,407,129.113,9.9,a
2005-10-11,399,117.806,9.8,a
2005-10-12,391,106.896,9.9,a
2005-10-13,381,93.808,9.7,a
2005-10-14,375,86.243,9.3,a
2005-10-15,370,80.1,9.6,a
2005-10-16,361,69.408,9.7,a
2005-10-17,364,72.92,9.4,a
2005-10-18,362,70.573,9.1,a
2005-10-19,356,65.096,8.9,a
2005-10-20,358,67.229,9.1,a
2005-10-21,355,64.043,9.5,a
2005-10-22,348,56.927,9.5,a
2005-10-23,344,53.058,10.1,a
2005-10-24,349,57.917,10.4,a
2005-10-25,347,55.947,10.5,a
2005-10-26,347,55.947,10.3,a
2005-10-27,341,50.247,10.2,a
2005-10-28,340,49.328,10.2,a
2005-10-29,336,45.736,10.5,a
2005-10-30,339,48.417,10.4,a
2005-10-31,334,43.991,10.1,a
2005-11-01,332,42.28,9.9,a
2005-11-02,336,45.736,10,a
2005-11-03,335,44.86,10.2,a
2005-11-04,332,42.28,10.2,a
2005-11-05,328,38.957,10.1,a
2005-11-06,330,40.602,10.4,a
2005-11-07,343,52.112,10.1,a
2005-11-08,340,49.328,10,a
2005-11-09,343,52.112,9.7,a
2005-11-10,336,45.736,9.2,a
2005-11-11,337,46.621,9.1,a
2005-11-12,334,43.991,8.7,a
2005-11-13,333,43.131,8.3,a
2005-11-14,335,44.86,8.1,a
2005-11-15,334,43.991,7.9,a
2005-11-16,333,43.131,8.4,a
2005-11-17,333,43.131,8.5,a
2005-11-18,333,43.131,7.4,a
2005-11-19,323,34.988,7.1,a
2005-11-20,319,31.957,6.1,a
2005-11-21,328,38.957,5.9,a
2005-11-22,330,40.602,6.2,a
2005-11-23,327,38.147,5.6,a
2005-11-24,324,35.766,5.1,a
2005-11-25,324,35.766,5.4,a
2005-11-26,325,36.551,3.6,a
2005-11-27,385,98.971,4.2,a
2005-11-28,369,78.889,4.4,a
2005-11-29,360,68.249,5,a
2005-11-30,353,61.965,4.6,a
2005-12-01,352,60.94,5.4,a
2005-12-02,351,59.923,5.3,a
2005-12-03,417,143.817,5.7,a
2005-12-04,483,257.706,5.6,a
2005-12-05,533,365.133,6,a
2005-12-06,511,315.487,6.5,a
2005-12-07,456,207.461,6.6,a
2005-12-08,416,142.317,6.2,a
2005-12-09,400,119.197,5.8,a
2005-12-10,380,92.532,5.3,a
2005-12-11,367,76.484,4.8,a
2005-12-12,368,77.684,4.5,a
2005-12-13,361,69.408,5,a
2005-12-14,362,70.573,5.4,a
2005-12-15,356,65.096,4.9,a
2005-12-16,350,58.916,4.2,a
2005-12-17,347,55.947,4.9,a
2005-12-18,341,50.247,4.2,a
2005-12-19,340,49.328,3.7,a
2005-12-20,343,52.112,4,a
2005-12-21,341,50.247,4,a
2005-12-22,337,46.621,3.5,a
2005-12-23,338,47.515,3.5,a
2005-12-24,332,42.28,4.1,a
2005-12-25,330,40.602,4.4,a
2005-12-26,327,38.147,4.3,a
2005-12-27,334,43.991,3.9,a
2005-12-28,334,43.991,3.7,a
2005-12-29,336,45.736,4.1,a
2005-12-30,330,40.602,4.1,a
2005-12-31,333,43.131,3.3,a
2006-01-01,336,45.736,4.2,a
2006-01-02,358,67.229,3.9,a
2006-01-03,349,57.917,4.3,a
2006-01-04,343,52.112,4.5,a
2006-01-05,337,46.621,4.7,a
2006-01-06,341,50.247,5.1,a
2006-01-07,332,42.28,5,a
2006-01-08,329,39.775,5.1,a
2006-01-09,333,43.131,4.6,a
2006-01-10,336,45.736,3.6,a
2006-01-11,328,38.957,3.3,a
2006-01-12,331,41.437,3.2,a
2006-01-13,330,40.602,3.2,a
2006-01-14,324,35.766,4,a
2006-01-15,321,33.457,3.6,a
2006-01-16,329,39.775,3.4,a
2006-01-17,325,36.551,3.4,a
2006-01-18,328,38.957,3.9,a
2006-01-19,324,35.766,4.2,a
2006-01-20,323,34.988,3.7,a
2006-01-21,325,36.551,3,a
2006-01-22,322,34.218,3.9,a
2006-01-23,324,35.766,3.3,a
2006-01-24,319,31.957,2.2,a
2006-01-25,322,34.218,1.4,a
2006-01-26,323,34.988,2.1,a
2006-01-27,319,31.957,2.3,a
2006-01-28,318,31.219,2.5,a
2006-01-29,317,30.489,3.5,a
2006-01-30,319,31.957,4,a
2006-01-31,321,33.457,4.3,a
2006-02-01,325,36.551,4,a
2006-02-02,322,34.218,3.9,a
2006-02-03,323,34.988,3.9,a
2006-02-04,318,31.219,3.7,a
2006-02-05,318,31.219,3.2,a
2006-02-06,320,32.703,2.9,a
2006-02-07,316,29.767,2.5,a
2006-02-08,322,34.218,2.6,a
2006-02-09,320,32.703,3.9,a
2006-02-10,317,30.489,3.6,a
2006-02-11,319,31.957,3.3,a
2006-02-12,317,30.489,2.9,a
2006-02-13,316,29.767,3.1,a
2006-02-14,315,29.052,3.4,a
2006-02-15,315,29.052,3.4,a
2006-02-16,313,27.647,4.4,a
2006-02-17,324,35.766,4.9,a
2006-02-18,332,42.28,4.5,a
2006-02-19,366,75.291,4.9,a
2006-02-20,402,121.999,5,a
2006-02-21,426,157.602,4.6,a
2006-02-22,398,116.421,5.1,a
2006-02-23,383,96.378,5.3,a
2006-02-24,374,85.002,5,a
2006-02-25,365,74.103,5.1,a
2006-02-26,353,61.965,4.9,a
2006-02-27,353,61.965,5,a
2006-02-28,346,54.975,3.8,a
2006-03-01,343,52.112,3.7,a
2006-03-02,342,51.175,4.5,a
2006-03-03,336,45.736,3.9,a
2006-03-04,377,88.741,4.8,a
2006-03-05,547,398.745,5.1,a
2006-03-06,503,298.371,3.7,a
2006-03-07,430,163.899,4,a
2006-03-08,400,119.197,3.9,a
2006-03-09,389,104.23,4.7,a
2006-03-10,396,113.669,5.2,a
2006-03-11,394,110.941,4.7,a
2006-03-12,383,96.378,5,a
2006-03-13,370,80.1,4.4,a
2006-03-14,369,78.889,5,a
2006-03-15,358,67.229,4.9,a
2006-03-16,364,72.92,5.1,a
2006-03-17,355,64.043,5.3,a
2006-03-18,345,54.012,5.7,a
2006-03-19,339,48.417,5.7,a
2006-03-20,349,57.917,5.8,a
2006-03-21,355,64.043,6.3,a
2006-03-22,373,83.768,6.8,a
2006-03-23,410,133.457,6.7,a
2006-03-24,399,117.806,5.9,a
2006-03-25,390,105.56,6.5,a
2006-03-26,385,98.971,6.8,a
2006-03-27,393,109.587,7,a
2006-03-28,411,134.918,7.6,a
2006-03-29,458,211.005,7.5,a
2006-03-30,438,176.814,6.6,a
2006-03-31,409,132.003,7,a
2006-04-01,401,120.595,6.9,a
2006-04-02,402,121.999,7.6,a
2006-04-03,415,140.825,7.7,a
2006-04-04,416,142.317,7.3,a
2006-04-05,398,116.421,7.2,a
2006-04-06,410,133.457,7.5,a
2006-04-07,408,130.555,5.9,a
2006-04-08,399,117.806,6.1,a
2006-04-09,384,97.671,7,a
2006-04-10,384,97.671,7.8,a
2006-04-11,433,168.692,8.3,a
2006-04-12,434,170.303,7.3,a
2006-04-13,410,133.457,7.1,a
2006-04-14,394,110.941,7.6,a
2006-04-15,389,104.23,8,a
2006-04-16,388,102.906,8.9,a
2006-04-17,392,108.239,8.4,a
2006-04-18,406,127.677,8.6,a
2006-04-19,394,110.941,8.8,a
2006-04-20,401,120.595,8.5,a
2006-04-21,393,109.587,8.7,a
2006-04-22,400,119.197,9,a
2006-04-23,400,119.197,9.3,a
2006-04-24,400,119.197,9.5,a
2006-04-25,403,123.409,9.3,a
2006-04-26,404,124.826,9.6,a
2006-04-27,408,130.555,10,a
2006-04-28,409,132.003,9.6,a
2006-04-29,413,137.858,9.2,a
2006-04-30,448,193.565,8.9,a
2006-05-01,439,178.458,8.1,a
2006-05-02,415,140.825,8.3,a
2006-05-03,398,116.421,8.9,a
2006-05-04,399,117.806,9.5,a
2006-05-05,395,112.302,9.8,a
2006-05-06,389,104.23,9.6,a
2006-05-07,386,100.277,9.9,a
2006-05-08,385,98.971,9.7,a
2006-05-09,382,95.09,9.9,a
2006-05-10,384,97.671,9.9,a
2006-05-11,381,93.808,9.7,a
2006-05-12,381,93.808,10.1,a
2006-05-13,375,86.243,10.7,a
2006-05-14,377,88.741,11.1,a
2006-05-15,379,91.263,10.8,a
2006-05-16,384,97.671,10.5,a
2006-05-17,381,93.808,11.3,a
2006-05-18,381,93.808,11.6,a
2006-05-19,387,101.589,11.7,a
2006-05-20,393,109.587,11.8,a
2006-05-21,386,100.277,11.2,a
2006-05-22,381,93.808,10.7,a
2006-05-23,383,96.378,10.9,a
2006-05-24,415,140.825,11.7,a
2006-05-25,427,159.166,10.4,a
2006-05-26,398,116.421,9.9,a
2006-05-27,383,96.378,10.6,a
2006-05-28,375,86.243,11.3,a
2006-05-29,416,142.317,11.7,a
2006-05-30,489,269.591,10.6,a
2006-05-31,449,195.278,8.9,a
2006-06-01,415,140.825,8.6,a
2006-06-02,396,113.669,9.3,a
2006-06-03,384,97.671,9.8,a
2006-06-04,367,76.484,9.8,a
2006-06-05,370,80.1,10.1,a
2006-06-06,376,87.489,10.6,a
2006-06-07,380,92.532,10.4,a
2006-06-08,371,81.317,10.4,a
2006-06-09,362,70.573,10.7,a
2006-06-10,360,68.249,10.9,a
2006-06-11,354,63,11,a
2006-06-12,358,67.229,11.4,a
2006-06-13,358,67.229,12,a
2006-06-14,354,63,13,a
2006-06-15,351,59.923,13.3,a
2006-06-16,352,60.94,13.9,a
2006-06-17,344,53.058,14.1,a
2006-06-18,338,47.515,14.5,a
2006-06-19,346,54.975,14.8,a
2006-06-20,347,55.947,15.3,a
2006-06-21,350,58.916,15.6,a
2006-06-22,350,58.916,15.3,a
2006-06-23,341,50.247,15.4,a
2006-06-24,342,51.175,15.5,a
2006-06-25,334,43.991,15.6,a
2006-06-26,336,45.736,15.7,a
2006-06-27,340,49.328,15.9,a
2006-06-28,337,46.621,16.2,a
2006-06-29,341,50.247,16.5,a
2006-06-30,337,46.621,16.4,a
2006-07-01,334,43.991,16.2,a
2006-07-02,326,37.345,16,a
2006-07-03,332,42.28,15.8,a
2006-07-04,333,43.131,15.8,a
2006-07-05,337,46.621,15.3,a
2006-07-06,334,43.991,15.5,a
2006-07-07,333,43.131,15.7,a
2006-07-08,327,38.147,15.3,a
2006-07-09,326,37.345,15.4,a
2006-07-10,325,36.551,15.8,a
2006-07-11,326,37.345,15.8,a
2006-07-12,331,41.437,16.4,a
2006-07-13,330,40.602,16.4,a
2006-07-14,326,37.345,16.1,a
2006-07-15,316,29.767,16.5,a
2006-07-16,312,26.955,16.2,a
2006-07-17,325,36.551,15.6,a
2006-07-18,324,35.766,15.9,a
2006-07-19,323,34.988,16.1,a
2006-07-20,321,33.457,16.2,a
2006-07-21,321,33.457,16.3,a
2006-07-22,312,26.955,16.6,a
2006-07-23,310,25.595,16.4,a
2006-07-24,314,28.346,17.1,a
2006-07-25,317,30.489,16.8,a
2006-07-26,316,29.767,16.8,a
2006-07-27,321,33.457,17.2,a
2006-07-28,324,35.766,17,a
2006-07-29,320,32.703,17,a
2006-07-30,315,29.052,16.8,a
2006-07-31,321,33.457,16.6,a
2006-08-01,324,35.766,16.5,a
2006-08-02,329,39.775,16.1,a
2006-08-03,357,66.158,15.4,a
2006-08-04,422,151.41,14.7,a
2006-08-05,416,142.317,12.1,a
2006-08-06,363,71.744,12.3,a
2006-08-07,351,59.923,13,a
2006-08-08,342,51.175,13,a
2006-08-09,336,45.736,13.5,a
2006-08-10,329,39.775,13.9,a
2006-08-11,330,40.602,13.6,a
2006-08-12,339,48.417,13.1,a
2006-08-13,360,68.249,12.8,a
2006-08-14,352,60.94,12.9,a
2006-08-15,355,64.043,12.8,a
2006-08-16,342,51.175,13,a
2006-08-17,342,51.175,13.2,a
2006-08-18,339,48.417,13.7,a
2006-08-19,328,38.957,14,a
2006-08-20,323,34.988,13.8,a
2006-08-21,327,38.147,14.2,a
2006-08-22,326,37.345,14.2,a
2006-08-23,325,36.551,14.5,a
2006-08-24,323,34.988,14.2,a
2006-08-25,332,42.28,14.5,a
2006-08-26,331,41.437,14.5,a
2006-08-27,320,32.703,14,a
2006-08-28,330,40.602,14,a
2006-08-29,344,53.058,14,a
2006-08-30,361,69.408,13.6,a
2006-08-31,351,59.923,13.1,a
2006-09-01,344,53.058,13,a
2006-09-02,337,46.621,13,a
2006-09-03,326,37.345,13.3,a
2006-09-04,329,39.775,13.4,a
2006-09-05,327,38.147,13.9,a
2006-09-06,326,37.345,14.5,a
2006-09-07,317,30.489,14.7,a
2006-09-08,318,31.219,14.7,a
2006-09-09,316,29.767,13.8,a
2006-09-10,310,25.595,13.5,a
2006-09-11,321,33.457,13.5,a
2006-09-12,318,31.219,13.7,a
2006-09-13,318,31.219,13.3,a
2006-09-14,317,30.489,13.5,a
2006-09-15,322,34.218,13.7,a
2006-09-16,361,69.408,13.7,a
2006-09-17,419,146.834,13.4,a
2006-09-18,475,242.271,12.1,a
2006-09-19,405,126.248,11.6,a
2006-09-20,379,91.263,11.8,a
2006-09-21,363,71.744,12.1,a
2006-09-22,350,58.916,12.3,a
2006-09-23,335,44.86,12.6,a
2006-09-24,331,41.437,12.2,a
2006-09-25,332,42.28,12.4,a
2006-09-26,327,38.147,12.3,a
2006-09-27,330,40.602,12.6,a
2006-09-28,326,37.345,12.5,a
2006-09-29,322,34.218,12.5,a
2006-09-30,313,27.647,12.2,a
2006-10-01,314,28.346,12.4,a
2006-10-02,324,35.766,12.9,a
2006-10-03,325,36.551,12.8,a
2006-10-04,357,66.158,13.1,a
2006-10-05,374,85.002,12.4,a
2006-10-06,356,65.096,11.5,a
2006-10-07,352,60.94,11.1,a
2006-10-08,336,45.736,11.1,a
2006-10-09,337,46.621,10.6,a
2006-10-10,330,40.602,10.8,a
2006-10-11,326,37.345,10.7,a
2006-10-12,325,36.551,10.5,a
2006-10-13,326,37.345,10.7,a
2006-10-14,319,31.957,11,a
2006-10-15,313,27.647,10.6,a
2006-10-16,315,29.052,10.3,a
2006-10-17,317,30.489,9.6,a
2006-10-18,317,30.489,9.4,a
2006-10-19,320,32.703,9.2,a
2006-10-20,319,31.957,9.8,a
2006-10-21,316,29.767,10,a
2006-10-22,316,29.767,10.1,a
2006-10-23,319,31.957,10,a
2006-10-24,370,80.1,10.9,a
2006-10-25,480,251.863,10.4,a
2006-10-26,412,136.385,9.7,a
2006-10-27,379,91.263,9.6,a
2006-10-28,353,61.965,9.9,a
2006-10-29,336,45.736,10.2,a
2006-10-30,332,42.28,9.7,a
2006-10-31,329,39.775,9.5,a
2006-11-01,327,38.147,9.7,a
2006-11-02,330,40.602,9.4,a
2006-11-03,332,42.28,8,a
2006-11-04,324,35.766,7.4,a
2006-11-05,314,28.346,7.3,a
2006-11-06,330,40.602,7,a
2006-11-07,323,34.988,6.9,a
2006-11-08,320,32.703,6.6,a
2006-11-09,321,33.457,7.4,a
2006-11-10,322,34.218,7.3,a
2006-11-11,317,30.489,6.5,a
2006-11-12,311,26.272,6.7,a
2006-11-13,314,28.346,6.7,a
2006-11-14,322,34.218,7,a
2006-11-15,317,30.489,7.4,a
2006-11-16,316,29.767,7.7,a
2006-11-17,313,27.647,8.2,a
2006-11-18,316,29.767,8.1,a
2006-11-19,313,27.647,8.3,a
2006-11-20,318,31.219,8.3,a
2006-11-21,318,31.219,8.6,a
2006-11-22,350,58.916,8.5,a
2006-11-23,357,66.158,8,a
2006-11-24,341,50.247,7.4,a
2006-11-25,335,44.86,8.3,a
2006-11-26,339,48.417,8.6,a
2006-11-27,339,48.417,8.3,a
2006-11-28,340,49.328,8.3,a
2006-11-29,330,40.602,8.3,a
2006-11-30,326,37.345,8.2,a
2006-12-01,324,35.766,8.3,a
2006-12-02,322,34.218,7.8,a
2006-12-03,319,31.957,7.5,a
2006-12-04,319,31.957,7.8,a
2006-12-05,320,32.703,8.1,a
2006-12-06,317,30.489,8.1,a
2006-12-07,342,51.175,8.5,a
2006-12-08,404,124.826,7.9,a
2006-12-09,470,232.86,8,a
2006-12-10,539,379.342,7.9,a
2006-12-11,446,190.16,7.5,a
2006-12-12,402,121.999,7.1,a
2006-12-13,380,92.532,6.7,a
2006-12-14,368,77.684,6.2,a
2006-12-15,356,65.096,5.8,a
2006-12-16,343,52.112,5.3,a
2006-12-17,340,49.328,6,a
2006-12-18,356,65.096,6.6,a
2006-12-19,370,80.1,5.7,a
2006-12-20,355,64.043,5.5,a
2006-12-21,352,60.94,5.2,a
2006-12-22,346,54.975,5.7,a
2006-12-23,340,49.328,4.9,a
2006-12-24,340,49.328,4.6,a
2006-12-25,332,42.28,5.3,a
2006-12-26,332,42.28,5.4,a
2006-12-27,332,42.28,4.5,a
2006-12-28,334,43.991,4.3,a
2006-12-29,328,38.957,4.5,a
2006-12-30,321,33.457,4.9,a
2006-12-31,326,37.345,4.9,a
2007-01-01,325,36.551,5.6,a
2007-01-02,328,38.957,5.6,a
2007-01-03,331,41.437,5.2,a
2007-01-04,329,39.775,4.9,a
2007-01-05,329,39.775,5,a
2007-01-06,322,34.218,5.1,a
2007-01-07,320,32.703,5.4,a
2007-01-08,323,34.988,5.6,a
2007-01-09,322,34.218,5.7,a
2007-01-10,323,34.988,5.9,a
2007-01-11,324,35.766,6.3,a
2007-01-12,321,33.457,6.2,a
2007-01-13,319,31.957,5.7,a
2007-01-14,316,29.767,5.4,a
2007-01-15,319,31.957,5.5,a
2007-01-16,314,28.346,5.8,a
2007-01-17,315,29.052,6.1,a
2007-01-18,314,28.346,6.3,a
2007-01-19,317,30.489,6.3,a
2007-01-20,313,27.647,6.1,a
2007-01-21,315,29.052,6.3,a
2007-01-22,317,30.489,6.5,a
2007-01-23,353,61.965,6.2,a
2007-01-24,406,127.677,5.4,a
2007-01-25,388,102.906,4.7,a
2007-01-26,364,72.92,4.5,a
2007-01-27,351,59.923,4.1,a
2007-01-28,343,52.112,3.9,a
2007-01-29,337,46.621,4.2,a
2007-01-30,343,52.112,4.4,a
2007-01-31,341,50.247,4.4,a
2007-02-01,341,50.247,4.5,a
2007-02-02,342,51.175,4.4,a
2007-02-03,331,41.437,4.3,a
2007-02-04,329,39.775,4.2,a
2007-02-05,330,40.602,4.3,a
2007-02-06,327,38.147,4.9,a
2007-02-07,338,47.515,5.4,a
2007-02-08,357,66.158,5.8,a
2007-02-09,404,124.826,6,a
2007-02-10,402,121.999,6.2,a
2007-02-11,371,81.317,6.3,a
2007-02-12,366,75.291,6.2,a
2007-02-13,416,142.317,6.2,a
2007-02-14,395,112.302,6.2,a
2007-02-15,380,92.532,6.4,a
2007-02-16,368,77.684,6.2,a
2007-02-17,360,68.249,6,a
2007-02-18,349,57.917,5.9,a
2007-02-19,351,59.923,5.6,a
2007-02-20,348,56.927,5.8,a
2007-02-21,343,52.112,6.4,a
2007-02-22,338,47.515,6.8,a
2007-02-23,339,48.417,6.9,a
2007-02-24,338,47.515,7,a
2007-02-25,335,44.86,7.2,a
2007-02-26,412,136.385,7.1,a
2007-02-27,393,109.587,6.8,a
2007-02-28,376,87.489,6.8,a
2007-03-01,366,75.291,7.4,a
2007-03-02,359,68.31,7.5,a
2007-03-03,368,77.684,7.4,a
2007-03-04,350,58.916,7.2,a
2007-03-05,358,67.229,7.3,a
2007-03-06,351,59.923,7.6,a
2007-03-07,356,65.096,7.8,a
2007-03-08,400,119.197,7.8,a
2007-03-09,398,116.421,7.5,a
2007-03-10,379,91.263,7.4,a
2007-03-11,361,69.408,7.2,a
2007-03-12,361,69.408,7,a
2007-03-13,359,68.31,7.1,a
2007-03-14,350,58.916,7.4,a
2007-03-15,347,55.947,7.6,a
2007-03-16,346,54.975,7.8,a
2007-03-17,344,53.058,8,a
2007-03-18,341,50.247,8.5,a
2007-03-19,386,100.277,8,a
2007-03-20,431,165.49,6.4,a
2007-03-21,392,111.545,5.7,a
2007-03-22,379,95.059,5.9,a
2007-03-23,370,84.302,6.6,a
2007-03-24,373,87.829,6.9,a
2007-03-25,368,81.983,6.9,a
2007-03-26,369,83.14,7.2,a
2007-03-27,372,86.647,7.3,a
2007-03-28,370,84.302,7.3,a
2007-03-29,364,77.422,7.3,a
2007-03-30,357,69.684,7.4,a
2007-03-31,356,68.603,7.4,a
2007-04-01,367,80.833,8,a
2007-04-02,369,83.14,8.1,a
2007-04-03,372,86.647,8.4,a
2007-04-04,369,83.14,8.5,a
2007-04-05,364,77.422,8.3,a
2007-04-06,360,72.962,8.4,a
2007-04-07,355,67.529,8.9,a
2007-04-08,356,68.603,9.2,a
2007-04-09,356,68.603,9.1,a
2007-04-10,356,68.603,9.5,a
2007-04-11,363,76.298,9.8,a
2007-04-12,366,79.69,10.1,a
2007-04-13,365,78.553,10.3,a
2007-04-14,356,68.603,10.5,a
2007-04-15,359,71.863,10.7,a
2007-04-16,365,78.553,10.7,a
2007-04-17,365,78.553,10.6,a
2007-04-18,358,70.77,10.6,a
2007-04-19,356,68.603,10.7,a
2007-04-20,351,63.293,10.8,a
2007-04-21,345,57.123,11,a
2007-04-22,345,57.123,11.1,a
2007-04-23,347,59.155,11.4,a
2007-04-24,347,59.155,11.7,a
2007-04-25,347,59.155,11.7,a
2007-04-26,347,59.155,11.8,a
2007-04-27,342,54.119,11.8,a
2007-04-28,341,53.129,11.9,a
2007-04-29,339,51.668,12.2,a
2007-04-30,339,51.668,12.4,a
2007-05-01,341,53.129,12.1,a
2007-05-02,344,56.115,12.3,a
2007-05-03,341,53.129,12.2,a
2007-05-04,346,58.136,11.9,a
2007-05-05,352,64.343,11.7,a
2007-05-06,342,54.119,11.8,a
2007-05-07,341,53.129,12.1,a
2007-05-08,340,52.146,12.3,a
2007-05-09,342,54.119,12.6,a
2007-05-10,339,51.668,13,a
2007-05-11,339,51.668,13.4,a
2007-05-12,329,43.144,13.5,a
2007-05-13,324,39.224,13.4,a
2007-05-14,332,45.604,13.7,a
2007-05-15,336,49.013,13.6,a
2007-05-16,335,48.147,13,a
2007-05-17,330,43.955,12.6,a
2007-05-18,328,42.342,12.5,a
2007-05-19,322,37.719,12.4,a
2007-05-20,317,34.108,12.7,a
2007-05-21,320,36.249,13.3,a
2007-05-22,323,38.467,14,a
2007-05-23,330,43.955,14.5,a
2007-05-24,324,39.224,14.7,a
2007-05-25,321,36.979,15,a
2007-05-26,322,37.719,15.2,a
2007-05-27,323,38.467,15.1,a
2007-05-28,333,46.442,14.7,a
2007-05-29,356,68.603,14.3,a
2007-05-30,356,68.603,13.8,a
2007-05-31,347,59.155,13.3,a
2007-06-01,334,47.29,13.3,a
2007-06-02,328,42.342,13.2,a
2007-06-03,326,40.765,13.6,a
2007-06-04,323,38.467,13.8,a
2007-06-05,325,39.99,13.8,a
2007-06-06,325,39.99,13.6,a
2007-06-07,327,41.549,13.5,a
2007-06-08,328,42.342,13.6,a
2007-06-09,323,38.467,13.9,a
2007-06-10,322,37.719,14.2,a
2007-06-11,332,45.604,14.5,a
2007-06-12,327,41.549,14.8,a
2007-06-13,326,40.765,14.9,a
2007-06-14,333,46.442,15.3,a
2007-06-15,326,40.765,15.6,a
2007-06-16,329,43.144,15.5,a
2007-06-17,321,36.979,15.5,a
2007-06-18,331,44.775,15.8,a
2007-06-19,326,40.765,16.1,a
2007-06-20,324,39.224,16.3,a
2007-06-21,324,39.224,16.7,a
2007-06-22,326,40.765,16.8,a
2007-06-23,330,43.955,16.6,a
2007-06-24,354,66.461,16.4,a
2007-06-25,333,46.442,15.9,a
2007-06-26,330,43.955,15.5,a
2007-06-27,330,43.955,15.2,a
2007-06-28,331,44.775,15,a
2007-06-29,327,41.549,15.1,a
2007-06-30,326,40.765,15.2,a
2007-07-01,323,38.467,15.3,a
2007-07-02,327,41.549,15.4,a
2007-07-03,336,49.013,15.4,a
2007-07-04,376,91.415,14.6,a
2007-07-05,465,226.716,12.7,a
2007-07-06,396,116.849,11.7,a
2007-07-07,362,75.18,12.5,a
2007-07-08,349,61.212,13.7,a
2007-07-09,342,54.119,14.5,a
2007-07-10,397,118.192,14.2,a
2007-07-11,401,123.634,13,a
2007-07-12,372,86.647,12.2,a
2007-07-13,357,69.684,12.7,a
2007-07-14,339,51.668,13.7,a
2007-07-15,334,47.29,14.5,a
2007-07-16,337,49.888,15.1,a
2007-07-17,331,44.775,15.7,a
2007-07-18,330,43.955,16.1,a
2007-07-19,325,39.99,16.4,a
2007-07-20,325,39.99,16.6,a
2007-07-21,322,37.719,16.6,a
2007-07-22,320,36.249,16.5,a
2007-07-23,317,34.108,16.6,a
2007-07-24,321,36.979,16.5,a
2007-07-25,322,37.719,16.3,a
2007-07-26,318,34.813,16.1,a
2007-07-27,318,34.813,16.2,a
2007-07-28,318,34.813,16.4,a
2007-07-29,315,32.725,16.6,a
2007-07-30,321,36.979,16,a
2007-07-31,328,42.342,15.1,a
2007-08-01,318,34.813,14.8,a
2007-08-02,318,34.813,14.9,a
2007-08-03,317,34.108,14.9,a
2007-08-04,317,34.108,14.8,a
2007-08-05,310,29.414,14.8,a
2007-08-06,312,30.713,14.9,a
2007-08-07,314,32.046,15.2,a
2007-08-08,311,30.059,15.6,a
2007-08-09,312,30.713,15.7,a
2007-08-10,314,32.046,15.5,a
2007-08-11,312,30.713,15.4,a
2007-08-12,311,30.059,15.3,a
2007-08-13,314,32.046,15.3,a
2007-08-14,316,33.412,15.3,a
2007-08-15,321,36.979,15.5,a
2007-08-16,320,36.249,15.6,a
2007-08-17,315,32.725,15.7,a
2007-08-18,327,41.549,15.8,a
2007-08-19,318,34.813,15.8,a
2007-08-20,317,34.108,15.6,a
2007-08-21,330,43.955,15.3,a
2007-08-22,324,39.224,15.3,a
2007-08-23,331,44.775,15.2,a
2007-08-24,347,59.155,15.1,a
2007-08-25,339,51.668,15.1,a
2007-08-26,330,43.955,15,a
2007-08-27,329,43.144,15.1,a
2007-08-28,324,39.224,15.3,a
2007-08-29,323,38.467,15.4,a
2007-08-30,324,39.224,15,a
2007-08-31,327,41.549,14.6,a
2007-09-01,326,40.765,13.8,a
2007-09-02,327,41.549,14,a
2007-09-03,326,40.765,13.9,a
2007-09-04,351,63.293,13.4,a
2007-09-05,344,56.115,12.8,a
2007-09-06,342,54.119,12.3,a
2007-09-07,331,44.775,11.9,a
2007-09-08,323,38.467,11.7,a
2007-09-09,319,35.527,11.8,a
2007-09-10,326,40.765,12.2,a
2007-09-11,326,40.765,12.4,a
2007-09-12,322,37.719,12.4,a
2007-09-13,323,38.467,12.5,a
2007-09-14,316,33.412,12.7,a
2007-09-15,314,32.046,13,a
2007-09-16,316,33.412,13.1,a
2007-09-17,313,31.375,13.1,a
2007-09-18,471,238.018,12.2,a
2007-09-19,662,708.633,10.5,a
2007-09-20,498,301.422,9.8,a
2007-09-21,414,150.915,9.9,a
2007-09-22,382,107.579,10.1,a
2007-09-23,357,78.499,10.5,a
2007-09-24,345,65.938,10.8,a
2007-09-25,346,66.952,11.1,a
2007-09-26,344,64.931,11.1,a
2007-09-27,450,208.552,10.7,a
2007-09-28,534,377.95,10,a
2007-09-29,496,297.164,9.4,a
2007-09-30,441,193.218,9.3,a
2007-10-01,393,121.676,9.8,a
2007-10-02,391,119.052,10.1,a
2007-10-03,373,96.645,10.6,a
2007-10-04,367,89.649,11,a
2007-10-05,358,79.586,11.3,a
2007-10-06,429,173.743,11.3,a
2007-10-07,434,181.725,10.6,a
2007-10-08,402,121.999,10,a
2007-10-09,386,100.277,10,a
2007-10-10,373,83.768,10.1,a
2007-10-11,363,71.744,10.1,a
2007-10-12,356,65.096,10.2,a
2007-10-13,347,55.947,10.1,a
2007-10-14,343,52.112,9.8,a
2007-10-15,349,57.917,9.3,a
2007-10-16,343,52.112,9.1,a
2007-10-17,346,54.975,9,a
2007-10-18,341,50.247,8.9,a
2007-10-19,345,54.012,8.7,a
2007-10-20,336,45.736,8.3,a
2007-10-21,334,43.991,8,a
2007-10-22,338,47.515,8,a
2007-10-23,334,43.991,8.1,a
2007-10-24,337,46.621,8.2,a
2007-10-25,335,44.86,8.2,a
2007-10-26,336,45.736,8.3,a
2007-10-27,391,106.896,8.3,a
2007-10-28,390,105.56,8.4,a
2007-10-29,385,98.971,8.5,a
2007-10-30,369,78.889,8.6,a
2007-10-31,366,75.291,8.5,a
2007-11-01,346,54.975,7.8,a
2007-11-02,348,56.927,7.6,a
2007-11-03,347,55.947,7.6,a
2007-11-04,338,47.515,7.7,a
2007-11-05,343,52.112,7.7,a
2007-11-06,341,50.247,7.5,a
2007-11-07,341,50.247,7.2,a
2007-11-08,334,43.991,7.3,a
2007-11-09,339,48.417,7.2,a
2007-11-10,331,41.437,6.7,a
2007-11-11,330,40.602,6.7,a
2007-11-12,334,43.991,6.6,a
2007-11-13,332,42.28,6.2,a
2007-11-14,330,40.602,6.2,a
2007-11-15,330,40.602,5.9,a
2007-11-16,329,39.775,5.5,a
2007-11-17,327,38.147,5.6,a
2007-11-18,323,34.988,5.7,a
2007-11-19,324,35.766,5.8,a
2007-11-20,324,35.766,5.7,a
2007-11-21,325,36.551,5.8,a
2007-11-22,323,34.988,6.4,a
2007-11-23,323,34.988,7,a
2007-11-24,327,38.147,7.1,a
2007-11-25,371,81.317,7.3,a
2007-11-26,392,108.239,7.2,a
2007-11-27,369,78.889,6.5,a
2007-11-28,358,67.229,5.8,a
2007-11-29,346,54.975,5.1,a
2007-11-30,339,48.417,4.8,a
2007-12-01,329,39.775,5.1,a
2007-12-02,327,38.147,5.8,a
2007-12-03,353,61.965,6.1,a
2007-12-04,368,77.684,5.7,a
2007-12-05,349,57.917,5.4,a
2007-12-06,346,54.975,5.2,a
2007-12-07,339,48.417,5.3,a
2007-12-08,346,54.975,5.7,a
2007-12-09,340,49.328,5.9,a
2007-12-10,345,54.012,6.1,a
2007-12-11,342,51.175,6.1,a
2007-12-12,337,46.621,5.9,a
2007-12-13,338,47.515,5.6,a
2007-12-14,335,44.86,5.1,a
2007-12-15,329,39.775,4.7,a
2007-12-16,332,42.28,4.7,a
2007-12-17,333,43.131,4.6,a
2007-12-18,329,39.775,4,a
2007-12-19,325,36.551,3.5,a
2007-12-20,325,36.551,3.5,a
2007-12-21,320,32.703,3.4,a
2007-12-22,320,32.703,3.1,a
2007-12-23,317,30.489,2.9,a
2007-12-24,317,30.489,3.2,a
2007-12-25,318,31.219,3.4,a
2007-12-26,316,29.767,3.5,a
2007-12-27,319,31.957,3.5,a
2007-12-28,317,30.489,3.5,a
2007-12-29,314,28.346,3.4,a
2007-12-30,313,27.647,3.3,a
2007-12-31,318,31.219,3.1,a
2008-01-01,315,28.762,3.4,a
2008-01-02,314,28.568,3.5,a
2008-01-03,314,28.523,3.4,a
2008-01-04,317,30.946,3.4,a
2008-01-05,312,27.014,3.5,a
2008-01-06,326,37.564,3.7,a
2008-01-07,341,50.177,3.9,a
2008-01-08,328,39.424,4.1,a
2008-01-09,322,34.579,4.3,a
2008-01-10,327,38.105,4.3,a
2008-01-11,325,36.795,4.4,a
2008-01-12,357,71.777,4.9,a
2008-01-13,463,220.987,4.9,a
2008-01-14,433,169.362,5.7,a
2008-01-15,396,114.747,5.7,a
2008-01-16,382,98.587,5.9,a
2008-01-17,409,136.518,5.9,a
2008-01-18,446,191.372,6.1,a
2008-01-19,424,154.822,6,a
2008-01-20,392,109.659,5.9,a
2008-01-21,378,91.083,5.8,a
2008-01-22,375,87.443,5.8,a
2008-01-23,366,77.619,5.3,a
2008-01-24,355,65.549,4.9,a
2008-01-25,345,54.93,4.6,a
2008-01-26,341,50.505,4.3,a
2008-01-27,336,46.124,4.2,a
2008-01-28,343,52.422,4.6,a
2008-01-29,334,43.967,4.7,a
2008-01-30,335,44.963,4.3,a
2008-01-31,337,46.923,4.8,a
2008-02-01,333,43.136,5.3,a
2008-02-02,327,38.407,5.6,a
2008-02-03,337,46.448,5.4,a
2008-02-04,344,53.828,5.2,a
2008-02-05,385,100.152,5.6,a
2008-02-06,379,92.853,5.7,a
2008-02-07,366,76.501,5.5,a
2008-02-08,360,69.333,5.1,a
2008-02-09,349,57.912,5.1,a
2008-02-10,339,48.604,4.9,a
2008-02-11,342,51.327,4.8,a
2008-02-12,338,47.765,4.6,a
2008-02-13,330,40.339,4.4,a
2008-02-14,329,39.683,4.3,a
2008-02-15,326,37.052,4.3,a
2008-02-16,324,35.605,4.1,a
2008-02-17,320,32.9,3.7,a
2008-02-18,325,36.932,3.9,a
2008-02-19,324,35.922,4.2,a
2008-02-20,328,39.063,4.3,a
2008-02-21,328,38.762,4.6,a
2008-02-22,327,38.108,4.7,a
2008-02-23,317,30.537,5.3,a
2008-02-24,316,29.424,5.9,a
2008-02-25,319,31.755,6.3,a
2008-02-26,322,34.412,6.2,a
2008-02-27,325,36.806,6.3,a
2008-02-28,324,35.644,6.5,a
2008-02-29,325,36.861,6.3,a
2008-03-01,322,34.624,6.7,a
2008-03-02,322,34.155,6.9,a
2008-03-03,329,40.423,7,a
2008-03-04,348,58.752,6.8,a
2008-03-05,348,57.81,5.9,a
2008-03-06,338,48.318,5.5,a
2008-03-07,330,41.38,5.5,a
2008-03-08,323,34.851,5.8,a
2008-03-09,329,39.7,6.3,a
2008-03-10,339,49.244,6.4,a
2008-03-11,357,67.661,6.4,a
2008-03-12,366,76.787,6.4,a
2008-03-13,355,65.218,6.9,a
2008-03-14,351,61.098,6.8,a
2008-03-15,342,51.165,7.2,a
2008-03-16,340,49.216,7.4,a
2008-03-17,383,97.896,7.2,a
2008-03-18,381,94.804,6.9,a
2008-03-19,370,81.838,6.6,a
2008-03-20,362,73.684,6.3,a
2008-03-21,355,64.107,6,a
2008-03-22,366,77.081,5.7,a
2008-03-23,363,72.944,5.5,a
2008-03-24,369,80.402,5.3,a
2008-03-25,361,71.429,5.4,a
2008-03-26,357,66.275,5.4,a
2008-03-27,355,64.481,5.7,a
2008-03-28,353,62.923,5.9,a
2008-03-29,352,61.65,6.8,a
2008-03-30,362,71.456,7.2,a
2008-03-31,364,73.768,7.4,a
2008-04-01,366,75.911,8.1,a
2008-04-02,369,81.231,8.3,a
2008-04-03,371,83.314,8.3,a
2008-04-04,363,73.081,8.4,a
2008-04-05,348,57.198,8.2,a
2008-04-06,348,57.108,8.3,a
2008-04-07,349,59.103,8.8,a
2008-04-08,364,75.436,8.5,a
2008-04-09,363,72.92,8.2,a
2008-04-10,365,77.261,8.4,a
2008-04-11,422,156.747,8.5,a
2008-04-12,536,377.224,8.3,a
2008-04-13,532,371.164,7.7,a
2008-04-14,450,204.302,7.8,a
2008-04-15,421,156.739,7.8,a
2008-04-16,395,120.623,7.9,a
2008-04-17,387,109.552,8.2,a
2008-04-18,391,115.526,8.3,a
2008-04-19,414,153.215,8.7,a
2008-04-20,459,222.321,8.5,a
2008-04-21,434,176.986,8.7,a
2008-04-22,486,278.986,8.4,a
2008-04-23,483,266.718,8.4,a
2008-04-24,446,196.354,8.9,a
2008-04-25,408,136.756,9,a
2008-04-26,404,131.704,9.1,a
2008-04-27,397,121.77,9.3,a
2008-04-28,387,108.277,9.6,a
2008-04-29,384,105.473,9.6,a
2008-04-30,382,102.111,9.7,a
2008-05-01,375,93.73,9.8,a
2008-05-02,389,112.068,10.1,a
2008-05-03,380,99.39,10.2,a
2008-05-04,372,90.452,10.7,a
2008-05-05,374,93.167,10.5,a
2008-05-06,372,90.034,10.7,a
2008-05-07,375,93.51,10.9,a
2008-05-08,365,82.192,11.3,a
2008-05-09,368,85.42,11.6,a
2008-05-10,365,82.194,12,a
2008-05-11,363,80.171,12.2,a
2008-05-12,365,82.551,12.2,a
2008-05-13,362,78.69,12.1,a
2008-05-14,358,74.95,12.4,a
2008-05-15,357,73.128,12.6,a
2008-05-16,361,77.23,12.8,a
2008-05-17,366,83.706,12.8,a
2008-05-18,388,111.079,12.3,a
2008-05-19,456,216.196,11.2,a
2008-05-20,481,263.879,10.4,a
2008-05-21,484,267.996,9.7,a
2008-05-22,437,182.078,9.8,a
2008-05-23,409,139.315,10.1,a
2008-05-24,402,130.019,10.6,a
2008-05-25,394,119.439,11.2,a
2008-05-26,389,110.909,12,a
2008-05-27,385,106.362,12.5,a
2008-05-28,385,106.197,13,a
2008-05-29,380,100.087,13.4,a
2008-05-30,374,92.763,13.6,a
2008-05-31,370,88.342,13.6,a
2008-06-01,366,84.065,13.7,a
2008-06-02,361,78.299,14,a
2008-06-03,390,114.04,13.8,a
2008-06-04,379,97.894,13.6,a
2008-06-05,392,115.917,13,a
2008-06-06,419,154.746,12.4,a
2008-06-07,423,158.853,12.1,a
2008-06-08,407,137.049,12,a
2008-06-09,389,111.904,12.4,a
2008-06-10,381,100.97,12.6,a
2008-06-11,372,91.444,13.2,a
2008-06-12,371,89.518,13.1,a
2008-06-13,369,87.397,12.7,a
2008-06-14,379,99.757,12,a
2008-06-15,379,98.031,11.7,a
2008-06-16,373,92.135,11.5,a
2008-06-17,372,90.325,11.5,a
2008-06-18,424,161.926,11.4,a
2008-06-19,402,130.033,11.8,a
2008-06-20,378,99.462,12.8,a
2008-06-21,375,94.174,13.6,a
2008-06-22,366,84.315,14.1,a
2008-06-23,360,76.421,14.6,a
2008-06-24,362,78.188,15.3,a
2008-06-25,354,69.836,15.8,a
2008-06-26,348,63.537,16.1,a
2008-06-27,349,64.69,16.4,a
2008-06-28,346,61.841,16.7,a
2008-06-29,345,60.552,16.8,a
2008-06-30,343,59.206,16.9,a
2008-07-01,336,53.014,17.1,a
2008-07-02,340,56.723,17.1,a
2008-07-03,339,55.862,17.3,a
2008-07-04,335,52.089,17.3,a
2008-07-05,338,54.935,17.2,a
2008-07-06,337,53.673,17.3,a
2008-07-07,342,57.844,17.3,a
2008-07-08,364,82.08,16.6,a
2008-07-09,375,94.054,16.1,a
2008-07-10,354,70.551,15.8,a
2008-07-11,344,61.068,16.1,a
2008-07-12,336,53.676,16.4,a
2008-07-13,346,62.531,16.5,a
2008-07-14,420,163.609,15.9,a
2008-07-15,400,127.035,14.5,a
2008-07-16,384,104.812,14,a
2008-07-17,363,80.139,14.4,a
2008-07-18,421,164.863,14.5,a
2008-07-19,409,139.682,14.1,a
2008-07-20,380,99.761,14.1,a
2008-07-21,416,151.852,14.1,a
2008-07-22,404,131.524,13.6,a
2008-07-23,390,112.742,12.9,a
2008-07-24,380,101.994,13.3,a
2008-07-25,367,85.958,13.7,a
2008-07-26,357,74.259,14.2,a
2008-07-27,368,86.776,14.7,a
2008-07-28,357,73.436,15.2,a
2008-07-29,352,67.59,15.7,a
2008-07-30,346,61.527,16.1,a
2008-07-31,348,58.58,16.2,a
2008-08-01,352,68.955,16.3,a
2008-08-02,340,56.723,16.5,a
2008-08-03,339,56.012,16.7,a
2008-08-04,339,55.596,16.9,a
2008-08-05,332,49.458,17.1,a
2008-08-06,335,52.48,17.2,a
2008-08-07,333,50.159,17.4,a
2008-08-08,332,49.669,17.3,a
2008-08-09,337,54.092,16.9,a
2008-08-10,334,51.545,16.8,a
2008-08-11,336,53.177,16.8,a
2008-08-12,333,50.146,16.9,a
2008-08-13,333,49.738,16.7,a
2008-08-14,332,49.583,16.7,a
2008-08-15,331,49.066,16.5,a
2008-08-16,396,129.625,16.2,a
2008-08-17,391,114.023,15.6,a
2008-08-18,355,71.946,15.1,a
2008-08-19,353,69.387,15.3,a
2008-08-20,342,57.73,15.5,a
2008-08-21,340,56.773,15.5,a
2008-08-22,335,51.809,15.8,a
2008-08-23,340,57.364,15.7,a
2008-08-24,440,191.947,15.1,a
2008-08-25,412,140.697,13.7,a
2008-08-26,374,91.422,13.5,a
2008-08-27,360,73.71,13.7,a
2008-08-28,351,65.047,14.2,a
2008-08-29,343,55.518,14.8,a
2008-08-30,340,52.222,15,a
2008-08-31,339,51.513,15.1,a
2008-09-01,335,48.869,15,a
2008-09-02,337,50.064,15.2,a
2008-09-03,334,47.037,15.3,a
2008-09-04,335,48.486,15.5,a
2008-09-05,325,39.807,15.6,a
2008-09-06,330,43.969,15.8,a
2008-09-07,328,41.976,15.8,a
2008-09-08,333,46.536,15.8,a
2008-09-09,337,49.98,15.7,a
2008-09-10,330,44.348,15.6,a
2008-09-11,330,44.087,15.7,a
2008-09-12,331,44.926,15.8,a
2008-09-13,328,42.533,15.6,a
2008-09-14,338,50.498,14.8,a
2008-09-15,342,55.505,14.1,a
2008-09-16,339,53.096,13.7,a
2008-09-17,331,45.268,13.1,a
2008-09-18,330,44.039,13.1,a
2008-09-19,329,43.641,12.8,a
2008-09-20,325,39.931,12.7,a
2008-09-21,323,38.651,12.7,a
2008-09-22,325,39.803,12.6,a
2008-09-23,318,34.608,12.5,a
2008-09-24,321,36.716,12.4,a
2008-09-25,322,37.818,12.3,a
2008-09-26,318,34.916,12.2,a
2008-09-27,320,36.154,12,a
2008-09-28,321,37.344,11.9,a
2008-09-29,319,35.808,11.7,a
2008-09-30,318,35.287,11.6,a
2008-10-01,316,33.712,11.7,a
2008-10-02,316,33.731,11.7,a
2008-10-03,326,42.432,11.7,a
2008-10-04,378,97.634,11.4,a
2008-10-05,361,74.78,10.9,a
2008-10-06,350,63.029,10.4,a
2008-10-07,338,51.032,10.4,a
2008-10-08,333,46.678,10.7,a
2008-10-09,331,45,10.9,a
2008-10-10,324,39.051,11.1,a
2008-10-11,326,40.811,11.3,a
2008-10-12,324,39.276,11.3,a
2008-10-13,322,37.939,11.5,a
2008-10-14,311,30.046,11.7,a
2008-10-15,310,29.112,11.9,a
2008-10-16,314,32.163,11.9,a
2008-10-17,330,43.91,11.8,a
2008-10-18,338,52.074,11.2,a
2008-10-19,316,33.361,11.1,a
2008-10-20,316,33.766,11,a
2008-10-21,323,38.485,10.7,a
2008-10-22,318,34.825,10.7,a
2008-10-23,315,33.048,10.6,a
2008-10-24,316,33.572,10.4,a
2008-10-25,316,33.627,10.5,a
2008-10-26,317,34.236,10.5,a
2008-10-27,316,33.281,10.2,a
2008-10-28,329,44.234,10.4,a
2008-10-29,378,98.021,10.8,a
2008-10-30,569,456.028,10.3,a
2008-10-31,553,417.687,9.4,a
2008-11-01,555,422.021,9.4,a
2008-11-02,485,271.038,9.5,a
2008-11-03,432,172.699,9.7,a
2008-11-04,395,120.587,9.8,a
2008-11-05,405,133.656,9.9,a
2008-11-06,410,140.476,9.7,a
2008-11-07,389,112.279,9.7,a
2008-11-08,390,114.213,9.5,a
2008-11-09,375,94.941,9.1,a
2008-11-10,375,93.872,9.1,a
2008-11-11,370,89.079,9.2,a
2008-11-12,358,76.157,9,a
2008-11-13,396,128.071,8.4,a
2008-11-14,464,228.896,7.9,a
2008-11-15,424,161.383,,a
2008-11-16,394,120.276,8,a
2008-11-17,378,98.93,8.7,a
2008-11-18,369,87.124,8.8,a
2008-11-19,366,84.934,8.6,a
2008-11-20,360,78.681,7,a
2008-11-21,357,74.072,7.4,a
2008-11-22,353,69.598,7.1,a
2008-11-23,350,66.219,6.2,a
2008-11-24,347,63.194,5.8,a
2008-11-25,349,65.21,5.5,a
2008-11-26,348,63.931,5.5,a
2008-11-27,342,59.074,5.1,a
2008-11-28,340,56.605,4.8,a
2008-11-29,339,55.981,4.5,a
2008-11-30,378,108.601,4.7,a
2008-12-01,484,277.718,5,a
2008-12-02,524,353.179,6.3,a
2008-12-03,467,233.319,6.8,a
2008-12-04,419,154.541,6.8,a
2008-12-05,464,253.024,6.6,a
2008-12-06,555,426.819,6.9,a
2008-12-07,460,221.036,7.1,a
2008-12-08,419,153.506,6.8,a
2008-12-09,397,123.057,6.4,a
2008-12-10,391,114.979,6.2,a
2008-12-11,525,372.63,6.1,a
2008-12-12,615,571.125,6.6,a
2008-12-13,522,347.347,6.8,a
2008-12-14,464,227.788,7,a
2008-12-15,439,185.526,7,a
2008-12-16,454,211.058,7,a
2008-12-17,519,339.832,7,a
2008-12-18,473,245.122,7.1,a
2008-12-19,436,180.231,7.1,a
2008-12-20,419,153.886,6.9,a
2008-12-21,404,132.528,6.7,a
2008-12-22,396,121.438,6.4,a
2008-12-23,385,106.279,6.3,a
2008-12-24,382,103.13,6.2,a
2008-12-25,379,99.537,6.1,a
2008-12-26,375,94.012,5.7,a
2008-12-27,368,86.542,5.3,a
2008-12-28,362,80.93,5,a
2008-12-29,363,81.886,4.8,a
2008-12-30,351,67.731,4.6,a
2008-12-31,354,70.63,4.5,a
2009-01-01,354,71.392,4,a
2009-01-02,352,69.137,4.2,a
2009-01-03,349,65.216,4.2,a
2009-01-04,346,62.925,3.8,a
2009-01-05,344,60.729,3.7,a
2009-01-06,343,59.458,3.6,a
2009-01-07,347,63.09,3.8,a
2009-01-08,346,62.371,3.7,a
2009-01-09,337,53.786,3.5,a
2009-01-10,339,55.876,3.2,a
2009-01-11,338,55.108,3.3,a
2009-01-12,332,49.968,3.2,a
2009-01-13,334,51.496,3.2,a
2009-01-14,334,51.221,3.1,a
2009-01-15,336,54.381,3.2,a
2009-01-16,334,51.601,3.6,a
2009-01-17,334,51.768,3.8,a
2009-01-18,334,51.667,3.9,a
2009-01-19,339,55.636,4.3,a
2009-01-20,387,108.47,4.5,a
2009-01-21,564,441.986,4.2,a
2009-01-22,487,280.847,4.9,a
2009-01-23,438,186.952,5.3,a
2009-01-24,407,137.433,5.4,a
2009-01-25,390,113.535,5.5,a
2009-01-26,376,94.759,5.6,a
2009-01-27,371,88.827,5.6,a
2009-01-28,371,87.838,5.5,a
2009-01-29,366,82.403,5.7,a
2009-01-30,361,76.384,5.7,a
2009-01-31,360,75.406,5.5,a
2009-02-01,355,69.781,5.4,a
2009-02-02,352,66.839,5,a
2009-02-03,350,64.617,4.5,a
2009-02-04,352,66.682,4.6,a
2009-02-05,357,72.824,4.9,a
2009-02-06,393,119.409,4.9,a
2009-02-07,495,309.062,5.2,a
2009-02-08,516,346.124,5.4,a
2009-02-09,459,224.859,5.7,a
2009-02-10,421,158.476,5.7,a
2009-02-11,421,159.117,5.8,a
2009-02-12,398,124.444,5.6,a
2009-02-13,386,108.232,5.4,a
2009-02-14,378,97.226,5.2,a
2009-02-15,374,92.451,5,a
2009-02-16,364,79.558,4.8,a
2009-02-17,360,74.52,4.9,a
2009-02-18,357,71.756,4.8,a
2009-02-19,356,70.967,4.5,a
2009-02-20,352,66.202,4.4,a
2009-02-21,348,62.073,4.5,a
2009-02-22,345,59.171,4.8,a
2009-02-23,346,59.623,4.9,a
2009-02-24,344,58.059,5.1,a
2009-02-25,341,54.272,5.3,a
2009-02-26,340,53.195,5.4,a
2009-02-27,339,51.482,5.6,a
2009-02-28,339,52.801,5.9,a
2009-03-01,338,51.886,6.1,a
2009-03-02,339,52.132,6.5,a
2009-03-03,345,57.856,6.9,a
2009-03-04,345,58.62,7,a
2009-03-05,455,220.06,6.8,a
2009-03-06,467,242.337,6.6,a
2009-03-07,421,157.5,6.6,a
2009-03-08,396,121.926,6.8,a
2009-03-09,385,106.759,6.8,a
2009-03-10,376,94.657,6.5,a
2009-03-11,365,81.002,6.7,a
2009-03-12,361,76.057,6.6,a
2009-03-13,356,70.124,6.9,a
2009-03-14,354,68.614,7.1,a
2009-03-15,353,66.993,7.2,a
2009-03-16,350,63.724,7.6,a
2009-03-17,353,66.681,7.8,a
2009-03-18,351,64.64,7.8,a
2009-03-19,352,65.669,7.7,a
2009-03-20,351,64.639,7.4,a
2009-03-21,350,63.41,7.1,a
2009-03-22,342,55.462,7,a
2009-03-23,343,56.164,7.1,a
2009-03-24,341,54.136,7.2,a
2009-03-25,341,53.877,6.7,a
2009-03-26,339,52.854,6.8,a
2009-03-27,338,51.48,7.3,a
2009-03-28,336,49.418,7.4,a
2009-03-29,392,131.024,7.5,a
2009-03-30,670,772.223,7.1,a
2009-03-31,545,417.005,7,a
2009-04-01,471,247.312,7.1,a
2009-04-02,473,252.11,7.5,a
2009-04-03,501,311.261,7.7,a
2009-04-04,472,249.752,8.1,a
2009-04-05,459,224.427,8.4,a
2009-04-06,446,199.639,8.6,a
2009-04-07,444,195.937,8.8,a
2009-04-08,431,173.812,8.9,a
2009-04-09,426,166.618,9.1,a
2009-04-10,427,167.976,9.2,a
2009-04-11,421,157.826,9.3,a
2009-04-12,413,146.629,9.4,a
2009-04-13,410,141.81,9.5,a
2009-04-14,405,134.88,9.5,a
2009-04-15,404,132.483,9.6,a
2009-04-16,403,131.601,9.6,a
2009-04-17,406,135.014,9.7,a
2009-04-18,427,167.513,9.7,a
2009-04-19,421,157.581,9.3,a
2009-04-20,403,130.033,9.2,a
2009-04-21,410,141.642,9.1,a
2009-04-22,411,143.368,9.2,a
2009-04-23,415,148.7,9.3,a
2009-04-24,415,148.852,9.2,a
2009-04-25,410,139.951,9,a
2009-04-26,397,121.98,9.3,a
2009-04-27,394,118.171,9.6,a
2009-04-28,420,160.161,9.6,a
2009-04-29,487,281.9,9.3,a
2009-04-30,491,291.255,9,a
2009-05-01,445,198.062,9,a
2009-05-02,428,169.7,9.4,a
2009-05-03,424,162.46,9.6,a
2009-05-04,412,143.988,9.6,a
2009-05-05,403,132.492,9.7,a
2009-05-06,397,121.635,9.8,a
2009-05-07,390,113.224,10,a
2009-05-08,395,119.124,10.6,a
2009-05-09,405,135.086,11.1,a
2009-05-10,398,123.172,11.2,a
2009-05-11,401,127.591,11.3,a
2009-05-12,408,137.635,11.6,a
2009-05-13,406,134.953,11.7,a
2009-05-14,407,137.216,11.5,a
2009-05-15,403,131.416,11.1,a
2009-05-16,393,117.186,11,a
2009-05-17,392,115.134,11.4,a
2009-05-18,392,115.119,12,a
2009-05-19,386,106.843,12.4,a
2009-05-20,389,111.348,12.7,a
2009-05-21,390,112.979,12.8,a
2009-05-22,386,107.108,12.9,a
2009-05-23,387,109.545,13.1,a
2009-05-24,388,110.187,13.2,a
2009-05-25,384,105.539,13.3,a
2009-05-26,388,110.333,13.3,a
2009-05-27,393,118.016,13.3,a
2009-05-28,419,154.01,12.9,a
2009-05-29,390,113.545,12.2,a
2009-05-30,377,95.587,12.1,a
2009-05-31,374,92.95,12.1,a
2009-06-01,376,95.163,12.1,a
2009-06-02,369,86.686,12.3,a
2009-06-03,363,80.646,12.5,a
2009-06-04,351,65.863,12.8,a
2009-06-05,371,88.838,12.6,a
2009-06-06,426,171.552,12.7,a
2009-06-07,460,226.531,12,a
2009-06-08,452,212.538,11.2,a
2009-06-09,421,156.967,11.5,a
2009-06-10,392,115.261,12.1,a
2009-06-11,381,101.406,12.4,a
2009-06-12,375,93.513,12.7,a
2009-06-13,370,87.228,13.2,a
2009-06-14,365,80.743,13.7,a
2009-06-15,362,77.647,14.1,a
2009-06-16,363,78.181,14.5,a
2009-06-17,377,95.995,14.6,a
2009-06-18,372,90.686,14.5,a
2009-06-19,363,79.207,14.8,a
2009-06-20,421,177.955,14.4,a
2009-06-21,443,196.465,12.7,a
2009-06-22,399,126.13,12,a
2009-06-23,388,110.792,11.5,a
2009-06-24,399,126.733,11.2,a
2009-06-25,400,126.494,11.7,a
2009-06-26,393,116.856,12.3,a
2009-06-27,386,107.209,13.1,a
2009-06-28,389,111.691,13.4,a
2009-06-29,378,98.34,13.6,a
2009-06-30,367,84.463,14,a
2009-07-01,368,85.632,14.2,a
2009-07-02,365,81.956,14.7,a
2009-07-03,361,77.13,15,a
2009-07-04,365,80.628,15.2,a
2009-07-05,360,75.69,15.5,a
2009-07-06,363,78.911,15.4,a
2009-07-07,377,99.29,15,a
2009-07-08,483,281.985,13.7,a
2009-07-09,452,212.284,12.8,a
2009-07-10,430,174.462,12.6,a
2009-07-11,402,130.197,12.9,a
2009-07-12,388,110.916,13.2,a
2009-07-13,383,103.316,13.6,a
2009-07-14,374,92.763,14.3,a
2009-07-15,366,82.988,15,a
2009-07-16,361,76.802,15.6,a
2009-07-17,359,74.586,16.1,a
2009-07-18,369,86.61,16.1,a
2009-07-19,386,109.076,15.6,a
2009-07-20,371,88.844,15.3,a
2009-07-21,361,76.478,15.3,a
2009-07-22,355,69.851,15.9,a
2009-07-23,353,67.329,16.3,a
2009-07-24,347,60.162,16.6,a
2009-07-25,359,75.421,16.5,a
2009-07-26,364,80.761,16.3,a
2009-07-27,352,66.547,16.3,a
2009-07-28,355,69.652,16.1,a
2009-07-29,350,63.56,16.1,a
2009-07-30,351,64.135,16.3,a
2009-07-31,350,63.065,16.5,a
2009-08-01,337,49.991,16.5,a
2009-08-02,341,54.154,16.9,a
2009-08-03,336,49.001,16.7,a
2009-08-04,359,74.037,16.4,a
2009-08-05,366,82.531,16.3,a
2009-08-06,349,63.842,16.2,a
2009-08-07,344,58.185,16.4,a
2009-08-08,345,58.491,16.4,a
2009-08-09,341,53.973,16.5,a
2009-08-10,336,49.834,16.8,a
2009-08-11,339,52.006,17.2,a
2009-08-12,334,46.999,17,a
2009-08-13,335,48.122,17,a
2009-08-14,334,46.404,17.1,a
2009-08-15,332,45.168,17.2,a
2009-08-16,333,45.613,17.3,a
2009-08-17,332,44.83,17.3,a
2009-08-18,331,43.359,17.3,a
2009-08-19,327,40.44,17.5,a
2009-08-20,325,38.12,17.7,a
2009-08-21,331,43.419,17.8,a
2009-08-22,330,43.25,17.8,a
2009-08-23,329,41.727,17.7,a
2009-08-24,323,37.086,17.4,a
2009-08-25,327,39.953,17.2,a
2009-08-26,326,39.497,17.1,a
2009-08-27,327,40.111,17.1,a
2009-08-28,324,37.601,17.1,a
2009-08-29,326,39.681,17,a
2009-08-30,324,37.48,16.6,a
2009-08-31,317,32.001,16.3,a
2009-09-01,315,30.293,16.2,a
2009-09-02,326,38.948,16.3,a
2009-09-03,319,33.689,16.4,a
2009-09-04,346,64.551,16.2,a
2009-09-05,487,285.796,14.1,a
2009-09-06,408,138.347,12.6,a
2009-09-07,373,91.472,12.4,a
2009-09-08,348,61.232,12.9,a
2009-09-09,339,52.14,13.1,a
2009-09-10,337,50.167,13.3,a
2009-09-11,340,52.449,13.5,a
2009-09-12,341,54.033,13.7,a
2009-09-13,336,48.606,13.8,a
2009-09-14,374,95.83,13.6,a
2009-09-15,425,166.01,12.8,a
2009-09-16,398,124.632,12.2,a
2009-09-17,425,166.874,12.3,a
2009-09-18,411,143.455,12.3,a
2009-09-19,385,106.266,12.4,a
2009-09-20,372,90.121,12.5,a
2009-09-21,360,76.045,12.6,a
2009-09-22,356,69.671,12.8,a
2009-09-23,348,61.327,13,a
2009-09-24,349,62.739,13.1,a
2009-09-25,339,51.785,13.2,a
2009-09-26,340,53.101,13.3,a
2009-09-27,337,50.256,13.2,a
2009-09-28,338,50.655,13.1,a
2009-09-29,337,49.483,13,a
2009-09-30,336,48.497,13,a
2009-10-01,334,46.554,12.9,a
2009-10-02,331,44.577,12.9,a
2009-10-03,331,43.82,12.7,a
2009-10-04,326,39.287,12.5,a
2009-10-05,325,38.489,12.4,a
2009-10-06,329,42.5,12.5,a
2009-10-07,327,40.483,12.6,a
2009-10-08,323,37.059,12.6,a
2009-10-09,322,35.772,12.7,a
2009-10-10,329,42.115,12.8,a
2009-10-11,329,42.208,12.9,a
2009-10-12,336,49.113,12.8,a
2009-10-13,343,56.79,11.9,a
2009-10-14,333,45.898,11.3,a
2009-10-15,329,42.106,10.7,a
2009-10-16,333,45.918,10,a
2009-10-17,328,41.461,9.5,a
2009-10-18,327,40.466,9.5,a
2009-10-19,323,36.644,9,a
2009-10-20,320,34.015,8.8,a
2009-10-21,320,34.54,8.6,a
2009-10-22,339,54.468,8.9,a
2009-10-23,425,164.208,8.7,a
2009-10-24,393,117.313,9.2,a
2009-10-25,365,81.034,9.4,a
2009-10-26,352,65.542,9.6,a
2009-10-27,343,56.25,9.7,a
2009-10-28,343,56.247,9.6,a
2009-10-29,334,46.292,9.6,a
2009-10-30,333,45.887,9.7,a
2009-10-31,331,43.42,9.2,a
2009-11-01,328,40.654,8.9,a
2009-11-02,326,39.347,8.6,a
2009-11-03,355,70.049,7.9,a
2009-11-04,344,57.102,7.6,a
2009-11-05,356,71.325,7.7,a
2009-11-06,362,78.032,7.7,a
2009-11-07,387,110.292,7.9,a
2009-11-08,369,86.385,7.9,a
2009-11-09,384,105.492,7.9,a
2009-11-10,398,124.485,8,a
2009-11-11,383,104.51,8,a
2009-11-12,368,85.987,7.6,a
2009-11-13,353,68.081,7.5,a
2009-11-14,346,59.543,7.7,a
2009-11-15,352,66.834,8,a
2009-11-16,356,72.003,8.1,a
2009-11-17,368,87.074,8.3,a
2009-11-18,356,71.516,8.4,a
2009-11-19,356,70.692,8.3,a
2009-11-20,348,61.992,8,a
2009-11-21,342,54.731,7.7,a
2009-11-22,334,46.66,7.6,a
2009-11-23,339,51.751,7.7,a
2009-11-24,336,49.489,7.9,a
2009-11-25,336,48.724,7.6,a
2009-11-26,329,42.974,7.8,a
2009-11-27,361,79.101,8.2,a
2009-11-28,390,113.347,8.1,a
2009-11-29,366,82.586,8.1,a
2009-11-30,360,76.725,8.3,a
2009-12-01,475,262.136,8.5,a
2009-12-02,438,187.611,8.1,a
2009-12-03,391,115.228,7.7,a
2009-12-04,375,93.873,7.4,a
2009-12-05,371,88.852,7.1,a
2009-12-06,363,77.954,7,a
2009-12-07,353,66.907,7,a
2009-12-08,385,113.821,7.2,a
2009-12-09,459,227.097,7.2,a
2009-12-10,403,131.572,6.9,a
2009-12-11,384,105.387,6.8,a
2009-12-12,370,88.504,6.7,a
2009-12-13,358,73.298,6.3,a
2009-12-14,359,73.545,5.7,a
2009-12-15,350,63.453,5.3,a
2009-12-16,349,62.264,5,a
2009-12-17,346,58.987,4.7,a
2009-12-18,343,55.89,4.3,a
2009-12-19,341,54.006,3.9,a
2009-12-20,339,52.08,3.3,a
2009-12-21,338,51.496,2.8,a
2009-12-22,346,60.159,3.3,a
2009-12-23,614,658.322,4.2,a
2009-12-24,654,718.58,6.4,a
2009-12-25,785,1171.532,7.5,a
2009-12-26,710,905.832,7.2,a
2009-12-27,562,460.439,6.8,a
2009-12-28,481,269.359,6.6,a
2009-12-29,448,204.991,6.3,a
2009-12-30,427,168.86,6.3,a
2009-12-31,409,140.884,6.6,a
2010-01-01,424,164.815,7,a
2010-01-02,412,144.854,7.2,a
2010-01-03,404,132.4,6.8,a
2010-01-04,396,121.506,5.9,a
2010-01-05,379,99.735,5.2,a
2010-01-06,382,103.415,4.9,a
2010-01-07,373,92.469,5,a
2010-01-08,372,91.638,5,a
2010-01-09,365,82.904,4.6,a
2010-01-10,365,83.756,4.8,a
2010-01-11,363,80.598,5,a
2010-01-12,360,77.177,5.1,a
2010-01-13,354,70.769,5.3,a
2010-01-14,350,66.004,5.3,a
2010-01-15,347,63.089,5.3,a
2010-01-16,348,64.77,5.3,a
2010-01-17,348,65.01,5,a
2010-01-18,341,57.629,4.9,a
2010-01-19,343,59.218,4.7,a
2010-01-20,343,58.848,4.5,a
2010-01-21,341,57.646,4.2,a
2010-01-22,339,55.366,4.2,a
2010-01-23,337,53.545,4.3,a
2010-01-24,337,53.609,4.1,a
2010-01-25,340,56.55,4,a
2010-01-26,336,52.846,4,a
2010-01-27,329,47.394,3.8,a
2010-01-28,329,47.242,3.5,a
2010-01-29,329,46.756,3.4,a
2010-01-30,329,46.918,3.5,a
2010-01-31,334,51.974,3.7,a
2010-02-01,331,48.121,3.7,a
2010-02-02,326,44.163,3.5,a
2010-02-03,330,47.581,3.4,a
2010-02-04,326,44.244,3.8,a
2010-02-05,326,44.918,4.2,a
2010-02-06,345,62.581,4.1,a
2010-02-07,342,57.749,4,a
2010-02-08,339,55.184,4,a
2010-02-09,328,46.178,4.1,a
2010-02-10,334,50.77,4.1,a
2010-02-11,333,49.558,3.8,a
2010-02-12,326,44.34,4,a
2010-02-13,327,45.214,4.3,a
2010-02-14,327,45.019,4.4,a
2010-02-15,327,44.689,4.4,a
2010-02-16,326,44.531,4.6,a
2010-02-17,328,45.529,4.9,a
2010-02-18,328,46.013,5.2,a
2010-02-19,359,80.799,5.2,a
2010-02-20,540,403.253,4.8,a
2010-02-21,442,194.557,5,a
2010-02-22,403,131.346,5.2,a
2010-02-23,383,103.564,5.5,a
2010-02-24,382,102.753,5.9,a
2010-02-25,382,102.747,5.9,a
2010-02-26,418,162.613,6.1,a
2010-02-27,474,254.156,6.1,a
2010-02-28,422,159.675,6.2,a
2010-03-01,417,151.788,6.6,a
2010-03-02,412,143.866,6.7,a
2010-03-03,398,123.635,6.6,a
2010-03-04,386,107.948,6.4,a
2010-03-05,375,94.504,6.2,a
2010-03-06,370,88.105,5.8,a
2010-03-07,363,80.283,5.5,a
2010-03-08,358,75.323,5,a
2010-03-09,352,68.032,4.8,a
2010-03-10,348,64.42,4.6,a
2010-03-11,346,62.642,4.4,a
2010-03-12,347,63.634,4.9,a
2010-03-13,344,61.141,5.1,a
2010-03-14,340,56.845,5.2,a
2010-03-15,340,56.88,5.7,a
2010-03-16,336,52.388,6,a
2010-03-17,334,52.093,6.3,a
2010-03-18,332,49.055,6.6,a
2010-03-19,333,50.893,7.1,a
2010-03-20,337,53.996,7.4,a
2010-03-21,343,59.619,7.5,a
2010-03-22,353,70.735,7.7,a
2010-03-23,362,79.473,8,a
2010-03-24,369,87.735,8.4,a
2010-03-25,370,89.345,8.7,a
2010-03-26,370,89.4,8.9,a
2010-03-27,404,136.718,8.8,a
2010-03-28,395,121.334,8.5,a
2010-03-29,374,94.342,8.4,a
2010-03-30,370,89.086,8.5,a
2010-03-31,403,138.374,8.4,a
2010-04-01,426,166.091,8.2,a
2010-04-02,412,145.717,8,a
2010-04-03,386,108.268,7.8,a
2010-04-04,379,98.362,8,a
2010-04-05,378,97.704,8.2,a
2010-04-06,372,91.287,8.3,a
2010-04-07,361,78.843,8.5,a
2010-04-08,362,79.182,8.8,a
2010-04-09,358,74.903,9.2,a
2010-04-10,360,76.788,9.6,a
2010-04-11,358,74.63,9.4,a
2010-04-12,359,75.657,9.1,a
2010-04-13,353,69.393,8.7,a
2010-04-14,356,72.196,8.6,a
2010-04-15,344,59.947,8.8,a
2010-04-16,345,60.773,9.3,a
2010-04-17,342,58.29,9.7,a
2010-04-18,348,64.295,9.8,a
2010-04-19,348,65.624,9.7,a
2010-04-20,348,64.643,10.1,a
2010-04-21,347,63.749,10.4,a
2010-04-22,359,75.668,10.4,a
2010-04-23,354,69.693,10.1,a
2010-04-24,353,68.955,10.3,a
2010-04-25,350,66.306,10.5,a
2010-04-26,359,75.339,10.9,a
2010-04-27,369,87.317,11.6,a
2010-04-28,377,96.093,11.6,a
2010-04-29,368,85.588,11.5,a
2010-04-30,363,79.924,11.9,a
2010-05-01,368,86.48,12.2,a
2010-05-02,370,87.65,12.1,a
2010-05-03,380,104.437,11.8,a
2010-05-04,444,196.489,10.9,a
2010-05-05,484,273.786,9.9,a
2010-05-06,527,377.833,9.6,a
2010-05-07,497,302.558,9.3,a
2010-05-08,449,206.248,9.2,a
2010-05-09,416,150.304,9.4,a
2010-05-10,410,139.946,9.7,a
2010-05-11,406,134.48,10,a
2010-05-12,419,155.955,10.1,a
2010-05-13,427,166.703,10.2,a
2010-05-14,425,164.597,10.3,a
2010-05-15,417,151.106,10.1,a
2010-05-16,418,152.955,9.9,a
2010-05-17,393,116.197,9.9,a
2010-05-18,385,106.362,10.3,a
2010-05-19,372,89.777,10.6,a
2010-05-20,376,94.761,10.9,a
2010-05-21,365,82.51,11,a
2010-05-22,361,78.963,11.2,a
2010-05-23,356,74.076,11.6,a
2010-05-24,358,74.176,12.1,a
2010-05-25,352,68.21,12.7,a
2010-05-26,355,71.847,13.2,a
2010-05-27,358,74.651,13.6,a
2010-05-28,356,72.713,13.8,a
2010-05-29,351,67.898,13.7,a
2010-05-30,349,65.873,13.5,a
2010-05-31,361,79.336,13,a
2010-06-01,355,71.438,12.6,a
2010-06-02,351,67.308,12.4,a
2010-06-03,349,64.927,12.4,a
2010-06-04,343,59.444,12.6,a
2010-06-05,342,58.943,13,a
2010-06-06,344,59.917,13.7,a
2010-06-07,341,57.282,14.4,a
2010-06-08,338,54.588,14.9,a
2010-06-09,339,55.437,15.5,a
2010-06-10,337,53.966,15.8,a
2010-06-11,337,53.83,16,a
2010-06-12,340,55.561,16.3,a
2010-06-13,338,53.875,16.5,a
2010-06-14,336,52.304,16.6,a
2010-06-15,337,53.726,16.6,a
2010-06-16,347,64.697,16.2,a
2010-06-17,365,84.064,15.9,a
2010-06-18,361,78.28,15.7,a
2010-06-19,359,76.6,15.5,a
2010-06-20,445,217.928,14.5,a
2010-06-21,464,236.101,12.3,a
2010-06-22,408,139.189,11.7,a
2010-06-23,376,94.868,12.1,a
2010-06-24,366,83.133,12.8,a
2010-06-25,347,63.522,13.6,a
2010-06-26,354,70.368,14.2,a
2010-06-27,342,57.99,14.5,a
2010-06-28,345,61.124,15.1,a
2010-06-29,341,57.314,15.4,a
2010-06-30,337,53.434,15.9,a
2010-07-01,338,54.179,16.3,a
2010-07-02,338,54.498,16.6,a
2010-07-03,335,51.27,16.7,a
2010-07-04,335,52.126,16.9,a
2010-07-05,338,54.645,16.9,a
2010-07-06,341,57.044,16.7,a
2010-07-07,343,58.901,16.4,a
2010-07-08,341,56.529,16.5,a
2010-07-09,338,54.038,16.5,a
2010-07-10,335,51.459,16.7,a
2010-07-11,324,42.755,17,a
2010-07-12,325,43.176,17.5,a
2010-07-13,320,39.711,17.9,a
2010-07-14,323,42.028,18.2,a
2010-07-15,323,42.234,18.6,a
2010-07-16,322,41.048,18.8,a
2010-07-17,322,41.124,18.9,a
2010-07-18,321,40.538,18.8,a
2010-07-19,322,41.015,18.4,a
2010-07-20,319,39.095,18.4,a
2010-07-21,319,38.743,18.2,a
2010-07-22,320,39.871,18.5,a
2010-07-23,322,41.435,18.7,a
2010-07-24,327,45.048,18.4,a
2010-07-25,323,41.722,17.6,a
2010-07-26,321,40.567,17.6,a
2010-07-27,321,40.506,17.5,a
2010-07-28,321,40.753,17.4,a
2010-07-29,325,43.615,17.1,a
2010-07-30,368,85.637,16,a
2010-07-31,347,63.555,15.7,a
2010-08-01,333,50.444,15.9,a
2010-08-02,328,45.786,16.3,a
2010-08-03,327,44.904,16.5,a
2010-08-04,327,45.286,16.7,a
2010-08-05,327,45.291,16.6,a
2010-08-06,331,48.311,16.2,a
2010-08-07,359,75.739,15.9,a
2010-08-08,338,54.27,16,a
2010-08-09,336,52.359,16.2,a
2010-08-10,333,49.898,16.4,a
2010-08-11,330,47.999,16.6,a
2010-08-12,326,44.483,16.8,a
2010-08-13,344,63.516,16.6,a
2010-08-14,386,108.005,15.9,a
2010-08-15,411,148.181,15.6,a
2010-08-16,405,134.885,14.7,a
2010-08-17,382,102.974,14.3,a
2010-08-18,355,71.675,14.3,a
2010-08-19,347,62.236,14.5,a
2010-08-20,342,58.21,14.7,a
2010-08-21,339,55.121,15,a
2010-08-22,337,52.987,15.4,a
2010-08-23,333,49.757,15.9,a
2010-08-24,329,46.712,16.2,a
2010-08-25,330,47.527,16.2,a
2010-08-26,328,45.923,16,a
2010-08-27,328,45.647,16.4,a
2010-08-28,376,103.772,16.2,a
2010-08-29,423,160.092,15.1,a
2010-08-30,393,116.396,13.5,a
2010-08-31,378,97.399,12.9,a
2010-09-01,355,71.685,12.7,a
2010-09-02,345,61.842,12.8,a
2010-09-03,346,62.568,12.8,a
2010-09-04,340,56.654,13,a
2010-09-05,338,54.253,13.2,a
2010-09-06,336,52.518,13.2,a
2010-09-07,335,51.949,12.8,a
2010-09-08,366,91.727,12.6,a
2010-09-09,470,246.372,12.4,a
2010-09-10,431,176.729,12.2,a
2010-09-11,385,106.631,12.3,a
2010-09-12,375,93.259,12.5,a
2010-09-13,361,78.163,12.8,a
2010-09-14,350,66.163,13,a
2010-09-15,347,62.623,13.3,a
2010-09-16,345,60.936,13.4,a
2010-09-17,442,223.119,13.3,a
2010-09-18,746,1021.663,12,a
2010-09-19,724,955.758,11.2,a
2010-09-20,538,421.266,11.1,a
2010-09-21,459,242.392,11,a
2010-09-22,428,190.024,11,a
2010-09-23,413,164.301,11.2,a
2010-09-24,391,133.563,11.4,a
2010-09-25,450,246.169,11.6,a
2010-09-26,493,315.145,11.3,a
2010-09-27,439,206.925,11,a
2010-09-28,412,163.709,10.9,a
2010-09-29,401,147.621,11,a
2010-09-30,398,142.841,11,a
2010-10-01,379,116.92,11,a
2010-10-02,372,108.772,11,a
2010-10-03,365,99.886,11.1,a
2010-10-04,364,98.608,11.2,a
2010-10-05,375,116.67,11.4,a
2010-10-06,419,172.731,11.4,a
2010-10-07,394,137.745,11,a
2010-10-08,372,109.235,10.7,a
2010-10-09,356,89.343,10.5,a
2010-10-10,353,86.225,10.4,a
2010-10-11,357,91.43,10.1,a
2010-10-12,354,86.878,10,a
2010-10-13,348,80.175,10,a
2010-10-14,347,79.402,10.1,a
2010-10-15,342,73.701,9.9,a
2010-10-16,341,72.752,10,a
2010-10-17,348,80.616,9.9,a
2010-10-18,352,84.99,9.7,a
2010-10-19,349,81.676,9.7,a
2010-10-20,346,78.774,9.6,a
2010-10-21,342,73.941,9.4,a
2010-10-22,339,70.952,9.1,a
2010-10-23,331,62.745,9.2,a
2010-10-24,331,62.868,9.2,a
2010-10-25,389,143.334,9.3,a
2010-10-26,468,264.146,8.8,a
2010-10-27,414,166.334,8.2,a
2010-10-28,379,117.136,8,a
2010-10-29,371,106.787,7.7,a
2010-10-30,362,96.294,7.6,a
2010-10-31,364,98.174,8,a
2010-11-01,423,190.652,8.3,a
2010-11-02,433,197.332,8.7,a
2010-11-03,418,172.138,8.9,a
2010-11-04,400,145.272,8.9,a
2010-11-05,378,115.776,9,a
2010-11-06,365,99.811,9,a
2010-11-07,362,96.41,9.2,a
2010-11-08,540,436.038,9.2,a
2010-11-09,551,449.954,8.7,a
2010-11-10,505,341.067,8.3,a
2010-11-11,466,256.982,8.4,a
2010-11-12,439,205.621,8.4,a
2010-11-13,421,176.778,8.5,a
2010-11-14,403,149.599,8.8,a
2010-11-15,392,134.196,8.9,a
2010-11-16,393,136.266,8.9,a
2010-11-17,458,248.157,9,a
2010-11-18,443,214.277,8.9,a
2010-11-19,457,241.16,8.9,a
2010-11-20,448,222.45,8.7,a
2010-11-21,426,184.831,8.5,a
2010-11-22,554,463.801,8.5,a
2010-11-23,495,317.779,8.3,a
2010-11-24,444,215.43,8.1,a
2010-11-25,429,189.659,7.7,a
2010-11-26,394,137.175,7.3,a
2010-11-27,398,142.692,6.8,a
2010-11-28,387,128.446,6.4,a
2010-11-29,381,121.38,5.8,a
2010-11-30,372,109.071,5.8,a
2010-12-01,375,112.381,5.6,a
2010-12-02,375,112.805,5.3,a
2010-12-03,374,111.446,5.2,a
2010-12-04,371,107.346,5.2,a
2010-12-05,357,90.986,5.2,a
2010-12-06,368,103.756,5.2,a
2010-12-07,471,275.441,5.5,a
2010-12-08,587,552.382,6.1,a
2010-12-09,621,639.613,6.8,a
2010-12-10,531,400.713,6.3,a
2010-12-11,463,251.447,5.9,a
2010-12-12,429,189.488,5.6,a
2010-12-13,411,162.048,5.4,a
2010-12-14,397,141.427,5,a
2010-12-15,387,127.383,4.7,a
2010-12-16,378,116.328,4.5,a
2010-12-17,369,104.816,4.2,a
2010-12-18,368,103.219,4,a
2010-12-19,366,100.991,3.8,a
2010-12-20,363,97.352,4.1,a
2010-12-21,358,92.856,4.5,a
2010-12-22,374,112.948,4.9,a
2010-12-23,444,220.734,5.2,a
2010-12-24,644,713.33,5.8,a
2010-12-25,603,588.499,6.2,a
2010-12-26,509,349.467,6.3,a
2010-12-27,455,236.074,5.8,a
2010-12-28,422,178.807,5.1,a
2010-12-29,408,158.346,4.8,a
2010-12-30,397,141.9,4.6,a
2010-12-31,385,125.233,4.4,a
2011-01-01,374,111.14,4.3,a
2011-01-02,370,107.51,4.3,a
2011-01-03,369,105.355,4.5,a
2011-01-04,362,96.419,4.4,a
2011-01-05,359,92.147,4.2,a
2011-01-06,354,87.935,3.9,a
2011-01-07,351,83.496,4.3,a
2011-01-08,355,89.236,4.7,a
2011-01-09,369,104.992,5.2,a
2011-01-10,369,105.429,5.8,a
2011-01-11,423,183.289,6.1,a
2011-01-12,426,184.765,6.2,a
2011-01-13,396,139.999,6.3,a
2011-01-14,382,121.237,6.4,a
2011-01-15,376,113.463,6.3,a
2011-01-16,370,105.038,6.3,a
2011-01-17,364,98.409,6.2,a
2011-01-18,364,97.907,6,a
2011-01-19,362,95.939,5.8,a
2011-01-20,358,90.29,5.7,a
2011-01-21,351,82.582,5.6,a
2011-01-22,351,81.81,5.3,a
2011-01-23,345,75.576,4.9,a
2011-01-24,342,71.242,4.6,a
2011-01-25,338,66.184,4.6,a
2011-01-26,336,65.076,4.6,a
2011-01-27,336,64.139,4.7,a
2011-01-28,337,65.461,4.8,a
2011-01-29,332,59.991,4.6,a
2011-01-30,329,57.156,4.6,a
2011-01-31,332,60.465,4.7,a
2011-02-01,325,53.268,4.6,a
2011-02-02,326,53.288,4.6,a
2011-02-03,322,49.715,4.5,a
2011-02-04,321,49.272,4.6,a
2011-02-05,321,49.233,4.7,a
2011-02-06,322,50.294,4.9,a
2011-02-07,324,51.402,5.1,a
2011-02-08,324,51.729,5.1,a
2011-02-09,325,52.747,5.3,a
2011-02-10,322,49.768,5.4,a
2011-02-11,324,52.038,5.4,a
2011-02-12,321,49.13,5.7,a
2011-02-13,318,45.957,5.9,a
2011-02-14,322,49.71,5.8,a
2011-02-15,321,48.335,5.8,a
2011-02-16,322,49.508,5.8,a
2011-02-17,330,57.786,5.6,a
2011-02-18,322,50.251,5.6,a
2011-02-19,323,50.977,5.8,a
2011-02-20,321,48.927,5.9,a
2011-02-21,320,48.168,5.8,a
2011-02-22,320,47.906,5.6,a
2011-02-23,320,47.624,5.5,a
2011-02-24,321,49.446,5.2,a
2011-02-25,319,47.407,5,a
2011-02-26,315,43.893,5,a
2011-02-27,315,43.203,4.9,a
2011-02-28,311,39.811,4.9,a
2011-03-01,306,36.42,4.8,a
2011-03-02,306,36.181,4.7,a
2011-03-03,309,38.885,4.6,a
2011-03-04,312,40.753,4.8,a
2011-03-05,314,42.489,5.1,a
2011-03-06,308,37.842,5.1,a
2011-03-07,308,37.89,5,a
2011-03-08,308,38.142,5.1,a
2011-03-09,308,37.893,5.2,a
2011-03-10,308,37.949,5.5,a
2011-03-11,305,35.776,6,a
2011-03-12,305,35.904,6.3,a
2011-03-13,306,36.176,6.6,a
2011-03-14,367,107.626,6.7,a
2011-03-15,409,158.164,6.8,a
2011-03-16,428,197.014,6.9,a
2011-03-17,578,519.635,7,a
2011-03-18,488,303.554,7.1,a
2011-03-19,437,203.849,7.2,a
2011-03-20,396,139.449,7.1,a
2011-03-21,370,105.993,7,a
2011-03-22,365,99.147,6.9,a
2011-03-23,353,84.365,7,a
2011-03-24,350,81.923,7.4,a
2011-03-25,338,67.379,7.8,a
2011-03-26,338,67.492,8.2,a
2011-03-27,343,72.854,8.5,a
2011-03-28,339,68.436,8.5,a
2011-03-29,340,69.467,8.8,a
2011-03-30,340,69.279,8.9,a
2011-03-31,336,64.45,9.1,a
2011-04-01,332,60.672,9.3,a
2011-04-02,330,57.878,9.5,a
2011-04-03,329,57.213,10,a
2011-04-04,338,67.429,10.3,a
2011-04-05,347,78.267,10.6,a
2011-04-06,342,71.798,10.5,a
2011-04-07,335,64.748,10.7,a
2011-04-08,333,62.508,10.9,a
2011-04-09,343,72.73,11,a
2011-04-10,339,68.853,11.3,a
2011-04-11,339,67.903,11.1,a
2011-04-12,333,61.374,11.2,a
2011-04-13,336,65.542,11.1,a
2011-04-14,327,55.369,10.7,a
2011-04-15,323,50.885,10.5,a
2011-04-16,322,50.244,10.1,a
2011-04-17,315,43.33,9.9,a
2011-04-18,313,41.984,10,a
2011-04-19,314,43.113,10.3,a
2011-04-20,312,41.089,10.7,a
2011-04-21,315,44.093,11.2,a
2011-04-22,314,42.875,11.5,a
2011-04-23,312,41.276,11.9,a
2011-04-24,316,44.381,12.1,a
2011-04-25,318,46.304,12.5,a
2011-04-26,330,58.466,12.7,a
2011-04-27,329,56.49,12.7,a
2011-04-28,326,53.427,12.4,a
2011-04-29,322,50.197,12,a
2011-04-30,324,52.421,11.8,a
2011-05-01,321,48.773,12,a
2011-05-02,322,49.696,12.1,a
2011-05-03,322,50.367,12.3,a
2011-05-04,322,50.039,12.4,a
2011-05-05,324,52.093,12.4,a
2011-05-06,321,49.307,12.5,a
2011-05-07,316,43.93,12.7,a
2011-05-08,312,41.221,13,a
2011-05-09,312,41.375,12.8,a
2011-05-10,312,41.388,13.1,a
2011-05-11,315,43.911,13.5,a
2011-05-12,314,42.603,13.8,a
2011-05-13,316,44.493,14.1,a
2011-05-14,322,50.336,14.4,a
2011-05-15,326,54.752,14.1,a
2011-05-16,353,84.744,13.1,a
2011-05-17,335,63.038,13,a
2011-05-18,324,51.956,13.1,a
2011-05-19,320,48.223,13.4,a
2011-05-20,320,48.6,13.8,a
2011-05-21,318,46.596,14.1,a
2011-05-22,320,47.952,14.5,a
2011-05-23,319,47.198,14.8,a
2011-05-24,316,44.382,14.9,a
2011-05-25,315,43.531,15.5,a
2011-05-26,314,42.532,15.8,a
2011-05-27,315,43.15,16.2,a
2011-05-28,336,66.11,15.8,a
2011-05-29,348,78.806,15,a
2011-05-30,335,64.499,14.8,a
2011-05-31,326,55.049,14.7,a
2011-06-01,319,47.624,14.8,a
2011-06-02,318,46.247,14.9,a
2011-06-03,318,46.077,15.2,a
2011-06-04,321,49.95,15.5,a
2011-06-05,338,67.768,15.6,a
2011-06-06,344,73.752,15.4,a
2011-06-07,350,82.38,15.1,a
2011-06-08,450,226.821,14.3,a
2011-06-09,422,178.154,13,a
2011-06-10,386,125.464,12.7,a
2011-06-11,365,100.219,13,a
2011-06-12,348,79.594,13.6,a
2011-06-13,343,73.252,13.8,a
2011-06-14,338,67.488,13.9,a
2011-06-15,333,62.362,14.1,a
2011-06-16,329,57.748,14.6,a
2011-06-17,321,49.014,15,a
2011-06-18,326,55.307,15.1,a
2011-06-19,408,174.48,14.8,a
2011-06-20,419,173.961,13,a
2011-06-21,375,111.567,12.7,a
2011-06-22,349,79.801,13.5,a
2011-06-23,345,74.391,14.2,a
2011-06-24,359,91.642,14.4,a
2011-06-25,358,90.828,14.4,a
2011-06-26,347,77.434,14.5,a
2011-06-27,339,67.619,14.4,a
2011-06-28,331,59.072,14.9,a
2011-06-29,329,56.659,15.3,a
2011-06-30,326,54.168,15.7,a
2011-07-01,327,54.899,15.6,a
2011-07-02,328,56.013,15.5,a
2011-07-03,327,55.27,15.3,a
2011-07-04,321,48.499,15.4,a
2011-07-05,318,46.435,15.9,a
2011-07-06,318,46.308,16.1,a
2011-07-07,318,45.717,16.6,a
2011-07-08,317,44.845,17,a
2011-07-09,314,42.806,17.4,a
2011-07-10,309,38.577,17.9,a
2011-07-11,308,37.743,18.1,a
2011-07-12,308,37.954,18.3,a
2011-07-13,308,37.427,18.4,a
2011-07-14,307,37.213,18.6,a
2011-07-15,308,37.525,18.4,a
2011-07-16,308,37.805,17.9,a
2011-07-17,307,37.271,18,a
2011-07-18,314,43.173,17.7,a
2011-07-19,311,40.006,17.5,a
2011-07-20,316,44.784,17.4,a
2011-07-21,309,38.422,17.1,a
2011-07-22,310,38.956,17.3,a
2011-07-23,308,37.815,17.2,a
2011-07-24,398,148.613,15.8,a
2011-07-25,407,155.831,14.5,a
2011-07-26,357,89.128,14,a
2011-07-27,343,73.058,14.2,a
2011-07-28,333,61.455,14.4,a
2011-07-29,325,53.034,14.5,a
2011-07-30,319,47.096,14.9,a
2011-07-31,314,42.299,15,a
2011-08-01,318,46.374,15.4,a
2011-08-02,319,46.799,15.5,a
2011-08-03,316,44.384,16.1,a
2011-08-04,314,42.56,16.5,a
2011-08-05,322,49.859,16.7,a
2011-08-06,312,41.137,16.7,a
2011-08-07,311,40.151,16.9,a
2011-08-08,315,43.777,17.1,a
2011-08-09,416,169.766,16.3,a
2011-08-10,382,122.736,14.9,a
2011-08-11,353,84.669,14.5,a
2011-08-12,341,71.526,14.6,a
2011-08-13,332,61.061,14.6,a
2011-08-14,326,54.519,15,a
2011-08-15,325,52.475,15.4,a
2011-08-16,322,49.706,15.8,a
2011-08-17,318,45.801,16.1,a
2011-08-18,315,43.873,16.3,a
2011-08-19,313,41.949,16.6,a
2011-08-20,313,42.164,17,a
2011-08-21,311,40.528,17.3,a
2011-08-22,310,39.369,17.6,a
2011-08-23,309,38.19,17.8,a
2011-08-24,309,38.16,18,a
2011-08-25,308,38.103,18,a
2011-08-26,308,37.826,18,a
2011-08-27,308,38.117,17.9,a
2011-08-28,307,37.097,17.6,a
2011-08-29,306,36.138,17.2,a
2011-08-30,306,36.147,17.1,a
2011-08-31,301,33.088,17.1,a
2011-09-01,300,32.208,17.1,a
2011-09-02,300,31.699,17,a
2011-09-03,301,32.345,17.1,a
2011-09-04,300,31.993,17.3,a
2011-09-05,303,34.374,17.2,a
2011-09-06,301,32.358,16.9,a
2011-09-07,300,32.271,16.8,a
2011-09-08,300,32.381,16.6,a
2011-09-09,298,30.882,16.4,a
2011-09-10,299,31.094,16.7,a
2011-09-11,300,32.067,16.8,a
2011-09-12,300,31.769,16.8,a
2011-09-13,296,29.28,16.8,a
2011-09-14,292,27.143,16.9,a
2011-09-15,292,26.748,17.1,a
2011-09-16,293,27.565,16.7,a
2011-09-17,291,26.505,16.6,a
2011-09-18,294,28.311,16.6,a
2011-09-19,341,77.416,16.1,a
2011-09-20,383,123.206,15,a
2011-09-21,343,72.96,14.2,a
2011-09-22,318,46.152,14,a
2011-09-23,310,39.547,14,a
2011-09-24,309,38.96,14.2,a
2011-09-25,304,35.143,14.2,a
2011-09-26,307,37.27,14.3,a
2011-09-27,305,35.896,14.3,a
2011-09-28,301,32.733,14.3,a
2011-09-29,300,32.323,14.3,a
2011-09-30,299,31.075,14.2,a
2011-10-01,298,30.754,14.2,a
2011-10-02,300,31.782,14.2,a
2011-10-03,300,31.81,14.1,a
2011-10-04,293,27.672,14,a
2011-10-05,298,30.548,14,a
2011-10-06,300,32.069,14,a
2011-10-07,333,67.624,13.5,a
2011-10-08,361,95.153,12.3,a
2011-10-09,317,45.553,11.8,a
2011-10-10,322,49.878,11.1,a
2011-10-11,318,46.328,10.9,a
2011-10-12,317,45.495,10.9,a
2011-10-13,308,38.101,10.9,a
2011-10-14,311,40.775,10.7,a
2011-10-15,315,43.3,10.4,a
2011-10-16,311,39.931,10,a
2011-10-17,309,38.214,9.7,a
2011-10-18,310,39.771,9.4,a
2011-10-19,309,38.744,9.3,a
2011-10-20,412,187.904,9.1,a
2011-10-21,435,202.629,8.4,a
2011-10-22,379,116.63,8.3,a
2011-10-23,350,81,8.4,a
2011-10-24,347,77.579,8.6,a
2011-10-25,342,71.598,8.8,a
2011-10-26,503,376.719,8.9,a
2011-10-27,592,565.719,9.1,a
2011-10-28,471,268.768,9.2,a
2011-10-29,419,174.109,9.3,a
2011-10-30,388,128.357,9.3,a
2011-10-31,369,104.398,9.2,a
2011-11-01,355,86.807,9.1,a
2011-11-02,344,74.46,8.8,a
2011-11-03,344,73.828,8.7,a
2011-11-04,338,67.416,8.8,a
2011-11-05,334,62.29,9.3,a
2011-11-06,344,74.512,9.5,a
2011-11-07,341,70.903,9.6,a
2011-11-08,328,56.848,9.6,a
2011-11-09,339,67.751,9.5,a
2011-11-10,335,64.117,9.4,a
2011-11-11,332,60.374,9.3,a
2011-11-12,329,56.66,8.9,a
2011-11-13,327,54.894,8.4,a
2011-11-14,326,54.276,8,a
2011-11-15,317,45.338,7.6,a
2011-11-16,317,44.973,7.2,a
2011-11-17,317,45.672,6.9,a
2011-11-18,314,42.384,6.7,a
2011-11-19,312,40.739,6.4,a
2011-11-20,312,40.83,6.1,a
2011-11-21,313,41.437,5.9,a
2011-11-22,310,39.013,5.7,a
2011-11-23,310,39.27,5.6,a
2011-11-24,308,37.445,5.5,a
2011-11-25,308,37.899,5.6,a
2011-11-26,306,36.057,5.7,a
2011-11-27,304,34.896,5.7,a
2011-11-28,305,35.838,5.5,a
2011-11-29,307,36.865,5.5,a
2011-11-30,305,35.406,5.6,a
2011-12-01,303,33.98,5.5,a
2011-12-02,303,33.876,5.3,a
2011-12-03,304,35.029,5.8,a
2011-12-04,338,67.19,6.4,a
2011-12-05,330,59.044,6.5,a
2011-12-06,333,60.98,6.8,a
2011-12-07,329,57.401,6.6,a
2011-12-08,321,49.06,6.4,a
2011-12-09,319,47.854,6.3,a
2011-12-10,317,45.373,6.4,a
2011-12-11,310,39.045,6.5,a
2011-12-12,309,38.66,6.5,a
2011-12-13,321,49.134,6.7,a
2011-12-14,314,42.344,6.8,a
2011-12-15,359,93.478,6.9,a
2011-12-16,384,123.511,6.8,a
2011-12-17,526,395.542,7,a
2011-12-18,420,176.327,6.6,a
2011-12-19,386,126.485,6.1,a
2011-12-20,363,96.278,5.6,a
2011-12-21,350,80.284,5.2,a
2011-12-22,340,68.761,4.9,a
2011-12-23,334,62.441,4.8,a
2011-12-24,326,53.902,4.7,a
2011-12-25,322,49.656,4.6,a
2011-12-26,323,50.57,4.6,a
2011-12-27,319,46.987,4.8,a
2011-12-28,315,43.698,5.1,a
2011-12-29,314,42.713,5.1,a
2011-12-30,314,42.842,5.1,a
2011-12-31,314,42.547,5.2,a
2012-01-01,309,38.504,5.1,a
2012-01-02,306,36.5,5,a
2012-01-03,341,72.739,5.3,a
2012-01-04,335,62.873,5.6,a
2012-01-05,330,57.991,5.7,a
2012-01-06,328,55.892,5.6,a
2012-01-07,326,53.371,5.3,a
2012-01-08,323,50.416,5.2,a
2012-01-09,318,46.392,5,a
2012-01-10,317,45.191,4.9,a
2012-01-11,315,43.529,4.8,a
2012-01-12,311,39.878,4.6,a
2012-01-13,311,40.091,4.5,a
2012-01-14,308,37.788,4.4,a
2012-01-15,305,35.535,4.1,a
2012-01-16,308,37.665,3.8,a
2012-01-17,305,35.867,3.5,a
2012-01-18,305,35.36,3.6,a
2012-01-19,304,34.836,3.6,a
2012-01-20,304,35.067,4,a
2012-01-21,300,32.139,4.1,a
2012-01-22,300,31.881,4.1,a
2012-01-23,301,32.538,4.5,a
2012-01-24,299,31.194,4.7,a
2012-01-25,300,32.282,4.6,a
2012-01-26,297,29.843,4.1,a
2012-01-27,298,31.129,3.7,a
2012-01-28,297,30.253,3.6,a
2012-01-29,297,29.737,3.8,a
2012-01-30,296,29.424,3.7,a
2012-01-31,296,29.239,3.4,a
2012-02-01,296,29.239,3.1,a
2012-02-02,297,30.28,2.9,a
2012-02-03,294,28.262,2.4,a
2012-02-04,293,27.541,1.9,a
2012-02-05,294,28.174,1.9,a
2012-02-06,294,28.38,2,a
2012-02-07,294,28.302,2.1,a
2012-02-08,294,28.251,2,a
2012-02-09,292,27.109,2,a
2012-02-10,291,26.073,1.8,a
2012-02-11,290,25.482,1.5,a
2012-02-12,292,27.078,1.6,a
2012-02-13,294,27.894,1.9,a
2012-02-14,294,27.894,2,a
2012-02-15,292,27.228,2.1,a
2012-02-16,293,27.356,2.4,a
2012-02-17,293,27.502,2.7,a
2012-02-18,290,25.67,2.9,a
2012-02-19,292,26.776,3.1,a
2012-02-20,296,29.301,3.8,a
2012-02-21,293,27.292,3.8,a
2012-02-22,292,26.845,3.9,a
2012-02-23,291,26.554,4,a
2012-02-24,293,27.346,4.6,a
2012-02-25,298,30.642,5.2,a
2012-02-26,301,32.728,5.7,a
2012-02-27,298,30.624,5.6,a
2012-02-28,292,27.047,5.2,a
2012-02-29,291,26.192,5.3,a
2012-03-01,294,27.983,5.9,a
2012-03-02,295,28.85,6.4,a
2012-03-03,294,28.426,6.8,a
2012-03-04,294,27.856,6.8,a
2012-03-05,293,27.266,6.8,a
2012-03-06,294,28.38,6.8,a
2012-03-07,296,29.665,6.7,a
2012-03-08,296,29.292,6.6,a
2012-03-09,293,27.493,6.7,a
2012-03-10,292,26.945,6.7,a
2012-03-11,291,26.582,6.9,a
2012-03-12,291,26.36,7.3,a
2012-03-13,289,25.223,7.8,a
2012-03-14,287,23.962,8.1,a
2012-03-15,286,23.634,8.1,a
2012-03-16,286,23.613,7.8,a
2012-03-17,288,24.757,8,a
2012-03-18,289,25.028,8.7,a
2012-03-19,292,27.002,9,a
2012-03-20,302,33.377,9.3,a
2012-03-21,304,34.609,9.5,a
2012-03-22,300,32.389,9.6,a
2012-03-23,297,30.238,9.9,a
2012-03-24,296,29.673,10,a
2012-03-25,297,29.971,10.4,a
2012-03-26,296,29.291,10.4,a
2012-03-27,294,28.251,10.5,a
2012-03-28,294,28.148,10.6,a
2012-03-29,295,28.414,10.9,a
2012-03-30,296,29.109,10.6,a
2012-03-31,293,27.668,10.3,a
2012-04-01,294,27.934,11.1,a
2012-04-02,293,27.465,10.6,a
2012-04-03,293,27.54,10.5,a
2012-04-04,294,28.257,11,a
2012-04-05,302,33.848,11.4,a
2012-04-06,351,83.187,11.1,a
2012-04-07,371,107.461,10.7,a
2012-04-08,457,240.039,9.2,a
2012-04-09,391,134.12,8,a
2012-04-10,354,86.22,8,a
2012-04-11,343,72.077,8.2,a
2012-04-12,355,86.659,8.4,a
2012-04-13,343,72.531,8.9,a
2012-04-14,342,71.06,9,a
2012-04-15,336,64.316,9.1,a
2012-04-16,330,57.572,9.3,a
2012-04-17,327,55.008,9.4,a
2012-04-18,324,51.747,9.6,a
2012-04-19,325,52.63,9.6,a
2012-04-20,326,53.385,9.9,a
2012-04-21,338,67.049,9.9,a
2012-04-22,351,82.368,9.8,a
2012-04-23,401,145.917,9.3,a
2012-04-24,396,140.239,9,a
2012-04-25,417,170.007,8.8,a
2012-04-26,383,122.481,9,a
2012-04-27,365,99.415,9.7,a
2012-04-28,365,98.843,10.7,a
2012-04-29,357,89.15,11.5,a
2012-04-30,352,83.057,12,a
2012-05-01,342,70.975,12.3,a
2012-05-02,339,68.051,12.6,a
2012-05-03,338,66.993,12.7,a
2012-05-04,337,65.143,13,a
2012-05-05,328,55.6,13.2,a
2012-05-06,326,54.234,13.2,a
2012-05-07,357,89.642,12.6,a
2012-05-08,363,96.52,12.3,a
2012-05-09,333,61.405,12.4,a
2012-05-10,326,53.822,12.8,a
2012-05-11,325,53.164,13.4,a
2012-05-12,323,50.568,13.8,a
2012-05-13,394,140.277,13.5,a
2012-05-14,383,121.811,12.3,a
2012-05-15,359,91.48,11.6,a
2012-05-16,338,67.509,11.4,a
2012-05-17,337,65.042,11,a
2012-05-18,329,57.421,11.5,a
2012-05-19,324,52.322,11.8,a
2012-05-20,319,47.347,12.4,a
2012-05-21,332,60.462,12.6,a
2012-05-22,356,90.132,12.3,a
2012-05-23,355,86.93,12.3,a
2012-05-24,349,80.074,12.3,a
2012-05-25,348,79.488,12.6,a
2012-05-26,343,73.187,12.9,a
2012-05-27,336,64.913,13.1,a
2012-05-28,332,60.494,13.4,a
2012-05-29,330,57.898,13.6,a
2012-05-30,320,48.211,14,a
2012-05-31,322,50.725,14.3,a
2012-06-01,315,44.069,14.4,a
2012-06-02,319,46.845,14.4,a
2012-06-03,321,48.659,14.2,a
2012-06-04,319,46.613,14.4,a
2012-06-05,332,60.308,14.3,a
2012-06-06,327,54.949,14.5,a
2012-06-07,322,49.71,14.5,a
2012-06-08,324,52.505,14.7,a
2012-06-09,318,46.275,14.9,a
2012-06-10,315,43.889,14.7,a
2012-06-11,334,62.84,14.9,a
2012-06-12,397,149.759,14.4,a
2012-06-13,464,253.22,12.7,a
2012-06-14,420,176.904,12.1,a
2012-06-15,388,128.356,12.6,a
2012-06-16,359,92.437,13.3,a
2012-06-17,344,73.224,14.1,a
2012-06-18,340,69.333,14.8,a
2012-06-19,335,64.206,15.4,a
2012-06-20,331,59.111,16,a
2012-06-21,326,54.125,16.6,a
2012-06-22,321,48.537,16.9,a
2012-06-23,318,46.194,16.9,a
2012-06-24,318,45.97,16.9,a
2012-06-25,320,48.033,17,a
2012-06-26,321,49.024,16.7,a
2012-06-27,317,45.3,16.9,a
2012-06-28,314,42.235,17.1,a
2012-06-29,318,46.647,17.4,a
2012-06-30,311,40.094,17.8,a
2012-07-01,308,37.77,18.2,a
2012-07-02,304,34.718,18.6,a
2012-07-03,305,35.311,18.7,a
2012-07-04,303,34.252,18.8,a
2012-07-05,317,45.326,18.9,a
2012-07-06,323,50.601,18.4,a
2012-07-07,310,39.665,18.1,a
2012-07-08,305,35.57,18.3,a
2012-07-09,305,35.46,18.3,a
2012-07-10,302,33.789,18.4,a
2012-07-11,306,36.147,18.5,a
2012-07-12,324,52.686,18.4,a
2012-07-13,329,57.111,18,a
2012-07-14,345,74.849,17.7,a
2012-07-15,378,118.588,16.6,a
2012-07-16,407,154.617,15.4,a
2012-07-17,358,91.115,14.5,a
2012-07-18,347,77.281,14.7,a
2012-07-19,330,58.594,15,a
2012-07-20,324,51.986,15.6,a
2012-07-21,325,53.867,15.9,a
2012-07-22,371,107.808,15.3,a
2012-07-23,354,86.424,14.6,a
2012-07-24,334,63.647,14.5,a
2012-07-25,328,55.838,14.6,a
2012-07-26,325,52.778,14.8,a
2012-07-27,324,52.596,15.2,a
2012-07-28,318,45.829,15.6,a
2012-07-29,317,45.51,16.1,a
2012-07-30,314,42.535,16.5,a
2012-07-31,309,39.084,17,a
2012-08-01,308,38.143,17.3,a
2012-08-02,300,32.424,17.6,a
2012-08-03,306,36.538,17.9,a
2012-08-04,302,33.432,18.1,a
2012-08-05,301,32.498,18.2,a
2012-08-06,301,32.65,18.4,a
2012-08-07,301,32.612,18.4,a
2012-08-08,300,32.094,18.3,a
2012-08-09,300,32.31,18.3,a
2012-08-10,300,32.23,18.1,a
2012-08-11,300,32.17,17.9,a
2012-08-12,300,31.784,17.6,a
2012-08-13,300,31.955,17.4,a
2012-08-14,298,30.643,17.6,a
2012-08-15,299,31.427,17.7,a
2012-08-16,300,32.371,17.8,a
2012-08-17,303,33.973,17.7,a
2012-08-18,300,31.767,17.9,a
2012-08-19,300,31.939,17.9,a
2012-08-20,299,31.171,17.9,a
2012-08-21,297,30.288,18,a
2012-08-22,295,28.853,18.2,a
2012-08-23,297,30.171,18.3,a
2012-08-24,297,29.992,18.2,a
2012-08-25,295,28.543,18.4,a
2012-08-26,298,30.62,18.1,a
2012-08-27,306,36.997,17.1,a
2012-08-28,306,36.889,17.2,a
2012-08-29,306,36.338,17.2,a
2012-08-30,304,34.75,17.1,a
2012-08-31,301,32.512,16.8,a
2012-09-01,304,34.927,16.2,a
2012-09-02,317,46.257,15.8,a
2012-09-03,324,52.397,15.9,a
2012-09-04,317,44.994,15.9,a
2012-09-05,310,39.487,15.9,a
2012-09-06,310,39.296,15.9,a
2012-09-07,301,32.774,16,a
2012-09-08,300,31.759,16,a
2012-09-09,300,32.079,16,a
2012-09-10,300,32.141,16.2,a
2012-09-11,296,29.321,16.2,a
2012-09-12,297,30.208,16.1,a
2012-09-13,419,176.577,15,a
2012-09-14,378,116.16,13.5,a
2012-09-15,344,74.071,12.7,a
2012-09-16,327,55.314,12.8,a
2012-09-17,324,51.899,12.8,a
2012-09-18,316,44.305,13.1,a
2012-09-19,310,40.057,13.5,a
2012-09-20,330,60.155,13.4,a
2012-09-21,317,45.688,13.3,a
2012-09-22,315,43.256,13.3,a
2012-09-23,316,45.021,13.1,a
2012-09-24,317,45.103,13,a
2012-09-25,339,69.859,13.2,a
2012-09-26,361,98.525,13.1,a
2012-09-27,472,268.921,12.3,a
2012-09-28,414,164.976,11.8,a
2012-09-29,369,104.407,11.9,a
2012-09-30,350,81.118,12.1,a
2012-10-01,346,75.646,12.3,a
2012-10-02,335,64.295,12.5,a
2012-10-03,332,60.582,12.6,a
2012-10-04,326,54.484,12.7,a
2012-10-05,326,53.493,12.7,a
2012-10-06,324,52.172,12.7,a
2012-10-07,320,47.583,12.7,a
2012-10-08,319,47.217,12.6,a
2012-10-09,318,45.933,12.4,a
2012-10-10,313,41.779,12.4,a
2012-10-11,314,42.863,12,a
2012-10-12,313,41.747,11.9,a
2012-10-13,312,41.302,11.7,a
2012-10-14,312,40.673,11.6,a
2012-10-15,326,54.491,11.7,a
2012-10-16,538,439.07,11.3,a
2012-10-17,474,274.293,10.2,a
2012-10-18,408,157.633,10.1,a
2012-10-19,373,109.429,10.2,a
2012-10-20,356,88.262,10.2,a
2012-10-21,346,76.863,10.2,a
2012-10-22,340,69.59,10.3,a
2012-10-23,335,63.426,10.3,a
2012-10-24,331,59.698,10.2,a
2012-10-25,322,50.603,10.1,a
2012-10-26,329,57.509,9.9,a
2012-10-27,527,436.371,9.9,a
2012-10-28,659,759.114,9.3,a
2012-10-29,503,335.807,8.3,a
2012-10-30,443,212.913,8.1,a
2012-10-31,417,169.468,8,a
2012-11-01,529,429.121,8.1,a
2012-11-02,518,369.802,8.6,a
2012-11-03,459,243.127,8.9,a
2012-11-04,438,205.684,9.1,a
2012-11-05,688,998.747,9.9,a
2012-11-06,618,780.35,9,a
2012-11-07,467,412.608,8.6,a
2012-11-08,409,295.755,8.4,a
2012-11-09,372,229.151,8.2,a
2012-11-10,348,188.447,8.2,a
2012-11-11,345,183.139,8.3,a
2012-11-12,376,236.291,8.7,a
2012-11-13,404,287.121,9,a
2012-11-14,372,229.899,8.9,a
2012-11-15,342,178.381,8.8,a
2012-11-16,331,161.155,8.6,a
2012-11-17,319,142.296,8.4,a
2012-11-18,306,123.83,7.9,a
2012-11-19,309,128.09,8,a
2012-11-20,302,116.543,8.2,a
2012-11-21,292,102.431,8.3,a
2012-11-22,292,102.554,8.6,a
2012-11-23,289,98.009,8.7,a
2012-11-24,288,96.655,8.8,a
2012-11-25,281,87.903,8.5,a
2012-11-26,279,85.084,8.9,a
2012-11-27,273,77.161,9.2,a
2012-11-28,360,214.653,9.2,a
2012-11-29,518,524.974,8.9,a
2012-11-30,428,334.132,8.5,a
2012-12-01,361,209.973,7.9,a
2012-12-02,332,162.53,7.6,a
2012-12-03,317,139.838,7.2,a
2012-12-04,369,125.506,6.6,a
2012-12-05,362,115.942,6.3,a
2012-12-06,356,108.093,6.3,a
2012-12-07,350,100.568,6.2,a
2012-12-08,342,91.043,5.7,a
2012-12-09,341,89.893,5.1,a
2012-12-10,334,82.103,4.7,a
2012-12-11,332,79.961,4.4,a
2012-12-12,325,73.498,4.2,a
2012-12-13,324,72.155,4,a
2012-12-14,328,76.944,4.1,a
2012-12-15,367,138.016,4.4,a
2012-12-16,461,293.451,5.2,a
2012-12-17,393,162.561,5.9,a
2012-12-18,365,120.754,6.3,a
2012-12-19,357,110.162,6.4,a
2012-12-20,357,109.915,6.2,a
2012-12-21,341,90.79,5.8,a
2012-12-22,335,84.602,5.8,a
2012-12-23,337,86.229,5.8,a
2012-12-24,335,83.281,5.9,a
2012-12-25,328,77.946,6.3,a
2012-12-26,340,95.31,6.7,a
2012-12-27,410,190.561,6.7,a
2012-12-28,373,132.98,6.7,a
2012-12-29,355,107.74,6.4,a
2012-12-30,338,88.61,6,a
2012-12-31,335,85.664,5.7,a
2013-01-01,327,76.156,5.4,a
2013-01-02,326,75.248,5.4,a
2013-01-03,327,76.221,5.6,a
2013-01-04,320,69.929,5.7,a
2013-01-05,318,65.973,5.8,a
2013-01-06,315,64.301,6.1,a
2013-01-07,314,63.529,6.1,a
2013-01-08,313,62.786,6,a
2013-01-09,309,57.857,6.2,a
2013-01-10,309,56.974,6.4,a
2013-01-11,309,57.887,6.3,a
2013-01-12,303,51.812,6,a
2013-01-13,304,52.407,6,a
2013-01-14,307,55.773,5.3,a
2013-01-15,309,57.433,5,a
2013-01-16,310,59.252,4.9,a
2013-01-17,315,64.312,4.6,a
2013-01-18,314,64.73,4.5,a
2013-01-19,311,61.935,4.5,a
2013-01-20,302,51.551,4.7,a
2013-01-21,375,144.538,4.8,a
2013-01-22,389,163.791,5,a
2013-01-23,363,125.722,5.3,a
2013-01-24,346,101.978,5.6,a
2013-01-25,336,89.593,5.5,a
2013-01-26,333,85.549,5.3,a
2013-01-27,323,73.464,4.9,a
2013-01-28,317,67.232,4.8,a
2013-01-29,316,64.999,5.1,a
2013-01-30,313,62.14,5.2,a
2013-01-31,312,60.271,5.2,a
2013-02-01,315,64.922,5.3,a
2013-02-02,395,201.396,5.4,a
2013-02-03,437,251.097,5.2,a
2013-02-04,374,141.187,5.2,a
2013-02-05,346,102.464,5.3,a
2013-02-06,342,96.529,5.5,a
2013-02-07,342,96.515,5.2,a
2013-02-08,336,89.076,5.2,a
2013-02-09,332,84.969,5,a
2013-02-10,329,80.649,4.8,a
2013-02-11,323,73.714,4.5,a
2013-02-12,317,66.135,4.2,a
2013-02-13,316,65.069,4.3,a
2013-02-14,312,61.196,4.5,a
2013-02-15,311,59.251,4.7,a
2013-02-16,308,56.477,4.9,a
2013-02-17,305,53.826,5.2,a
2013-02-18,304,52.477,5.5,a
2013-02-19,304,52.519,5.5,a
2013-02-20,306,54.106,5.5,a
2013-02-21,306,54.089,5.5,a
2013-02-22,309,58.311,5.1,a
2013-02-23,306,54.352,4.8,a
2013-02-24,306,54.986,4.4,a
2013-02-25,308,56.54,4.5,a
2013-02-26,304,52.008,4.9,a
2013-02-27,301,49.389,5.1,a
2013-02-28,306,54.296,5.3,a
2013-03-01,304,53.185,5.7,a
2013-03-02,314,63.927,6,a
2013-03-03,313,62.61,5.9,a
2013-03-04,319,70.309,5.8,a
2013-03-05,312,60.404,5.9,a
2013-03-06,323,73.715,6,a
2013-03-07,384,157.449,6,a
2013-03-08,424,220.226,6.1,a
2013-03-09,423,217.58,6.4,a
2013-03-10,453,283.504,6.5,a
2013-03-11,453,275.456,6.5,a
2013-03-12,408,193.161,6.7,a
2013-03-13,404,187.334,6.9,a
2013-03-14,411,198.998,6.7,a
2013-03-15,383,155.162,6.2,a
2013-03-16,354,113.85,5.7,a
2013-03-17,345,101.322,5.6,a
2013-03-18,359,120.516,5.5,a
2013-03-19,426,223.912,5,a
2013-03-20,396,173.734,5.5,a
2013-03-21,371,136.085,6.3,a
2013-03-22,361,121.988,6.6,a
2013-03-23,352,109.724,6.7,a
2013-03-24,344,99.165,6.4,a
2013-03-25,348,104.404,5.8,a
2013-03-26,339,92.731,5.2,a
2013-03-27,338,91.459,5.3,a
2013-03-28,334,86.424,5.5,a
2013-03-29,399,178.139,6,a
2013-03-30,419,210.442,6,a
2013-03-31,467,303.358,6.1,a
2013-04-01,425,220.491,6.1,a
2013-04-02,392,167.274,6,a
2013-04-03,372,137.522,6,a
2013-04-04,363,124.768,6.4,a
2013-04-05,365,127.567,6.7,a
2013-04-06,370,134.653,6.9,a
2013-04-07,365,127.567,7,a
2013-04-08,362,123.375,7.1,a
2013-04-09,360,120.605,7.5,a
2013-04-10,361,123.449,7.8,a
2013-04-11,364,127.772,8,a
2013-04-12,377,146.362,8.1,a
2013-04-13,458,285.328,8,a
2013-04-14,430,230.267,7.9,a
2013-04-15,416,206.104,8.3,a
2013-04-16,418,208.538,8.8,a
2013-04-17,415,204.551,8.8,a
2013-04-18,410,196.658,9,a
2013-04-19,428,226.409,9.2,a
2013-04-20,416,206.294,8.9,a
2013-04-21,406,189.234,9.2,a
2013-04-22,408,192.446,9.3,a
2013-04-23,402,183.822,9.2,a
2013-04-24,386,157.893,9.3,a
2013-04-25,386,158.565,9.7,a
2013-04-26,382,152.016,10.1,a
2013-04-27,386,158.718,10.3,a
2013-04-28,406,190.135,10.1,a
2013-04-29,429,227.892,9.8,a
2013-04-30,402,182.812,9.7,a
2013-05-01,389,163.877,10,a
2013-05-02,393,169.161,10.4,a
2013-05-03,392,167.156,10.3,a
2013-05-04,383,154.238,10.6,a
2013-05-05,380,149.904,10.8,a
2013-05-06,408,196.002,10.4,a
2013-05-07,450,268.486,10,a
2013-05-08,433,234.965,10,a
2013-05-09,404,186.181,10.4,a
2013-05-10,392,167.88,10.6,a
2013-05-11,429,234.131,10.6,a
2013-05-12,443,255.245,10.2,a
2013-05-13,409,195.15,10.1,a
2013-05-14,387,159.58,10.4,a
2013-05-15,381,150.633,10.8,a
2013-05-16,373,138.554,10.9,a
2013-05-17,391,166.858,10.7,a
2013-05-18,441,249.367,10.4,a
2013-05-19,407,190.789,10.2,a
2013-05-20,388,161.101,10.2,a
2013-05-21,388,161.296,10.5,a
2013-05-22,376,144.287,10.7,a
2013-05-23,362,123.784,11,a
2013-05-24,382,154.461,10.7,a
2013-05-25,409,194.712,9.9,a
2013-05-26,393,169.569,9.6,a
2013-05-27,390,165.034,9.7,a
2013-05-28,382,153.218,10.2,a
2013-05-29,379,148.545,10.5,a
2013-05-30,411,197.38,10.3,a
2013-05-31,411,197.726,9.7,a
2013-06-01,408,193.469,9.6,a
2013-06-02,403,184.877,9.9,a
2013-06-03,401,181.926,10.3,a
2013-06-04,383,154.503,10.8,a
2013-06-05,366,130.338,11.1,a
2013-06-06,360,122.219,11.4,a
2013-06-07,360,121.433,11.8,a
2013-06-08,357,117.596,12.3,a
2013-06-09,355,115.136,12.6,a
2013-06-10,355,115.042,12.9,a
2013-06-11,350,107.359,13,a
2013-06-12,347,103.487,13.2,a
2013-06-13,342,97.445,13.3,a
2013-06-14,333,86.639,13.5,a
2013-06-15,330,83.19,13.9,a
2013-06-16,328,80.496,14.3,a
2013-06-17,333,85.916,14.7,a
2013-06-18,327,80.101,15.2,a
2013-06-19,328,80.344,15.8,a
2013-06-20,329,80.948,16.1,a
2013-06-21,326,77.332,16.5,a
2013-06-22,321,71.558,16.6,a
2013-06-23,319,69.027,16.5,a
2013-06-24,325,75.46,16,a
2013-06-25,321,71.122,15,a
2013-06-26,322,72.587,14.5,a
2013-06-27,313,61.74,14.2,a
2013-06-28,309,57.667,14,a
2013-06-29,310,58.529,13.9,a
2013-06-30,306,54.55,14.4,a
2013-07-01,307,55.499,14.6,a
2013-07-02,305,52.961,15,a
2013-07-03,305,53.174,15.4,a
2013-07-04,305,53.163,15.6,a
2013-07-05,306,53.758,15.9,a
2013-07-06,302,50.4,16,a
2013-07-07,300,48.23,16.1,a
2013-07-08,299,47.447,16.4,a
2013-07-09,301,49.536,16.7,a
2013-07-10,299,47.59,16.8,a
2013-07-11,306,54.338,16.7,a
2013-07-12,308,56.135,16.5,a
2013-07-13,306,54.014,16.6,a
2013-07-14,299,47.302,16.6,a
2013-07-15,298,46.293,16.8,a
2013-07-16,293,41.915,17.2,a
2013-07-17,294,43.11,17.4,a
2013-07-18,294,43.287,17.4,a
2013-07-19,295,43.881,17.5,a
2013-07-20,295,43.517,17.7,a
2013-07-21,295,44.153,18,a
2013-07-22,297,45.992,18,a
2013-07-23,293,42.222,18,a
2013-07-24,292,41.003,17.9,a
2013-07-25,290,39.501,17.8,a
2013-07-26,291,40.27,18.4,a
2013-07-27,289,38.545,18.5,a
2013-07-28,287,37.134,19,a
2013-07-29,288,37.641,19.2,a
2013-07-30,289,38.43,18.9,a
2013-07-31,290,39.183,18.8,a
2013-08-01,290,39.456,18.9,a
2013-08-02,288,37.797,19,a
2013-08-03,288,38.111,19.2,a
2013-08-04,285,35.316,19.5,a
2013-08-05,285,35.388,19.8,a
2013-08-06,284,34.894,20.1,a
2013-08-07,285,35.323,20.2,a
2013-08-08,283,34.203,20.1,a
2013-08-09,284,34.704,19.8,a
2013-08-10,284,34.704,19.3,a
2013-08-11,285,35.452,18.8,a
2013-08-12,285,35.452,18.5,a
2013-08-13,285,35.858,18.3,a
2013-08-14,291,40.934,18,a
2013-08-15,292,41.146,17.3,a
2013-08-16,288,37.928,17,a
2013-08-17,286,36.471,17,a
2013-08-18,286,35.966,17.2,a
2013-08-19,284,35.129,17.5,a
2013-08-20,282,33.613,17.6,a
2013-08-21,283,33.814,17.4,a
2013-08-22,282,33.22,18.1,a
2013-08-23,282,33.097,17.9,a
2013-08-24,284,34.639,18.1,a
2013-08-25,298,46.609,17.6,a
2013-08-26,324,75.711,16.5,a
2013-08-27,324,74.779,16,a
2013-08-28,307,55.881,15.4,a
2013-08-29,299,47.463,14.9,a
2013-08-30,297,45.774,15.1,a
2013-08-31,286,36.477,15.4,a
2013-09-01,287,36.853,15.5,a
2013-09-02,286,36.535,15.9,a
2013-09-03,288,38.056,15.6,a
2013-09-04,285,35.696,16.1,a
2013-09-05,281,32.692,16.8,a
2013-09-06,281,32.647,17.2,a
2013-09-07,281,32.508,16.9,a
2013-09-08,281,32.327,16.9,a
2013-09-09,300,51.397,16.6,a
2013-09-10,379,149.62,15.6,a
2013-09-11,430,230.897,14.4,a
2013-09-12,407,190.745,12.9,a
2013-09-13,364,127.197,12.2,a
2013-09-14,328,79.988,12.3,a
2013-09-15,318,67.754,12.5,a
2013-09-16,314,62.736,12.7,a
2013-09-17,351,113.385,13,a
2013-09-18,364,126.088,12.5,a
2013-09-19,332,84.227,12.1,a
2013-09-20,319,69.374,12.1,a
2013-09-21,309,58.138,12.4,a
2013-09-22,301,49.813,12.6,a
2013-09-23,293,42.341,12.8,a
2013-09-24,294,43.308,13,a
2013-09-25,292,41.241,13.1,a
2013-09-26,289,38.954,13.2,a
2013-09-27,289,38.75,13.3,a
2013-09-28,287,37.513,13.1,a
2013-09-29,324,79.544,12.9,a
2013-09-30,371,136.789,12.3,a
2013-10-01,366,128.798,11.7,a
2013-10-02,331,84.053,11.4,a
2013-10-03,313,61.992,11.2,a
2013-10-04,309,57.274,11,a
2013-10-05,301,49.67,10.8,a
2013-10-06,296,45.04,10.7,a
2013-10-07,299,47.624,11,a
2013-10-08,299,47.929,11.1,a
2013-10-09,299,47.97,11.1,a
2013-10-10,303,52.051,11.3,a
2013-10-11,381,158.275,11.3,a
2013-10-12,399,178.88,10.8,a
2013-10-13,403,185.209,10,a
2013-10-14,374,141.326,9.9,a
2013-10-15,342,96.872,9.9,a
2013-10-16,329,81.245,10.2,a
2013-10-17,322,72.472,10.1,a
2013-10-18,314,62.869,10,a
2013-10-19,309,57.276,10,a
2013-10-20,305,53.646,10.1,a
2013-10-21,304,52.772,10.3,a
2013-10-22,303,51.151,10.6,a
2013-10-23,302,50.221,10.9,a
2013-10-24,304,52.412,11,a
2013-10-25,312,60.759,11.3,a
2013-10-26,306,53.941,11.5,a
2013-10-27,302,50.188,11.5,a
2013-10-28,298,46.63,11.6,a
2013-10-29,299,47.637,11.8,a
2013-10-30,330,83.302,11.7,a
2013-10-31,344,100.825,11.3,a
2013-11-01,320,70.244,10.9,a
2013-11-02,314,62.997,10.4,a
2013-11-03,344,108.916,10.4,a
2013-11-04,470,311.007,10.3,a
2013-11-05,497,370.921,9.7,a
2013-11-06,449,267.762,9.5,a
2013-11-07,400,181.425,9.3,a
2013-11-08,370,134.852,9.3,a
2013-11-09,410,223.471,9.5,a
2013-11-10,616,677.403,9.1,a
2013-11-11,504,388.576,8.7,a
2013-11-12,425,220.371,8.4,a
2013-11-13,398,177.928,8.4,a
2013-11-14,386,158.851,8.6,a
2013-11-15,382,152.437,8.5,a
2013-11-16,375,142.898,8.3,a
2013-11-17,356,115.651,8.3,a
2013-11-18,352,110.584,8.3,a
2013-11-19,357,117.237,8.4,a
2013-11-20,439,247.983,8.4,a
2013-11-21,417,207.776,8.3,a
2013-11-22,416,206.143,8.2,a
2013-11-23,419,212.482,8,a
2013-11-24,470,310.184,8.1,a
2013-11-25,421,214.671,8,a
2013-11-26,393,168.862,7.2,a
2013-11-27,373,139.29,6.4,a
2013-11-28,365,128.872,5.8,a
2013-11-29,353,111.998,5.6,a
2013-11-30,343,98.617,5.5,a
2013-12-01,340,95.207,5.7,a
2013-12-02,340,94.99,5.6,a
2013-12-03,328,79.966,5.4,a
2013-12-04,329,81.674,5.3,a
2013-12-05,322,73.017,5,a
2013-12-06,319,68.992,4.9,a
2013-12-07,316,65.473,4.9,a
2013-12-08,313,61.795,4.8,a
2013-12-09,316,64.761,4.8,a
2013-12-10,311,59.847,5,a
2013-12-11,309,58.069,5.3,a
2013-12-12,307,55.251,5.6,a
2013-12-13,307,56.185,5.6,a
2013-12-14,309,57.617,5.6,a
2013-12-15,308,56.627,5.6,a
2013-12-16,307,55.581,5.4,a
2013-12-17,301,49.279,5.1,a
2013-12-18,300,48.641,4.9,a
2013-12-19,301,49.275,4.7,a
2013-12-20,300,48.253,4.6,a
2013-12-21,300,48.254,4.9,a
2013-12-22,299,47.239,5.3,a
2013-12-23,301,49.865,5.8,a
2013-12-24,300,48.655,6.2,a
2013-12-25,329,84.247,6.7,a
2013-12-26,531,464.358,6.8,a
2013-12-27,570,556.605,7.2,a
2013-12-28,447,264.839,7.2,a
2013-12-29,404,186.261,7.1,a
2013-12-30,431,230.19,7.2,a
2013-12-31,392,167.914,7.1,a
2014-01-01,368,132.945,7,a
2014-01-02,360,120.704,7,a
2014-01-03,352,110.13,7,a
2014-01-04,355,115.236,7,a
2014-01-05,638,722.149,7.3,a
2014-01-06,605,609.957,7.5,a
2014-01-07,482,325.648,7.5,a
2014-01-08,431,229.564,7.5,a
2014-01-09,397,174.047,7.3,a
2014-01-10,380,148.541,7.4,a
2014-01-11,370,133.614,7.6,a
2014-01-12,362,121.767,7.6,a
2014-01-13,355,111.786,7.5,a
2014-01-14,352,108.314,7.5,a
2014-01-15,412,197.031,7.5,a
2014-01-16,377,143.725,7.4,a
2014-01-17,369,131.958,7.4,a
2014-01-18,469,301.384,7.5,a
2014-01-19,504,368.625,7.6,a
2014-01-20,536,436.042,7.8,a
2014-01-21,472,305.653,7.8,a
2014-01-22,424,216.77,7.8,a
2014-01-23,393,167.359,7.7,a
2014-01-24,389,162.092,7.4,a
2014-01-25,377,144.305,6.8,a
2014-01-26,363,122.97,6.4,a
2014-01-27,356,113.551,6.2,a
2014-01-28,354,110.931,5.9,a
2014-01-29,351,107.015,5.7,a
2014-01-30,358,116.417,5.4,a
2014-01-31,356,112.795,4.9,a
2014-02-01,364,125.15,4.6,a
2014-02-02,393,168.075,4.3,a
2014-02-03,375,141.213,4.2,a
2014-02-04,345,99.388,4.5,a
2014-02-05,347,102.136,4.7,a
2014-02-06,356,114.421,4.9,a
2014-02-07,364,125.677,5.1,a
2014-02-08,449,266.658,5.4,a
2014-02-09,512,391.007,5.6,a
2014-02-10,487,335.721,5.7,a
2014-02-11,548,465.291,5.9,a
2014-02-12,510,380.183,6.1,a
2014-02-13,453,270.032,6.4,a
2014-02-14,464,291.852,6.6,a
2014-02-15,436,239.772,6.6,a
2014-02-16,430,229.418,7,a
2014-02-17,584,549.121,6.7,a
2014-02-18,514,388.808,5.9,a
2014-02-19,471,304.467,6.3,a
2014-02-20,582,543.02,6.5,a
2014-02-21,503,366.746,6.7,a
2014-02-22,483,327.982,6.9,a
2014-02-23,465,292.289,6.7,a
2014-02-24,436,237.88,6.9,a
2014-02-25,409,192.411,6.9,a
2014-02-26,407,188.72,7,a
2014-02-27,393,168.516,7.2,a
2014-02-28,392,166.052,7.2,a
2014-03-01,383,153.665,7.3,a
2014-03-02,375,140.823,7.4,a
2014-03-03,379,145.946,7.4,a
2014-03-04,376,142.227,7.5,a
2014-03-05,370,133.395,7.5,a
2014-03-06,365,125.414,7.6,a
2014-03-07,363,122.445,7.8,a
2014-03-08,361,120.234,7.9,a
2014-03-09,364,124.048,7.9,a
2014-03-10,359,116.959,7.9,a
2014-03-11,355,112.722,7.8,a
2014-03-12,349,103.965,7.8,a
2014-03-13,345,99.222,7.9,a
2014-03-14,342,94.33,8,a
2014-03-15,351,107.117,8.2,a
2014-03-16,356,113.52,8.2,a
2014-03-17,366,127.807,8.3,a
2014-03-18,372,136.22,8.6,a
2014-03-19,375,141.087,8.8,a
2014-03-20,381,148.472,8.8,a
2014-03-21,360,119.302,8.8,a
2014-03-22,369,131.818,8.8,a
2014-03-23,440,257.971,8.6,a
2014-03-24,519,400.253,8,a
2014-03-25,427,223.856,7.5,a
2014-03-26,397,172.984,7.3,a
2014-03-27,383,151.324,7.4,a
2014-03-28,362,122.578,7.7,a
2014-03-29,355,111.688,8.1,a
2014-03-30,350,105.361,8.6,a
2014-03-31,355,112.138,8.9,a
2014-04-01,360,119.29,9.2,a
2014-04-02,363,124.337,9.4,a
2014-04-03,360,119.078,9.4,a
2014-04-04,362,122.307,9.3,a
2014-04-05,370,133.031,9.2,a
2014-04-06,365,127.445,9.2,a
2014-04-07,373,138.293,9.3,a
2014-04-08,372,136.813,9.4,a
2014-04-09,370,133.923,9.5,a
2014-04-10,366,128.788,9.3,a
2014-04-11,360,119.893,9.2,a
2014-04-12,344,97.546,9.2,a
2014-04-13,344,98.216,9.3,a
2014-04-14,339,91.639,9.2,a
2014-04-15,343,97.236,9.3,a
2014-04-16,346,100.583,9,a
2014-04-17,346,100.524,9.1,a
2014-04-18,328,77.61,9.5,a
2014-04-19,327,76.496,9.9,a
2014-04-20,331,80.933,10.1,a
2014-04-21,344,97.662,10.1,a
2014-04-22,359,118.072,10.4,a
2014-04-23,360,119.24,10.4,a
2014-04-24,355,111.614,10.7,a
2014-04-25,354,110.715,10.9,a
2014-04-26,351,106.102,11.1,a
2014-04-27,361,120.967,11.1,a
2014-04-28,365,125.74,11.2,a
2014-04-29,367,129.647,11.1,a
2014-04-30,346,100.631,11.5,a
2014-05-01,350,105.246,11.4,a
2014-05-02,346,100.045,11.3,a
2014-05-03,344,97.396,11.3,a
2014-05-04,342,94.378,11.2,a
2014-05-05,336,86.811,11.3,a
2014-05-06,337,88.679,11.4,a
2014-05-07,338,89.722,11.5,a
2014-05-08,340,92.961,11.8,a
2014-05-09,343,96.361,11.9,a
2014-05-10,343,96.654,12.3,a
2014-05-11,338,90.808,12.5,a
2014-05-12,409,192.678,11.7,a
2014-05-13,404,184.888,10.4,a
2014-05-14,389,161.656,10.1,a
2014-05-15,356,113.234,10,a
2014-05-16,349,103.478,10.1,a
2014-05-17,343,96.07,10.4,a
2014-05-18,341,93.516,10.6,a
2014-05-19,332,82.152,11.2,a
2014-05-20,337,88.544,11.9,a
2014-05-21,339,91.081,12.4,a
2014-05-22,340,92.761,13.1,a
2014-05-23,347,102.956,13.4,a
2014-05-24,346,100.345,13.4,a
2014-05-25,342,95.642,13.5,a
2014-05-26,342,95.402,13.6,a
2014-05-27,340,92.91,13.4,a
2014-05-28,344,97.512,12.9,a
2014-05-29,343,96.723,13.1,a
2014-05-30,339,91.038,13,a
2014-05-31,331,81.424,13,a
2014-06-01,326,75.061,12.9,a
2014-06-02,322,70.662,13,a
2014-06-03,323,71.778,13.2,a
2014-06-04,319,66.625,13.3,a
2014-06-05,318,66,13.7,a
2014-06-06,316,62.884,13.9,a
2014-06-07,320,67.266,14.4,a
2014-06-08,322,70.378,14.8,a
2014-06-09,323,71.368,15.3,a
2014-06-10,322,70.57,15.8,a
2014-06-11,322,70.404,16.2,a
2014-06-12,324,73.113,16.4,a
2014-06-13,327,76.039,16.3,a
2014-06-14,333,83.525,16,a
2014-06-15,332,82.175,15.6,a
2014-06-16,325,73.523,14.8,a
2014-06-17,316,63.455,14.4,a
2014-06-18,313,60.074,14.1,a
2014-06-19,310,56.154,14.1,a
2014-06-20,308,54.097,14.4,a
2014-06-21,307,52.957,14.5,a
2014-06-22,301,47.394,15.1,a
2014-06-23,303,49.91,15.7,a
2014-06-24,347,103.372,15.8,a
2014-06-25,396,174.243,14.8,a
2014-06-26,409,191.965,13.6,a
2014-06-27,362,122.811,13.3,a
2014-06-28,344,98.356,14,a
2014-06-29,327,76.402,14.4,a
2014-06-30,376,146.586,14.5,a
2014-07-01,385,155.157,13.7,a
2014-07-02,360,119.476,13.1,a
2014-07-03,332,83.324,13.9,a
2014-07-04,335,85.721,14.3,a
2014-07-05,329,78.591,14.9,a
2014-07-06,326,75.182,15.3,a
2014-07-07,314,60.576,15.8,a
2014-07-08,328,77.622,16.1,a
2014-07-09,343,96.777,15.9,a
2014-07-10,375,141.315,14.8,a
2014-07-11,371,135.239,13.9,a
2014-07-12,352,108.371,13.8,a
2014-07-13,349,104.241,13.7,a
2014-07-14,330,79.455,14,a
2014-07-15,327,76.197,14.2,a
2014-07-16,328,77.594,15,a
2014-07-17,326,75.844,15.3,a
2014-07-18,320,68.085,15.6,a
2014-07-19,317,64.536,16,a
2014-07-20,314,60.802,16.5,a
2014-07-21,308,54.348,16.5,a
2014-07-22,312,59.127,16,a
2014-07-23,320,68.604,16.1,a
2014-07-24,321,69.282,16,a
2014-07-25,315,62.446,15.8,a
2014-07-26,316,63.008,15.8,a
2014-07-27,324,72.382,15.6,a
2014-07-28,316,63.767,15.6,a
2014-07-29,311,58.222,15.5,a
2014-07-30,336,89.612,15.3,a
2014-07-31,341,93.799,15.3,a
2014-08-01,345,98.751,15.2,a
2014-08-02,337,88.276,15.4,a
2014-08-03,326,74.752,15.6,a
2014-08-04,320,68.424,15.8,a
2014-08-05,365,127.894,16.5,a
2014-08-06,341,94.667,16,a
2014-08-07,334,85.304,16,a
2014-08-08,321,68.287,16.1,a
2014-08-09,316,63.407,16.2,a
2014-08-10,314,60.296,16.6,a
2014-08-11,311,58.08,16.8,a
2014-08-12,306,52.693,17,a
2014-08-13,370,138.839,16.3,a
2014-08-14,444,253.305,14.3,a
2014-08-15,405,186.11,13,a
2014-08-16,380,147.553,12.9,a
2014-08-17,349,105.006,13.3,a
2014-08-18,339,91.512,13.5,a
2014-08-19,332,82.492,13.6,a
2014-08-20,336,87.057,13.8,a
2014-08-21,433,241.288,13.9,a
2014-08-22,398,175.223,13.6,a
2014-08-23,372,137.319,13.1,a
2014-08-24,417,206.73,12.9,a
2014-08-25,385,154.606,12.8,a
2014-08-26,369,131.822,12.5,a
2014-08-27,367,128.617,13.1,a
2014-08-28,375,141.228,13.7,a
2014-08-29,350,104.846,13.7,a
2014-08-30,337,88.697,13.9,a
2014-08-31,330,79.43,14,a
2014-09-01,387,160.465,13.9,a
2014-09-02,398,174.674,13.1,a
2014-09-03,420,210.924,12,a
2014-09-04,391,163.682,12.2,a
2014-09-05,368,130.39,12.4,a
2014-09-06,360,119.88,12.7,a
2014-09-07,352,108.133,13,a
2014-09-08,347,102.633,13.3,a
2014-09-09,336,87.688,13.6,a
2014-09-10,342,95.326,13.8,a
2014-09-11,366,128.138,13.4,a
2014-09-12,383,153.09,12.9,a
2014-09-13,501,368.05,12.3,a
2014-09-14,446,258.472,11.9,a
2014-09-15,406,187.105,12,a
2014-09-16,380,147.632,12.3,a
2014-09-17,365,125.567,12.5,a
2014-09-18,360,118.625,12.5,a
2014-09-19,347,101.211,12.7,a
2014-09-20,345,98.929,12.9,a
2014-09-21,346,100.751,13.2,a
2014-09-22,340,92.927,13.3,a
2014-09-23,349,103.954,13,a
2014-09-24,339,91.63,12.7,a
2014-09-25,333,83.99,12.3,a
2014-09-26,332,82.31,12.1,a
2014-09-27,324,72.325,12.2,a
2014-09-28,323,71.276,12.5,a
2014-09-29,322,69.914,12.5,a
2014-09-30,318,66.298,12.6,a
2014-10-01,316,64.125,12.7,a
2014-10-02,318,66.381,12.7,a
2014-10-03,315,61.652,12.7,a
2014-10-04,310,57.131,12.7,a
2014-10-05,310,56.371,12.6,a
2014-10-06,308,54.483,12.5,a
2014-10-07,307,54.141,12.6,a
2014-10-08,302,48.351,12.5,a
2014-10-09,313,60.082,12.8,a
2014-10-10,322,70.352,12.8,a
2014-10-11,310,56.302,12.8,a
2014-10-12,309,54.979,12.9,a
2014-10-13,309,55.966,12.9,a
2014-10-14,310,56.634,13,a
2014-10-15,311,57.302,13,a
2014-10-16,320,68.809,12.9,a
2014-10-17,307,53.471,12.9,a
2014-10-18,304,50.697,13,a
2014-10-19,303,49.78,12.8,a
2014-10-20,301,47.601,12.7,a
2014-10-21,304,50.458,12.8,a
2014-10-22,498,373.209,12.1,a
2014-10-23,399,177.659,10.9,a
2014-10-24,378,145.246,10.5,a
2014-10-25,349,104.547,10.5,a
2014-10-26,335,85.991,10.2,a
2014-10-27,329,78.966,10,a
2014-10-28,320,68.367,9.8,a
2014-10-29,320,68.463,9.4,a
2014-10-30,318,65.076,9.3,a
2014-10-31,310,56.188,9.1,a
2014-11-01,310,56.249,9.1,a
2014-11-02,308,54.85,9.1,a
2014-11-03,307,53.383,9.1,a
2014-11-04,313,59.661,9.4,a
2014-11-05,326,75.557,9.6,a
2014-11-06,585,560.14,10.2,a
2014-11-07,716,934.457,10.4,a
2014-11-08,658,746.362,10.4,a
2014-11-09,573,523.282,10,a
2014-11-10,490,340.556,9.9,a
2014-11-11,456,275.728,10,a
2014-11-12,493,347.171,10,a
2014-11-13,475,311.827,10,a
2014-11-14,452,268.769,9.8,a
2014-11-15,420,209.864,9.8,a
2014-11-16,458,282.343,9.9,a
2014-11-17,447,259.178,9.6,a
2014-11-18,570,522.598,9.5,a
2014-11-19,523,409.283,9.1,a
2014-11-20,455,274.178,8.8,a
2014-11-21,417,205.272,8.6,a
2014-11-22,403,183.038,8.5,a
2014-11-23,387,158.136,8.4,a
2014-11-24,377,143.953,8.3,a
2014-11-25,367,129.544,8.1,a
2014-11-26,372,136.015,8,a
2014-11-27,365,126.096,8,a
2014-11-28,355,111.999,7.9,a
2014-11-29,377,146.013,8.1,a
2014-11-30,385,155.594,8.2,a
2014-12-01,469,318.027,8.2,a
2014-12-02,518,395.964,7.8,a
2014-12-03,437,240.431,7.8,a
2014-12-04,413,198.557,7.7,a
2014-12-05,396,171.454,7.7,a
2014-12-06,390,162.213,7.8,a
2014-12-07,393,166.812,7.9,a
2014-12-08,382,150.157,8,a
2014-12-09,377,142.779,8,a
2014-12-10,364,124.165,7.3,a
2014-12-11,360,118.605,6.8,a
2014-12-12,353,109.067,6.3,a
2014-12-13,350,105.054,6.3,a
2014-12-14,344,97.165,6.9,a
2014-12-15,344,97.165,7.4,a
2014-12-16,345,99.647,7.7,a
2014-12-17,343,97.095,7.9,a
2014-12-18,342,95.293,7.9,a
2014-12-19,336,87.611,7.9,a
2014-12-20,335,86.097,7.9,a
2014-12-21,328,77.106,7.6,a
2014-12-22,330,79.991,7.1,a
2014-12-23,326,75.213,6.9,a
2014-12-24,324,72.64,7.1,a
2014-12-25,321,69.416,7,a
2014-12-26,318,65.684,7.1,a
2014-12-27,323,71.313,6.4,a
2014-12-28,320,67.272,5.6,a
2014-12-29,315,62.093,5.1,a
2014-12-30,315,62.813,4.4,a
2014-12-31,316,63.435,4.2,a
2015-01-01,311,58,4,a
2015-01-02,309,55.107,4,a
2015-01-03,306,52.13,4.2,a
2015-01-04,305,51.186,4.6,a
2015-01-05,309,55.732,4.7,a
2015-01-06,307,53.582,4.7,a
2015-01-07,310,56.466,4.8,a
2015-01-08,305,51.332,4.9,a
2015-01-09,305,51.308,5.1,a
2015-01-10,309,55.833,5.4,a
2015-01-11,314,61.393,5.5,a
2015-01-12,330,80.217,5.3,a
2015-01-13,321,69.024,5.2,a
2015-01-14,320,68.083,5.8,a
2015-01-15,322,70.039,5.8,a
2015-01-16,319,67.738,6.1,a
2015-01-17,335,88.452,6.5,a
2015-01-18,401,180.315,6.6,a
2015-01-19,370,132.639,6.8,a
2015-01-20,349,103.645,6.5,a
2015-01-21,335,85.442,6.5,a
2015-01-22,325,73.349,6.6,a
2015-01-23,317,64.452,6.7,a
2015-01-24,317,64.187,6.8,a
2015-01-25,316,63.745,6.8,a
2015-01-26,313,59.279,6.4,a
2015-01-27,319,67.417,5.9,a
2015-01-28,317,64.383,5.7,a
2015-01-29,319,67.054,5.3,a
2015-01-30,320,68.112,5,a
2015-01-31,315,62.583,4.6,a
2015-02-01,309,55.736,4.9,a
2015-02-02,303,48.906,5,a
2015-02-03,297,44.013,4.9,a
2015-02-04,294,41.204,5,a
2015-02-05,294,40.533,5.2,a
2015-02-06,296,42.55,5,a
2015-02-07,305,50.988,5,a
2015-02-08,299,45.852,4.7,a
2015-02-09,304,49.895,4.5,a
2015-02-10,301,47.69,4.7,a
2015-02-11,299,45.385,5.2,a
2015-02-12,301,47.064,5.5,a
2015-02-13,307,54.135,5.5,a
2015-02-14,303,48.95,5.6,a
2015-02-15,300,46.526,5.8,a
2015-02-16,304,50.422,6,a
2015-02-17,305,51.842,6,a
2015-02-18,309,55.108,6.1,a
2015-02-19,308,54.665,5.9,a
2015-02-20,308,54.761,5.8,a
2015-02-21,306,52.271,5.9,a
2015-02-22,313,59.6,6.1,a
2015-02-23,339,91.833,6,a
2015-02-24,336,87.247,6.2,a
2015-02-25,341,94.021,6.4,a
2015-02-26,332,82.484,6.6,a
2015-02-27,329,78.173,7,a
2015-02-28,320,68.129,7,a
2015-03-01,314,61.068,7.1,a
2015-03-02,312,59.086,7.4,a
2015-03-03,317,63.781,7.6,a
2015-03-04,315,62.217,7.5,a
2015-03-05,313,59.928,7.4,a
2015-03-06,316,62.779,7.1,a
2015-03-07,310,56.727,7.1,a
2015-03-08,306,52.53,7.2,a
2015-03-09,306,52.561,7.2,a
2015-03-10,303,48.934,7.3,a
2015-03-11,301,46.982,7.4,a
2015-03-12,300,46.399,7.3,a
2015-03-13,298,44.218,7.5,a
2015-03-14,298,44.104,7.6,a
2015-03-15,296,42.815,7.8,a
2015-03-16,294,40.675,7.7,a
2015-03-17,294,40.966,7.9,a
2015-03-18,296,42.344,8.3,a
2015-03-19,296,42.938,8.5,a
2015-03-20,298,44.362,8.6,a
2015-03-21,299,45.844,8.6,a
2015-03-22,299,45.534,9,a
2015-03-23,306,52.731,9.2,a
2015-03-24,306,53.344,9.1,a
2015-03-25,305,51.624,9,a
2015-03-26,416,215.983,8.7,a
2015-03-27,492,343.837,8.2,a
2015-03-28,430,228.799,7.9,a
2015-03-29,375,140.943,8.2,a
2015-03-30,353,110.017,8.8,a
2015-03-31,349,105.364,8.9,a
2015-04-01,338,90.206,9.1,a
2015-04-02,336,87.951,8.8,a
2015-04-03,329,78.772,8.8,a
2015-04-04,319,67.325,8.7,a
2015-04-05,313,59.728,8.6,a
2015-04-06,310,56.771,8.5,a
2015-04-07,310,57.251,8.5,a
2015-04-08,306,52.211,8.8,a
2015-04-09,305,51.786,9,a
2015-04-10,303,49.762,9.6,a
2015-04-11,302,48.594,10.1,a
2015-04-12,303,49.662,10.7,a
2015-04-13,306,52.381,11.1,a
2015-04-14,310,56.583,11.6,a
2015-04-15,311,58.034,11.9,a
2015-04-16,315,61.785,12.2,a
2015-04-17,315,61.579,12,a
2015-04-18,325,73.513,11.4,a
2015-04-19,329,79.003,10.7,a
2015-04-20,315,61.516,10.7,a
2015-04-21,306,52.618,10.9,a
2015-04-22,307,52.951,11.5,a
2015-04-23,303,49.548,11.9,a
2015-04-24,300,46.537,12.1,a
2015-04-25,300,46.948,11.9,a
2015-04-26,299,46.139,12.4,a
2015-04-27,299,45.47,12.7,a
2015-04-28,308,54.737,12.4,a
2015-04-29,316,63.252,12.4,a
2015-04-30,312,58.262,12.5,a
2015-05-01,306,51.867,12,a
2015-05-02,311,57.948,12,a
2015-05-03,316,63.317,12.1,a
2015-05-04,312,58.411,12,a
2015-05-05,312,58.467,12.7,a
2015-05-06,309,55.909,13.2,a
2015-05-07,307,53.176,13.8,a
2015-05-08,304,50.929,14.1,a
2015-05-09,304,50.286,14.3,a
2015-05-10,303,49.146,14.4,a
2015-05-11,296,42.882,14.8,a
2015-05-12,291,38.534,14.9,a
2015-05-13,292,39.63,15.1,a
2015-05-14,296,42.772,15.3,a
2015-05-15,352,110.285,15,a
2015-05-16,370,132.601,14.1,a
2015-05-17,337,89.403,13.4,a
2015-05-18,316,63.519,13.6,a
2015-05-19,311,57.438,14.1,a
2015-05-20,309,55.18,14.4,a
2015-05-21,345,101.326,14,a
2015-05-22,362,121.93,13.3,a
2015-05-23,392,168.965,12,a
2015-05-24,396,171.353,11.3,a
2015-05-25,372,136.514,11,a
2015-05-26,342,94.943,11.6,a
2015-05-27,329,79.163,12.1,a
2015-05-28,321,68.473,12.5,a
2015-05-29,315,62.293,13.1,a
2015-05-30,310,56.795,13.6,a
2015-05-31,310,57.069,13.8,a
2015-06-01,311,58.176,14,a
2015-06-02,309,55.955,14.5,a
2015-06-03,309,55.73,15.1,a
2015-06-04,306,52.121,15.7,a
2015-06-05,303,49.239,16.2,a
2015-06-06,302,48.091,16.8,a
2015-06-07,301,46.87,17.3,a
2015-06-08,303,48.846,17.5,a
2015-06-09,298,44.563,17.7,a
2015-06-10,303,49.503,17.9,a
2015-06-11,302,48.244,17.9,a
2015-06-12,297,43.902,18.1,a
2015-06-13,295,42.183,18.4,a
2015-06-14,292,39.423,18.2,a
2015-06-15,292,39.025,18,a
2015-06-16,291,38.366,17.7,a
2015-06-17,312,59.24,16.7,a
2015-06-18,305,51.438,16.4,a
2015-06-19,301,47.855,16,a
2015-06-20,298,44.97,15.4,a
2015-06-21,301,47.808,15.1,a
2015-06-22,303,49.593,15.1,a
2015-06-23,375,163.796,14.8,a
2015-06-24,524,414.381,13.1,a
2015-06-25,415,203.48,12.4,a
2015-06-26,362,121.991,12.9,a
2015-06-27,339,91.283,13.8,a
2015-06-28,330,81.122,14.3,a
2015-06-29,323,72.514,14.7,a
2015-06-30,316,63.984,15,a
2015-07-01,314,61.469,15.7,a
2015-07-02,309,55.776,16.2,a
2015-07-03,306,52.257,16.9,a
2015-07-04,301,47.847,17.6,a
2015-07-05,302,48.672,18.1,a
2015-07-06,303,49.488,18.5,a
2015-07-07,307,53.501,18.9,a
2015-07-08,300,46.832,19.2,a
2015-07-09,312,59.427,19,a
2015-07-10,315,62.104,18.4,a
2015-07-11,307,54.082,18.1,a
2015-07-12,304,50.745,18.1,a
2015-07-13,299,45.5,18,a
2015-07-14,299,45.661,17.8,a
2015-07-15,299,45.471,18.2,a
2015-07-16,297,43.764,18.5,a
2015-07-17,290,37.826,18.8,a
2015-07-18,287,35.279,19.3,a
2015-07-19,286,34.584,19.7,a
2015-07-20,287,35.337,19.8,a
2015-07-21,285,33.611,19.9,a
2015-07-22,291,38.639,20.2,a
2015-07-23,288,35.945,20.1,a
2015-07-24,289,36.807,19.9,a
2015-07-25,286,34.416,20.1,a
2015-07-26,295,42.631,19.1,a
2015-07-27,303,48.979,18.1,a
2015-07-28,305,51.254,17.7,a
2015-07-29,293,39.851,17,a
2015-07-30,341,98.666,16.3,a
2015-07-31,354,112.275,15.6,a
2015-08-01,321,69.394,15.1,a
2015-08-02,311,58.128,15.7,a
2015-08-03,326,76.004,16,a
2015-08-04,319,66.69,16.5,a
2015-08-05,312,59.15,16.8,a
2015-08-06,300,47.278,17.3,a
2015-08-07,295,42.231,18,a
2015-08-08,294,41.098,18.4,a
2015-08-09,297,43.502,18.6,a
2015-08-10,295,41.72,18.7,a
2015-08-11,294,41.463,18.6,a
2015-08-12,295,42.439,18.6,a
2015-08-13,290,38.021,18.6,a
2015-08-14,286,34.656,19,a
2015-08-15,285,33.541,18.9,a
2015-08-16,285,33.681,18.5,a
2015-08-17,289,36.328,18.1,a
2015-08-18,297,43.533,17.7,a
2015-08-19,298,44.451,17.6,a
2015-08-20,294,41.512,17.1,a
2015-08-21,294,41.383,16.8,a
2015-08-22,296,42.728,16.4,a
2015-08-23,291,38.413,16.4,a
2015-08-24,287,35.392,16.4,a
2015-08-25,299,45.968,16.3,a
2015-08-26,315,61.718,16.3,a
2015-08-27,305,51.208,16.1,a
2015-08-28,300,46.76,16.4,a
2015-08-29,297,43.733,16.8,a
2015-08-30,294,40.766,17.1,a
2015-08-31,289,36.356,17.5,a
2015-09-01,287,35.298,17.8,a
2015-09-02,294,40.522,17.7,a
2015-09-03,295,41.798,17.2,a
2015-09-04,296,42.742,17,a
2015-09-05,365,127.993,16.3,a
2015-09-06,413,199.552,15.1,a
2015-09-07,365,126.74,13.9,a
2015-09-08,332,82.733,13.5,a
2015-09-09,322,69.996,13.6,a
2015-09-10,314,60.625,13.6,a
2015-09-11,307,53.606,13.6,a
2015-09-12,306,52.157,13.8,a
2015-09-13,302,47.962,14,a
2015-09-14,322,73.737,14.1,a
2015-09-15,496,354.23,13.4,a
2015-09-16,419,209.621,12.6,a
2015-09-17,384,153.584,12.7,a
2015-09-18,356,113.104,13.2,a
2015-09-19,337,88.365,13.4,a
2015-09-20,322,70.245,13.5,a
2015-09-21,320,67.965,13.4,a
2015-09-22,315,62.303,13.2,a
2015-09-23,315,62.554,13.2,a
2015-09-24,434,234.956,12.6,a
2015-09-25,403,182.451,11.5,a
2015-09-26,373,137.792,11.3,a
2015-09-27,345,99.475,11.6,a
2015-09-28,334,85.399,11.6,a
2015-09-29,327,76.504,11.5,a
2015-09-30,325,74.057,11.4,a
2015-10-01,322,70.071,11.1,a
2015-10-02,312,59.322,11.1,a
2015-10-03,313,59.821,11.2,a
2015-10-04,307,53.672,11.4,a
2015-10-05,324,73.545,11.7,a
2015-10-06,322,70.174,11.8,a
2015-10-07,332,82.702,11.9,a
2015-10-08,348,103.354,11.9,a
2015-10-09,338,89.7,12,a
2015-10-10,329,79.289,12,a
2015-10-11,331,80.863,11.7,a
2015-10-12,345,98.955,11.4,a
2015-10-13,340,92.439,11.1,a
2015-10-14,502,387.549,10.6,a
2015-10-15,619,637.913,10.3,a
2015-10-16,523,408.489,10.2,a
2015-10-17,471,304.88,9.9,a
2015-10-18,414,200.218,9.8,a
2015-10-19,406,188.102,9.8,a
2015-10-20,390,162.945,9.8,a
2015-10-21,371,134.815,9.5,a
2015-10-22,364,125.122,9.3,a
2015-10-23,355,112.131,9.2,a
2015-10-24,344,97.48,9.4,a
2015-10-25,335,85.771,9.3,a
2015-10-26,339,90.904,9.2,a
2015-10-27,332,82.445,9.3,a
2015-10-28,326,74.784,9.4,a
2015-10-29,328,77.707,9.7,a
2015-10-30,324,73.348,9.9,a
2015-10-31,324,72.463,9.7,a
2015-11-01,320,68.602,9.6,a
2015-11-02,318,65.557,9.1,a
2015-11-03,316,63.703,8.8,a
2015-11-04,311,57.968,8.6,a
2015-11-05,310,56.811,8.6,a
2015-11-06,308,55.399,8.6,a
2015-11-07,301,46.856,8.7,a
2015-11-08,308,54.164,8.9,a
2015-11-09,306,52.691,9,a
2015-11-10,307,53.671,9,a
2015-11-11,306,52.667,9,a
2015-11-12,304,50.178,9,a
2015-11-13,305,51.08,9,a
2015-11-14,301,47.759,8.9,a
2015-11-15,299,45.795,9.1,a
2015-11-16,297,43.618,9,a
2015-11-17,296,43.201,8.8,a
2015-11-18,298,44.585,8.8,a
2015-11-19,295,41.987,8.7,a
2015-11-20,294,40.765,8.9,a
2015-11-21,307,55.146,9,a
2015-11-22,328,77.013,8,a
2015-11-23,315,62.737,7.8,a
2015-11-24,306,51.818,7.6,a
2015-11-25,304,50.001,7.3,a
2015-11-26,298,44.977,7,a
2015-11-27,296,42.951,6.6,a
2015-11-28,296,42.419,6.6,a
2015-11-29,294,41.196,6.6,a
2015-11-30,298,44.343,6.3,a
2015-12-01,297,43.852,6.5,a
2015-12-02,299,45.616,7,a
2015-12-03,296,42.854,6.9,a
2015-12-04,297,43.228,7,a
2015-12-05,297,43.737,6.9,a
2015-12-06,297,43.287,6.8,a
2015-12-07,296,42.47,6.7,a
2015-12-08,293,40.481,6.5,a
2015-12-09,293,39.815,6.5,a
2015-12-10,294,40.598,6.6,a
2015-12-11,290,37.605,6.2,a
2015-12-12,291,38.486,5.9,a
2015-12-13,292,38.903,5.8,a
2015-12-14,290,37.44,5.6,a
2015-12-15,288,35.926,5.9,a
2015-12-16,288,36,5.8,a
2015-12-17,288,35.904,5.6,a
2015-12-18,286,34.271,5.5,a
2015-12-19,285,33.405,5.4,a
2015-12-20,285,33.572,5.3,a
2015-12-21,284,32.915,5.4,a
2015-12-22,283,31.945,5.8,a
2015-12-23,284,32.776,5.4,a
2015-12-24,283,32.063,5.1,a
2015-12-25,283,32.611,4.8,a
2015-12-26,284,32.776,4.9,a
2015-12-27,279,29.354,4.6,a
2015-12-28,280,29.797,4.1,a
2015-12-29,278,28.383,4,a
2015-12-30,279,29.415,4.5,a
2015-12-31,279,29.446,3.6,a
2016-01-01,279,28.978,3.2,a
2016-01-02,278,28.692,2.9,a
2016-01-03,280,29.809,3,a
2016-01-04,279,29.373,2.9,a
2016-01-05,278,28.21,2.9,a
2016-01-06,278,28.426,3.2,a
2016-01-07,280,29.897,3.5,a
2016-01-08,283,32.215,3.8,a
2016-01-09,289,37.088,4.3,a
2016-01-10,365,128.164,4.7,a
2016-01-11,426,243.484,5.4,a
2016-01-12,584,557.914,6.8,a
2016-01-13,431,230.232,6.7,a
2016-01-14,378,145.069,6.1,a
2016-01-15,358,115.534,6,a
2016-01-16,339,90.754,5.8,a
2016-01-17,328,77.767,5.4,a
2016-01-18,317,64.441,4.9,a
2016-01-19,312,59.092,4.4,a
2016-01-20,311,57.248,4.1,a
2016-01-21,304,50.664,3.9,a
2016-01-22,303,49.691,3.9,a
2016-01-23,299,45.213,3.8,a
2016-01-24,297,43.88,3.6,a
2016-01-25,296,42.371,4,a
2016-01-26,295,42.163,4.4,a
2016-01-27,296,42.652,4.5,a
2016-01-28,296,42.827,4.9,a
2016-01-29,296,42.801,5.4,a
2016-01-30,301,47.538,5.4,a
2016-01-31,293,39.986,5.8,a
2016-02-01,289,36.94,6.5,a
2016-02-02,284,32.815,6.8,a
2016-02-03,285,33.452,7.2,a
2016-02-04,311,58.104,7.1,a
2016-02-05,304,50.716,6.6,a
2016-02-06,299,45.858,6.3,a
2016-02-07,308,53.916,6.8,a
2016-02-08,377,158.68,7,a
2016-02-09,438,244.462,6.9,a
2016-02-10,502,371.675,7.1,a
2016-02-11,420,211.083,6.7,a
2016-02-12,382,150.245,6.2,a
2016-02-13,365,126.199,5.7,a
2016-02-14,370,134.056,5.9,a
2016-02-15,407,189.364,6.1,a
2016-02-16,403,182.344,6.2,a
2016-02-17,397,173.681,6.2,a
2016-02-18,384,153.484,6,a
2016-02-19,381,149.818,6.3,a
2016-02-20,384,152.994,6.6,a
2016-02-21,371,135.287,6.6,a
2016-02-22,354,111.297,7.1,a
2016-02-23,365,125.979,7.4,a
2016-02-24,381,149.335,7.5,a
2016-02-25,369,132.247,7.2,a
2016-02-26,356,113.635,7.1,a
2016-02-27,337,89.31,6.6,a
2016-02-28,345,99.842,6.6,a
2016-02-29,417,207.724,6.6,a
2016-03-01,428,225.3,6.8,a
2016-03-02,396,172.119,7,a
2016-03-03,392,166.787,7,a
2016-03-04,378,144.738,6.8,a
2016-03-05,365,126.033,6.7,a
2016-03-06,416,208.084,6.9,a
2016-03-07,423,215.983,7,a
2016-03-08,395,170.617,6.9,a
2016-03-09,381,149.116,7,a
2016-03-10,370,133.14,7.2,a
2016-03-11,363,123.461,7.5,a
2016-03-12,355,112.141,7.9,a
2016-03-13,349,104.114,7.9,a
2016-03-14,346,100.092,7.9,a
2016-03-15,339,91.879,7.6,a
2016-03-16,337,89.111,7.3,a
2016-03-17,332,82.073,7.4,a
2016-03-18,326,75.606,7.6,a
2016-03-19,324,73.142,7.9,a
2016-03-20,322,70.4,8.3,a
2016-03-21,320,67.438,8.5,a
2016-03-22,327,77.866,8.8,a
2016-03-23,330,81.317,8.5,a
2016-03-24,329,79.296,8.2,a
2016-03-25,324,73.045,8.3,a
2016-03-26,325,74.261,8.5,a
2016-03-27,315,62.128,8.6,a
2016-03-28,307,53.72,8.7,a
2016-03-29,313,59.901,8.8,a
2016-03-30,322,70.983,9.1,a
2016-03-31,336,88.48,9.5,a
2016-04-01,359,117.668,9.7,a
2016-04-02,368,130.414,9.9,a
2016-04-03,363,122.637,9.7,a
2016-04-04,357,115.645,9.8,a
2016-04-05,355,112.661,9.9,a
2016-04-06,367,130.116,10,a
2016-04-07,363,122.854,10.1,a
2016-04-08,371,133.832,10,a
2016-04-09,367,129.31,9.8,a
2016-04-10,368,130.533,9.6,a
2016-04-11,356,113.746,10,a
2016-04-12,346,100.392,10.6,a
2016-04-13,342,94.178,11.1,a
2016-04-14,350,105.107,11,a
2016-04-15,351,106.869,10.8,a
2016-04-16,347,100.855,10.8,a
2016-04-17,338,89.925,11.1,a
2016-04-18,333,82.911,11.3,a
2016-04-19,340,92.108,11.2,a
2016-04-20,339,90.706,11,a
2016-04-21,328,77.608,11,a
2016-04-22,330,79.339,11.3,a
2016-04-23,321,69.019,11.5,a
2016-04-24,321,69.016,11.3,a
2016-04-25,321,69.404,10.8,a
2016-04-26,317,64.766,10.5,a
2016-04-27,336,88.111,9.9,a
2016-04-28,361,120.877,8.7,a
2016-04-29,342,95.247,8.4,a
2016-04-30,353,109.285,8.8,a
2016-05-01,368,131.093,9.3,a
2016-05-02,398,174.947,9.4,a
2016-05-03,394,169.098,9.4,a
2016-05-04,376,142.272,9.9,a
2016-05-05,364,124.121,10.3,a
2016-05-06,352,107.375,10.7,a
2016-05-07,340,91.737,11.3,a
2016-05-08,344,98.064,11.6,a
2016-05-09,341,93.76,11.8,a
2016-05-10,342,94.574,11.6,a
2016-05-11,340,91.931,11.3,a
2016-05-12,359,118.497,11,a
2016-05-13,387,157.756,10.8,a
2016-05-14,379,146.495,10.6,a
2016-05-15,402,182.253,10.7,a
2016-05-16,391,165.525,10.5,a
2016-05-17,364,125.566,10.6,a
2016-05-18,352,109.416,10.7,a
2016-05-19,343,97.065,10.7,a
2016-05-20,344,98.476,11.1,a
2016-05-21,335,86.597,11.5,a
2016-05-22,330,80.762,12.3,a
2016-05-23,331,82.082,12.8,a
2016-05-24,343,98.866,12.8,a
2016-05-25,339,91.496,12.8,a
2016-05-26,335,87.625,13,a
2016-05-27,326,75.513,13.6,a
2016-05-28,325,74.811,14,a
2016-05-29,322,71.756,14.3,a
2016-05-30,335,86.725,14.3,a
2016-05-31,377,145.655,13.9,a
2016-06-01,371,135.443,12.7,a
2016-06-02,357,115.977,12.3,a
2016-06-03,338,91.467,12.8,a
2016-06-04,327,77.21,13.3,a
2016-06-05,323,72.321,13.9,a
2016-06-06,327,77.927,14.2,a
2016-06-07,328,78.177,14.4,a
2016-06-08,328,78.608,14.6,a
2016-06-09,331,83.435,14.4,a
2016-06-10,342,96.204,14.1,a
2016-06-11,337,90.254,13.9,a
2016-06-12,376,146.142,13.8,a
2016-06-13,393,168.217,13.1,a
2016-06-14,368,131.174,12.6,a
2016-06-15,406,192.504,12.7,a
2016-06-16,387,158.841,12.7,a
2016-06-17,420,216.096,13.2,a
2016-06-18,420,211.713,13.2,a
2016-06-19,385,156.678,12.7,a
2016-06-20,361,121.532,12.7,a
2016-06-21,352,108.625,13,a
2016-06-22,341,94.416,13.6,a
2016-06-23,338,90.563,14.5,a
2016-06-24,332,83.462,15.3,a
2016-06-25,327,77.652,15.7,a
2016-06-26,324,73.712,15.6,a
2016-06-27,338,91.38,15.6,a
2016-06-28,332,82.833,15.4,a
2016-06-29,326,75.79,15.5,a
2016-06-30,319,68.465,15.8,a
2016-07-01,320,69.309,16.3,a
2016-07-02,316,64.492,16.8,a
2016-07-03,317,66.036,16.6,a
2016-07-04,330,81.073,16.2,a
2016-07-05,322,71.671,16.2,a
2016-07-06,318,67.398,16.6,a
2016-07-07,317,65.628,16.7,a
2016-07-08,313,61.243,16.9,a
2016-07-09,311,58.638,17.1,a
2016-07-10,309,56.308,17.4,a
2016-07-11,303,50.323,17.7,a
2016-07-12,303,50.159,18,a
2016-07-13,302,49.653,18,a
2016-07-14,316,64.568,17.7,a
2016-07-15,313,60.453,17,a
2016-07-16,305,53.156,15.9,a
2016-07-17,294,41.894,15.5,a
2016-07-18,298,45.386,16,a
2016-07-19,299,46.547,16.4,a
2016-07-20,297,44.728,16.9,a
2016-07-21,294,41.997,17.3,a
2016-07-22,293,41.462,17.7,a
2016-07-23,295,42.891,18.1,a
2016-07-24,303,50.349,18.3,a
2016-07-25,303,50.795,18.5,a
2016-07-26,298,45.227,18.5,a
2016-07-27,299,46.297,18.4,a
2016-07-28,306,53.851,18,a
2016-07-29,310,57.276,17.9,a
2016-07-30,303,50.907,17.9,a
2016-07-31,299,46.737,18,a
2016-08-01,297,44.582,17.7,a
2016-08-02,294,42.079,17.4,a
2016-08-03,294,41.469,17.8,a
2016-08-04,295,43.034,18,a
2016-08-05,295,42.362,17.9,a
2016-08-06,294,41.669,17.6,a
2016-08-07,291,39.326,17.8,a
2016-08-08,294,41.919,17.7,a
2016-08-09,295,43.006,17.7,a
2016-08-10,334,93.986,17.3,a
2016-08-11,379,146.68,15.6,a
2016-08-12,348,104.148,13.9,a
2016-08-13,320,68.898,14.2,a
2016-08-14,309,56.979,14.7,a
2016-08-15,301,49.008,15.5,a
2016-08-16,299,46.706,16.1,a
2016-08-17,307,54.774,16.3,a
2016-08-18,309,56.157,16.3,a
2016-08-19,302,48.901,16.8,a
2016-08-20,301,48.517,17,a
2016-08-21,302,49.861,17.2,a
2016-08-22,342,99.132,16.7,a
2016-08-23,346,101.768,16,a
2016-08-24,328,78.312,15.2,a
2016-08-25,312,60.224,15.2,a
2016-08-26,300,47.56,15.5,a
2016-08-27,297,44.399,16,a
2016-08-28,296,43.934,16.4,a
2016-08-29,295,42.779,16.7,a
2016-08-30,303,50.208,17,a
2016-08-31,301,48.992,17,a
2016-09-01,299,46.14,16.8,a
2016-09-02,299,45.999,17,a
2016-09-03,291,39.449,16.9,a
2016-09-04,291,39.197,16.9,a
2016-09-05,291,39.016,16.9,a
2016-09-06,290,38.58,16.3,a
2016-09-07,291,39.041,16,a
2016-09-08,290,38.516,16.3,a
2016-09-09,289,37.613,16.2,a
2016-09-10,288,36.868,16.3,a
2016-09-11,286,35.282,16.4,a
2016-09-12,285,34.726,16.4,a
2016-09-13,284,33.865,16.7,a
2016-09-14,281,31.962,16.7,a
2016-09-15,282,32.56,16.7,a
2016-09-16,289,37.85,16.3,a
2016-09-17,292,40.377,16.2,a
2016-09-18,304,51.234,15.8,a
2016-09-19,306,52.7,15.4,a
2016-09-20,295,43.012,15.2,a
2016-09-21,289,38.121,14.9,a
2016-09-22,293,40.621,14.4,a
2016-09-23,290,38.929,14.2,a
2016-09-24,288,36.59,14.3,a
2016-09-25,290,38.636,14.3,a
2016-09-26,287,35.816,14.2,a
2016-09-27,291,38.924,14.1,a
2016-09-28,285,34.928,13.9,a
2016-09-29,279,30.121,13.7,a
2016-09-30,279,30.017,14,a
2016-10-01,282,32.389,14.1,a
2016-10-02,283,33.612,13.9,a
2016-10-03,291,40.127,13.9,a
2016-10-04,289,38.126,13.3,a
2016-10-05,285,34.523,12.6,a
2016-10-06,284,33.81,11.7,a
2016-10-07,284,33.582,11.5,a
2016-10-08,284,33.513,11.5,a
2016-10-09,281,32.017,11.4,a
2016-10-10,281,31.812,10.7,a
2016-10-11,281,31.903,10.3,a
2016-10-12,280,31.171,10,a
2016-10-13,277,29.022,9.5,a
2016-10-14,280,31.442,10,a
2016-10-15,284,34.648,10.6,a
2016-10-16,301,49.041,10.9,a
2016-10-17,294,42.524,10.9,a
2016-10-18,292,40.669,11.1,a
2016-10-19,294,42.188,11.1,a
2016-10-20,339,96.396,10.9,a
2016-10-21,376,142.191,10.4,a
2016-10-22,343,97.934,9.9,a
2016-10-23,321,70.03,9.6,a
2016-10-24,310,57.9,9.8,a
2016-10-25,336,90.58,10.2,a
2016-10-26,404,189.651,10.8,a
2016-10-27,371,136.82,10.6,a
2016-10-28,341,96.073,10.2,a
2016-10-29,324,75.255,10,a
2016-10-30,309,58.277,9.7,a
2016-10-31,309,58.239,9.6,a
2016-11-01,306,55.203,9.4,a
2016-11-02,303,51.767,9.3,a
2016-11-03,300,48.913,9.4,a
2016-11-04,302,50.369,8.9,a
2016-11-05,306,55.299,8.8,a
2016-11-06,589,574.266,9.5,a
2016-11-07,588,560.626,9.3,a
2016-11-08,477,318.175,8.6,a
2016-11-09,409,194.808,8.4,a
2016-11-10,387,159.53,8.2,a
2016-11-11,361,122.526,8.1,a
2016-11-12,345,101.986,8.2,a
2016-11-13,340,94.112,7.9,a
2016-11-14,329,80.032,7.8,a
2016-11-15,330,82.214,7.3,a
2016-11-16,328,79.974,6.9,a
2016-11-17,327,80.11,7.1,a
2016-11-18,326,78.117,7.5,a
2016-11-19,552,518.726,8.5,a
2016-11-20,580,545.461,9,a
2016-11-21,473,309.372,9,a
2016-11-22,453,273.375,9.3,a
2016-11-23,434,237.9,9.3,a
2016-11-24,413,201.856,9.3,a
2016-11-25,391,166.857,9.5,a
2016-11-26,371,136.634,9.6,a
2016-11-27,376,144.63,9.5,a
2016-11-28,364,127.663,9.2,a
2016-11-29,356,116.306,8,a
2016-11-30,351,108.662,6.9,a
2016-12-01,335,88.755,6.1,a
2016-12-02,331,82.828,5.8,a
2016-12-03,332,84.767,5.8,a
2016-12-04,327,79.278,5.7,a
2016-12-05,314,64.025,5.8,a
2016-12-06,315,64.441,5.8,a
2016-12-07,321,72.153,5.5,a
2016-12-08,321,71.104,5.2,a
2016-12-09,314,63.911,5.1,a
2016-12-10,302,50.296,5.1,a
2016-12-11,298,46.98,5,a
2016-12-12,308,57.514,5.1,a
2016-12-13,306,54.827,5.2,a
2016-12-14,304,52.699,5.2,a
2016-12-15,303,51.955,5.2,a
2016-12-16,301,50.04,5.5,a
2016-12-17,300,48.511,5.4,a
2016-12-18,298,46.775,5,a
2016-12-19,298,46.924,4.9,a
2016-12-20,297,45.65,5.1,a
2016-12-21,297,45.713,5,a
2016-12-22,295,43.948,4.8,a
2016-12-23,295,43.804,4.7,a
2016-12-24,294,43.529,4.5,a
2016-12-25,298,46.275,4.6,a
2016-12-26,291,40.355,4.6,a
2016-12-27,295,44.45,4.6,a
2016-12-28,293,42.058,4.6,a
2016-12-29,292,41.875,4.8,a
2016-12-30,289,38.611,4.4,a
2016-12-31,287,37.18,3.9,a
2017-01-01,285,35.329,3.4,a
2017-01-02,285,35.706,3.3,a
2017-01-03,285,35.262,3.8,a
2017-01-04,283,34.17,3.8,a
2017-01-05,283,34.343,3.4,a
2017-01-06,283,33.953,2.8,a
2017-01-07,282,33.388,1.8,a
2017-01-08,283,34.289,1.8,a
2017-01-09,284,34.948,2.1,a
2017-01-10,283,34.19,2.2,a
2017-01-11,283,33.79,1.7,a
2017-01-12,283,33.82,1.5,a
2017-01-13,300,49.958,2.4,a
2017-01-14,302,50.87,2.5,a
2017-01-15,294,43.891,3.2,a
2017-01-16,285,36.748,3.2,a
2017-01-17,287,38.321,3.2,a
2017-01-18,285,36.787,3.4,a
2017-01-19,287,37.904,3.5,a
2017-01-20,281,33.676,2.8,a
2017-01-21,280,33.162,2,a
2017-01-22,276,30.496,1.7,a
2017-01-23,276,30.113,1.6,a
2017-01-24,275,29.602,1.3,a
2017-01-25,275,29.337,1.4,a
2017-01-26,275,29.429,1.7,a
2017-01-27,277,31.024,2,a
2017-01-28,275,29.4,1.1,a
2017-01-29,274,29.173,0.7,a
2017-01-30,275,29.325,1,a
2017-01-31,279,32.362,1.6,a
2017-02-01,300,51.427,2.9,a
2017-02-02,305,54.988,3.5,a
2017-02-03,316,67.043,4,a
2017-02-04,355,115.177,4,a
2017-02-05,359,121.527,4.2,a
2017-02-06,402,187.007,5.2,a
2017-02-07,368,133.324,5.2,a
2017-02-08,341,96.74,5.3,a
2017-02-09,318,68.107,5.2,a
2017-02-10,311,60.177,5.2,a
2017-02-11,307,56.015,5.3,a
2017-02-12,300,49.806,5.5,a
2017-02-13,297,46.633,5.6,a
2017-02-14,294,43.573,5.5,a
2017-02-15,296,45.785,5.4,a
2017-02-16,294,44.609,5.3,a
2017-02-17,294,43.791,5.4,a
2017-02-18,291,41.222,6.1,a
2017-02-19,287,38.118,6.5,a
2017-02-20,295,45.6,6.3,a
2017-02-21,295,45.672,6.1,a
2017-02-22,298,48.245,6.3,a
2017-02-23,292,43.192,6.6,a
2017-02-24,305,57.152,6.9,a
2017-02-25,327,79.695,6.3,a
2017-02-26,313,63.809,6.4,a
2017-02-27,306,55.421,6.8,a
2017-02-28,309,58.881,7.2,a
2017-03-01,424,233.514,7,a
2017-03-02,383,155.799,6.5,a
2017-03-03,354,113.782,6.7,a
2017-03-04,338,94.174,7.2,a
2017-03-05,433,240.065,7.4,a
2017-03-06,393,169.996,7.4,a
2017-03-07,364,127.692,7.5,a
2017-03-08,343,99.941,7.5,a
2017-03-09,331,84.609,7.6,a
2017-03-10,323,74.054,7.8,a
2017-03-11,314,64.237,7.8,a
2017-03-12,311,60.617,7.8,a
2017-03-13,310,59.395,7.9,a
2017-03-14,311,61.278,7.9,a
2017-03-15,302,51.377,8.1,a
2017-03-16,297,47.252,8.5,a
2017-03-17,294,44.103,8.8,a
2017-03-18,301,50.813,9,a
2017-03-19,302,51.269,9,a
2017-03-20,309,59.437,9.2,a
2017-03-21,310,60.174,9.6,a
2017-03-22,315,65.2,9.6,a
2017-03-23,316,66.348,9.7,a
2017-03-24,313,63.424,9.9,a
2017-03-25,314,64.136,10,a
2017-03-26,308,57.992,9.8,a
2017-03-27,308,57.242,9.3,a
2017-03-28,305,54.152,9.4,a
2017-03-29,300,50.271,9.5,a
2017-03-30,301,51.068,9.9,a
2017-03-31,300,49.122,10.4,a
2017-04-01,297,47.676,10.7,a
2017-04-02,299,48.475,11,a
2017-04-03,298,47.471,11.2,a
2017-04-04,289,39.985,11.5,a
2017-04-05,293,43.102,11.7,a
2017-04-06,295,45.268,11.9,a
2017-04-07,290,40.656,11.7,a
2017-04-08,294,43.761,12,a
2017-04-09,297,46.486,12.4,a
2017-04-10,293,43.218,12.6,a
2017-04-11,297,46.283,12.6,a
2017-04-12,299,48.838,12.5,a
2017-04-13,297,46.727,12.7,a
2017-04-14,294,43.564,13,a
2017-04-15,292,42.192,13,a
2017-04-16,302,51.45,12.5,a
2017-04-17,308,58.051,12.2,a
2017-04-18,300,49.021,11.7,a
2017-04-19,301,50.751,10.8,a
2017-04-20,293,43.448,10.3,a
2017-04-21,292,42.36,10.4,a
2017-04-22,289,39.519,10.6,a
2017-04-23,284,35.718,10.4,a
2017-04-24,287,38.737,10.2,a
2017-04-25,289,39.884,10.5,a
2017-04-26,291,41.791,10.8,a
2017-04-27,452,292.29,10.3,a
2017-04-28,705,907.458,9.3,a
2017-04-29,559,499.14,8.7,a
2017-04-30,441,253.814,8.9,a
2017-05-01,394,173.223,9.4,a
2017-05-02,369,136.081,9.9,a
2017-05-03,358,121.633,10.2,a
2017-05-04,345,104.379,10.4,a
2017-05-05,335,90.39,10.6,a
2017-05-06,325,78.957,10.9,a
2017-05-07,322,75.707,11.3,a
2017-05-08,321,74.216,11.7,a
2017-05-09,322,74.892,12.1,a
2017-05-10,323,76.144,12,a
2017-05-11,317,69.438,11.9,a
2017-05-12,323,76.708,12,a
2017-05-13,366,132.216,12.1,a
2017-05-14,362,125.858,12.1,a
2017-05-15,348,108.188,12.3,a
2017-05-16,334,89.874,12.7,a
2017-05-17,328,82.083,12.9,a
2017-05-18,325,79.358,13.2,a
2017-05-19,316,68.158,13.7,a
2017-05-20,311,63.577,13.7,a
2017-05-21,310,61.889,13.5,a
2017-05-22,308,59.664,14,a
2017-05-23,305,57.419,14.4,a
2017-05-24,302,54.031,14.6,a
2017-05-25,302,53.673,14.6,a
2017-05-26,300,51.701,14.9,a
2017-05-27,299,51.203,15.1,a
2017-05-28,299,50.322,15.5,a
2017-05-29,297,48.758,15.9,a
2017-05-30,299,50.654,16.4,a
2017-05-31,297,49.103,16.8,a
2017-06-01,297,49.034,17,a
2017-06-02,295,47.177,17,a
2017-06-03,295,47.077,16.9,a
2017-06-04,296,47.56,17.1,a
2017-06-05,292,43.823,16.9,a
2017-06-06,300,52.086,16.6,a
2017-06-07,364,129.512,15.4,a
2017-06-08,368,135.486,14.4,a
2017-06-09,340,97.457,13.9,a
2017-06-10,318,71.289,14.3,a
2017-06-11,307,58.479,14.9,a
2017-06-12,309,60.397,15.6,a
2017-06-13,304,56.072,16.4,a
2017-06-14,299,50.139,16.7,a
2017-06-15,297,48.889,16.6,a
2017-06-16,300,51.114,17.1,a
2017-06-17,293,44.949,17,a
2017-06-18,291,43.141,17.3,a
2017-06-19,292,43.378,17.6,a
2017-06-20,292,43.788,18,a
2017-06-21,290,41.984,18.4,a
2017-06-22,287,39.2,18.5,a
2017-06-23,287,39.802,18.9,a
2017-06-24,286,38.942,19,a
2017-06-25,288,40.732,18.7,a
2017-06-26,291,42.996,18.5,a
2017-06-27,293,45.129,18.5,a
2017-06-28,318,75.711,17.7,a
2017-06-29,456,283.337,16.1,a
2017-06-30,410,200.338,14.4,a
2017-07-01,386,161.732,14,a
2017-07-02,350,110.369,14.3,a
2017-07-03,329,84.015,14.6,a
2017-07-04,317,69.481,14.9,a
2017-07-05,305,56.849,15.6,a
2017-07-06,303,53.874,16.5,a
2017-07-07,300,51.858,17.1,a
2017-07-08,296,48.262,17.4,a
2017-07-09,296,47.818,18.1,a
2017-07-10,297,48.449,18.6,a
2017-07-11,293,45.059,18.6,a
2017-07-12,306,57.586,18.7,a
2017-07-13,301,51.957,18.6,a
2017-07-14,297,48.333,17.9,a
2017-07-15,296,47.491,17.6,a
2017-07-16,295,46.805,17.4,a
2017-07-17,290,41.681,17.4,a
2017-07-18,290,42.62,17.7,a
2017-07-19,290,42.513,17.9,a
2017-07-20,287,39.57,18.1,a
2017-07-21,289,41.178,18.5,a
2017-07-22,284,37.091,19,a
2017-07-23,287,39.515,19.2,a
2017-07-24,290,42.948,18.8,a
2017-07-25,328,83.034,18.2,a
2017-07-26,312,64.295,17.5,a
2017-07-27,298,49.617,16.9,a
2017-07-28,292,43.919,16.9,a
2017-07-29,291,42.832,17.2,a
2017-07-30,284,36.723,17.7,a
2017-07-31,284,36.86,18.1,a
2017-08-01,281,35.022,18.7,a
2017-08-02,280,33.936,19.3,a
2017-08-03,281,35.099,19.9,a
2017-08-04,284,36.917,20,a
2017-08-05,279,33.136,20.4,a
2017-08-06,276,31.214,21,a
2017-08-07,289,41.741,19.9,a
2017-08-08,287,39.655,19.3,a
2017-08-09,285,38.142,19.4,a
2017-08-10,285,38.19,19.4,a
2017-08-11,287,39.485,19.1,a
2017-08-12,286,38.805,18.5,a
2017-08-13,289,41.609,18,a
2017-08-14,290,41.88,18.1,a
2017-08-15,286,38.488,18.2,a
2017-08-16,284,37.396,18.3,a
2017-08-17,283,36.108,18.5,a
2017-08-18,283,36.177,18.8,a
2017-08-19,284,37.049,18.5,a
2017-08-20,290,41.78,18,a
2017-08-21,287,39.872,17.6,a
2017-08-22,287,40.027,17.2,a
2017-08-23,288,40.679,17.1,a
2017-08-24,282,35.258,17.3,a
2017-08-25,281,35.055,17.6,a
2017-08-26,276,31.407,18,a
2017-08-27,273,29.139,18.6,a
2017-08-28,275,30.041,18.6,a
2017-08-29,277,31.931,18,a
2017-08-30,276,30.765,17.6,a
2017-08-31,276,31,18.2,a
2017-09-01,276,31.241,18.1,a
2017-09-02,293,45.376,17.2,a
2017-09-03,316,68.126,16.2,a
2017-09-04,299,50.579,15.9,a
2017-09-05,286,38.879,15.8,a
2017-09-06,288,40.657,15.6,a
2017-09-07,293,45.886,15.3,a
2017-09-08,286,39.098,14.8,a
2017-09-09,283,36.494,14.9,a
2017-09-10,301,56.659,14.9,a
2017-09-11,394,174.216,14.1,a
2017-09-12,397,183.796,13.4,a
2017-09-13,446,263.241,12.3,a
2017-09-14,387,164.142,11.8,a
2017-09-15,471,313.748,11.8,a
2017-09-16,477,321.407,11.2,a
2017-09-17,448,265.593,11.5,a
2017-09-18,437,246.911,11.3,a
2017-09-19,504,375.322,11,a
2017-09-20,502,369.53,10.2,a
2017-09-21,421,217.179,10.3,a
2017-09-22,388,164.08,10.6,a
2017-09-23,368,135.884,10.9,a
2017-09-24,354,116.024,11.2,a
2017-09-25,363,128.305,11.3,a
2017-09-26,350,110.859,11.4,a
2017-09-27,336,93.901,11.5,a
2017-09-28,332,89.353,11.6,a
2017-09-29,334,91.146,11.6,a
2017-09-30,321,75.023,11.7,a
2017-10-01,320,73.453,11.7,a
2017-10-02,320,73.296,11.6,a
2017-10-03,311,62.904,11.5,a
2017-10-04,312,64.479,11.6,a
2017-10-05,312,64.143,11.6,a
2017-10-06,310,62.519,11.7,a
2017-10-07,306,57.795,11.5,a
2017-10-08,304,55.204,11.4,a
2017-10-09,305,56.286,11.3,a
2017-10-10,304,55.671,11.5,a
2017-10-11,301,52.71,11.5,a
2017-10-12,301,54.078,11.3,a
2017-10-13,302,53.96,11.4,a
2017-10-14,293,45.659,11.5,a
2017-10-15,291,43.473,11.6,a
2017-10-16,291,43.609,11.7,a
2017-10-17,293,44.744,11.6,a
2017-10-18,294,45.871,11.6,a
2017-10-19,290,42.335,11.2,a
2017-10-20,288,40.97,11,a
2017-10-21,293,44.557,10.9,a
2017-10-22,299,51.807,10.8,a
2017-10-23,325,79.218,10.4,a
2017-10-24,312,64.544,10.2,a
2017-10-25,298,50.391,10,a
2017-10-26,305,56.741,9.8,a
2017-10-27,296,47.077,9.8,a
2017-10-28,289,41.67,9.5,a
2017-10-29,291,42.812,9.4,a
2017-10-30,292,44.318,9.2,a
2017-10-31,290,42.851,8.6,a
2017-11-01,290,41.86,8.4,a
2017-11-02,289,41.167,8.6,a
2017-11-03,286,38.39,8.9,a
2017-11-04,288,40.102,9,a
2017-11-05,287,39.773,9.4,a
2017-11-06,340,103.535,9.4,a
2017-11-07,406,192.288,9.1,a
2017-11-08,377,149.186,8.9,a
2017-11-09,350,110.762,8.9,a
2017-11-10,334,89.842,9,a
2017-11-11,322,76.068,8.9,a
2017-11-12,325,79.966,8.9,a
2017-11-13,391,174.152,8.5,a
2017-11-14,362,127.555,8.1,a
2017-11-15,341,98.753,7.7,a
2017-11-16,329,84.244,7.7,a
2017-11-17,322,75.605,7.8,a
2017-11-18,318,70.457,7.9,a
2017-11-19,315,67.832,7.7,a
2017-11-20,315,67.835,7.4,a
2017-11-21,313,65.064,7.1,a
2017-11-22,314,66.816,7.3,a
2017-11-23,312,63.438,7.6,a
2017-11-24,306,57.14,7.4,a
2017-11-25,309,60.581,7.4,a
2017-11-26,473,321.771,7.4,a
2017-11-27,397,178.867,7,a
2017-11-28,362,127.197,6.5,a
2017-11-29,348,108.215,6.4,a
2017-11-30,348,107.614,6,a
2017-12-01,344,103.09,6.2,a
2017-12-02,339,96.322,6.2,a
2017-12-03,325,78.843,6.1,a
2017-12-04,321,75.291,5.5,a
2017-12-05,322,75.964,5.1,a
2017-12-06,310,62.029,5,a
2017-12-07,306,57.375,5.1,a
2017-12-08,315,68.83,5.6,a
2017-12-09,395,174.829,5.6,a
2017-12-10,358,120.73,5.1,a
2017-12-11,474,333.445,5.5,a
2017-12-12,699,899.716,7.2,a
2017-12-13,599,601.508,7.3,a
2017-12-14,485,339.081,7.1,a
2017-12-15,467,304.444,7.4,a
2017-12-16,466,302.762,7.4,a
2017-12-17,419,217.482,7,a
2017-12-18,386,164.362,6.5,a
2017-12-19,376,149.589,6,a
2017-12-20,361,128.027,5.5,a
2017-12-21,341,102.856,5.2,a
2017-12-22,337,97.862,5.2,a
2017-12-23,334,92.783,5.2,a
2017-12-24,333,92.079,5.3,a
2017-12-25,323,81.112,5.3,a
2017-12-26,315,71.842,5.6,a
2017-12-27,355,123.294,6.1,a
2017-12-28,534,443.815,6.4,a
2017-12-29,418,216.095,6.5,a
2017-12-30,380,155.014,6.3,a
2017-12-31,354,118.797,6,a
2018-01-01,352,117.951,6.4,a
2018-01-02,390,176.512,6.3,a
2018-01-03,373,150.712,6.4,a
2018-01-04,354,124.166,6.2,a
2018-01-05,347,113.483,6.5,a
2018-01-06,346,113.273,7.1,a
2018-01-07,365,140.269,7.5,a
2018-01-08,369,144.982,7.7,a
2018-01-09,392,179.588,7.7,a
2018-01-10,435,250.19,7.6,a
2018-01-11,404,196.753,7.5,a
2018-01-12,382,164.229,7.2,a
2018-01-13,360,131.416,7.1,a
2018-01-14,343,107.432,7,a
2018-01-15,343,107.952,6.6,a
2018-01-16,335,98.162,6.4,a
2018-01-17,332,93.985,6.5,a
2018-01-18,329,90.101,6.1,a
2018-01-19,323,82.813,6.1,a
2018-01-20,314,70.922,6.3,a
2018-01-21,316,73.876,6.3,a
2018-01-22,320,78.905,5.9,a
2018-01-23,311,66.957,6,a
2018-01-24,310,67.14,5.9,a
2018-01-25,317,74.752,5.7,a
2018-01-26,310,66.984,6.3,a
2018-01-27,311,67.905,6.4,a
2018-01-28,305,60.602,6.4,a
2018-01-29,298,53.166,6.5,a
2018-01-30,293,47.968,6.4,a
2018-01-31,294,49.854,6.6,a
2018-02-01,303,60.43,6.8,a
2018-02-02,392,181.504,6.4,a
2018-02-03,371,147.477,5.3,a
2018-02-04,347,113.485,5.2,a
2018-02-05,330,91.141,5.7,a
2018-02-06,321,80.086,5.7,a
2018-02-07,323,81.474,5.4,a
2018-02-08,321,78.842,5.4,a
2018-02-09,313,69.649,5.9,a
2018-02-10,313,69.354,6,a
2018-02-11,303,59.251,6.2,a
2018-02-12,314,70.352,5.9,a
2018-02-13,310,66.234,5.7,a
2018-02-14,307,62.942,5.8,a
2018-02-15,304,59.918,5.2,a
2018-02-16,301,56.142,5,a
2018-02-17,300,55.027,5.3,a
2018-02-18,300,55.828,5.6,a
2018-02-19,304,59.443,5.4,a
2018-02-20,307,62.722,5.4,a
2018-02-21,309,65.074,5.6,a
2018-02-22,306,62.165,5.6,a
2018-02-23,300,55.314,5.4,a
2018-02-24,292,46.819,5.5,a
2018-02-25,292,47.186,5.1,a
2018-02-26,289,44.204,4.1,a
2018-02-27,296,51.398,3.9,a
2018-02-28,296,51.35,4,a
2018-03-01,292,47.663,3.9,a
2018-03-02,289,44.3,3.8,a
2018-03-03,290,45.003,3.9,a
2018-03-04,291,46.263,4.2,a
2018-03-05,292,47.682,4.5,a
2018-03-06,290,45.815,4.4,a
2018-03-07,291,46.989,4.9,a
2018-03-08,302,57.661,5.5,a
2018-03-09,313,69.218,5.9,a
2018-03-10,319,77.583,6.3,a
2018-03-11,346,111.982,6.4,a
2018-03-12,500,375.119,6.4,a
2018-03-13,464,304.605,6.7,a
2018-03-14,433,246.58,7.1,a
2018-03-15,413,212.543,7.2,a
2018-03-16,417,220.576,7.2,a
2018-03-17,402,195.682,7.1,a
2018-03-18,395,183.524,6.8,a
2018-03-19,382,163.075,6.1,a
2018-03-20,364,137.871,5.8,a
2018-03-21,347,113.485,5.9,a
2018-03-22,338,101.1,6,a
2018-03-23,336,97.686,6,a
2018-03-24,330,90.421,6.5,a
2018-03-25,325,83.226,6.9,a
2018-03-26,321,78.916,7,a
2018-03-27,319,76.386,7.7,a
2018-03-28,318,75.546,7.9,a
2018-03-29,326,85.078,8.3,a
2018-03-30,431,247.421,8.2,a
2018-03-31,444,267.569,8.1,a
2018-04-01,447,272.668,7.9,a
2018-04-02,399,190.218,8,a
2018-04-03,372,148.788,8.3,a
2018-04-04,367,141.234,8.6,a
2018-04-05,372,148.59,8.8,a
2018-04-06,377,156.512,9,a
2018-04-07,362,134.498,9.1,a
2018-04-08,357,127.785,9.4,a
2018-04-09,351,121.385,9.5,a
2018-04-10,359,130.397,9.7,a
2018-04-11,367,142.254,9.8,a
2018-04-12,397,189.3,9.6,a
2018-04-13,488,349.452,9.1,a
2018-04-14,436,252.709,9.1,a
2018-04-15,402,194.286,9.3,a
2018-04-16,415,215.58,9.5,a
2018-04-17,422,226.863,9.8,a
2018-04-18,406,199.96,10,a
2018-04-19,397,186.261,10.2,a
2018-04-20,389,173.817,10.3,a
2018-04-21,383,165.22,10.7,a
2018-04-22,384,166.861,10.9,a
2018-04-23,385,167.938,11.2,a
2018-04-24,382,163.182,11.3,a
2018-04-25,372,148.734,11.3,a
2018-04-26,368,143.156,11.4,a
2018-04-27,379,158.789,11.3,a
2018-04-28,366,139.891,11.3,a
2018-04-29,360,130.997,11.3,a
2018-04-30,361,133.366,11.7,a
2018-05-01,360,130.925,11.6,a
2018-05-02,355,124.663,11.5,a
2018-05-03,345,109.988,11.7,a
2018-05-04,356,126.053,12,a
2018-05-05,380,160.341,11.7,a
2018-05-06,361,132.503,11.6,a
2018-05-07,355,123.822,12,a
2018-05-08,351,118.455,12.3,a
2018-05-09,356,125.324,12.3,a
2018-05-10,354,123.587,12.2,a
2018-05-11,347,113.554,12,a
2018-05-12,333,94.824,12.4,a
2018-05-13,339,101.543,12.7,a
2018-05-14,342,106.106,12.6,a
2018-05-15,360,131.326,12.2,a
2018-05-16,369,144.184,11.7,a
2018-05-17,349,116.451,11.5,a
2018-05-18,340,103.413,11.8,a
2018-05-19,339,102.704,12.2,a
2018-05-20,332,92.319,12.5,a
2018-05-21,331,91.354,12.7,a
2018-05-22,330,91.545,12.7,a
2018-05-23,331,92.826,12.7,a
2018-05-24,332,93.804,12.8,a
2018-05-25,334,96.54,13.2,a
2018-05-26,333,94.741,13.5,a
2018-05-27,324,83.11,13.9,a
2018-05-28,331,92.677,14.2,a
2018-05-29,359,130.766,14.4,a
2018-05-30,357,127.128,14.4,a
2018-05-31,349,115.706,14.3,a
2018-06-01,356,126.29,14.4,a
2018-06-02,342,106.401,14.5,a
2018-06-03,324,82.902,14.6,a
2018-06-04,327,87.345,14.9,a
2018-06-05,323,82.017,14.9,a
2018-06-06,322,79.998,15,a
2018-06-07,320,78.093,15,a
2018-06-08,315,72.027,14.8,a
2018-06-09,320,78.614,15,a
2018-06-10,320,78.235,15.4,a
2018-06-11,317,75.197,15.8,a
2018-06-12,313,69.658,16.1,a
2018-06-13,319,77.533,15.9,a
2018-06-14,324,82.283,15.6,a
2018-06-15,314,70.987,15.4,a
2018-06-16,312,68.822,15.3,a
2018-06-17,305,61.65,15.3,a
2018-06-18,310,67.94,15.5,a
2018-06-19,304,60.769,15.7,a
2018-06-20,300,55.486,16.1,a
2018-06-21,304,60.405,16.7,a
2018-06-22,324,84.462,16.5,a
2018-06-23,317,75.609,15.7,a
2018-06-24,304,59.603,15.8,a
2018-06-25,302,57.469,15.6,a
2018-06-26,318,78.525,15.2,a
2018-06-27,296,52.107,15.4,a
2018-06-28,293,49.336,15.4,a
2018-06-29,291,47.251,15.4,a
2018-06-30,291,46.666,16,a
2018-07-01,295,51.046,16.1,a
2018-07-02,294,50.448,15.6,a
2018-07-03,294,49.729,16,a
2018-07-04,295,50.183,16.5,a
2018-07-05,293,49.467,16.5,a
2018-07-06,293,48.419,16.5,a
2018-07-07,291,46.567,16.6,a
2018-07-08,290,45.408,16.8,a
2018-07-09,292,47.005,16.6,a
2018-07-10,290,45.727,16.7,a
2018-07-11,298,53.399,16.5,a
2018-07-12,326,86.205,15.9,a
2018-07-13,291,46.374,16.2,a
2018-07-14,290,46.047,16.9,a
2018-07-15,292,47.583,16.8,a
2018-07-16,288,43.643,16.9,a
2018-07-17,291,47.59,17.3,a
2018-07-18,294,50.816,17.1,a
2018-07-19,288,44.194,17.4,a
2018-07-20,289,45.725,17.6,a
2018-07-21,286,42.169,17.3,a
2018-07-22,295,50.85,17.3,a
2018-07-23,288,44.229,17.2,a
2018-07-24,289,44.716,17,a
2018-07-25,284,40.604,17.5,a
2018-07-26,282,38.813,17.7,a
2018-07-27,280,36.806,17.9,a
2018-07-28,283,39.217,18.3,a
2018-07-29,284,40.287,18.8,a
2018-07-30,283,39.038,19,a
2018-07-31,279,36.003,19.7,a
2018-08-01,279,36.383,19.9,a
2018-08-02,277,34.888,19.9,a
2018-08-03,276,34.146,20.2,a
2018-08-04,274,32.739,20.2,a
2018-08-05,274,32.685,20.4,a
2018-08-06,272,31.146,20.7,a
2018-08-07,271,30.405,21,a
2018-08-08,270,30.189,21.2,a
2018-08-09,270,29.917,21,a
2018-08-10,270,29.83,20.7,a
2018-08-11,269,29.439,20.6,a
2018-08-12,272,31.639,20.1,a
2018-08-13,271,30.875,19.7,a
2018-08-14,274,32.816,19.6,a
2018-08-15,272,31.436,19.3,a
2018-08-16,272,31.517,18.7,a
2018-08-17,276,33.811,18.7,a
2018-08-18,270,29.972,19.1,a
2018-08-19,271,30.259,19.3,a
2018-08-20,271,30.347,19.1,a
2018-08-21,269,29.303,19.3,a
2018-08-22,268,29.034,19.3,a
2018-08-23,269,29.114,19.3,a
2018-08-24,269,29.265,19.2,a
2018-08-25,280,37.364,18.2,a
2018-08-26,382,165.853,16.7,a
2018-08-27,360,131.762,15.1,a
2018-08-28,323,81.318,14.3,a
2018-08-29,306,62.076,14.6,a
2018-08-30,291,47.19,15,a
2018-08-31,292,48.605,15.5,a
2018-09-01,333,102.234,15.3,a
2018-09-02,385,169.862,14.7,a
2018-09-03,352,119.849,13.7,a
2018-09-04,335,97.134,13.9,a
2018-09-05,335,97.211,14,a
2018-09-06,314,70.701,14.3,a
2018-09-07,312,69.228,14.7,a
2018-09-08,304,60.363,15.1,a
2018-09-09,302,56.724,15.2,a
2018-09-10,298,53.168,15.3,a
2018-09-11,295,50.42,15.5,a
2018-09-12,293,47.84,15.6,a
2018-09-13,288,43.841,15.8,a
2018-09-14,286,41.914,15.9,a
2018-09-15,286,41.644,16,a
2018-09-16,282,38.42,16.1,a
2018-09-17,284,39.956,16.1,a
2018-09-18,280,36.805,16.2,a
2018-09-19,285,40.843,16.2,a
2018-09-20,281,37.586,16.3,a
2018-09-21,285,40.843,16.2,a
2018-09-22,303,57.94,15.8,a
2018-09-23,304,58.998,14.8,a
2018-09-24,312,67.828,14.4,a
2018-09-25,306,61.145,13.5,a
2018-09-26,298,53.164,13.2,a
2018-09-27,290,45.921,12.8,a
2018-09-28,283,39.134,12.4,a
2018-09-29,282,38.598,12.3,a
2018-09-30,281,37.626,11.8,a
2018-10-01,281,38.117,11.3,a
2018-10-02,281,37.683,11.8,a
2018-10-03,280,37.164,11.3,a
2018-10-04,282,38.684,11.6,a
2018-10-05,279,36.034,11.8,a
2018-10-06,280,37.284,11.9,a
2018-10-07,294,49.651,12.6,a
2018-10-08,299,54.735,12.8,a
2018-10-09,284,40.667,12.9,a
2018-10-10,284,39.973,13.1,a
2018-10-11,279,36.225,12.9,a
2018-10-12,282,39.191,12.7,a
2018-10-13,277,34.723,12.7,a
2018-10-14,275,32.787,12.3,a
2018-10-15,273,31.938,12,a
2018-10-16,275,33.315,12.3,a
2018-10-17,274,32.542,12.9,a
2018-10-18,274,32.743,13.3,a
2018-10-19,273,31.674,12.9,a
2018-10-20,271,30.449,12.1,a
2018-10-21,273,32.052,11.6,a
2018-10-22,273,32.127,10.4,a
2018-10-23,273,31.903,10.1,a
2018-10-24,271,30.545,10.5,a
2018-10-25,276,33.751,11,a
2018-10-26,280,36.705,11,a
2018-10-27,292,47.465,11.4,a
2018-10-28,328,93.503,11.6,a
2018-10-29,478,331.648,11.5,a
2018-10-30,647,740.74,11.1,a
2018-10-31,520,416.601,10,a
2018-11-01,440,260.425,9.7,a
2018-11-02,458,292.785,9.8,a
2018-11-03,491,355.943,10.1,a
2018-11-04,432,245.075,10.4,a
2018-11-05,401,192.402,10.4,a
2018-11-06,374,152.682,10.4,a
2018-11-07,375,153.783,10.5,a
2018-11-08,374,151.892,10.5,a
2018-11-09,356,125.819,10.3,a
2018-11-10,341,104.632,10.3,a
2018-11-11,331,91.885,10.3,a
2018-11-12,325,83.868,10.4,a
2018-11-13,324,82.75,10.4,a
2018-11-14,321,79.676,10.2,a
2018-11-15,315,72.324,9.9,a
2018-11-16,316,73.306,9.6,a
2018-11-17,300,56.795,9.1,a
2018-11-18,299,55.049,8.6,a
2018-11-19,309,65.056,8.2,a
2018-11-20,308,64.631,7.6,a
2018-11-21,306,62.178,7.3,a
2018-11-22,305,61.046,7.3,a
2018-11-23,306,62.782,7.4,a
2018-11-24,360,143.449,7.6,a
2018-11-25,463,302.662,8.1,a
2018-11-26,432,245.852,8.4,a
2018-11-27,407,202.511,8.5,a
2018-11-28,374,151.857,8.1,a
2018-11-29,348,114.577,7.3,a
2018-11-30,333,94.874,6.8,a
2018-12-01,328,89.26,6.5,a
2018-12-02,319,77.985,6.5,a
2018-12-03,319,77.474,6.8,a
2018-12-04,315,71.984,7.2,a
2018-12-05,313,69.83,7.3,a
2018-12-06,308,63.773,7.4,a
2018-12-07,308,64.061,7.4,a
2018-12-08,308,64.385,7.6,a
2018-12-09,307,61.914,7.5,a
2018-12-10,306,61.444,7.3,a
2018-12-11,300,56.387,6.9,a
2018-12-12,301,57.031,6.2,a
2018-12-13,298,54.062,5.5,a
2018-12-14,298,54.42,5.5,a
2018-12-15,294,49.964,5.2,a
2018-12-16,292,47.535,4.8,a
2018-12-17,292,48.16,4.9,a
2018-12-18,293,49.012,4.6,a
2018-12-19,289,45.006,4.8,a
2018-12-20,287,43.039,4.9,a
2018-12-21,288,44.086,5.1,a
2018-12-22,285,41.56,5.6,a
2018-12-23,281,38.24,5.6,a
2018-12-24,284,40.237,6,a
2018-12-25,285,41.262,5.1,a
2018-12-26,283,39.488,4.6,a
2018-12-27,283,39.815,4.5,a
2018-12-28,284,40.652,4.3,a
2018-12-29,284,40.15,4.3,a
2018-12-30,281,37.78,4,a
2018-12-31,280,36.498,3.9,a
2019-01-01,281,37.569,4.4,a
2019-01-02,275,33.416,3.5,a
2019-01-03,274,32.748,2.5,a
2019-01-04,277,34.686,2.1,a
2019-01-05,279,36.763,2.8,a
2019-01-06,275,33.656,2.9,a
2019-01-07,277,34.401,2.7,a
2019-01-08,273,31.876,2.9,a
2019-01-09,272,31.518,2.7,a
2019-01-10,274,32.5,2.8,a
2019-01-11,273,31.984,2.7,a
2019-01-12,273,32.046,2.2,a
2019-01-13,274,32.59,2.3,a
2019-01-14,272,30.917,2.9,a
2019-01-15,273,32.021,2.4,a
2019-01-16,273,32.238,2.6,a
2019-01-17,273,32.123,4.2,a
2019-01-18,304,63.693,4.5,a
2019-01-19,294,50.526,4.5,a
2019-01-20,284,39.981,4.3,a
2019-01-21,279,36.274,4.2,a
2019-01-22,274,32.923,3.7,a
2019-01-23,274,32.751,3.1,a
2019-01-24,272,31.088,2.8,a
2019-01-25,272,30.893,2.4,a
2019-01-26,273,31.899,1.2,a
2019-01-27,270,29.584,0.7,a
2019-01-28,286,42.639,2.5,a
2019-01-29,297,51.794,4.3,a
2019-01-30,290,46.072,4.7,a
2019-01-31,289,44.956,4.5,a
2019-02-01,293,49.415,4.4,a
2019-02-02,594,620.709,5.1,a
2019-02-03,639,717.851,6.1,a
2019-02-04,472,320.71,6.5,a
2019-02-05,407,202.883,6.2,a
2019-02-06,366,139.838,5.8,a
2019-02-07,350,118.383,5.5,a
2019-02-08,337,99.578,5.4,a
2019-02-09,332,93.594,5.4,a
2019-02-10,323,82.493,5.6,a
2019-02-11,359,132.976,6,a
2019-02-12,361,133.116,5.9,a
2019-02-13,324,82.862,5.7,a
2019-02-14,313,69.881,5.8,a
2019-02-15,313,69.851,5.9,a
2019-02-16,311,67.735,5.9,a
2019-02-17,309,65.824,5.9,a
2019-02-18,302,58.007,6,a
2019-02-19,306,63.061,6.1,a
2019-02-20,307,63.693,6.2,a
2019-02-21,302,58.076,6.5,a
2019-02-22,299,54.68,6.8,a
2019-02-23,298,53.932,6.5,a
2019-02-24,299,54.63,5.9,a
2019-02-25,300,56.143,6.1,a
2019-02-26,297,53.136,6.2,a
2019-02-27,296,52.035,6.4,a
2019-02-28,296,51.426,6.6,a
2019-03-01,297,52.767,6.9,a
2019-03-02,294,50.211,7.1,a
2019-03-03,296,51.589,7.5,a
2019-03-04,300,56.224,7.7,a
2019-03-05,298,53.615,7.8,a
2019-03-06,296,51.983,7.8,a
2019-03-07,300,55.755,8.2,a
2019-03-08,318,76.578,8.4,a
2019-03-09,308,64.676,8.4,a
2019-03-10,299,56.068,8.5,a
2019-03-11,304,60.421,8.4,a
2019-03-12,295,51.442,7.9,a
2019-03-13,298,53.662,7.9,a
2019-03-14,293,49.156,7.8,a
2019-03-15,298,53.536,8,a
2019-03-16,294,49.396,8.2,a
2019-03-17,290,45.292,8.6,a
2019-03-18,297,52.703,8.7,a
2019-03-19,312,68.777,8.1,a
2019-03-20,295,50.871,8.1,a
2019-03-21,290,46.496,7.7,a
2019-03-22,290,45.716,7.9,a
2019-03-23,289,44.983,8.2,a
2019-03-24,287,43.037,8.5,a
2019-03-25,295,50.466,9.1,a
2019-03-26,301,57.649,9,a
2019-03-27,302,58.368,9,a
2019-03-28,298,53.797,8.7,a
2019-03-29,297,53.119,9,a
2019-03-30,293,48.831,8.9,a
2019-03-31,294,49.136,9.3,a
2019-04-01,285,41.816,9.5,a
2019-04-02,280,36.834,10,a
2019-04-03,281,38.221,10.4,a
2019-04-04,296,52.178,10.3,a
2019-04-05,326,86.466,10.5,a
2019-04-06,364,137.343,9.8,a
2019-04-07,327,86.454,9.3,a
2019-04-08,312,68.338,9.3,a
2019-04-09,313,69.428,9.4,a
2019-04-10,317,73.874,9.5,a
2019-04-11,342,107.23,9.7,a
2019-04-12,329,89.302,9.4,a
2019-04-13,331,91.004,9.2,a
2019-04-14,309,65.393,9,a
2019-04-15,314,70.879,9.1,a
2019-04-16,307,62.025,9.5,a
2019-04-17,302,57.297,9.9,a
2019-04-18,298,53.56,10.5,a
2019-04-19,299,53.612,11,a
2019-04-20,299,54.037,11.5,a
2019-04-21,297,51.989,11.8,a
2019-04-22,295,50.391,12.2,a
2019-04-23,309,64.802,12.3,a
2019-04-24,362,135.111,11.7,a
2019-04-25,388,172.3,11.1,a
2019-04-26,372,149.51,10.8,a
2019-04-27,344,109.129,10.9,a
2019-04-28,343,107.629,10.6,a
2019-04-29,376,154.426,9.8,a
2019-04-30,350,117.315,9.5,a
2019-05-01,341,105.942,9.8,a
2019-05-02,340,103.908,10.3,a
2019-05-03,335,97.24,10.6,a
2019-05-04,366,140.071,10.5,a
2019-05-05,366,141.136,9.9,a
2019-05-06,357,126.801,9.4,a
2019-05-07,337,99.746,9.2,a
2019-05-08,329,88.418,9.5,a
2019-05-09,334,95.419,9.8,a
2019-05-10,346,112.156,10,a
2019-05-11,333,94.157,10.5,a
2019-05-12,360,132.592,10.7,a
2019-05-13,370,146.006,10.1,a
2019-05-14,353,121.156,9.5,a
2019-05-15,338,101.341,9,a
2019-05-16,336,97.492,9.1,a
2019-05-17,330,89.768,9.7,a
2019-05-18,325,84.359,10.3,a
2019-05-19,327,87.055,10.8,a
2019-05-20,330,90.51,11.2,a
2019-05-21,339,103.972,11.2,a
2019-05-22,361,133.537,11.1,a
2019-05-23,336,99.185,11.4,a
2019-05-24,334,95.146,12.1,a
2019-05-25,327,86.666,12.7,a
2019-05-26,331,91.673,12.9,a
2019-05-27,330,91.715,12.7,a
2019-05-28,376,158.485,12.4,a
2019-05-29,520,417.166,11.3,a
2019-05-30,486,345.817,10,a
2019-05-31,427,236.732,10,a
2019-06-01,385,167.379,10.5,a
2019-06-02,368,142.689,11.4,a
2019-06-03,352,120.142,12.3,a
2019-06-04,350,116.547,13,a
2019-06-05,343,107.748,13.7,a
2019-06-06,336,98.779,14.3,a
2019-06-07,330,90.4,14.6,a
2019-06-08,326,86.665,14.8,a
2019-06-09,330,91.589,15.1,a
2019-06-10,324,83.108,15.2,a
2019-06-11,321,79.66,15.4,a
2019-06-12,332,96.177,15.5,a
2019-06-13,331,91.616,15.6,a
2019-06-14,325,84.318,15.6,a
2019-06-15,310,66.288,15.7,a
2019-06-16,311,67.261,15.9,a
2019-06-17,311,67.902,16.1,a
2019-06-18,308,63.972,16.4,a
2019-06-19,310,66.741,16.3,a
2019-06-20,309,65.322,16,a
2019-06-21,307,63.533,16.3,a
2019-06-22,318,79.039,16.2,a
2019-06-23,321,81.671,15.7,a
2019-06-24,315,71.729,15.8,a
2019-06-25,300,56.033,16,a
2019-06-26,298,54.056,16.6,a
2019-06-27,294,50.432,17.3,a
2019-06-28,297,52.184,17.9,a
2019-06-29,295,50.961,18.1,a
2019-06-30,294,49.931,18.2,a
2019-07-01,295,50.424,18.3,a
2019-07-02,295,50.785,18.3,a
2019-07-03,299,55.535,18.3,a
2019-07-04,291,47.25,18.1,a
2019-07-05,296,51.694,17.8,a
2019-07-06,292,47.866,18,a
2019-07-07,292,48.092,18.1,a
2019-07-08,289,45.434,17.7,a
2019-07-09,318,76.026,17.4,a
2019-07-10,322,80.3,16.9,a
2019-07-11,306,61.876,16.3,a
2019-07-12,294,49.684,16.6,a
2019-07-13,286,42.609,16.7,a
2019-07-14,287,42.765,16.7,a
2019-07-15,292,47.12,16.8,a
2019-07-16,284,40.241,16.6,a
2019-07-17,285,41.099,17,a
2019-07-18,288,43.588,17.3,a
2019-07-19,288,43.906,17.3,a
2019-07-20,281,38.046,17.7,a
2019-07-21,283,38.867,18.3,a
2019-07-22,283,39.251,18.5,a
2019-07-23,283,38.975,18.8,a
2019-07-24,283,38.929,19,a
2019-07-25,283,39.421,19.3,a
2019-07-26,284,40.122,19.5,a
2019-07-27,281,38.082,19.7,a
2019-07-28,285,40.949,18.9,a
2019-07-29,299,54.329,18.1,a
2019-07-30,304,60.723,18.1,a
2019-07-31,290,46.304,18.3,a
2019-08-01,288,44.079,18.4,a
2019-08-02,301,61.337,18.4,a
2019-08-03,332,93.811,17.6,a
2019-08-04,310,65.562,17.4,a
2019-08-05,298,52.726,17.4,a
2019-08-06,295,49.69,17.6,a
2019-08-07,291,46.392,17.8,a
2019-08-08,289,44.51,17.8,a
2019-08-09,287,42.53,17.7,a
2019-08-10,283,39.395,18.5,a
2019-08-11,283,39.156,18.9,a
2019-08-12,272,31.318,19.2,a
2019-08-13,275,32.881,19.6,a
2019-08-14,274,32.712,18.8,a
2019-08-15,278,35.257,17.7,a
2019-08-16,274,32.711,17.8,a
2019-08-17,278,35.498,17.8,a
2019-08-18,275,33.451,18,a
2019-08-19,273,31.872,18.4,a
2019-08-20,274,32.421,18.7,a
2019-08-21,279,36.627,19,a
2019-08-22,278,35.374,18.5,a
2019-08-23,276,34.132,18.2,a
2019-08-24,276,34.569,18.3,a
2019-08-25,308,69.817,17.7,a
2019-08-26,298,54.379,17.6,a
2019-08-27,289,45.091,17.3,a
2019-08-28,282,39.139,17.7,a
2019-08-29,277,35.008,17.9,a
2019-08-30,283,39.7,17.7,a
2019-08-31,277,35.183,17.8,a
2019-09-01,283,39.308,17.9,a
2019-09-02,287,43.773,17.6,a
2019-09-03,300,55.106,17.3,a
2019-09-04,295,50.857,16.7,a
2019-09-05,291,46.226,16.3,a
2019-09-06,288,43.3,16.1,a
2019-09-07,289,44.434,15.4,a
2019-09-08,304,61.502,15.1,a
2019-09-09,379,159.147,14.4,a
2019-09-10,351,119.644,13.7,a
2019-09-11,322,79.507,13.3,a
2019-09-12,306,63.096,13.5,a
2019-09-13,285,41.472,13.9,a
2019-09-14,294,49.887,14.2,a
2019-09-15,287,43.6,14.5,a
2019-09-16,286,42.694,14.9,a
2019-09-17,285,41.767,15.1,a
2019-09-18,290,46.94,15.2,a
2019-09-19,287,42.738,14.5,a
2019-09-20,283,39.647,13.9,a
2019-09-21,280,37.473,13,a
2019-09-22,278,35.795,12.9,a
2019-09-23,290,46.085,13.4,a
2019-09-24,300,55.609,13.6,a
2019-09-25,293,48.306,13.6,a
2019-09-26,291,47.043,13.6,a
2019-09-27,294,49.92,13.7,a
2019-09-28,283,39.693,13.7,a
2019-09-29,280,37.326,14,a
2019-09-30,287,43.851,14,a
2019-10-01,289,45.888,14,a
2019-10-02,293,49.209,13.9,a
2019-10-03,321,80.605,13.5,a
2019-10-04,322,80.96,12.7,a
2019-10-05,286,42.136,12.1,a
2019-10-06,289,45.353,11.5,a
2019-10-07,284,40.998,11.5,a
2019-10-08,287,43.509,11,a
2019-10-09,284,41.109,11,a
2019-10-10,285,41.243,11.6,a
2019-10-11,290,46.607,11.8,a
2019-10-12,289,44.962,11.7,a
2019-10-13,283,39.685,11.7,a
2019-10-14,283,39.236,12,a
2019-10-15,281,38.322,11.9,a
2019-10-16,284,40.953,12.2,a
2019-10-17,284,40.651,12.3,a
2019-10-18,283,40.237,12,a
2019-10-19,281,38.078,12.4,a
2019-10-20,284,40.421,12.5,a
2019-10-21,292,48.036,12.4,a
2019-10-22,291,47.621,12.3,a
2019-10-23,285,41.907,12.3,a
2019-10-24,285,41.916,12.2,a
2019-10-25,280,37.395,11.9,a
2019-10-26,281,37.729,11.5,a
2019-10-27,275,33.855,10.8,a
2019-10-28,282,38.891,10.8,a
2019-10-29,284,40.543,11.2,a
2019-10-30,282,38.316,10.5,a
2019-10-31,277,34.843,9.9,a
2019-11-01,275,33.083,9.2,a
2019-11-02,274,32.654,9.3,a
2019-11-03,297,57.371,10.3,a
2019-11-04,462,301.764,10.3,a
2019-11-05,508,397.517,10,a
2019-11-06,552,487.756,10,a
2019-11-07,464,304.001,9.6,a
2019-11-08,402,193.576,9.3,a
2019-11-09,431,243.994,9.2,a
2019-11-10,412,210.725,9,a
2019-11-11,387,170.744,8.8,a
2019-11-12,369,145.879,8.8,a
2019-11-13,532,456.062,8.9,a
2019-11-14,508,391.878,8.8,a
2019-11-15,432,245.087,8.8,a
2019-11-16,605,621.113,9,a
2019-11-17,529,435.417,9.2,a
2019-11-18,623,664.064,9.3,a
2019-11-19,513,401.082,9,a
2019-11-20,479,332.49,8.9,a
2019-11-21,439,258.026,9,a
2019-11-22,421,225.805,9.1,a
2019-11-23,403,195.964,9.1,a
2019-11-24,398,189.025,9.1,a
2019-11-25,380,162.402,9.2,a
2019-11-26,376,154.622,9,a
2019-11-27,371,147.25,8.8,a
2019-11-28,417,221.591,9,a
2019-11-29,408,204.46,9,a
2019-11-30,375,152.877,8.7,a
2019-12-01,363,135.937,8.2,a
2019-12-02,427,245.139,7.9,a
2019-12-03,431,243.683,7.8,a
2019-12-04,393,179.677,7.4,a
2019-12-05,372,149.97,7,a
2019-12-06,363,136.524,6.5,a
2019-12-07,348,115.925,6.4,a
2019-12-08,337,101.492,6.6,a
2019-12-09,335,98.784,6.8,a
2019-12-10,336,99.201,7.1,a
2019-12-11,330,90.142,6.6,a
2019-12-12,324,82.846,6.2,a
2019-12-13,326,85.244,5.8,a
2019-12-14,326,85.202,5.7,a
2019-12-15,319,76.89,5.8,a
2019-12-16,321,79.323,6.2,a
2019-12-17,324,83.306,6.8,a
2019-12-18,348,116.103,7.4,a
2019-12-19,369,144.471,7.8,a
2019-12-20,378,157.694,8.2,a
2019-12-21,536,469.388,8.3,a
2019-12-22,611,631.594,8.4,a
2019-12-23,504,382.879,8.1,a
2019-12-24,425,232.944,7.7,a
2019-12-25,403,196.021,7.3,a
2019-12-26,375,153.315,7,a
2019-12-27,359,130.183,6.8,a
2019-12-28,351,120.143,6.7,a
2019-12-29,345,111.397,6.3,a
2019-12-30,336,98.935,5.7,a
2019-12-31,329,89.015,5.3,a
2020-01-01,331,92.089,5.2,a
2020-01-02,325,85.133,5.1,a
2020-01-03,319,78.205,5.1,a
2020-01-04,317,74.305,5.1,a
2020-01-05,315,72.236,5.3,a
2020-01-06,315,71.755,5.2,a
2020-01-07,311,67.272,5,a
2020-01-08,309,65.012,4.9,a
2020-01-09,309,65.758,4.8,a
2020-01-10,309,65.339,4.8,a
2020-01-11,304,59.722,4.9,a
2020-01-12,302,57.35,5.3,a
2020-01-13,304,60.053,5.3,a
2020-01-14,304,60.588,5.1,a
2020-01-15,300,55.272,5.2,a
2020-01-16,298,53.645,5.3,a
2020-01-17,299,54.628,5.5,a
2020-01-18,295,50.462,5.5,a
2020-01-19,292,47.919,5.6,a
2020-01-20,292,47.147,5.6,a
2020-01-21,297,52.218,5.5,a
2020-01-22,292,48.193,5.1,a
2020-01-23,296,52.001,4.9,a
2020-01-24,288,44.336,4.5,a
2020-01-25,290,45.78,4.8,a
2020-01-26,289,44.378,5.5,a
2020-01-27,288,44.074,6,a
2020-01-28,289,44.756,6.2,a
2020-01-29,304,59.561,6.4,a
2020-01-30,295,50.543,6.3,a
2020-01-31,297,52.596,6.4,a
2020-02-01,290,44.975,6.8,a
2020-02-02,292,46.863,7.2,a
2020-02-03,288,43.588,7.5,a
2020-02-04,290,46.047,7.6,a
2020-02-05,291,46.479,6.8,a
2020-02-06,292,47.809,6.2,a
2020-02-07,289,44.594,5.7,a
2020-02-08,288,43.862,5.5,a
2020-02-09,287,42.524,5.3,a
2020-02-10,287,43.009,5.8,a
2020-02-11,283,39.413,6.5,a
2020-02-12,287,42.774,6.9,a
2020-02-13,286,42.192,6.4,a
2020-02-14,287,43.262,6.7,a
2020-02-15,282,38.385,6.6,a
2020-02-16,283,39.583,6.1,a
2020-02-17,286,42.469,6.6,a
2020-02-18,283,39.212,7.4,a
2020-02-19,281,38.049,7.5,a
2020-02-20,281,38.034,7.1,a
2020-02-21,280,37.441,5.9,a
2020-02-22,282,38.761,6.5,a
2020-02-23,280,36.856,7.1,a
2020-02-24,283,39.446,7.5,a
2020-02-25,273,31.617,7.5,a
2020-02-26,286,42.664,7.9,a
2020-02-27,304,59.12,7.4,a
2020-02-28,292,48.247,7.2,a
2020-02-29,297,53.017,6.5,a
2020-03-01,319,81.637,7.2,a
2020-03-02,441,262.688,7.3,a
2020-03-03,503,382.914,7.4,a
2020-03-04,443,268.728,7.5,a
2020-03-05,381,166.587,7.2,a
2020-03-06,365,143.382,7.1,a
2020-03-07,355,127.997,7,a
2020-03-08,343,111.435,7.1,a
2020-03-09,331,95.602,7.2,a
2020-03-10,326,89.389,7.4,a
2020-03-11,324,85.869,7.6,a
2020-03-12,315,75.235,8.1,a
2020-03-13,319,80.852,8.4,a
2020-03-14,316,76.391,8.5,a
2020-03-15,315,75.66,8.6,a
2020-03-16,306,64.367,8.3,a
2020-03-17,304,61.998,8.4,a
2020-03-18,301,59.105,8.9,a
2020-03-19,302,60.863,9.1,a
2020-03-20,304,63.553,9.2,a
2020-03-21,298,56.155,9.5,a
2020-03-22,307,65.045,9.6,a
2020-03-23,308,66.328,8.7,a
2020-03-24,305,63.549,8.2,a
2020-03-25,303,60.84,7.6,a
2020-03-26,297,54.3,7,a
2020-03-27,298,55.345,6.9,a
2020-03-28,288,46.001,7.4,a
2020-03-29,290,47.332,8.1,a
2020-03-30,288,46.198,8.4,a
2020-03-31,291,48.938,7.8,a
2020-04-01,290,47.438,8,a
2020-04-02,290,47.54,8.4,a
2020-04-03,290,48.136,8.6,a
2020-04-04,288,46.199,9,a
2020-04-05,286,44.378,9,a
2020-04-06,289,46.265,9.7,a
2020-04-07,281,39.593,9.7,a
2020-04-08,288,45.969,9.7,a
2020-04-09,291,48.809,10.4,a
2020-04-10,287,45.081,10.9,a
2020-04-11,291,48.734,11.7,a
2020-04-12,294,52.06,12,a
2020-04-13,294,51.971,12.1,a
2020-04-14,296,53.32,11.7,a
2020-04-15,299,57.053,10.9,a
2020-04-16,296,53.718,11.1,a
2020-04-17,290,47.286,11.3,a
2020-04-18,291,48.761,11.8,a
2020-04-19,290,48.056,12.4,a
2020-04-20,297,54.724,12.5,a
2020-04-21,296,53.423,12,a
2020-04-22,293,50.956,12.2,a
2020-04-23,290,47.393,12.2,a
2020-04-24,287,45.002,12.2,a
2020-04-25,287,45.369,12.6,a
2020-04-26,286,43.828,13.4,a
2020-04-27,289,47.277,13.6,a
2020-04-28,290,47.531,13.4,a
2020-04-29,298,56.328,13.2,a
2020-04-30,300,58.504,13.1,a
2020-05-01,310,68.957,13.3,a
2020-05-02,309,67.455,13.2,a
2020-05-03,306,64.574,13.2,a
2020-05-04,299,56.17,13.2,a
2020-05-05,294,52.109,13,a
2020-05-06,296,53.549,12.6,a
2020-05-07,292,49.558,12.7,a
2020-05-08,290,47.862,13.3,a
2020-05-09,287,45.235,13.8,a
2020-05-10,285,43.274,14.3,a
2020-05-11,291,48.446,14.1,a
2020-05-12,327,92.474,13.6,a
2020-05-13,362,138.029,12.5,a
2020-05-14,338,105.863,11.6,a
2020-05-15,341,108.413,11.6,a
2020-05-16,379,162.857,11.8,a
2020-05-17,366,144.467,11.3,a
2020-05-18,342,110.777,11.3,a
2020-05-19,331,95.583,11.7,a
2020-05-20,352,124.691,12,a
2020-05-21,331,96.043,12.1,a
2020-05-22,321,82.424,12.5,a
2020-05-23,309,69.289,12.9,a
2020-05-24,313,73.264,13.6,a
2020-05-25,320,81.639,13.7,a
2020-05-26,315,74.961,13.8,a
2020-05-27,304,62,13.7,a
2020-05-28,303,61.123,13.7,a
2020-05-29,300,57.487,13.4,a
2020-05-30,294,51.868,13.5,a
2020-05-31,290,47.302,13.1,a
2020-06-01,291,48.139,13.5,a
2020-06-02,290,47.338,14.1,a
2020-06-03,288,46.063,14.4,a
2020-06-04,292,50.241,14.7,a
2020-06-05,435,273.786,14,a
2020-06-06,478,337.017,11.8,a
2020-06-07,405,203.186,11.4,a
2020-06-08,382,168.708,11.9,a
2020-06-09,481,344.887,11.7,a
2020-06-10,450,282.57,11.3,a
2020-06-11,392,183.61,11.3,a
2020-06-12,361,137.322,12,a
2020-06-13,344,112.75,12.8,a
2020-06-14,340,107.888,13.6,a
2020-06-15,336,101.68,13.8,a
2020-06-16,330,94.023,13.6,a
2020-06-17,317,78.672,13.6,a
2020-06-18,314,75.428,13.9,a
2020-06-19,310,69.524,14.5,a
2020-06-20,312,71.604,14.7,a
2020-06-21,311,70.882,14.5,a
2020-06-22,310,69.91,14.5,a
2020-06-23,305,64.013,15.1,a
2020-06-24,303,61.204,15.4,a
2020-06-25,307,66.05,15.4,a
2020-06-26,321,82.842,15.2,a
2020-06-27,320,82.213,15.5,a
2020-06-28,307,65.417,16,a
2020-06-29,304,62.486,16.5,a
2020-06-30,298,56.117,16.5,a
2020-07-01,295,52.536,16.9,a
2020-07-02,296,55.105,17.1,a
2020-07-03,299,57.255,16.8,a
2020-07-04,295,53.021,16.7,a
2020-07-05,292,49.838,17,a
2020-07-06,296,55.036,17.3,a
2020-07-07,337,104.383,17.4,a
2020-07-08,313,73.113,17,a
2020-07-09,300,57.945,17.1,a
2020-07-10,295,52.427,17.4,a
2020-07-11,296,54.137,17.3,a
2020-07-12,338,105.946,17,a
2020-07-13,326,88.925,16,a
2020-07-14,309,68.097,15.6,a
2020-07-15,291,51.367,15.7,a
2020-07-16,299,57.183,16,a
2020-07-17,297,55.448,16,a
2020-07-18,298,56.538,15.8,a
2020-07-19,299,57.399,15.7,a
2020-07-20,294,53.125,16.3,a
2020-07-21,290,48.632,16.8,a
2020-07-22,293,51.302,17.1,a
2020-07-23,297,55.257,17.2,a
2020-07-24,317,78.443,17,a
2020-07-25,329,93.369,16.6,a
2020-07-26,307,66.874,16.3,a
2020-07-27,301,60.357,16.1,a
2020-07-28,296,54.256,16.4,a
2020-07-29,293,50.865,16.8,a
2020-07-30,303,62.646,17.5,a
2020-07-31,291,49.248,18,a
2020-08-01,286,44.117,18.5,a
2020-08-02,296,56.015,18.6,a
2020-08-03,333,99.502,17.6,a
2020-08-04,368,146.678,16.7,a
2020-08-05,360,135.209,15.4,a
2020-08-06,325,88.367,14.7,a
2020-08-07,315,75.558,15,a
2020-08-08,300,58.48,15.6,a
2020-08-09,300,58.507,16.3,a
2020-08-10,299,56.264,16.8,a
2020-08-11,296,53.904,17,a
2020-08-12,292,50.642,17.2,a
2020-08-13,289,47.369,17.5,a
2020-08-14,288,46.21,17.6,a
2020-08-15,301,59.439,17.4,a
2020-08-16,298,56.83,17.5,a
2020-08-17,298,56.496,17.6,a
2020-08-18,295,53.149,17.2,a
2020-08-19,293,50.404,16.8,a
2020-08-20,288,46.215,17,a
2020-08-21,289,47.389,17.4,a
2020-08-22,287,45.135,17.7,a
2020-08-23,284,42.499,17.8,a
2020-08-24,283,41.289,17.4,a
2020-08-25,285,42.871,17.2,a
2020-08-26,282,40.328,17.1,a
2020-08-27,282,40.294,17.2,a
2020-08-28,280,38.993,17.4,a
2020-08-29,280,39.37,18,a
2020-08-30,326,90.714,17.3,a
2020-08-31,385,171.813,16.2,a
2020-09-01,389,178.294,14.7,a
2020-09-02,369,148.483,13.7,a
2020-09-03,332,96.623,13.4,a
2020-09-04,323,84.094,13.4,a
2020-09-05,305,63.368,13.9,a
2020-09-06,304,61.744,14.4,a
2020-09-07,308,67.119,14.5,a
2020-09-08,304,64.153,14.4,a
2020-09-09,296,54.477,14.5,a
2020-09-10,299,56.869,14.7,a
2020-09-11,293,51.635,14.9,a
2020-09-12,286,44.957,15.1,a
2020-09-13,290,47.476,15.4,a
2020-09-14,292,49.849,15.5,a
2020-09-15,290,48.182,15.4,a
2020-09-16,288,45.535,15.5,a
2020-09-17,284,42.235,15.6,a
2020-09-18,287,44.956,15.4,a
2020-09-19,278,37.818,14.8,a
2020-09-20,280,38.727,14.3,a
2020-09-21,280,38.777,14.4,a
2020-09-22,286,45.346,14.6,a
2020-09-23,284,43.842,14.8,a
2020-09-24,284,43.571,14.6,a
2020-09-25,361,150.926,14.5,a
2020-09-26,485,348.151,13.4,a
2020-09-27,405,202.814,11.7,a
2020-09-28,387,176.106,11.2,a
2020-09-29,402,198.099,11,a
2020-09-30,364,141.314,10.9,a
2020-10-01,345,114.038,11,a
2020-10-02,338,104.457,11.3,a
2020-10-03,351,124.39,11.5,a
2020-10-04,395,189.592,11.6,a
2020-10-05,463,310.345,11.4,a
2020-10-06,452,286.227,10.8,a
2020-10-07,408,208.917,10.6,a
2020-10-08,391,181.849,10.6,a
2020-10-09,365,143.469,10.5,a
2020-10-10,350,121.271,10.6,a
2020-10-11,404,214.808,10.7,a
2020-10-12,473,325.485,10.1,a
2020-10-13,407,206.838,9.7,a
2020-10-14,374,155.216,9.6,a
2020-10-15,395,190.217,9.6,a
2020-10-16,415,219.423,9.4,a
2020-10-17,391,181.436,9.4,a
2020-10-18,367,145.692,9.5,a
2020-10-19,356,130.452,9.6,a
2020-10-20,349,119.887,9.6,a
2020-10-21,343,111.816,9.7,a
2020-10-22,338,104.554,9.8,a
2020-10-23,340,107.152,10,a
2020-10-24,345,113.988,10.1,a
2020-10-25,352,124.279,10.3,a
2020-10-26,347,117.834,10.4,a
2020-10-27,360,136.305,10.3,a
2020-10-28,391,180.968,10.1,a
2020-10-29,356,130.108,9.7,a
2020-10-30,341,109.852,9.6,a
2020-10-31,333,99.029,9.6,a
2020-11-01,327,90.905,9.6,a
2020-11-02,322,84.095,9.8,a
2020-11-03,321,84.127,9.8,a
2020-11-04,313,72.678,9.9,a
2020-11-05,309,69.434,10,a
2020-11-06,310,70.145,9.8,a
2020-11-07,313,73.345,9.4,a
2020-11-08,310,70.106,9.1,a
2020-11-09,314,74.62,8.7,a
2020-11-10,298,55.556,8.6,a
2020-11-11,299,57.125,8.3,a
2020-11-12,302,60.182,8.3,a
2020-11-13,299,58.124,8.4,a
2020-11-14,295,52.073,8.4,a
2020-11-15,292,49.61,8.4,a
2020-11-16,312,74.167,8.4,a
2020-11-17,351,122.205,8.4,a
2020-11-18,322,84.563,8.3,a
2020-11-19,309,68.396,8.2,a
2020-11-20,304,62.088,8.1,a
2020-11-21,299,57.35,7.6,a
2020-11-22,297,55.176,6.8,a
2020-11-23,302,61.102,6.4,a
2020-11-24,296,53.36,6.5,a
2020-11-25,298,56.058,6,a
2020-11-26,296,54.166,5.7,a
2020-11-27,292,50.669,5.6,a
2020-11-28,289,47.383,5.7,a
2020-11-29,287,45.49,5.8,a
2020-11-30,289,47.132,5.5,a
2020-12-01,290,48.315,5.1,a
2020-12-02,291,49.269,4.9,a
2020-12-03,289,47.557,4.5,a
2020-12-04,291,48.654,4.8,a
2020-12-05,340,113.748,5.2,a
2020-12-06,514,423.283,5.2,a
2020-12-07,591,589.959,6.3,a
2020-12-08,463,306.205,7,a
2020-12-09,458,297.539,6.8,a
2020-12-10,411,213.225,6.7,a
2020-12-11,381,165.949,6.9,a
2020-12-12,363,140.362,7,a
2020-12-13,349,120.144,7,a
2020-12-14,340,106.37,6.9,a
2020-12-15,334,98.749,6.7,a
2020-12-16,327,91.65,6.5,a
2020-12-17,324,87.024,6.5,a
2020-12-18,328,91.924,6.4,a
2020-12-19,323,86.361,6.6,a
2020-12-20,321,83.586,6.8,a
2020-12-21,317,79.118,7,a
2020-12-22,319,80.406,7.3,a
2020-12-23,319,80.98,7.6,a
2020-12-24,321,82.934,7.8,a
2020-12-25,410,213.652,7.9,a
2020-12-26,395,188.254,7.2,a
2020-12-27,356,129.642,6.4,a
2020-12-28,346,115.514,5.9,a
2020-12-29,361,136.679,5,a
2020-12-30,395,188.075,5.1,a
2020-12-31,362,139.245,5.8,a
2021-01-01,349,120.629,6.2,a
2021-01-02,358,132.87,6.3,a
2021-01-03,415,220.56,6.3,a
2021-01-04,383,168.498,6.5,a
2021-01-05,368,147.436,6.7,a
2021-01-06,358,133.34,6.5,a
2021-01-07,350,121.658,6.3,a
2021-01-08,341,109.452,6.3,a
2021-01-09,327,89.972,6.2,a
2021-01-10,320,81.8,5.8,a
2021-01-11,321,82.574,5.6,a
2021-01-12,317,77.907,5,a
2021-01-13,320,80.721,4.6,a
2021-01-14,316,76.115,4.5,a
2021-01-15,309,68.365,4.3,a
2021-01-16,307,64.826,4.1,a
2021-01-17,304,62.189,3.9,a
2021-01-18,306,64.058,4.1,a
2021-01-19,305,63.517,4.2,a
2021-01-20,302,60.443,4.3,a
2021-01-21,304,62.281,4.9,a
2021-01-22,424,255.373,5.2,a
2021-01-23,610,632.563,5.5,a
2021-01-24,505,387.616,6.2,a
2021-01-25,424,234.645,6.2,a
2021-01-26,392,182.345,5.9,a
2021-01-27,369,148.288,5.6,a
2021-01-28,357,131.193,5.3,a
2021-01-29,345,115.088,5.2,a
2021-01-30,334,99.395,5.5,a
2021-01-31,332,97.743,5.8,a
2021-02-01,329,92.6,5.7,a
2021-02-02,327,90.44,5.9,a
2021-02-03,325,86.855,6.1,a
2021-02-04,332,96.524,6.7,a
2021-02-05,347,117.533,7.1,a
2021-02-06,362,138.118,7.4,a
2021-02-07,392,186.558,7.6,a
2021-02-08,540,461.795,7.4,a
2021-02-09,466,312.525,7.1,a
2021-02-10,482,344.723,7.1,a
2021-02-11,498,373.554,6.9,a
2021-02-12,425,236.757,6.1,a
2021-02-13,394,186.288,5.1,a
2021-02-14,376,158.504,4.7,a
2021-02-15,356,130.253,4.6,a
2021-02-16,347,117.011,4.9,a
2021-02-17,340,107.48,5.4,a
2021-02-18,332,97.376,5.7,a
2021-02-19,329,93.58,6.3,a
2021-02-20,324,88.164,6.8,a
2021-02-21,323,84.542,7.2,a
2021-02-22,325,87.827,7.4,a
2021-02-23,323,85.76,7.5,a
2021-02-24,321,82.594,7.6,a
2021-02-25,326,89.353,7.7,a
2021-02-26,331,97.404,7.7,a
2021-02-27,335,102.111,7.8,a
2021-02-28,338,104.986,7.6,a
2021-03-01,327,90.034,7.3,a
2021-03-02,320,81.841,7.3,a
2021-03-03,312,71.743,7.3,a
2021-03-04,316,76.167,7.5,a
2021-03-05,314,73.645,7.8,a
2021-03-06,314,74.191,7.9,a
2021-03-07,308,67.46,7.5,a
2021-03-08,309,68.131,7.4,a
2021-03-09,311,70.994,7.5,a
2021-03-10,310,68.795,7.3,a
2021-03-11,308,66.711,7.3,a
2021-03-12,306,64.057,7.5,a
2021-03-13,300,57.358,7.8,a
2021-03-14,293,50.737,7.9,a
2021-03-15,297,55.933,7.5,a
2021-03-16,294,52.155,7.9,a
2021-03-17,287,45.259,7.6,a
2021-03-18,291,49.45,7.6,a
2021-03-19,298,56.116,7.4,a
2021-03-20,293,50.726,7.4,a
2021-03-21,290,47.691,7.2,a
2021-03-22,293,50.153,7.2,a
2021-03-23,294,51.196,7.3,a
2021-03-24,296,53.674,7.7,a
2021-03-25,294,52.426,7.8,a
2021-03-26,294,52.964,8.1,a
2021-03-27,296,54.848,8.3,a
2021-03-28,289,47.167,8.5,a
2021-03-29,287,45.049,8.5,a
2021-03-30,289,47.461,9.3,a
2021-03-31,295,54.442,9.8,a
2021-04-01,307,68.505,10.1,a
2021-04-02,320,83.776,10.4,a
2021-04-03,328,92.426,10.6,a
2021-04-04,326,90.214,9.9,a
2021-04-05,320,80.088,9.5,a
2021-04-06,311,70.636,9,a
2021-04-07,306,64.985,8.2,a
2021-04-08,302,60.612,8.1,a
2021-04-09,297,55.365,8,a
2021-04-10,297,54.285,8.4,a
2021-04-11,296,53.981,8.8,a
2021-04-12,318,80.207,8.9,a
2021-04-13,392,182.791,8.7,a
2021-04-14,354,126.308,8.2,a
2021-04-15,328,91.419,8.1,a
2021-04-16,318,78.551,8.4,a
2021-04-17,313,72.012,8.7,a
2021-04-18,308,66.099,8.8,a
2021-04-19,301,58.608,9,a
2021-04-20,303,61.135,9.5,a
2021-04-21,301,58.82,9.9,a
2021-04-22,298,56.014,10.5,a
2021-04-23,297,54.183,11.2,a
2021-04-24,295,52.789,11.6,a
2021-04-25,296,53.475,11.8,a
2021-04-26,305,63.993,11.7,a
2021-04-27,309,67.397,10.9,a
2021-04-28,306,64.55,10.4,a
2021-04-29,306,64.584,10.3,a
2021-04-30,317,77.727,10.9,a
2021-05-01,348,118.873,11.3,a
2021-05-02,420,232.973,11.1,a
2021-05-03,505,388.191,9.8,a
2021-05-04,427,241.595,9.2,a
2021-05-05,391,180.515,9.5,a
2021-05-06,421,230.981,9.3,a
2021-05-07,435,256.375,8.6,a
2021-05-08,458,298.138,8.8,a
2021-05-09,402,197.984,9.5,a
2021-05-10,386,173.945,10.4,a
2021-05-11,376,158.563,11.3,a
2021-05-12,385,172.584,11.4,a
2021-05-13,381,166.018,11,a
2021-05-14,362,138.635,10.7,a
2021-05-15,351,122.305,10.8,a
2021-05-16,358,132.144,10.9,a
2021-05-17,481,349.743,10.8,a
2021-05-18,468,315.668,10,a
2021-05-19,454,290.112,9.8,a
2021-05-20,423,233.305,9.8,a
2021-05-21,391,181.96,10.2,a
2021-05-22,380,164.142,10.4,a
2021-05-23,404,208.968,10.3,a
2021-05-24,482,343.229,9.6,a
2021-05-25,529,436.519,9.2,a
2021-05-26,479,336.002,9.3,a
2021-05-27,432,249.6,9.9,a
2021-05-28,407,206.594,10.4,a
2021-05-29,391,181.186,10.9,a
2021-05-30,382,167.915,10.9,a
2021-05-31,368,147.182,11,a
2021-06-01,365,142.479,11.3,a
2021-06-02,355,128.574,11.8,a
2021-06-03,351,123.738,12.4,a
2021-06-04,350,122.311,12.8,a
2021-06-05,352,124.774,13.3,a
2021-06-06,357,131.502,13.5,a
2021-06-07,374,156.229,13.1,a
2021-06-08,357,130.971,12.7,a
2021-06-09,349,120.114,12.8,a
2021-06-10,345,114.633,13,a
2021-06-11,341,109.187,13.1,a
2021-06-12,337,103.705,13.3,a
2021-06-13,331,94.917,13.6,a
2021-06-14,331,95.461,14,a
2021-06-15,327,90.147,14.2,a
2021-06-16,329,92.806,14.5,a
2021-06-17,326,88.976,14.8,a
2021-06-18,325,87.828,15.3,a
2021-06-19,320,80.597,15.7,a
2021-06-20,318,78.381,16.1,a
2021-06-21,322,82.99,16.3,a
2021-06-22,328,90.386,16.6,a
2021-06-23,319,80.106,16.7,a
2021-06-24,311,70.111,16.9,a
2021-06-25,312,71.77,17,a
2021-06-26,313,72.608,17,a
2021-06-27,309,69.032,17,a
2021-06-28,305,65.191,17.1,a
2021-06-29,304,63.395,17.1,a
2021-06-30,304,62.888,17.1,a
2021-07-01,301,59.682,16.9,a
2021-07-02,302,60.896,16.6,a
2021-07-03,297,56.122,16.5,a
2021-07-04,300,58.688,16.4,a
2021-07-05,332,96.708,16.2,a
2021-07-06,325,87.621,16.2,a
2021-07-07,305,64.127,16.6,a
2021-07-08,302,60.012,16.9,a
2021-07-09,299,57.485,17.3,a
2021-07-10,294,52.378,17.6,a
2021-07-11,296,54.279,17.8,a
2021-07-12,290,48.304,18.1,a
2021-07-13,297,55.482,17.9,a
2021-07-14,310,69.597,17.8,a
2021-07-15,307,66.493,17.4,a
2021-07-16,298,56.762,16.8,a
2021-07-17,296,53.81,16.4,a
2021-07-18,295,52.55,16,a
2021-07-19,293,50.513,16.3,a
2021-07-20,289,46.955,16.7,a
2021-07-21,289,47.209,17,a
2021-07-22,288,46.213,17.4,a
2021-07-23,289,46.708,17.7,a
2021-07-24,284,42.176,17.9,a
2021-07-25,279,38.345,18.6,a
2021-07-26,283,40.921,18.5,a
2021-07-27,284,42.407,18.3,a
2021-07-28,278,37.385,18.5,a
2021-07-29,281,39.633,18.8,a
2021-07-30,286,44.444,18.6,a
2021-07-31,286,44.762,18.6,a
2021-08-01,295,55.882,18.3,a
2021-08-02,356,130.623,17.6,a
2021-08-03,326,89.734,16.1,a
2021-08-04,310,69.542,15.3,a
2021-08-05,316,78.284,15.3,a
2021-08-06,311,71.358,15.6,a
2021-08-07,303,62.257,15.8,a
2021-08-08,293,51.492,16.3,a
2021-08-09,296,54.199,16.6,a
2021-08-10,292,50.305,17,a
2021-08-11,288,46.267,17.3,a
2021-08-12,285,43.931,17.6,a
2021-08-13,284,42.248,17.8,a
2021-08-14,281,39.889,18.2,a
2021-08-15,281,39.814,18.4,a
2021-08-16,276,35.832,18.8,a
2021-08-17,294,52.566,18.5,a
2021-08-18,288,46.171,17.8,a
2021-08-19,281,39.775,17.3,a
2021-08-20,279,38.011,17.6,a
2021-08-21,278,37.62,17.6,a
2021-08-22,275,35.077,17.8,a
2021-08-23,290,48.692,17.5,a
2021-08-24,290,48.138,16.8,a
2021-08-25,288,45.908,16.8,a
2021-08-26,283,42.045,16.3,a
2021-08-27,282,40.32,16.4,a
2021-08-28,281,39.767,16,a
2021-08-29,278,37.66,15.6,a
2021-08-30,278,36.911,15.3,a
2021-08-31,278,37.596,15.2,a
2021-09-01,280,38.703,15.6,a
2021-09-02,274,33.925,15.2,a
2021-09-03,273,33.526,15.1,a
2021-09-04,269,30.606,15.2,a
2021-09-05,270,31.036,15.2,a
2021-09-06,270,31.471,15,a
2021-09-07,271,32.381,14.9,a
2021-09-08,271,31.674,15.2,a
2021-09-09,270,31.533,14.8,a
2021-09-10,269,30.568,14.7,a
2021-09-11,269,30.769,14.9,a
2021-09-12,269,30.659,15.2,a
2021-09-13,269,30.553,15.3,a
2021-09-14,267,29.855,15.6,a
2021-09-15,267,29.863,15.9,a
2021-09-16,267,29.639,16.8,a
2021-09-17,273,33.381,16.5,a
2021-09-18,290,49.518,15.6,a
2021-09-19,288,46.456,15,a
2021-09-20,303,62.795,14.7,a
2021-09-21,301,59.441,14.3,a
2021-09-22,290,48.033,14,a
2021-09-23,285,42.935,13.5,a
2021-09-24,279,38.667,13.3,a
2021-09-25,278,37.508,13.4,a
2021-09-26,273,33.903,13.6,a
2021-09-27,272,32.778,14.9,a
2021-09-28,273,33.827,15,a
2021-09-29,275,35.385,14.8,a
2021-09-30,280,38.638,14.9,a
2021-10-01,282,40.631,14,a
2021-10-02,277,36.188,14.1,a
2021-10-03,271,32.201,13.7,a
2021-10-04,272,32.534,14.2,a
2021-10-05,276,36.431,14,a
2021-10-06,298,60.22,13.8,a
2021-10-07,391,181.141,12.9,a
2021-10-08,355,128.336,11.4,a
2021-10-09,320,82.505,10.8,a
2021-10-10,306,63.924,10.4,a
2021-10-11,295,52.474,10.2,a
2021-10-12,288,46.3,10,a
2021-10-13,285,43.652,9.8,a
2021-10-14,282,40.663,9.7,a
2021-10-15,277,36.529,9.2,a
2021-10-16,275,35.213,9.1,a
2021-10-17,272,32.973,9.4,a
2021-10-18,275,34.772,9.2,a
2021-10-19,273,33.486,9.4,a
2021-10-20,273,33.901,9.9,a
2021-10-21,272,33.121,10.9,a
2021-10-22,287,45.424,11.1,a
2021-10-23,298,56.074,11,a
2021-10-24,279,38.396,10.2,a
2021-10-25,284,42.696,9.3,a
2021-10-26,281,39.851,9.1,a
2021-10-27,277,37.35,8.6,a
2021-10-28,274,34.783,8.4,a
2021-10-29,272,33.23,8.3,a
2021-10-30,273,34.202,7.8,a
2021-10-31,269,30.907,8,a
2021-11-01,270,31.447,8,a
2021-11-02,343,116.712,8.9,a
2021-11-03,347,117.241,9,a
2021-11-04,421,236.151,9.4,a
2021-11-05,411,213.331,9.3,a
2021-11-06,358,132.144,9,a
2021-11-07,327,90.419,9.1,a
2021-11-08,330,96.155,9.1,a
2021-11-09,333,98.214,9,a
2021-11-10,316,76.598,8.7,a
2021-11-11,315,75.504,8.5,a
2021-11-12,306,65.541,8.3,a
2021-11-13,300,58.555,8.4,a
2021-11-14,295,52.734,8.6,a
2021-11-15,293,51.451,8.7,a
2021-11-16,290,48.131,8.8,a
2021-11-17,288,45.937,8.8,a
2021-11-18,287,45.499,8.9,a
2021-11-19,289,47.538,8.5,a
2021-11-20,286,44.696,8.2,a
2021-11-21,275,35.333,7.6,a
2021-11-22,278,37.479,7.7,a
2021-11-23,281,40.266,7.6,a
2021-11-24,284,43.134,6.6,a
2021-11-25,282,40.76,6.2,a
2021-11-26,293,52.123,6.6,a
2021-11-27,325,88.445,6.8,a
2021-11-28,377,160.078,6.5,a
2021-11-29,355,128.823,6.3,a
2021-11-30,335,100.561,6.2,a
2021-12-01,320,81.179,5.8,a
2021-12-02,363,146.072,6.1,a
2021-12-03,387,177.033,6.3,a
2021-12-04,342,109.56,6.6,a
2021-12-05,335,101.633,6.6,a
2021-12-06,335,100.171,6.4,a
2021-12-07,328,92.594,6.4,a
2021-12-08,317,78.685,6,a
2021-12-09,311,70.521,5.3,a
2021-12-10,319,79.723,5.3,a
2021-12-11,295,53.227,5.3,a
2021-12-12,294,51.364,5.2,a
2021-12-13,299,56.859,5.1,a
2021-12-14,297,55.255,5.3,a
2021-12-15,297,54.801,5.3,a
2021-12-16,293,51.368,5.5,a
2021-12-17,297,54.469,5.6,a
2021-12-18,293,50.969,5.5,a
2021-12-19,289,46.938,5.3,a
2021-12-20,292,49.487,5,a
2021-12-21,296,53.965,4.9,a
2021-12-22,297,55.658,4.8,a
2021-12-23,295,53.786,4.7,a
2021-12-24,292,49.676,4.8,a
2021-12-25,291,48.295,5.1,a
2021-12-26,299,56.982,5.6,a
2021-12-27,306,64.003,5.8,a
2021-12-28,303,61.374,5.9,a
2021-12-29,306,64.576,6.2,a
2021-12-30,304,61.995,6.3,a
2021-12-31,300,58.624,6.2,a
2022-01-01,299,56.711,5.9,a
2022-01-02,301,59.161,5.8,a
2022-01-03,311,70.158,5.7,a
2022-01-04,311,70.952,6.1,a
2022-01-05,343,121.324,6.6,a
2022-01-06,437,259.146,6.3,a
2022-01-07,366,144.434,5.9,a
2022-01-08,346,114.721,5.2,a
2022-01-09,323,84.683,4.7,a
2022-01-10,319,79.646,4.6,a
2022-01-11,314,73.599,4.6,a
2022-01-12,306,65.02,4.3,a
2022-01-13,297,55.235,4,a
2022-01-14,291,48.627,3.9,a
2022-01-15,286,43.616,3.8,a
2022-01-16,292,51.083,3.9,a
2022-01-17,293,51.47,3.8,a
2022-01-18,296,54.981,3.6,a
2022-01-19,294,52.97,3.8,a
2022-01-20,294,52.599,3.8,a
2022-01-21,289,48.381,4,a
2022-01-22,278,37.568,,a
2022-01-23,279,37.999,,a
2022-01-24,281,40.528,,a
2022-01-25,285,43.343,,a
2022-01-26,280,39.602,,a
2022-01-27,281,40.12,,a
2022-01-28,278,37.487,,a
2022-01-29,277,37.064,,a
2022-01-30,276,35.671,,a
2022-01-31,277,36.748,,a
2022-02-01,275,35.065,,a
2022-02-02,276,36.106,,a
2022-02-03,275,35.209,,a
2022-02-04,274,34.594,,a
2022-02-05,273,33.532,,a
2022-02-06,275,34.843,,a
2022-02-07,271,31.977,,a
2022-02-08,274,34.132,,a
2022-02-09,274,34.166,,a
2022-02-10,275,34.942,,a
2022-02-11,274,35.058,,a
2022-02-12,273,33.662,,a
2022-02-13,268,30.075,,a
2022-02-14,268,30.161,,a
2022-02-15,268,30.276,,a
2022-02-16,281,40.279,,a
2022-02-17,274,34.61,,a
2022-02-18,275,35.285,,a
2022-02-19,286,44.673,,a
2022-02-20,303,62.169,,a
2022-02-21,294,49.336,,a
2022-02-22,292,47.111,,a
2022-02-23,288,44.202,,a
2022-02-24,285,41.024,,a
2022-02-25,286,42.521,,a
2022-02-26,284,39.999,,a
2022-02-27,281,38.177,,a
2022-02-28,278,35.565,,a
2022-03-01,278,35.659,,a
2022-03-02,276,33.762,,a
2022-03-03,275,33.362,,a
2022-03-04,273,31.994,,a
2022-03-05,272,30.91,,a
2022-03-06,270,30.003,,a
2022-03-07,270,30.056,,a
2022-03-08,271,30.585,,a
2022-03-09,271,30.786,,a
2022-03-10,269,29.44,,a
2022-03-11,270,30.066,,a
2022-03-12,268,28.319,,a
2022-03-13,267,27.789,,a
2022-03-14,267,27.934,,a
2022-03-15,267,27.837,5.6,a
2022-03-16,267,27.717,7.3,a
2022-03-17,267,27.791,7.9,a
2022-03-18,267,27.771,7.7,a
2022-03-19,266,27.402,7.1,a
2022-03-20,266,27.523,7.3,a
2022-03-21,266,27.403,6.6,a
2022-03-22,266,27.503,6.6,a
2022-03-23,267,27.838,7.2,a
2022-03-24,267,27.741,7.9,a
2022-03-25,266,27.547,8.5,a
2022-03-26,267,28.206,8.8,a
2022-03-27,269,29.107,9.2,a
2022-03-28,274,32.275,9.4,a
2022-03-29,276,34.13,9.7,a
2022-03-30,279,36.301,9.6,a
2022-03-31,297,54.716,9.5,a
2022-04-01,309,66.027,9.3,a
2022-04-02,318,78.007,8.8,a
2022-04-03,312,68.022,8.2,a
2022-04-04,300,55.363,8.3,a
2022-04-05,293,48.385,8.3,a
2022-04-06,290,46.396,8.7,a
2022-04-07,289,45.076,9.3,a
2022-04-08,290,45.763,9.6,a
2022-04-09,324,87.835,9.7,a
2022-04-10,350,118.176,9.2,a
2022-04-11,329,88.937,8.5,a
2022-04-12,312,68.137,8.7,a
2022-04-13,308,64.04,9.4,a
2022-04-14,296,51.489,10.1,a
2022-04-15,294,49.719,10.8,a
2022-04-16,304,60.027,10.9,a
2022-04-17,311,67.649,10.8,a
2022-04-18,304,59.275,10.5,a
2022-04-19,299,54.685,10.4,a
2022-04-20,294,49.249,10.3,a
2022-04-21,294,49.101,10.2,a
2022-04-22,294,48.968,10.1,a
2022-04-23,298,53.145,10.3,a
2022-04-24,304,60.554,10.7,a
2022-04-25,331,91.979,10.8,a
2022-04-26,321,78.489,10.6,a
2022-04-27,326,85.599,10.5,a
2022-04-28,325,84.533,10.6,a
2022-04-29,315,71.913,11,a
2022-04-30,308,63.52,11.4,a
2022-05-01,298,52.736,11.7,a
2022-05-02,310,66.766,11.8,a
2022-05-03,316,72.593,12.1,a
2022-05-04,305,59.934,12.3,a
2022-05-05,301,56.604,12.6,a
2022-05-06,298,52.582,12.5,a
2022-05-07,300,54.748,12.3,a
2022-05-08,301,56.636,12.4,a
2022-05-09,299,54.385,12.6,a
2022-05-10,298,53.95,13,a
2022-05-11,301,56.374,13.5,a
2022-05-12,297,51.788,14,a
2022-05-13,295,49.951,14.6,a
2022-05-14,300,55.748,15.2,a
2022-05-15,299,54.019,15.5,a
2022-05-16,296,51.414,15.8,a
2022-05-17,291,46.552,16,a
2022-05-18,289,44.806,16.1,a
2022-05-19,286,41.552,15.8,a
2022-05-20,285,40.817,16.4,a
2022-05-21,285,40.697,16.9,a
2022-05-22,283,39.271,17.2,a
2022-05-23,282,38.359,17.6,a
2022-05-24,284,40.099,17.4,a
2022-05-25,283,39.503,17.4,a
2022-05-26,282,38.772,17.4,a
2022-05-27,283,39.573,17.6,a
2022-05-28,284,39.938,17.1,a
2022-05-29,295,51.256,15.4,a
2022-05-30,285,42.041,14.5,a
2022-05-31,284,40.546,14.9,a
2022-06-01,284,41.05,15.4,a
2022-06-02,282,39,16,a
2022-06-03,287,43.382,16.9,a
2022-06-04,278,35.435,17.7,a
2022-06-05,278,35.318,18.3,a
2022-06-06,274,32.793,18.6,a
2022-06-07,276,34.312,18.4,a
2022-06-08,279,35.929,18,a
2022-06-09,278,36.061,17.3,a
2022-06-10,275,33.363,17.2,a
2022-06-11,270,29.695,18,a
2022-06-12,270,29.895,18.9,a
2022-06-13,265,26.989,19.7,a
2022-06-14,267,28.338,19.5,a
2022-06-15,267,28.067,19.4,a
2022-06-16,270,29.766,20.1,a
2022-06-17,266,27.586,20.2,a
2022-06-18,266,27.372,20.4,a
2022-06-19,266,27.555,20.8,a
2022-06-20,265,27.322,20.9,a
2022-06-21,265,26.681,21.2,a
2022-06-22,262,25.372,21.2,a
2022-06-23,262,25.173,21.3,a
2022-06-24,266,27.393,21.5,a
2022-06-25,265,26.63,21,a
2022-06-26,263,25.947,21,a
2022-06-27,263,25.595,21.5,a
2022-06-28,263,25.685,22.1,a
2022-06-29,266,27.248,22.4,a
2022-06-30,265,26.923,22.3,a
2022-07-01,264,26.041,22.2,a
2022-07-02,263,25.783,21.6,a
2022-07-03,262,25.045,21.9,a
2022-07-04,264,26.196,21.7,a
2022-07-05,266,27.357,21.5,a
2022-07-06,270,29.63,21.1,a
2022-07-07,270,29.925,20.7,a
2022-07-08,275,33.68,19.5,a
2022-07-09,266,27.266,19.2,a
2022-07-10,266,27.419,19,a
2022-07-11,267,28.294,19.1,a
2022-07-12,268,28.514,19.2,a
2022-07-13,267,27.869,19.9,a
2022-07-14,266,27.229,21.4,a
2022-07-15,263,26.007,21.3,a
2022-07-16,265,26.877,21.1,a
2022-07-17,264,26.453,21.6,a
2022-07-18,264,26.074,21.1,a
2022-07-19,268,28.363,21,a
2022-07-20,267,28.044,21.2,a
2022-07-21,267,28.105,21.5,a
2022-07-22,264,26.587,21.1,a
2022-07-23,268,28.905,20.4,a
2022-07-24,263,26.057,20.6,a
2022-07-25,262,25.218,21,a
2022-07-26,263,25.7,19.9,a
2022-07-27,262,25.191,19.7,a
2022-07-28,262,25.191,19.8,a
2022-07-29,261,24.882,20.2,a
2022-07-30,261,24.568,19.5,a
2022-07-31,260,24.244,19.3,a
2022-08-01,262,24.989,19.6,a
2022-08-02,261,24.66,19.6,a
2022-08-03,259,23.699,19.9,a
2022-08-04,257,22.953,20.2,a
2022-08-05,258,23.172,20.5,a
2022-08-06,260,24.287,20.5,a
2022-08-07,258,23.227,19.6,a
2022-08-08,257,23.063,19.4,a
2022-08-09,257,22.99,19.7,a
2022-08-10,257,22.971,19.5,a
2022-08-11,257,22.865,19.2,a
2022-08-12,256,22.258,19,a
2022-08-13,255,21.874,18,a
2022-08-14,255,22.003,18.4,a
2022-08-15,254,21.623,18.9,a
2022-08-16,252,20.924,19.3,a
2022-08-17,251,20.67,19.5,a
2022-08-18,254,21.572,19.4,a
2022-08-19,260,24.074,18.9,a
2022-08-20,258,23.27,19,a
2022-08-21,256,22.495,18.8,a
2022-08-22,256,22.566,18.2,a
2022-08-23,259,23.92,18.1,a
2022-08-24,261,24.836,18.5,a
2022-08-25,260,24.297,18.9,a
2022-08-26,257,22.725,19,a
2022-08-27,260,24.488,18.6,a
2022-08-28,259,23.651,18.5,a
2022-08-29,260,24.24,18.9,a
2022-08-30,258,23.219,19.2,a
2022-08-31,261,24.647,18.5,a
2022-09-01,275,34.657,17.7,a
2022-09-02,288,43.84,17.6,a
2022-09-03,276,34.176,17.3,a
2022-09-04,272,31.209,17.3,a
2022-09-05,267,28.256,17.4,a
2022-09-06,264,26.107,17.7,a
2022-09-07,262,25.13,18,a
2022-09-08,260,24.556,17.2,a
2022-09-09,267,28.235,16.8,a
2022-09-10,274,32.918,17.1,a
2022-09-11,277,34.811,17,a
2022-09-12,274,32.436,16.7,a
2022-09-13,272,31.214,16.4,a
2022-09-14,275,33.844,16.2,a
2022-09-15,287,47.066,16.2,a
2022-09-16,456,291.5,14.8,a
2022-09-17,476,327.151,13.1,a
2022-09-18,404,199.055,11.8,a
2022-09-19,346,111.531,12.1,a
2022-09-20,313,69.63,12.3,a
2022-09-21,300,55.835,12.5,a
2022-09-22,289,44.813,12.3,a
2022-09-23,286,42.69,12.1,a
2022-09-24,282,39.047,12.1,a
2022-09-25,305,65.363,12.1,a
2022-09-26,360,131.061,12.1,a
2022-09-27,381,163.818,11.9,a
2022-09-28,387,171.033,11.4,a
2022-09-29,402,201.322,11.2,a
2022-09-30,514,401.006,11.1,a
2022-10-01,508,394.077,11,a
2022-10-02,438,260.264,10.9,a
2022-10-03,381,165.871,11.4,a
2022-10-04,348,118.887,11.4,a
2022-10-05,328,91.347,11.6,a
2022-10-06,318,78.848,11.9,a
2022-10-07,311,70.143,12.2,a
2022-10-08,302,59.602,12.3,a
2022-10-09,292,49.277,12.4,a
2022-10-10,297,54.854,12.4,a
2022-10-11,290,48.023,12.4,a
2022-10-12,287,44.66,12.5,a
2022-10-13,285,43.329,12.4,a
2022-10-14,282,40.303,12.4,a
2022-10-15,284,42.078,12.3,a
2022-10-16,276,36.171,12.3,a
2022-10-17,277,36.677,12.4,a
2022-10-18,277,36.764,12.3,a
2022-10-19,278,37.123,12.3,a
2022-10-20,277,36.736,12.4,a
2022-10-21,277,36.751,12.1,a
2022-10-22,289,49.772,12.2,a
2022-10-23,372,152.879,11.7,a
2022-10-24,323,85.593,11.2,a
2022-10-25,358,136.539,11.5,a
2022-10-26,370,149.374,11.1,a
2022-10-27,337,103.68,10.8,a
2022-10-28,315,76.344,10.9,a
2022-10-29,302,59.876,11,a
2022-10-30,295,53.27,11.1,a
2022-10-31,292,50.106,11,a
2022-11-01,286,44.003,10.8,a
2022-11-02,283,41.812,11.2,a
2022-11-03,287,46.013,11.5,a
2022-11-04,342,119.207,11.2,a
2022-11-05,413,217.445,9.9,a
2022-11-06,353,125.653,9.2,a
2022-11-07,326,89.472,9.1,a
2022-11-08,307,67.108,9,a
2022-11-09,306,66.016,9.1,a
2022-11-10,309,69.124,9.6,a
2022-11-11,308,67.113,9.6,a
2022-11-12,304,62.865,9.5,a
2022-11-13,291,48.948,9.4,a
2022-11-14,295,53.346,9.5,a
2022-11-15,296,53.594,9.6,a
2022-11-16,296,53.952,9.7,a
2022-11-17,296,54.258,9.8,a
2022-11-18,297,55.251,9.7,a
2022-11-19,298,55.854,9.3,a
2022-11-20,291,49.324,9,a
2022-11-21,293,51.766,8.6,a
2022-11-22,302,62.621,8.3,a
2022-11-23,336,101.966,8.1,a
2022-11-24,325,87.106,8.1,a
2022-11-25,311,70.144,7.8,a
2022-11-26,299,56.756,7.7,a
2022-11-27,292,49.235,7.4,a
2022-11-28,292,49.925,7.2,a
2022-11-29,284,42.571,7.4,a
2022-11-30,291,49.02,7.1,a
2022-12-01,291,49.091,7.1,a
2022-12-02,292,50.754,7.1,a
2022-12-03,295,53.544,7.1,a
2022-12-04,297,54.905,7.1,a
2022-12-05,338,106.786,7.1,a
2022-12-06,453,288.159,7.3,a
2022-12-07,380,164.346,7.5,a
2022-12-08,351,123.275,7.4,a
2022-12-09,367,153.435,7.2,a
2022-12-10,501,381.59,7.5,a
2022-12-11,427,239.166,7.3,a
2022-12-12,377,160.665,6.8,a
2022-12-13,351,122.492,6,a
2022-12-14,343,111.893,5.8,a
2022-12-15,329,93.446,5.6,a
2022-12-16,369,150.672,6.1,a
2022-12-17,429,243.399,6.5,a
2022-12-18,392,182.881,6.7,a
2022-12-19,356,130.655,6.6,a
2022-12-20,343,112.488,6.5,a
2022-12-21,333,98.17,6.7,a
2022-12-22,330,94.582,7,a
2022-12-23,319,81.124,7.3,a
2022-12-24,316,76.701,7.7,a
2022-12-25,307,66.181,7.9,a
2022-12-26,310,69.192,8.1,a
2022-12-27,308,67.692,8.2,a
2022-12-28,309,69.409,7.9,a
2022-12-29,308,67.112,7.5,a
2022-12-30,303,61.747,8,a
2022-12-31,308,68.453,8.1,a
2023-01-01,305,65.744,7.9,a
2023-01-02,308,67.723,8.1,a
2023-01-03,312,73.641,8,a
2023-01-04,304,64.137,8,a
2023-01-05,303,62.768,8,a
2023-01-06,296,55.353,7.8,a
2023-01-07,298,58.089,7.8,a
2023-01-08,292,51.337,7.8,a
2023-01-09,367,159.134,7.7,a
2023-01-10,387,186.388,7.5,a
2023-01-11,345,118.759,6.8,a
2023-01-12,327,93.748,6.8,a
2023-01-13,321,85.541,6.6,a
2023-01-14,314,76.31,6.8,a
2023-01-15,304,64.043,6.8,a
2023-01-16,349,125.359,5.9,a
2023-01-17,346,119.236,5.5,a
2023-01-18,338,107.043,5.6,a
2023-01-19,338,107.701,5.9,a
2023-01-20,333,100.846,6,a
2023-01-21,321,84.051,5.7,a
2023-01-22,316,76.705,5.8,a
2023-01-23,314,75.176,5.8,a
2023-01-24,329,94.701,5.9,a
2023-01-25,325,90.377,6.1,a
2023-01-26,322,85.085,6.2,a
2023-01-27,317,77.85,6,a
2023-01-28,312,72.356,5.9,a
2023-01-29,307,65.679,6,a
2023-01-30,305,64.512,5.9,a
2023-01-31,301,59.766,5.5,a
2023-02-01,297,56.473,5.4,a
2023-02-02,297,56.24,5.5,a
2023-02-03,299,58.28,5.9,a
2023-02-04,293,51.415,6,a
2023-02-05,300,59.148,5.4,a
2023-02-06,297,55.463,5.2,a
2023-02-07,298,56.968,4.9,a
2023-02-08,293,51.167,4.6,a
2023-02-09,299,57.191,4.6,a
2023-02-10,294,52.018,4.3,a
2023-02-11,290,48.723,4.3,a
2023-02-12,286,44.833,4.9,a
2023-02-13,285,44.021,5.4,a
2023-02-14,279,38.747,5.4,a
2023-02-15,278,38.04,5.3,a
2023-02-16,278,37.463,5.6,a
2023-02-17,281,40.317,6.2,a
2023-02-18,296,55.551,6.8,a
2023-02-19,305,64.447,6.9,a
2023-02-20,304,62.673,6.9,a
2023-02-21,311,71.372,7.1,a
2023-02-22,311,70.928,7.1,a
2023-02-23,314,76.357,7,a
2023-02-24,310,71.101,7,a
2023-02-25,315,77.241,7.4,a
2023-02-26,316,77.806,6.7,a
2023-02-27,310,70.509,6.5,a
2023-02-28,302,60.983,6.3,a
2023-03-01,294,53.137,6.2,a
2023-03-02,294,52.606,6.3,a
2023-03-03,289,48.285,6.7,a
2023-03-04,290,48.275,7,a
2023-03-05,290,49.178,6.9,a
2023-03-06,289,48.177,6.9,a
2023-03-07,297,55.684,7.2,a
2023-03-08,302,61.182,7.5,a
2023-03-09,298,56.799,8.1,a
2023-03-10,303,62.984,8.2,a
2023-03-11,312,73.039,8.4,a
2023-03-12,309,69.312,8.4,a
2023-03-13,310,69.563,8.3,a
2023-03-14,305,64.816,8.8,a
2023-03-15,338,106.939,8.4,a
2023-03-16,319,82.368,8,a
2023-03-17,306,65.999,7.8,a
2023-03-18,291,49.236,8.1,a
2023-03-19,291,49.256,8.4,a
2023-03-20,292,49.982,8.5,a
2023-03-21,293,50.757,8.9,a
2023-03-22,292,50.338,9.5,a
2023-03-23,295,53.414,9.7,a
2023-03-24,297,55.34,10.1,a
2023-03-25,311,71.228,10,a
2023-03-26,324,87.027,9.7,a
2023-03-27,374,164.318,8.9,a
2023-03-28,351,126.283,8.4,a
2023-03-29,331,96.122,8.3,a
2023-03-30,317,78.267,8.4,a
2023-03-31,314,74.865,8.8,a
2023-04-01,330,95.946,9,a
2023-04-02,320,82.647,9.3,a
2023-04-03,318,79.427,9.5,a
2023-04-04,308,67.743,8.8,a
2023-04-05,304,62.508,8.8,a
2023-04-06,298,55.981,8.7,a
2023-04-07,298,56.656,8.9,a
2023-04-08,294,52.729,9.1,a
2023-04-09,292,50.141,9.2,a
2023-04-10,291,48.628,9.5,a
2023-04-11,285,43.761,9.5,a
2023-04-12,290,48.644,9.8,a
2023-04-13,334,107.55,9.6,a
2023-04-14,397,203.421,8.5,a
2023-04-15,362,144.197,8.4,a
2023-04-16,338,107.261,8.7,a
2023-04-17,330,95.916,9,a
2023-04-18,323,86.064,9.5,a
2023-04-19,320,83.787,10.2,a
2023-04-20,331,96.382,10,a
2023-04-21,331,96.832,10.1,a
2023-04-22,324,86.823,10.2,a
2023-04-23,320,82.033,10.6,a
2023-04-24,329,94.138,10.6,a
2023-04-25,332,98.948,10.5,a
2023-04-26,317,78.175,10.4,a
2023-04-27,317,78.301,10.6,a
2023-04-28,308,67.48,10.6,a
2023-04-29,303,61.532,11.2,a
2023-04-30,302,60.27,11.8,a
2023-05-01,304,63.446,11.8,a
2023-05-02,316,77.653,11.7,a
2023-05-03,333,100.231,11.4,a
2023-05-04,324,88.317,11.3,a
2023-05-05,313,73.466,11.9,a
2023-05-06,313,73.264,12.6,a
2023-05-07,310,69.284,13.3,a
2023-05-08,310,70.395,12.9,a
2023-05-09,316,77.114,12.7,a
2023-05-10,318,78.818,11.9,a
2023-05-11,350,126.618,11.4,a
2023-05-12,387,186.389,10.6,a
2023-05-13,373,161.766,10.1,a
2023-05-14,375,164.99,10,a
2023-05-15,405,216.788,10.4,a
2023-05-16,389,188.847,10.5,a
2023-05-17,376,166.563,10,a
2023-05-18,369,154.808,10.1,a
2023-05-19,347,119.948,10.3,a
2023-05-20,332,98.732,11.1,a
2023-05-21,329,94.619,12,a
2023-05-22,330,95.437,12.8,a
2023-05-23,327,90.94,13.5,a
2023-05-24,326,90.647,13.3,a
2023-05-25,330,95.772,13.6,a
2023-05-26,320,82.466,13.8,a
2023-05-27,313,73.678,14.4,a
2023-05-28,311,71.589,14.8,a
2023-05-29,313,72.949,14.9,a
2023-05-30,308,67.775,14.8,a
2023-05-31,309,68.67,14.3,a
2023-06-01,301,59.253,14.8,a
2023-06-02,300,58.223,14.9,a
2023-06-03,312,72.257,14.7,a
2023-06-04,308,68.017,14.8,a
2023-06-05,328,93.886,14.3,a
2023-06-06,401,210.278,13.5,a
2023-06-07,393,196.936,12.8,a
2023-06-08,358,137.968,13,a
2023-06-09,344,117.628,13.7,a
2023-06-10,320,83.512,14,a
2023-06-11,314,76.273,14.5,a
2023-06-12,320,82.04,14.6,a
2023-06-13,319,80.598,14.7,a
2023-06-14,315,75.427,14.8,a
2023-06-15,313,73.109,15,a
2023-06-16,307,66.283,15,a
2023-06-17,310,69.529,15.3,a
2023-06-18,307,65.682,15.5,a
2023-06-19,300,59.116,15.9,a
2023-06-20,292,50.298,16.6,a
2023-06-21,293,51.856,17.2,a
2023-06-22,296,53.732,17.4,a
2023-06-23,294,52.183,17.5,a
2023-06-24,297,55.349,17.4,a
2023-06-25,295,54.081,17.6,a
2023-06-26,286,45.262,17.7,a
2023-06-27,295,54.137,16.8,a
2023-06-28,323,87.185,16.7,a
2023-06-29,307,66.311,16.4,a
2023-06-30,295,54.029,16.6,a
2023-07-01,287,45.672,16.5,a
2023-07-02,285,44.503,17,a
2023-07-03,302,62.804,16.4,a
2023-07-04,375,164.686,15.6,a
2023-07-05,351,127.488,15,a
2023-07-06,319,82.458,14.9,a
2023-07-07,310,70.611,15.6,a
2023-07-08,303,61.532,16.3,a
2023-07-09,294,51.82,17.1,a
2023-07-10,292,50.815,17.6,a
2023-07-11,290,48.686,18.2,a
2023-07-12,288,46.821,18.2,a
2023-07-13,310,72.628,17.8,a
2023-07-14,371,158.406,16.9,a
2023-07-15,333,99.135,16.4,a
2023-07-16,315,75.744,16.7,a
2023-07-17,301,59.609,17.5,a
2023-07-18,297,55.557,18,a
2023-07-19,299,58.579,18,a
2023-07-20,311,70.689,18.2,a
2023-07-21,343,116.211,17.7,a
2023-07-22,349,123.088,16.3,a
2023-07-23,330,96.567,15.6,a
2023-07-24,319,81.155,15.6,a
2023-07-25,393,210.256,15.6,a
2023-07-26,422,249.115,14.4,a
2023-07-27,388,188.139,13.8,a
2023-07-28,357,135.505,14.1,a
2023-07-29,332,98.586,15,a
2023-07-30,339,108.981,15.7,a
2023-07-31,342,113.623,15.9,a
2023-08-01,331,97.638,15.4,a
2023-08-02,361,141.713,15.1,a
2023-08-03,356,133.82,14.6,a
2023-08-04,780,1216.92,14.1,a
2023-08-05,710,977.913,12.4,a
2023-08-06,590,625.708,11.8,a
2023-08-07,500,407.936,11.9,a
2023-08-08,440,282.499,12,a
2023-08-09,407,221.858,12.2,a
2023-08-10,383,178.653,12.7,a
2023-08-11,369,155.603,13.4,a
2023-08-12,354,132.09,14,a
2023-08-13,349,124.138,14.4,a
2023-08-14,335,102.935,14.8,a
2023-08-15,338,107.864,15.1,a
2023-08-16,335,102.413,15.1,a
2023-08-17,327,92.002,15.3,a
2023-08-18,319,81.668,15.5,a
2023-08-19,316,77.801,15.9,a
2023-08-20,317,77.641,16.1,a
2023-08-21,312,71.886,16.4,a
2023-08-22,308,68.58,16.6,a
2023-08-23,308,67.683,16.7,a
2023-08-24,309,70.773,16.7,a
2023-08-25,301,59.988,16.8,a
2023-08-26,300,58.396,16.9,a
2023-08-27,300,60.49,16.9,a
2023-08-28,329,100.861,16.4,a
2023-08-29,414,234.921,15.2,a
2023-08-30,363,146.357,13.6,a
2023-08-31,346,118.803,13.6,a
2023-09-01,340,110.382,13.8,a
2023-09-02,323,86.748,14.2,a
2023-09-03,310,69.506,14.5,a
2023-09-04,309,69.466,14.9,a
2023-09-05,306,66.165,14.8,a
2023-09-06,306,65.016,14.9,a
2023-09-07,304,63.667,15,a
2023-09-08,298,56.813,15,a
2023-09-09,297,55.84,15.1,a
2023-09-10,299,58.987,14.9,a
2023-09-11,297,57.235,15.1,a
2023-09-12,297,55.467,15.2,a
2023-09-13,291,50.004,15.1,a
2023-09-14,293,52.088,15,a
2023-09-15,293,51.744,15.2,a
2023-09-16,289,48.077,15.1,a
2023-09-17,289,47.762,15.2,a
2023-09-18,289,47.513,15,a
2023-09-19,302,61.078,14.9,a
2023-09-20,312,73.142,14.8,a
2023-09-21,312,72.93,14.6,a
2023-09-22,306,67.104,14.6,a
2023-09-23,457,324.178,13.4,a
2023-09-24,414,234.871,11.3,a
2023-09-25,358,137.269,11.4,a
2023-09-26,326,89.481,12,a
2023-09-27,311,70.995,12.8,a
2023-09-28,303,61.829,13.1,a
2023-09-29,300,58.864,13.2,a
2023-09-30,293,51.669,13.1,a
2023-10-01,293,51.647,13.4,a
2023-10-02,293,52.369,13.4,a
2023-10-03,292,50.594,13.7,a
2023-10-04,289,48.382,13.4,a
2023-10-05,292,51.268,13.2,a
2023-10-06,290,48.981,13.2,a
2023-10-07,287,45.588,13,a
2023-10-08,284,43.358,13.3,a
2023-10-09,283,42.739,13.4,a
2023-10-10,285,44.015,13.2,a
2023-10-11,273,42.698,13.3,a
2023-10-12,284,44.251,13.4,a
2023-10-13,286,45.655,13.2,a
2023-10-14,283,42.704,13.4,a
2023-10-15,300,59.587,12.9,a
2023-10-16,307,65.645,12,a
2023-10-17,301,60.434,11.3,a
2023-10-18,291,49.731,10.9,a
2023-10-19,290,48.541,10.8,a
2023-10-20,385,187.297,11.5,a
2023-10-21,424,252.634,11.2,a
2023-10-22,384,179.59,11.1,a
2023-10-23,347,121.749,11.1,a
2023-10-24,340,113.095,11,a
2023-10-25,551,531.542,11.1,a
2023-10-26,467,338.199,10.2,a
2023-10-27,618,739.777,11.4,a
2023-10-28,598,651.854,10.6,a
2023-10-29,479,365.003,10,a
2023-10-30,444,292.498,10.5,a
2023-10-31,578,598.921,10.7,a
2023-11-01,547,520.137,9.7,a
2023-11-02,480,365.497,9.7,a
2023-11-03,713,993.876,9.9,a
2023-11-04,618,706.02,9.2,a
2023-11-05,657,829.87,9.6,a
2023-11-06,568,574.974,9.5,a
2023-11-07,481,377.205,9.4,a
2023-11-08,433,282.901,9.3,a
2023-11-09,411,242.665,8.9,a
2023-11-10,419,259.122,9.1,a
2023-11-11,417,254.664,9.4,a
2023-11-12,389,204.984,8.8,a
2023-11-13,382,194.038,8.4,a
2023-11-14,362,161.987,8.8,a
2023-11-15,354,149.147,9.2,a
2023-11-16,349,140.732,9,a
2023-11-17,339,125.221,8.8,a
2023-11-18,338,123.825,8.4,a
2023-11-19,337,120.936,8,a
2023-11-20,325,102.783,7.9,a
2023-11-21,326,105.622,8.1,a
2023-11-22,327,106.058,8.1,a
2023-11-23,319,96.126,8,a
2023-11-24,311,85.263,7.8,a
2023-11-25,314,88.818,7.6,a
2023-11-26,308,80.438,7,a
2023-11-27,316,90.339,6.7,a
2023-11-28,309,81.807,7.1,a
2023-11-29,311,83.867,6.8,a
2023-11-30,316,90.937,6.8,a
2023-12-01,428,288.843,7.1,a
2023-12-02,650,804.222,8.5,a
2023-12-03,595,648.392,7.5,a
2023-12-04,461,337.641,6.8,a
2023-12-05,412,244.056,6.7,a
2023-12-06,387,200.847,7.1,a
2023-12-07,365,165.759,7.2,a
2023-12-08,348,138.672,6.9,a
2023-12-09,338,123.319,6.7,a
2023-12-10,338,123.871,6.8,a
2023-12-11,328,108.511,7,a
2023-12-12,327,106.907,7,a
2023-12-13,384,206.668,7.5,a
2023-12-14,455,326.633,7.4,a
2023-12-15,395,213.872,7.4,a
2023-12-16,369,173.223,6.9,a
2023-12-17,353,145.937,6.5,a
2023-12-18,353,146.215,6.3,a
2023-12-19,337,122.184,6.3,a
2023-12-20,331,111.919,6.3,a
2023-12-21,332,115.802,6.2,a
2023-12-22,322,100.156,6.7,a
2023-12-23,320,96.264,6.6,a
2023-12-24,320,96.401,6.7,a
2023-12-25,308,81.34,7.2,a
2023-12-26,309,81.879,7.4,a
2023-12-27,306,79.054,7.3,a
2023-12-28,306,77.837,7.6,a
2023-12-29,306,77.639,7.5,a
2023-12-30,305,76.59,7.8,a
2023-12-31,304,75.711,7.6,a
2024-01-01,361,163.049,7.6,a
2024-01-02,366,168.422,7.2,a
2024-01-03,337,122.81,7.3,a
2024-01-04,323,101.834,7.6,a
2024-01-05,323,102.062,7.4,a
2024-01-06,394,218.741,7.5,a
2024-01-07,430,278.599,7.6,a
2024-01-08,375,182.364,7.1,a
2024-01-09,353,146.262,6.3,a
2024-01-10,336,119.512,5.6,a
2024-01-11,329,108.652,5.1,a
2024-01-12,319,94.933,4.8,a
2024-01-13,314,87.877,5,a
2024-01-14,314,88.578,4.9,a
2024-01-15,309,80.352,5.8,a
2024-01-16,308,79.874,5.8,a
2024-01-17,303,73.276,5.9,a
2024-01-18,356,155.56,6.6,a
2024-01-19,391,208.467,6.2,a
2024-01-20,365,166.151,5.1,a
2024-01-21,336,120.259,4.5,a
2024-01-22,330,112.779,4.3,a
2024-01-23,323,100.426,4.6,a
2024-01-24,318,95.086,5,a
2024-01-25,312,85.51,5.6,a
2024-01-26,318,93.927,5.6,a
2024-01-27,309,80.727,5.9,a
2024-01-28,309,80.512,5.6,a
2024-01-29,307,77.913,5.3,a
2024-01-30,302,72.306,5.1,a
2024-01-31,304,75.031,5.1,a
2024-02-01,299,68.602,5.1,a
2024-02-02,302,72.543,5.4,a
2024-02-03,298,66.556,5.5,a
2024-02-04,297,66.87,5.9,a
2024-02-05,290,58.105,6.2,a
2024-02-06,283,49.779,6.7,a
2024-02-07,286,53.552,7.3,a
2024-02-08,290,57.963,7.4,a
2024-02-09,315,90.207,7.6,a
2024-02-10,409,242.361,7.9,a
2024-02-11,414,249.221,7.9,a
2024-02-12,408,238.063,7.9,a
2024-02-13,372,176.607,7.9,a
2024-02-14,339,124.881,7.3,a
2024-02-15,331,111.735,7.2,a
2024-02-16,319,94.566,7.3,a
2024-02-17,310,83.267,7.5,a
2024-02-18,308,78.775,8,a
2024-02-19,304,74.652,7.8,a
2024-02-20,306,77.305,8.1,a
2024-02-21,302,72.088,8.2,a
2024-02-22,300,69.764,8.1,a
2024-02-23,341,131.314,8,a
2024-02-24,492,404.804,7.5,a
2024-02-25,393,212.303,7.7,a
2024-02-26,356,152.066,7.8,a
2024-02-27,345,133.104,8,a
2024-02-28,346,135.536,8.1,a
2024-02-29,344,132.531,8.1,a
2024-03-01,338,121.868,8.1,a
2024-03-02,330,110.713,8.2,a
2024-03-03,333,115.32,8.4,a
2024-03-04,329,109.352,8.3,a
2024-03-05,324,102.069,8.5,a
2024-03-06,325,103.743,8.5,a
2024-03-07,331,111.381,8.4,a
2024-03-08,329,109.486,7.6,a
2024-03-09,338,123.124,7.3,a
2024-03-10,353,146.163,7.1,a
2024-03-11,445,305.689,7.2,a
2024-03-12,396,215.592,7.7,a
2024-03-13,361,158.878,7.9,a
2024-03-14,342,128.413,8,a
2024-03-15,329,108.648,8.3,a
2024-03-16,326,103.878,8.9,a
2024-03-17,322,98.661,9.2,a
2024-03-18,320,95.231,9.2,a
2024-03-19,314,87.02,9.2,a
2024-03-20,311,83.58,9.1,a
2024-03-21,309,80.287,9.3,a
2024-03-22,307,77.78,9.8,a
2024-03-23,314,86.82,9.7,a
2024-03-24,321,97.097,9.3,a
2024-03-25,316,90.572,9,a
2024-03-26,311,83.075,8.6,a
2024-03-27,314,87.812,8.8,a
2024-03-28,409,241.117,8.2,a
2024-03-29,462,338.813,7.9,a
2024-03-30,400,223.779,8.6,a
2024-03-31,377,184.295,9.2,a
2024-04-01,385,199.996,9.3,a
2024-04-02,447,309.115,8.7,a
2024-04-03,393,211.643,8.4,a
2024-04-04,360,157.121,8.7,a
2024-04-05,345,134.192,9.4,a
2024-04-06,339,123.662,10.2,a
2024-04-07,334,116.529,10.8,a
2024-04-08,328,106.793,11.2,a
2024-04-09,331,111.856,11.4,a
2024-04-10,332,113.992,11.1,a
2024-04-11,327,106.617,10.9,a
2024-04-12,319,94.267,10.8,a
2024-04-13,315,88.763,11.5,a
2024-04-14,314,88.029,12.2,a
2024-04-15,313,85.594,12.8,a
2024-04-16,327,106.504,11.8,a
2024-04-17,329,108.053,10.2,a
2024-04-18,318,92.287,9.1,a
2024-04-19,308,79.238,9.1,a
2024-04-20,304,73.496,9.3,a
2024-04-21,295,62.961,9.5,a
2024-04-22,291,58.76,9.3,a
2024-04-23,303,73.574,8.7,a
2024-04-24,320,96.055,8.3,a
2024-04-25,318,92.409,8,a
2024-04-26,309,80.445,8.6,a
2024-04-27,307,78.051,9,a
2024-04-28,311,82.995,9.9,a
2024-04-29,314,87.672,10.7,a
2024-04-30,329,109.33,11.5,a
2024-05-01,329,108.89,11.7,a
2024-05-02,345,133.706,11.3,a
2024-05-03,364,163.366,10.3,a
2024-05-04,359,156.075,9.9,a
2024-05-05,337,120.666,10.7,a
2024-05-06,317,91.772,11.1,a
2024-05-07,316,90.059,11.1,a
2024-05-08,330,109.806,10.9,a
2024-05-09,325,103.474,11.4,a
2024-05-10,326,104.202,11.7,a
2024-05-11,319,94.168,12.3,a
2024-05-12,314,87.054,12.8,a
2024-05-13,315,88.823,12.8,a
2024-05-14,308,79.59,12.6,a
2024-05-15,307,78.4,12.5,a
2024-05-16,325,104.765,12.2,a
2024-05-17,448,314.707,11.3,a
2024-05-18,406,234.4,10.4,a
2024-05-19,366,167.403,11.3,a
2024-05-20,345,133.966,11.8,a
2024-05-21,349,140.351,11.8,a
2024-05-22,393,210.175,11.5,a
2024-05-23,384,196.984,11.3,a
2024-05-24,365,166.337,11.6,a
2024-05-25,347,137.037,11.8,a
2024-05-26,338,122.974,12.1,a
2024-05-27,332,113.216,12.4,a
2024-05-28,331,111.699,12.5,a
2024-05-29,330,109.862,12.8,a
2024-05-30,328,106.734,12.6,a
2024-05-31,361,159.271,12.3,a
2024-06-01,405,232.01,11.6,a
2024-06-02,375,182.606,11.4,a
2024-06-03,367,168.64,11.8,a
2024-06-04,370,174.393,12,a
2024-06-05,353,146.627,12.5,a
2024-06-06,337,120.795,13.2,a
2024-06-07,327,106.414,13.9,a
2024-06-08,324,101.455,14.5,a
2024-06-09,324,101.869,14.7,a
2024-06-10,322,98.402,14.4,a
2024-06-11,382,195.614,13.7,a
2024-06-12,423,266.113,11.8,a
2024-06-13,424,266.438,10.5,a
2024-06-14,391,207.601,10.7,a
2024-06-15,361,159.008,11.7,a
2024-06-16,343,130.45,12.5,a
2024-06-17,345,134.059,13,a
2024-06-18,325,103.501,13.6,a
2024-06-19,328,107.552,14.4,a
2024-06-20,319,94.498,14.8,a
2024-06-21,313,86.09,14.8,a
2024-06-22,314,89.016,15.1,a
2024-06-23,307,77.782,15.1,a
2024-06-24,306,76.529,15,a
2024-06-25,306,76.398,14.9,a
2024-06-26,313,85.111,14.7,a
2024-06-27,308,79.462,14.6,a
2024-06-28,306,76.241,15.2,a
2024-06-29,299,66.923,15.9,a
2024-06-30,296,64.573,16.4,a
2024-07-01,299,68.233,16.2,a
2024-07-02,329,109.287,15.8,a
2024-07-03,311,83.328,15.2,a
2024-07-04,298,66.713,15.1,a
2024-07-05,295,62.818,15.4,a
2024-07-06,288,56.175,15.8,a
2024-07-07,288,55.254,15.9,a
2024-07-08,287,54.349,16.4,a
2024-07-09,293,60.037,17,a
2024-07-10,287,54.785,17.3,a
2024-07-11,282,49.202,17.7,a
2024-07-12,285,52.294,17.9,a
2024-07-13,282,48.481,18.1,a
2024-07-14,280,47.152,18.3,a
2024-07-15,278,44.866,18.3,a
2024-07-16,277,44.262,18.5,a
2024-07-17,279,46.157,18.5,a
2024-07-18,286,53.949,18.5,a
2024-07-19,292,59.402,18.5,a
2024-07-20,315,89.318,17.6,a
2024-07-21,298,67.018,17.4,a
2024-07-22,288,55.184,17.4,a
2024-07-23,282,48.883,17.5,a
2024-07-24,281,47.411,17.1,a
2024-07-25,283,50.479,17.4,a
2024-07-26,280,46.864,17.6,a
2024-07-27,277,44.217,17.8,a
2024-07-28,274,40.744,17.9,a
2024-07-29,285,53.131,18.1,a
2024-07-30,284,51.199,18.1,a
2024-07-31,276,42.951,18,a
2024-08-01,278,44.497,17.9,a
2024-08-02,285,53.639,18.2,a
2024-08-03,281,49.222,17.7,a
2024-08-04,271,38.656,17.3,a
2024-08-05,273,40.264,17.2,a
2024-08-06,268,35.915,17.5,a
2024-08-07,267,35.974,17.8,a
2024-08-08,275,42.977,17.9,a
2024-08-09,284,50.012,18.2,a
2024-08-10,280,47.232,18.5,a
2024-08-11,274,40.432,18.8,a
2024-08-12,273,39.871,19,a
2024-08-13,276,42.257,19.1,a
2024-08-14,277,43.153,18.7,a
2024-08-15,275,41.753,18.7,a
2024-08-16,274,41.155,18.7,a
2024-08-17,271,38.44,18.4,a
2024-08-18,265,33.247,18.2,a
2024-08-19,264,33.442,17.9,a
2024-08-20,274,40.852,18.3,a
2024-08-21,276,43.176,18.1,a
2024-08-22,269,36.651,18.1,a
2024-08-23,266,34.182,18,a
2024-08-24,266,34.527,18.3,a
2024-08-25,265,33.701,18.4,a
2024-08-26,263,31.934,18.4,a
2024-08-27,264,32.526,18,a
2024-08-28,262,31.426,18.4,a
2024-08-29,264,32.727,18.5,a
2024-08-30,259,29.837,18.6,a
2024-08-31,263,32.058,18.6,a
2024-09-01,259,29.73,18.4,a
2024-09-02,261,30.608,18.3,a
2024-09-03,262,31.534,18.1,a
2024-09-04,258,28.839,18,a
2024-09-05,256,27.537,17.6,a
2024-09-06,262,31.298,17.3,a
2024-09-07,267,35.443,17.4,a
2024-09-08,261,30.959,17.1,a
2024-09-09,314,93.746,16.8,a
2024-09-10,352,144.714,15.7,a
2024-09-11,306,77.16,13.9,a
2024-09-12,352,150.562,14,a
2024-09-13,437,292.303,11.8,a
2024-09-14,368,170.841,10.7,a
2024-09-15,337,121.563,10.9,a
2024-09-16,313,85.992,10.9,a
2024-09-17,311,82.883,11.3,a
2024-09-18,306,77.693,11.4,a
2024-09-19,296,64,11.9,a
2024-09-20,290,56.894,12.6,a
2024-09-21,285,52.059,12.8,a
2024-09-22,280,47.148,12.9,a
2024-09-23,277,44.094,13.2,a
2024-09-24,294,61.719,13.5,a
2024-09-25,330,111.064,13.2,a
2024-09-26,322,99.349,12.8,a
2024-09-27,448,317.718,12.1,a
2024-09-28,526,472.982,10.9,a
2024-09-29,430,278.467,10.3,a
2024-09-30,373,178.834,10.2,a
2024-10-01,347,137.266,10.3,a
2024-10-02,401,247.624,10.8,a
2024-10-03,558,548.317,10.6,a
2024-10-04,587,622.654,9.8,a
2024-10-05,466,346.6,9.8,a
2024-10-06,417,254.354,9.9,a
2024-10-07,382,195.187,9.9,a
2024-10-08,376,185.267,10.2,a
2024-10-09,464,346.668,10.6,a
2024-10-10,478,372.832,10.2,a
2024-10-11,584,615.737,10.1,a
2024-10-12,470,355.435,9.7,a
2024-10-13,410,241.486,9.7,a
2024-10-14,380,192.594,9.8,a
2024-10-15,364,165.242,9.9,a
2024-10-16,351,146.087,10.2,a
2024-10-17,342,131.684,10.2,a
2024-10-18,333,118.421,10.2,a
2024-10-19,349,143.079,10.1,a
2024-10-20,340,127.743,10.2,a
2024-10-21,331,115.163,10.2,a
2024-10-22,319,97.632,10.3,a
2024-10-23,317,94.826,10.4,a
2024-10-24,338,125.967,10.6,a
2024-10-25,343,132.302,10.6,a
2024-10-26,337,123.332,10.6,a
2024-10-27,326,106.878,10.7,a
2024-10-28,321,100.766,10.7,a
2024-10-29,316,93.62,10.9,a
2024-10-30,313,88.791,10.7,a
2024-10-31,304,77.893,10.4,a
2024-11-01,302,74.998,10.1,a
2024-11-02,298,70.468,10,a
2024-11-03,295,66.123,9.9,a
2024-11-04,297,68.098,9.2,a
2024-11-05,293,64.29,9,a
2024-11-06,292,63.238,8.6,a
2024-11-07,292,62.747,8.3,a
2024-11-08,291,62.313,8,a
2024-11-09,285,56.099,7.9,a
2024-11-10,290,60.618,7.7,a
2024-11-11,288,58.382,7.5,a
2024-11-12,288,58.478,7.4,a
2024-11-13,285,54.927,7.1,a
2024-11-14,281,50.7,6.9,a
2024-11-15,279,48.69,6.7,a
2024-11-16,278,48.294,6.7,a
2024-11-17,278,47.841,6.5,a
2024-11-18,279,49.557,6.7,a
2024-11-19,278,47.845,7.1,a
2024-11-20,285,55.445,7.3,a
2024-11-21,301,73.367,6.6,a
2024-11-22,300,71.69,6.1,a
2024-11-23,288,59.386,5.9,a
2024-11-24,284,53.656,5.6,a
2024-11-25,279,49.514,5.8,a
2024-11-26,287,57.422,6.6,a
2024-11-27,305,79.182,7,a
2024-11-28,324,104.748,7.1,a
2024-11-29,306,80.525,7.3,a
2024-11-30,298,70.581,7,a
2024-12-01,287,57.669,6.5,a
2024-12-02,290,60.466,6.4,a
2024-12-03,286,57.266,6.3,a
2024-12-04,283,53.449,6.4,a
2024-12-05,286,57.156,6.3,a
2024-12-06,279,50.221,5.7,a
2024-12-07,269,40.027,5.6,a
2024-12-08,268,39.452,5.8,a
2024-12-09,274,44.351,6.1,a
2024-12-10,276,46.176,6.1,a
2024-12-11,274,44.142,5.9,a
2024-12-12,273,43.106,6.2,a
2024-12-13,271,42.025,6.1,a
2024-12-14,270,40.391,5.9,a
2024-12-15,269,39.997,5.7,a
2024-12-16,269,39.626,5.8,a
2024-12-17,269,39.725,5.6,a
2024-12-18,269,40.008,5.5,a
2024-12-19,270,40.106,5.6,a
2024-12-20,301,76.712,6,a
2024-12-21,305,79.685,5.2,a
2024-12-22,285,55.357,4.9,a
2024-12-23,285,54.601,4.9,a
2024-12-24,284,53.543,4.7,a
2024-12-25,276,46.325,4.7,a
2024-12-26,277,46.732,4.2,a
2024-12-27,270,40.64,4,a
2024-12-28,274,44.638,4,a
2024-12-29,271,41.589,4,a
2024-12-30,269,40.143,3.9,a
2024-12-31,269,39.97,3.8,a
2026-09-06,244.2,23.591,18.4,m
2026-09-07,246.4,24.621,18.6,m
2026-09-08,243.9,23.475,18.4,m
2026-09-09,247.9,25.537,17.9,m
2026-09-10,297.4,79.45,17.4,m
2026-09-11,431.5,281.958,14.6,m
2026-09-12,370.1,175.708,13.1,m
2026-09-13,315.5,93.088,13.7,m
2026-09-14,296.3,68.275,14.6,m
2026-09-15,285.6,56.688,15,m
2026-09-16,264.5,36.621,15.3,m
2026-09-17,271.3,42.554,14.9,m
2026-09-18,266.2,38.171,14.9,m
2026-09-19,261.1,33.538,15.5,m
2026-09-20,257.9,31.621,15.4,m
2026-09-21,255.2,29.692,15,m
2026-09-22,255.7,30.096,14.7,m
2026-09-23,252.9,28.175,14.3,m
2026-09-24,253.5,28.579,14,m
2026-09-25,253.2,28.425,14,m
2026-09-26,251.8,27.654,13.8,m
2026-09-27,249.8,26.454,13.6,m
2026-09-28,249.9,26.55,13.7,m
2026-09-29,245.7,24.296,13.3,m
2026-09-30,244.3,23.708,12.4,m
2026-10-01,248.4,25.771,13.1,m
2026-10-02,245.7,24.283,12.5,m
2026-10-03,244.9,23.929,11.5,m
2026-10-04,245.2,24.079,11.3,m
2026-10-05,245.9,24.414,12.1,m
2026-10-06,244.7,23.858,11.8,m
2026-10-07,246.7,24.785,12.9,m
2026-10-08,271.5,43.773,13.3,m
2026-10-09,285.1,55.855,13,m
2026-10-10,271.2,41.711,12.7,m
