date,level,flow,temp,src
1991-02-01,124,0.976,,a
1991-02-02,123,0.836,,a
1991-02-03,123,0.836,,a
1991-02-04,122,0.707,,a
1991-02-05,121,0.589,,a
1991-02-06,122,0.707,,a
1991-02-07,124,0.976,,a
1991-02-08,124,0.976,,a
1991-02-09,124,0.976,,a
1991-02-10,136,3.87,,a
1991-02-11,159,15.7,,a
1991-02-12,136,3.87,,a
1991-02-13,129,1.9,,a
1991-02-14,126,1.28,,a
1991-02-15,125,1.13,,a
1991-02-16,126,1.28,,a
1991-02-17,124,0.976,,a
1991-02-18,123,0.836,,a
1991-02-19,123,0.836,,a
1991-02-20,124,0.976,,a
1991-02-21,124,0.976,,a
1991-02-22,124,0.976,,a
1991-02-23,126,1.28,,a
1991-02-24,127,1.47,,a
1991-02-25,128,1.68,,a
1991-02-26,129,1.9,,a
1991-02-27,130,2.13,,a
1991-02-28,130,2.13,,a
1991-03-01,129,1.9,,a
1991-03-02,128,1.68,,a
1991-03-03,127,1.47,,a
1991-03-04,127,1.47,,a
1991-03-05,127,1.47,,a
1991-03-06,128,1.68,,a
1991-03-07,130,2.13,,a
1991-03-08,132,2.65,,a
1991-03-09,136,3.87,,a
1991-03-10,133,2.93,,a
1991-03-11,133,2.93,,a
1991-03-12,131,2.38,,a
1991-03-13,130,2.13,,a
1991-03-14,129,1.9,,a
1991-03-15,129,1.9,,a
1991-03-16,129,1.9,,a
1991-03-17,129,1.9,,a
1991-03-18,129,1.9,,a
1991-03-19,128,1.68,,a
1991-03-20,127,1.47,,a
1991-03-21,128,1.68,,a
1991-03-22,130,2.13,,a
1991-03-23,132,2.65,,a
1991-03-24,135,3.54,,a
1991-03-25,138,4.58,,a
1991-03-26,162,17.7,,a
1991-03-27,155,13.1,,a
1991-03-28,157,14.4,,a
1991-03-29,150,10.1,,a
1991-03-30,146,8.11,,a
1991-03-31,142,6.21,,a
1991-04-01,142,6.21,,a
1991-04-02,139,4.96,,a
1991-04-03,138,4.58,,a
1991-04-04,138,4.58,,a
1991-04-05,138,4.58,,a
1991-04-06,138,4.58,,a
1991-04-07,136,3.87,,a
1991-04-08,136,3.87,,a
1991-04-09,134,3.23,,a
1991-04-10,133,2.93,,a
1991-04-11,133,2.93,,a
1991-04-12,133,2.93,,a
1991-04-13,132,2.65,,a
1991-04-14,131,2.38,,a
1991-04-15,131,2.38,,a
1991-04-16,130,2.13,,a
1991-04-17,133,2.93,,a
1991-04-18,135,3.54,,a
1991-04-19,136,3.87,,a
1991-04-20,134,3.23,,a
1991-04-21,132,2.65,,a
1991-04-22,133,2.93,,a
1991-04-23,131,2.38,,a
1991-04-24,130,2.13,,a
1991-04-25,130,2.13,,a
1991-04-26,129,1.9,,a
1991-04-27,128,1.68,,a
1991-04-28,129,1.9,,a
1991-04-29,134,3.23,,a
1991-04-30,133,2.93,,a
1991-05-01,131,2.38,,a
1991-05-02,137,4.22,,a
1991-05-03,176,27.6,,a
1991-05-04,191,39.6,,a
1991-05-05,179,29.9,,a
1991-05-06,165,19.7,,a
1991-05-07,157,14.4,,a
1991-05-08,153,11.9,,a
1991-05-09,148,9.17,,a
1991-05-10,167,21.1,,a
1991-05-11,217,63.7,,a
1991-05-12,182,32.2,,a
1991-05-13,167,21.1,,a
1991-05-14,158,15.1,,a
1991-05-15,165,19.7,,a
1991-05-16,169,22.5,,a
1991-05-17,159,15.7,,a
1991-05-18,158,15.1,,a
1991-05-19,154,12.5,,a
1991-05-20,149,9.73,,a
1991-05-21,146,8.11,,a
1991-05-22,148,9.17,,a
1991-05-23,153,11.9,,a
1991-05-24,150,10.1,,a
1991-05-25,143,6.66,,a
1991-05-26,141,5.77,,a
1991-05-27,140,5.36,,a
1991-05-28,136,3.87,,a
1991-05-29,133,2.93,,a
1991-05-30,134,3.23,,a
1991-05-31,135,3.54,,a
1991-06-01,135,3.54,,a
1991-06-02,138,4.58,,a
1991-06-03,140,5.36,,a
1991-06-04,168,21.8,,a
1991-06-05,174,26.1,,a
1991-06-06,157,14.4,,a
1991-06-07,171,23.9,,a
1991-06-08,162,17.7,,a
1991-06-09,154,12.5,,a
1991-06-10,152,11.3,,a
1991-06-11,152,11.3,,a
1991-06-12,149,9.73,,a
1991-06-13,147,8.63,,a
1991-06-14,148,9.17,,a
1991-06-15,148,9.17,,a
1991-06-16,149,9.73,,a
1991-06-17,151,10.7,,a
1991-06-18,156,13.8,,a
1991-06-19,155,13.1,,a
1991-06-20,151,10.7,,a
1991-06-21,146,8.11,,a
1991-06-22,142,6.21,,a
1991-06-23,145,7.61,,a
1991-06-24,149,9.73,,a
1991-06-25,145,7.61,,a
1991-06-26,145,7.61,,a
1991-06-27,151,10.7,,a
1991-06-28,185,34.6,,a
1991-06-29,168,21.8,,a
1991-06-30,159,15.7,,a
1991-07-01,152,11.3,,a
1991-07-02,145,7.61,,a
1991-07-03,144,7.12,,a
1991-07-04,142,6.21,,a
1991-07-05,142,6.21,,a
1991-07-06,141,5.77,,a
1991-07-07,139,4.96,,a
1991-07-08,139,4.96,,a
1991-07-09,139,4.96,,a
1991-07-10,138,4.58,,a
1991-07-11,135,3.54,,a
1991-07-12,134,3.23,,a
1991-07-13,136,3.87,,a
1991-07-14,148,9.17,,a
1991-07-15,150,10.1,,a
1991-07-16,141,5.77,,a
1991-07-17,137,4.22,,a
1991-07-18,138,4.58,,a
1991-07-19,136,3.87,,a
1991-07-20,133,2.93,,a
1991-07-21,137,4.22,,a
1991-07-22,139,4.96,,a
1991-07-23,136,3.87,,a
1991-07-24,132,2.65,,a
1991-07-25,163,18.3,,a
1991-07-26,163,18.5,,a
1991-07-27,148,9.81,,a
1991-07-28,143,7.25,,a
1991-07-29,153,12.5,,a
1991-07-30,147,9.28,,a
1991-07-31,142,6.76,,a
1991-08-01,141,6.28,,a
1991-08-02,139,5.49,,a
1991-08-03,136,4.44,,a
1991-08-04,135,4.13,,a
1991-08-05,132,3.26,,a
1991-08-06,132,3.26,,a
1991-08-07,131,3.01,,a
1991-08-08,130,2.76,,a
1991-08-09,130,2.76,,a
1991-08-10,128,2.32,,a
1991-08-11,128,2.32,,a
1991-08-12,131,3.01,,a
1991-08-13,133,3.54,,a
1991-08-14,149,10.3,,a
1991-08-15,157,14.8,,a
1991-08-16,134,3.82,,a
1991-08-17,128,2.32,,a
1991-08-18,129,2.53,,a
1991-08-19,171,23.9,,a
1991-08-20,147,9.28,,a
1991-08-21,139,5.49,,a
1991-08-22,136,4.44,,a
1991-08-23,132,3.26,,a
1991-08-24,130,2.76,,a
1991-08-25,129,2.53,,a
1991-08-26,129,2.53,,a
1991-08-27,128,2.32,,a
1991-08-28,128,2.32,,a
1991-08-29,128,2.32,,a
1991-08-30,126,1.93,,a
1991-08-31,124,1.59,,a
1991-09-01,118,0.886,,a
1991-09-02,114,0.499,,a
1991-09-03,114,0.499,,a
1991-09-04,115,0.578,,a
1991-09-05,115,0.578,,a
1991-09-06,115,0.578,,a
1991-09-07,115,0.578,,a
1991-09-08,115,0.578,,a
1991-09-09,118,0.886,,a
1991-09-10,117,0.757,,a
1991-09-11,115,0.578,,a
1991-09-12,115,0.578,,a
1991-09-13,118,0.886,,a
1991-09-14,115,0.578,,a
1991-09-15,115,0.578,,a
1991-09-16,114,0.499,,a
1991-09-17,114,0.499,,a
1991-09-18,115,0.578,,a
1991-09-19,114,0.499,,a
1991-09-20,114,0.499,,a
1991-09-21,115,0.578,,a
1991-09-22,115,0.578,,a
1991-09-23,132,3.26,,a
1991-09-24,125,1.75,,a
1991-09-25,118,0.886,,a
1991-09-26,116,0.664,,a
1991-09-27,128,2.32,,a
1991-09-28,123,1.44,,a
1991-09-29,119,0.972,,a
1991-09-30,122,1.31,,a
1991-10-01,142,6.76,,a
1991-10-02,132,3.26,,a
1991-10-03,124,1.59,,a
1991-10-04,121,1.18,,a
1991-10-05,120,1.07,,a
1991-10-06,118,0.886,,a
1991-10-07,118,0.886,,a
1991-10-08,125,1.75,,a
1991-10-09,128,2.32,,a
1991-10-10,121,1.18,,a
1991-10-11,119,0.972,,a
1991-10-12,123,1.44,,a
1991-10-13,146,8.76,,a
1991-10-14,147,9.28,,a
1991-10-15,154,13.1,,a
1991-10-16,153,12.5,,a
1991-10-17,143,7.25,,a
1991-10-18,157,14.8,,a
1991-10-19,179,29.7,,a
1991-10-20,164,19.2,,a
1991-10-21,151,11.4,,a
1991-10-22,144,7.75,,a
1991-10-23,140,5.8,,a
1991-10-24,136,4.44,,a
1991-10-25,134,3.82,,a
1991-10-26,131,3.01,,a
1991-10-27,128,2.32,,a
1991-10-28,127,2.12,,a
1991-10-29,126,1.93,,a
1991-10-30,123,1.44,,a
1991-10-31,122,1.31,,a
1991-11-01,120,1.07,,a
1991-11-02,119,0.972,,a
1991-11-03,118,0.886,,a
1991-11-04,133,3.54,,a
1991-11-05,192,40.4,,a
1991-11-06,170,23.2,,a
1991-11-07,159,16,,a
1991-11-08,151,11.4,,a
1991-11-09,144,7.75,,a
1991-11-10,143,7.25,,a
1991-11-11,138,5.12,,a
1991-11-12,135,4.13,,a
1991-11-13,132,3.26,,a
1991-11-14,162,17.9,,a
1991-11-15,164,19.2,,a
1991-11-16,185,34.5,,a
1991-11-17,186,35.3,,a
1991-11-18,165,19.8,,a
1991-11-19,157,14.8,,a
1991-11-20,221,68.4,,a
1991-11-21,204,51.1,,a
1991-11-22,190,38.7,,a
1991-11-23,177,28.2,,a
1991-11-24,168,21.8,,a
1991-11-25,164,19.2,,a
1991-11-26,157,14.8,,a
1991-11-27,151,11.4,,a
1991-11-28,147,9.28,,a
1991-11-29,144,7.75,,a
1991-11-30,141,6.28,,a
1991-12-01,138,5.12,,a
1991-12-02,136,4.44,,a
1991-12-03,134,3.82,,a
1991-12-04,132,3.26,,a
1991-12-05,131,3.01,,a
1991-12-06,129,2.53,,a
1991-12-07,127,2.12,,a
1991-12-08,125,1.75,,a
1991-12-09,124,1.59,,a
1991-12-10,123,1.44,,a
1991-12-11,123,1.44,,a
1991-12-12,121,1.18,,a
1991-12-13,119,0.972,,a
1991-12-14,118,0.886,,a
1991-12-15,117,0.757,,a
1991-12-16,117,0.757,,a
1991-12-17,117,0.757,,a
1991-12-18,117,0.757,,a
1991-12-19,117,0.757,,a
1991-12-20,116,0.664,,a
1991-12-21,117,0.757,,a
1991-12-22,117,0.757,,a
1991-12-23,118,0.886,,a
1991-12-24,118,0.886,,a
1991-12-25,117,0.757,,a
1991-12-26,116,0.664,,a
1991-12-27,117,0.757,,a
1991-12-28,115,0.578,,a
1991-12-29,114,0.499,,a
1991-12-30,114,0.499,,a
1991-12-31,115,0.578,,a
1992-01-01,114,0.499,,a
1992-01-02,114,0.499,,a
1992-01-03,113,0.426,,a
1992-01-04,113,0.426,,a
1992-01-05,113,0.426,,a
1992-01-06,113,0.426,,a
1992-01-07,112,0.359,,a
1992-01-08,111,0.298,,a
1992-01-09,111,0.298,,a
1992-01-10,113,0.426,,a
1992-01-11,116,0.664,,a
1992-01-12,115,0.578,,a
1992-01-13,113,0.426,,a
1992-01-14,113,0.426,,a
1992-01-15,112,0.359,,a
1992-01-16,112,0.359,,a
1992-01-17,112,0.359,,a
1992-01-18,110,0.243,,a
1992-01-19,110,0.243,,a
1992-01-20,110,0.243,,a
1992-01-21,110,0.243,,a
1992-01-22,110,0.243,,a
1992-01-23,110,0.243,,a
1992-01-24,112,0.359,,a
1992-01-25,110,0.243,,a
1992-01-26,108,0.152,,a
1992-01-27,108,0.152,,a
1992-01-28,108,0.152,,a
1992-01-29,109,0.195,,a
1992-01-30,110,0.243,,a
1992-01-31,109,0.195,,a
1992-02-01,109,0.195,,a
1992-02-02,109,0.195,,a
1992-02-03,109,0.195,,a
1992-02-04,109,0.195,,a
1992-02-05,109,0.195,,a
1992-02-06,109,0.195,,a
1992-02-07,109,0.195,,a
1992-02-08,109,0.195,,a
1992-02-09,109,0.195,,a
1992-02-10,112,0.359,,a
1992-02-11,127,2.12,,a
1992-02-12,120,1.07,,a
1992-02-13,119,0.972,,a
1992-02-14,127,2.12,,a
1992-02-15,126,1.93,,a
1992-02-16,120,1.07,,a
1992-02-17,124,1.59,,a
1992-02-18,119,0.972,,a
1992-02-19,115,0.578,,a
1992-02-20,115,0.578,,a
1992-02-21,113,0.426,,a
1992-02-22,113,0.426,,a
1992-02-23,112,0.359,,a
1992-02-24,112,0.359,,a
1992-02-25,112,0.359,,a
1992-02-26,110,0.243,,a
1992-02-27,110,0.243,,a
1992-02-28,110,0.243,,a
1992-02-29,110,0.243,,a
1992-03-01,110,0.243,,a
1992-03-02,108,0.152,,a
1992-03-03,108,0.152,,a
1992-03-04,108,0.152,,a
1992-03-05,107,0.115,,a
1992-03-06,107,0.115,,a
1992-03-07,107,0.115,,a
1992-03-08,107,0.115,,a
1992-03-09,107,0.115,,a
1992-03-10,107,0.115,,a
1992-03-11,107,0.115,,a
1992-03-12,107,0.115,,a
1992-03-13,107,0.115,,a
1992-03-14,107,0.115,,a
1992-03-15,107,0.115,,a
1992-03-16,106,0.083,,a
1992-03-17,106,0.083,,a
1992-03-18,105,0.058,,a
1992-03-19,105,0.058,,a
1992-03-20,105,0.058,,a
1992-03-21,105,0.058,,a
1992-03-22,105,0.058,,a
1992-03-23,105,0.058,,a
1992-03-24,166,20.5,,a
1992-03-25,190,38.7,,a
1992-03-26,157,14.8,,a
1992-03-27,151,11.4,,a
1992-03-28,150,10.9,,a
1992-03-29,151,11.4,,a
1992-03-30,146,8.76,,a
1992-03-31,143,7.25,,a
1992-04-01,154,13.1,,a
1992-04-02,150,10.9,,a
1992-04-03,143,7.25,,a
1992-04-04,142,6.76,,a
1992-04-05,144,7.75,,a
1992-04-06,159,16,,a
1992-04-07,154,13.1,,a
1992-04-08,145,8.25,,a
1992-04-09,140,5.8,,a
1992-04-10,137,4.78,,a
1992-04-11,133,3.54,,a
1992-04-12,131,3.01,,a
1992-04-13,130,2.76,,a
1992-04-14,129,2.53,,a
1992-04-15,128,2.32,,a
1992-04-16,139,5.49,,a
1992-04-17,139,5.49,,a
1992-04-18,135,4.13,,a
1992-04-19,132,3.26,,a
1992-04-20,131,3.01,,a
1992-04-21,130,2.76,,a
1992-04-22,127,2.12,,a
1992-04-23,126,1.93,,a
1992-04-24,126,1.93,,a
1992-04-25,126,1.93,,a
1992-04-26,130,2.76,,a
1992-04-27,135,4.13,,a
1992-04-28,137,4.78,,a
1992-04-29,141,6.28,,a
1992-04-30,176,27.5,,a
1992-05-01,158,15.4,,a
1992-05-02,153,12.5,,a
1992-05-03,149,10.3,,a
1992-05-04,146,8.76,,a
1992-05-05,142,6.76,,a
1992-05-06,140,5.8,,a
1992-05-07,137,4.78,,a
1992-05-08,136,4.44,,a
1992-05-09,136,4.44,,a
1992-05-10,135,4.13,,a
1992-05-11,138,5.12,,a
1992-05-12,140,5.8,,a
1992-05-13,135,4.13,,a
1992-05-14,133,3.54,,a
1992-05-15,134,3.82,,a
1992-05-16,133,3.54,,a
1992-05-17,133,3.54,,a
1992-05-18,134,3.82,,a
1992-05-19,132,3.26,,a
1992-05-20,129,2.53,,a
1992-05-21,126,1.93,,a
1992-05-22,125,1.75,,a
1992-05-23,126,1.93,,a
1992-05-24,127,2.12,,a
1992-05-25,127,2.12,,a
1992-05-26,125,1.75,,a
1992-05-27,124,1.59,,a
1992-05-28,124,1.59,,a
1992-05-29,124,1.59,,a
1992-05-30,126,1.93,,a
1992-05-31,125,1.75,,a
1992-06-01,125,1.75,,a
1992-06-02,127,2.12,,a
1992-06-03,132,3.26,,a
1992-06-04,136,4.44,,a
1992-06-05,136,4.44,,a
1992-06-06,129,2.53,,a
1992-06-07,127,2.12,,a
1992-06-08,127,2.12,,a
1992-06-09,129,2.53,,a
1992-06-10,127,2.12,,a
1992-06-11,126,1.93,,a
1992-06-12,136,4.44,,a
1992-06-13,156,14.3,,a
1992-06-14,146,8.76,,a
1992-06-15,142,6.76,,a
1992-06-16,137,4.78,,a
1992-06-17,134,3.82,,a
1992-06-18,132,3.26,,a
1992-06-19,131,3.01,,a
1992-06-20,132,3.26,,a
1992-06-21,131,3.01,,a
1992-06-22,130,2.76,,a
1992-06-23,126,1.93,,a
1992-06-24,126,1.93,,a
1992-06-25,125,1.75,,a
1992-06-26,123,1.44,,a
1992-06-27,121,1.18,,a
1992-06-28,121,1.18,,a
1992-06-29,120,1.07,,a
1992-06-30,119,0.972,,a
1992-07-01,118,0.886,,a
1992-07-02,117,0.757,,a
1992-07-03,117,0.757,,a
1992-07-04,117,0.757,,a
1992-07-05,120,1.07,,a
1992-07-06,124,1.59,,a
1992-07-07,118,0.886,,a
1992-07-08,117,0.757,,a
1992-07-09,116,0.664,,a
1992-07-10,117,0.757,,a
1992-07-11,118,0.886,,a
1992-07-12,122,1.31,,a
1992-07-13,120,1.07,,a
1992-07-14,118,0.886,,a
1992-07-15,117,0.757,,a
1992-07-16,116,0.664,,a
1992-07-17,119,0.972,,a
1992-07-18,118,0.886,,a
1992-07-19,117,0.757,,a
1992-07-20,116,0.664,,a
1992-07-21,116,0.664,,a
1992-07-22,116,0.664,,a
1992-07-23,116,0.664,,a
1992-07-24,116,0.664,,a
1992-07-25,116,0.664,,a
1992-07-26,116,0.664,,a
1992-07-27,116,0.664,,a
1992-07-28,116,0.664,,a
1992-07-29,116,0.664,,a
1992-07-30,115,0.578,,a
1992-07-31,112,0.359,,a
1992-08-01,111,0.298,,a
1992-08-02,112,0.359,,a
1992-08-03,111,0.298,,a
1992-08-04,116,0.664,,a
1992-08-05,116,0.664,,a
1992-08-06,112,0.359,,a
1992-08-07,112,0.359,,a
1992-08-08,111,0.298,,a
1992-08-09,109,0.195,,a
1992-08-10,108,0.152,,a
1992-08-11,106,0.083,,a
1992-08-12,107,0.115,,a
1992-08-13,107,0.115,,a
1992-08-14,107,0.115,,a
1992-08-15,107,0.115,,a
1992-08-16,107,0.115,,a
1992-08-17,107,0.115,,a
1992-08-18,106,0.083,,a
1992-08-19,105,0.058,,a
1992-08-20,105,0.058,,a
1992-08-21,106,0.083,,a
1992-08-22,106,0.083,,a
1992-08-23,106,0.083,,a
1992-08-24,106,0.083,,a
1992-08-25,106,0.083,,a
1992-08-26,106,0.083,,a
1992-08-27,106,0.083,,a
1992-08-28,106,0.083,,a
1992-08-29,106,0.083,,a
1992-08-30,106,0.083,,a
1992-08-31,106,0.083,,a
1992-09-01,106,0.083,,a
1992-09-02,108,0.152,,a
1992-09-03,109,0.195,,a
1992-09-04,115,0.578,,a
1992-09-05,133,3.54,,a
1992-09-06,120,1.07,,a
1992-09-07,116,0.664,,a
1992-09-08,113,0.426,,a
1992-09-09,113,0.426,,a
1992-09-10,110,0.243,,a
1992-09-11,107,0.115,,a
1992-09-12,106,0.083,,a
1992-09-13,106,0.083,,a
1992-09-14,106,0.083,,a
1992-09-15,106,0.083,,a
1992-09-16,106,0.083,,a
1992-09-17,106,0.083,,a
1992-09-18,106,0.083,,a
1992-09-19,106,0.083,,a
1992-09-20,106,0.083,,a
1992-09-21,106,0.083,,a
1992-09-22,106,0.083,,a
1992-09-23,106,0.083,,a
1992-09-24,106,0.083,,a
1992-09-25,108,0.152,,a
1992-09-26,106,0.083,,a
1992-09-27,106,0.083,,a
1992-09-28,106,0.083,,a
1992-09-29,107,0.115,,a
1992-09-30,108,0.152,,a
1992-10-01,109,0.195,,a
1992-10-02,109,0.195,,a
1992-10-03,109,0.195,,a
1992-10-04,128,2.32,,a
1992-10-05,144,7.75,,a
1992-10-06,160,16.7,,a
1992-10-07,144,7.75,,a
1992-10-08,135,4.13,,a
1992-10-09,129,2.53,,a
1992-10-10,137,4.78,,a
1992-10-11,137,4.78,,a
1992-10-12,146,8.76,,a
1992-10-13,141,6.28,,a
1992-10-14,133,3.54,,a
1992-10-15,130,2.76,,a
1992-10-16,135,4.13,,a
1992-10-17,171,23.9,,a
1992-10-18,225,72.7,,a
1992-10-19,186,35.3,,a
1992-10-20,167,21.1,,a
1992-10-21,169,22.5,,a
1992-10-22,175,26.8,,a
1992-10-23,162,17.9,,a
1992-10-24,152,12,,a
1992-10-25,145,8.25,,a
1992-10-26,145,8.25,,a
1992-10-27,142,6.76,,a
1992-10-28,137,4.78,,a
1992-10-29,191,39.6,,a
1992-10-30,215,62.2,,a
1992-10-31,195,43.1,,a
1992-11-01,184,33.7,,a
1992-11-02,177,28.2,,a
1992-11-03,169,22.5,,a
1992-11-04,192,40.4,,a
1992-11-05,174,26,,a
1992-11-06,163,18.5,,a
1992-11-07,155,13.7,,a
1992-11-08,150,10.9,,a
1992-11-09,144,7.75,,a
1992-11-10,141,6.28,,a
1992-11-11,137,4.78,,a
1992-11-12,135,4.13,,a
1992-11-13,132,3.26,,a
1992-11-14,130,2.76,,a
1992-11-15,128,2.32,,a
1992-11-16,194,42.2,,a
1992-11-17,231,79.2,,a
1992-11-18,190,38.7,,a
1992-11-19,171,23.9,,a
1992-11-20,159,16,,a
1992-11-21,151,12.2,,a
1992-11-22,144,8.85,,a
1992-11-23,139,6.76,,a
1992-11-24,136,5.66,,a
1992-11-25,135,5.32,,a
1992-11-26,133,4.68,,a
1992-11-27,130,3.81,,a
1992-11-28,129,3.54,,a
1992-11-29,126,2.81,,a
1992-11-30,125,2.61,,a
1992-12-01,123,2.22,,a
1992-12-02,124,2.41,,a
1992-12-03,145,9.31,,a
1992-12-04,174,26.8,,a
1992-12-05,195,43.1,,a
1992-12-06,220,66.7,,a
1992-12-07,177,28.9,,a
1992-12-08,163,19.4,,a
1992-12-09,156,15.1,,a
1992-12-10,149,11.3,,a
1992-12-11,144,8.85,,a
1992-12-12,140,7.15,,a
1992-12-13,136,5.66,,a
1992-12-14,138,6.38,,a
1992-12-15,138,6.38,,a
1992-12-16,136,5.66,,a
1992-12-17,134,4.99,,a
1992-12-18,132,4.38,,a
1992-12-19,131,4.09,,a
1992-12-20,128,3.29,,a
1992-12-21,128,3.29,,a
1992-12-22,127,3.04,,a
1992-12-23,127,3.04,,a
1992-12-24,126,2.81,,a
1992-12-25,126,2.81,,a
1992-12-26,125,2.61,,a
1992-12-27,124,2.41,,a
1992-12-28,124,2.41,,a
1992-12-29,124,2.41,,a
1992-12-30,121,1.87,,a
1992-12-31,119,1.55,,a
1993-01-01,120,1.7,,a
1993-01-02,121,1.87,,a
1993-01-03,117,1.26,,a
1993-01-04,115,1.01,,a
1993-01-05,114,0.898,,a
1993-01-06,113,0.792,,a
1993-01-07,113,0.792,,a
1993-01-08,112,0.693,,a
1993-01-09,111,0.602,,a
1993-01-10,111,0.602,,a
1993-01-11,111,0.602,,a
1993-01-12,113,0.792,,a
1993-01-13,114,0.898,,a
1993-01-14,114,0.898,,a
1993-01-15,112,0.693,,a
1993-01-16,111,0.602,,a
1993-01-17,111,0.602,,a
1993-01-18,111,0.602,,a
1993-01-19,111,0.602,,a
1993-01-20,111,0.602,,a
1993-01-21,111,0.602,,a
1993-01-22,111,0.602,,a
1993-01-23,111,0.602,,a
1993-01-24,111,0.602,,a
1993-01-25,111,0.602,,a
1993-01-26,110,0.518,,a
1993-01-27,110,0.518,,a
1993-01-28,110,0.518,,a
1993-01-29,108,0.383,,a
1993-01-30,108,0.383,,a
1993-01-31,108,0.383,,a
1993-02-01,108,0.383,,a
1993-02-02,109,0.451,,a
1993-02-03,109,0.451,,a
1993-02-04,109,0.451,,a
1993-02-05,109,0.451,,a
1993-02-06,109,0.451,,a
1993-02-07,109,0.451,,a
1993-02-08,108,0.383,,a
1993-02-09,108,0.383,,a
1993-02-10,109,0.451,,a
1993-02-11,109,0.451,,a
1993-02-12,109,0.451,,a
1993-02-13,109,0.451,,a
1993-02-14,109,0.451,,a
1993-02-15,109,0.451,,a
1993-02-16,108,0.383,,a
1993-02-17,108,0.383,,a
1993-02-18,108,0.383,,a
1993-02-19,108,0.383,,a
1993-02-20,108,0.383,,a
1993-02-21,108,0.383,,a
1993-02-22,108,0.383,,a
1993-02-23,108,0.383,,a
1993-02-24,108,0.383,,a
1993-02-25,108,0.383,,a
1993-02-26,108,0.383,,a
1993-02-27,108,0.383,,a
1993-02-28,108,0.383,,a
1993-03-01,107,0.322,,a
1993-03-02,107,0.322,,a
1993-03-03,107,0.322,,a
1993-03-04,107,0.322,,a
1993-03-05,107,0.322,,a
1993-03-06,107,0.322,,a
1993-03-07,107,0.322,,a
1993-03-08,107,0.322,,a
1993-03-09,107,0.322,,a
1993-03-10,106,0.266,,a
1993-03-11,106,0.266,,a
1993-03-12,106,0.266,,a
1993-03-13,106,0.266,,a
1993-03-14,105,0.217,,a
1993-03-15,104,0.173,,a
1993-03-16,104,0.173,,a
1993-03-17,104,0.173,,a
1993-03-18,104,0.173,,a
1993-03-19,104,0.173,,a
1993-03-20,104,0.173,,a
1993-03-21,104,0.173,,a
1993-03-22,104,0.173,,a
1993-03-23,104,0.173,,a
1993-03-24,104,0.173,,a
1993-03-25,105,0.217,,a
1993-03-26,105,0.217,,a
1993-03-27,104,0.173,,a
1993-03-28,103,0.135,,a
1993-03-29,102,0.102,,a
1993-03-30,102,0.102,,a
1993-03-31,101,0.075,,a
1993-04-01,100,0.053,,a
1993-04-02,100,0.053,,a
1993-04-03,100,0.053,,a
1993-04-04,100,0.053,,a
1993-04-05,102,0.102,,a
1993-04-06,103,0.135,,a
1993-04-07,103,0.135,,a
1993-04-08,104,0.173,,a
1993-04-09,104,0.173,,a
1993-04-10,104,0.173,,a
1993-04-11,104,0.173,,a
1993-04-12,107,0.322,,a
1993-04-13,115,1.01,,a
1993-04-14,124,2.41,,a
1993-04-15,117,1.26,,a
1993-04-16,114,0.898,,a
1993-04-17,111,0.602,,a
1993-04-18,111,0.602,,a
1993-04-19,110,0.518,,a
1993-04-20,110,0.518,,a
1993-04-21,110,0.518,,a
1993-04-22,111,0.602,,a
1993-04-23,111,0.602,,a
1993-04-24,111,0.602,,a
1993-04-25,112,0.693,,a
1993-04-26,112,0.693,,a
1993-04-27,112,0.693,,a
1993-04-28,112,0.693,,a
1993-04-29,112,0.693,,a
1993-04-30,113,0.792,,a
1993-05-01,114,0.898,,a
1993-05-02,115,1.01,,a
1993-05-03,115,1.01,,a
1993-05-04,113,0.792,,a
1993-05-05,113,0.792,,a
1993-05-06,112,0.693,,a
1993-05-07,112,0.693,,a
1993-05-08,114,0.898,,a
1993-05-09,114,0.898,,a
1993-05-10,114,0.898,,a
1993-05-11,113,0.792,,a
1993-05-12,112,0.693,,a
1993-05-13,112,0.693,,a
1993-05-14,112,0.693,,a
1993-05-15,112,0.693,,a
1993-05-16,112,0.693,,a
1993-05-17,113,0.792,,a
1993-05-18,112,0.693,,a
1993-05-19,112,0.693,,a
1993-05-20,114,0.898,,a
1993-05-21,113,0.792,,a
1993-05-22,113,0.792,,a
1993-05-23,112,0.693,,a
1993-05-24,111,0.602,,a
1993-05-25,111,0.602,,a
1993-05-26,111,0.602,,a
1993-05-27,111,0.602,,a
1993-05-28,115,1.01,,a
1993-05-29,114,0.898,,a
1993-05-30,113,0.792,,a
1993-05-31,112,0.693,,a
1993-06-01,111,0.602,,a
1993-06-02,108,0.383,,a
1993-06-03,107,0.322,,a
1993-06-04,108,0.383,,a
1993-06-05,113,0.792,,a
1993-06-06,114,0.898,,a
1993-06-07,113,0.792,,a
1993-06-08,113,0.792,,a
1993-06-09,114,0.898,,a
1993-06-10,113,0.792,,a
1993-06-11,113,0.792,,a
1993-06-12,112,0.693,,a
1993-06-13,111,0.602,,a
1993-06-14,110,0.518,,a
1993-06-15,110,0.518,,a
1993-06-16,110,0.518,,a
1993-06-17,110,0.518,,a
1993-06-18,111,0.602,,a
1993-06-19,110,0.518,,a
1993-06-20,110,0.518,,a
1993-06-21,110,0.518,,a
1993-06-22,110,0.518,,a
1993-06-23,111,0.602,,a
1993-06-24,125,2.61,,a
1993-06-25,126,2.81,,a
1993-06-26,118,1.4,,a
1993-06-27,115,1.01,,a
1993-06-28,117,1.26,,a
1993-06-29,115,1.01,,a
1993-06-30,113,0.792,,a
1993-07-01,111,0.602,,a
1993-07-02,109,0.451,,a
1993-07-03,109,0.451,,a
1993-07-04,109,0.451,,a
1993-07-05,109,0.451,,a
1993-07-06,110,0.518,,a
1993-07-07,110,0.518,,a
1993-07-08,108,0.383,,a
1993-07-09,105,0.217,,a
1993-07-10,105,0.217,,a
1993-07-11,105,0.217,,a
1993-07-12,108,0.383,,a
1993-07-13,111,0.602,,a
1993-07-14,111,0.602,,a
1993-07-15,111,0.602,,a
1993-07-16,110,0.518,,a
1993-07-17,110,0.518,,a
1993-07-18,110,0.518,,a
1993-07-19,110,0.518,,a
1993-07-20,109,0.451,,a
1993-07-21,109,0.451,,a
1993-07-22,109,0.451,,a
1993-07-23,109,0.451,,a
1993-07-24,106,0.266,,a
1993-07-25,105,0.217,,a
1993-07-26,116,1.13,,a
1993-07-27,134,4.99,,a
1993-07-28,122,2.04,,a
1993-07-29,117,1.26,,a
1993-07-30,114,0.898,,a
1993-07-31,108,0.383,,a
1993-08-01,108,0.383,,a
1993-08-02,107,0.322,,a
1993-08-03,104,0.173,,a
1993-08-04,103,0.135,,a
1993-08-05,103,0.135,,a
1993-08-06,103,0.135,,a
1993-08-07,102,0.102,,a
1993-08-08,101,0.075,,a
1993-08-09,102,0.102,,a
1993-08-10,106,0.266,,a
1993-08-11,108,0.383,,a
1993-08-12,106,0.266,,a
1993-08-13,103,0.135,,a
1993-08-14,103,0.135,,a
1993-08-15,109,0.451,,a
1993-08-16,115,1.01,,a
1993-08-17,116,1.13,,a
1993-08-18,119,1.55,,a
1993-08-19,118,1.4,,a
1993-08-20,117,1.26,,a
1993-08-21,118,1.4,,a
1993-08-22,116,1.13,,a
1993-08-23,116,1.13,,a
1993-08-24,113,0.792,,a
1993-08-25,114,0.898,,a
1993-08-26,122,2.04,,a
1993-08-27,119,1.55,,a
1993-08-28,118,1.4,,a
1993-08-29,117,1.26,,a
1993-08-30,109,0.451,,a
1993-08-31,105,0.217,,a
1993-09-01,105,0.217,,a
1993-09-02,104,0.173,,a
1993-09-03,103,0.135,,a
1993-09-04,103,0.135,,a
1993-09-05,104,0.173,,a
1993-09-06,103,0.135,,a
1993-09-07,102,0.102,,a
1993-09-08,102,0.102,,a
1993-09-09,102,0.102,,a
1993-09-10,112,0.693,,a
1993-09-11,144,8.85,,a
1993-09-12,127,3.04,,a
1993-09-13,123,2.22,,a
1993-09-14,123,2.22,,a
1993-09-15,131,4.09,,a
1993-09-16,124,2.41,,a
1993-09-17,146,9.79,,a
1993-09-18,145,9.31,,a
1993-09-19,138,6.38,,a
1993-09-20,132,4.38,,a
1993-09-21,127,3.04,,a
1993-09-22,122,2.04,,a
1993-09-23,121,1.87,,a
1993-09-24,120,1.7,,a
1993-09-25,118,1.4,,a
1993-09-26,151,12.2,,a
1993-09-27,154,13.9,,a
1993-09-28,143,8.61,,a
1993-09-29,148,10.8,,a
1993-09-30,150,11.8,,a
1993-10-01,140,7.41,,a
1993-10-02,147,10.4,,a
1993-10-03,187,36.9,,a
1993-10-04,163,19.2,,a
1993-10-05,152,12.8,,a
1993-10-06,143,8.61,,a
1993-10-07,174,26.9,,a
1993-10-08,164,19.9,,a
1993-10-09,186,36.1,,a
1993-10-10,169,23.3,,a
1993-10-11,158,16.2,,a
1993-10-12,148,10.8,,a
1993-10-13,142,8.2,,a
1993-10-14,139,7.04,,a
1993-10-15,140,7.41,,a
1993-10-16,138,6.67,,a
1993-10-17,133,5.01,,a
1993-10-18,135,5.64,,a
1993-10-19,134,5.32,,a
1993-10-20,132,4.71,,a
1993-10-21,143,8.61,,a
1993-10-22,233,80.3,,a
1993-10-23,221,67.7,,a
1993-10-24,209,56,,a
1993-10-25,185,35.3,,a
1993-10-26,170,24,,a
1993-10-27,159,16.8,,a
1993-10-28,152,12.8,,a
1993-10-29,146,9.91,,a
1993-10-30,141,7.8,,a
1993-10-31,139,7.04,,a
1993-11-01,136,5.97,,a
1993-11-02,133,5.01,,a
1993-11-03,131,4.42,,a
1993-11-04,130,4.13,,a
1993-11-05,129,3.86,,a
1993-11-06,170,24,,a
1993-11-07,159,16.8,,a
1993-11-08,157,15.6,,a
1993-11-09,151,12.3,,a
1993-11-10,145,9.46,,a
1993-11-11,141,7.8,,a
1993-11-12,142,8.2,,a
1993-11-13,143,8.61,,a
1993-11-14,140,7.41,,a
1993-11-15,148,10.8,,a
1993-11-16,147,10.4,,a
1993-11-17,141,7.8,,a
1993-11-18,137,6.32,,a
1993-11-19,133,5.01,,a
1993-11-20,131,4.42,,a
1993-11-21,130,4.13,,a
1993-11-22,129,3.86,,a
1993-11-23,126,3.11,,a
1993-11-24,125,2.87,,a
1993-11-25,125,2.87,,a
1993-11-26,124,2.71,,a
1993-11-27,123,2.5,,a
1993-11-28,121,2.13,,a
1993-11-29,122,2.31,,a
1993-11-30,120,1.96,,a
1993-12-01,120,1.96,,a
1993-12-02,119,1.79,,a
1993-12-03,119,1.79,,a
1993-12-04,119,1.79,,a
1993-12-05,118,1.63,,a
1993-12-06,117,1.49,,a
1993-12-07,117,1.49,,a
1993-12-08,116,1.35,,a
1993-12-09,118,1.63,,a
1993-12-10,120,1.96,,a
1993-12-11,128,3.6,,a
1993-12-12,132,4.71,,a
1993-12-13,124,2.71,,a
1993-12-14,144,9.03,,a
1993-12-15,200,47.9,,a
1993-12-16,170,24,,a
1993-12-17,157,15.6,,a
1993-12-18,145,9.46,,a
1993-12-19,139,7.04,,a
1993-12-20,137,6.32,,a
1993-12-21,136,5.97,,a
1993-12-22,146,9.91,,a
1993-12-23,140,7.41,,a
1993-12-24,140,7.41,,a
1993-12-25,154,13.9,,a
1993-12-26,148,10.8,,a
1993-12-27,141,7.8,,a
1993-12-28,138,6.67,,a
1993-12-29,135,5.64,,a
1993-12-30,132,4.71,,a
1993-12-31,131,4.42,,a
1994-01-01,158,14.883,,a
1994-01-02,147,10.449,,a
1994-01-03,140,7.518,,a
1994-01-04,140,7.518,,a
1994-01-05,187,38.421,,a
1994-01-06,158,14.883,,a
1994-01-07,149,11.394,,a
1994-01-08,148,10.915,,a
1994-01-09,149,11.394,,a
1994-01-10,145,9.552,,a
1994-01-11,141,7.902,,a
1994-01-12,138,6.785,,a
1994-01-13,134,5.45,,a
1994-01-14,134,5.45,,a
1994-01-15,140,7.518,,a
1994-01-16,134,5.45,,a
1994-01-17,132,4.847,,a
1994-01-18,129,4.019,,a
1994-01-19,127,3.517,,a
1994-01-20,124,2.838,,a
1994-01-21,124,2.838,,a
1994-01-22,123,2.63,,a
1994-01-23,122,2.432,,a
1994-01-24,122,2.432,,a
1994-01-25,121,2.242,,a
1994-01-26,120,2.062,,a
1994-01-27,119,1.891,,a
1994-01-28,119,1.891,,a
1994-01-29,119,1.891,,a
1994-01-30,119,1.891,,a
1994-01-31,116,1.428,,a
1994-02-01,114,1.162,,a
1994-02-02,112,0.929,,a
1994-02-03,112,0.929,,a
1994-02-04,111,0.824,,a
1994-02-05,111,0.824,,a
1994-02-06,118,1.728,,a
1994-02-07,115,1.291,,a
1994-02-08,114,1.162,,a
1994-02-09,112,0.929,,a
1994-02-10,110,0.727,,a
1994-02-11,112,0.929,,a
1994-02-12,110,0.727,,a
1994-02-13,110,0.727,,a
1994-02-14,109,0.637,,a
1994-02-15,108,0.555,,a
1994-02-16,105,0.353,,a
1994-02-17,103,0.254,,a
1994-02-18,103,0.254,,a
1994-02-19,103,0.254,,a
1994-02-20,103,0.254,,a
1994-02-21,104,0.3,,a
1994-02-22,104,0.3,,a
1994-02-23,104,0.3,,a
1994-02-24,105,0.353,,a
1994-02-25,109,0.637,,a
1994-02-26,110,0.727,,a
1994-02-27,112,0.929,,a
1994-02-28,111,0.824,,a
1994-03-01,111,0.824,,a
1994-03-02,111,0.824,,a
1994-03-03,110,0.727,,a
1994-03-04,108,0.555,,a
1994-03-05,108,0.555,,a
1994-03-06,107,0.481,,a
1994-03-07,105,0.353,,a
1994-03-08,104,0.3,,a
1994-03-09,104,0.3,,a
1994-03-10,104,0.3,,a
1994-03-11,108,0.555,,a
1994-03-12,111,0.824,,a
1994-03-13,111,0.824,,a
1994-03-14,110,0.727,,a
1994-03-15,111,0.824,,a
1994-03-16,110,0.727,,a
1994-03-17,110,0.727,,a
1994-03-18,110,0.727,,a
1994-03-19,110,0.727,,a
1994-03-20,110,0.727,,a
1994-03-21,106,0.413,,a
1994-03-22,104,0.3,,a
1994-03-23,105,0.353,,a
1994-03-24,107,0.481,,a
1994-03-25,112,0.929,,a
1994-03-26,118,1.728,,a
1994-03-27,127,3.517,,a
1994-03-28,117,1.574,,a
1994-03-29,111,0.824,,a
1994-03-30,111,0.824,,a
1994-03-31,111,0.824,,a
1994-04-01,113,1.042,,a
1994-04-02,151,9.735,,a
1994-04-03,137,6.435,,a
1994-04-04,128,3.763,,a
1994-04-05,130,4.285,,a
1994-04-06,129,4.019,,a
1994-04-07,124,2.838,,a
1994-04-08,122,2.432,,a
1994-04-09,119,1.891,,a
1994-04-10,136,6.096,,a
1994-04-11,146,9.995,,a
1994-04-12,140,7.518,,a
1994-04-13,137,6.435,,a
1994-04-14,148,10.915,,a
1994-04-15,142,8.297,,a
1994-04-16,139,7.146,,a
1994-04-17,144,9.122,,a
1994-04-18,163,18.689,,a
1994-04-19,154,11.916,,a
1994-04-20,146,9.995,,a
1994-04-21,141,7.902,,a
1994-04-22,137,6.435,,a
1994-04-23,136,6.096,,a
1994-04-24,135,5.767,,a
1994-04-25,135,5.767,,a
1994-04-26,132,4.847,,a
1994-04-27,129,4.019,,a
1994-04-28,131,4.561,,a
1994-04-29,133,5.143,,a
1994-04-30,133,5.143,,a
1994-05-01,135,5.767,,a
1994-05-02,139,7.146,,a
1994-05-03,133,5.143,,a
1994-05-04,131,4.561,,a
1994-05-05,134,5.45,,a
1994-05-06,131,4.561,,a
1994-05-07,127,3.517,,a
1994-05-08,125,3.055,,a
1994-05-09,126,3.281,,a
1994-05-10,126,3.281,,a
1994-05-11,127,3.517,,a
1994-05-12,125,3.055,,a
1994-05-13,123,2.63,,a
1994-05-14,124,2.838,,a
1994-05-15,129,4.019,,a
1994-05-16,131,4.561,,a
1994-05-17,131,4.561,,a
1994-05-18,133,5.143,,a
1994-05-19,152,10.458,,a
1994-05-20,164,19.463,,a
1994-05-21,158,14.883,,a
1994-05-22,151,9.735,,a
1994-05-23,147,10.449,,a
1994-05-24,146,9.995,,a
1994-05-25,144,9.122,,a
1994-05-26,141,7.902,,a
1994-05-27,144,9.122,,a
1994-05-28,142,8.297,,a
1994-05-29,138,6.785,,a
1994-05-30,145,9.552,,a
1994-05-31,145,9.552,,a
1994-06-01,139,7.146,,a
1994-06-02,137,6.435,,a
1994-06-03,136,6.096,,a
1994-06-04,138,6.785,,a
1994-06-05,157,14.135,,a
1994-06-06,147,10.947,,a
1994-06-07,138,7.353,,a
1994-06-08,133,5.636,,a
1994-06-09,133,5.636,,a
1994-06-10,137,6.994,,a
1994-06-11,134,5.964,,a
1994-06-12,134,5.964,,a
1994-06-13,169,22.766,,a
1994-06-14,159,16.827,,a
1994-06-15,150,12.296,,a
1994-06-16,145,10.09,,a
1994-06-17,144,9.674,,a
1994-06-18,160,17.377,,a
1994-06-19,146,10.514,,a
1994-06-20,143,9.267,,a
1994-06-21,141,8.477,,a
1994-06-22,137,6.994,,a
1994-06-23,134,5.964,,a
1994-06-24,133,5.636,,a
1994-06-25,132,5.315,,a
1994-06-26,131,5.002,,a
1994-06-27,129,4.398,,a
1994-06-28,127,3.822,,a
1994-06-29,141,8.477,,a
1994-06-30,131,5.002,,a
1994-07-01,133,5.636,,a
1994-07-02,130,4.696,,a
1994-07-03,128,4.106,,a
1994-07-04,125,3.275,,a
1994-07-05,131,5.002,,a
1994-07-06,135,6.3,,a
1994-07-07,150,12.296,,a
1994-07-08,167,21.498,,a
1994-07-09,157,15.756,,a
1994-07-10,144,9.674,,a
1994-07-11,135,6.3,,a
1994-07-12,131,5.002,,a
1994-07-13,128,4.106,,a
1994-07-14,127,3.822,,a
1994-07-15,126,3.545,,a
1994-07-16,128,4.106,,a
1994-07-17,121,2.626,,a
1994-07-18,121,2.626,,a
1994-07-19,127,3.822,,a
1994-07-20,142,8.868,,a
1994-07-21,132,5.315,,a
1994-07-22,128,4.106,,a
1994-07-23,124,3.275,,a
1994-07-24,123,3.05,,a
1994-07-25,120,2.428,,a
1994-07-26,116,1.725,,a
1994-07-27,115,1.571,,a
1994-07-28,116,1.725,,a
1994-07-29,117,1.888,,a
1994-07-30,113,1.287,,a
1994-07-31,110,0.922,,a
1994-08-01,110,0.922,,a
1994-08-02,110,0.922,,a
1994-08-03,109,0.816,,a
1994-08-04,109,0.816,,a
1994-08-05,107,0.627,,a
1994-08-06,110,0.922,,a
1994-08-07,115,1.571,,a
1994-08-08,116,1.725,,a
1994-08-09,117,1.888,,a
1994-08-10,117,1.888,,a
1994-08-11,118,2.059,,a
1994-08-12,131,5.002,,a
1994-08-13,123,3.05,,a
1994-08-14,131,5.002,,a
1994-08-15,119,2.239,,a
1994-08-16,116,1.725,,a
1994-08-17,112,1.158,,a
1994-08-18,134,5.964,,a
1994-08-19,127,3.822,,a
1994-08-20,119,2.239,,a
1994-08-21,114,1.425,,a
1994-08-22,115,1.571,,a
1994-08-23,114,1.425,,a
1994-08-24,135,6.3,,a
1994-08-25,147,10.947,,a
1994-08-26,156,15.234,,a
1994-08-27,136,6.643,,a
1994-08-28,125,3.275,,a
1994-08-29,122,2.833,,a
1994-08-30,154,14.219,,a
1994-08-31,134,5.964,,a
1994-09-01,129,4.398,,a
1994-09-02,129,4.398,,a
1994-09-03,127,3.822,,a
1994-09-04,127,3.822,,a
1994-09-05,123,3.05,,a
1994-09-06,121,2.626,,a
1994-09-07,119,2.239,,a
1994-09-08,118,2.059,,a
1994-09-09,121,2.626,,a
1994-09-10,122,2.833,,a
1994-09-11,119,2.239,,a
1994-09-12,117,1.888,,a
1994-09-13,116,1.725,,a
1994-09-14,124,3.275,,a
1994-09-15,169,22.766,,a
1994-09-16,161,17.937,,a
1994-09-17,185,34.429,,a
1994-09-18,162,18.5,,a
1994-09-19,147,10.862,,a
1994-09-20,139,7.579,,a
1994-09-21,135,6.128,,a
1994-09-22,134,5.785,,a
1994-09-23,132,5.119,,a
1994-09-24,129,4.176,,a
1994-09-25,129,4.176,,a
1994-09-26,127,3.583,,a
1994-09-27,131,4.798,,a
1994-09-28,127,3.583,,a
1994-09-29,123,2.883,,a
1994-09-30,123,2.883,,a
1994-10-01,120,2.292,,a
1994-10-02,119,2.113,,a
1994-10-03,140,7.961,,a
1994-10-04,180,30.516,,a
1994-10-05,172,24.767,,a
1994-10-06,150,12.23,,a
1994-10-07,140,7.961,,a
1994-10-08,137,6.838,,a
1994-10-09,134,5.785,,a
1994-10-10,132,5.119,,a
1994-10-11,128,3.876,,a
1994-10-12,125,3.018,,a
1994-10-13,122,2.677,,a
1994-10-14,120,2.292,,a
1994-10-15,120,2.292,,a
1994-10-16,119,2.113,,a
1994-10-17,117,1.779,,a
1994-10-18,116,1.624,,a
1994-10-19,112,1.086,,a
1994-10-20,112,1.086,,a
1994-10-21,112,1.086,,a
1994-10-22,112,1.086,,a
1994-10-23,111,0.971,,a
1994-10-24,138,7.205,,a
1994-10-25,136,6.48,,a
1994-10-26,130,4.484,,a
1994-10-27,159,16.809,,a
1994-10-28,149,11.765,,a
1994-10-29,201,48.138,,a
1994-10-30,160,17.363,,a
1994-10-31,145,9.992,,a
1994-11-01,139,7.579,,a
1994-11-02,136,6.48,,a
1994-11-03,135,6.128,,a
1994-11-04,132,5.119,,a
1994-11-05,128,3.876,,a
1994-11-06,127,3.583,,a
1994-11-07,129,4.176,,a
1994-11-08,133,5.448,,a
1994-11-09,130,4.484,,a
1994-11-10,129,4.176,,a
1994-11-11,189,37.816,,a
1994-11-12,163,19.082,,a
1994-11-13,149,11.765,,a
1994-11-14,141,8.351,,a
1994-11-15,138,7.205,,a
1994-11-16,136,6.48,,a
1994-11-17,134,5.785,,a
1994-11-18,131,4.798,,a
1994-11-19,129,4.176,,a
1994-11-20,128,3.876,,a
1994-11-21,125,3.018,,a
1994-11-22,123,2.883,,a
1994-11-23,122,2.677,,a
1994-11-24,121,2.48,,a
1994-11-25,121,2.48,,a
1994-11-26,125,3.018,,a
1994-11-27,123,2.883,,a
1994-11-28,122,2.677,,a
1994-11-29,122,2.677,,a
1994-11-30,119,2.113,,a
1994-12-01,118,1.942,,a
1994-12-02,118,1.942,,a
1994-12-03,118,1.942,,a
1994-12-04,117,1.779,,a
1994-12-05,117,1.779,,a
1994-12-06,115,1.478,,a
1994-12-07,120,2.292,,a
1994-12-08,115,1.478,,a
1994-12-09,113,1.209,,a
1994-12-10,111,0.971,,a
1994-12-11,110,0.864,,a
1994-12-12,109,0.764,,a
1994-12-13,109,0.764,,a
1994-12-14,109,0.764,,a
1994-12-15,109,0.764,,a
1994-12-16,110,0.864,,a
1994-12-17,110,0.864,,a
1994-12-18,109,0.764,,a
1994-12-19,108,0.671,,a
1994-12-20,110,0.864,,a
1994-12-21,112,1.086,,a
1994-12-22,111,0.971,,a
1994-12-23,110,0.864,,a
1994-12-24,110,0.864,,a
1994-12-25,109,0.764,,a
1994-12-26,109,0.764,,a
1994-12-27,110,0.864,,a
1994-12-28,110,0.864,,a
1994-12-29,111,0.971,,a
1994-12-30,129,4.176,,a
1994-12-31,194,42.27,,a
1995-01-01,156,15.201,,a
1995-01-02,142,8.75,,a
1995-01-03,136,6.48,,a
1995-01-04,133,5.448,,a
1995-01-05,129,4.176,,a
1995-01-06,126,3.297,,a
1995-01-07,124,3.098,,a
1995-01-08,121,2.48,,a
1995-01-09,120,2.292,,a
1995-01-10,117,1.779,,a
1995-01-11,115,1.478,,a
1995-01-12,113,1.209,,a
1995-01-13,111,0.971,,a
1995-01-14,111,0.971,,a
1995-01-15,110,0.864,,a
1995-01-16,110,0.864,,a
1995-01-17,108,0.671,,a
1995-01-18,109,0.764,,a
1995-01-19,109,0.764,,a
1995-01-20,107,0.585,,a
1995-01-21,107,0.585,,a
1995-01-22,110,0.864,,a
1995-01-23,116,1.624,,a
1995-01-24,163,19.082,,a
1995-01-25,138,7.205,,a
1995-01-26,131,4.798,,a
1995-01-27,152,13.185,,a
1995-01-28,140,7.961,,a
1995-01-29,132,5.119,,a
1995-01-30,129,4.176,,a
1995-01-31,125,3.018,,a
1995-02-01,119,2.113,,a
1995-02-02,118,1.942,,a
1995-02-03,118,1.942,,a
1995-02-04,116,1.624,,a
1995-02-05,114,1.34,,a
1995-02-06,115,1.478,,a
1995-02-07,115,1.478,,a
1995-02-08,113,1.209,,a
1995-02-09,116,1.624,,a
1995-02-10,117,1.779,,a
1995-02-11,115,1.478,,a
1995-02-12,114,1.34,,a
1995-02-13,113,1.209,,a
1995-02-14,113,1.209,,a
1995-02-15,112,1.086,,a
1995-02-16,113,1.209,,a
1995-02-17,117,1.779,,a
1995-02-18,161,17.927,,a
1995-02-19,158,16.264,,a
1995-02-20,143,9.156,,a
1995-02-21,137,6.838,,a
1995-02-22,133,5.448,,a
1995-02-23,136,6.48,,a
1995-02-24,156,15.201,,a
1995-02-25,148,11.31,,a
1995-02-26,166,20.888,,a
1995-02-27,171,24.095,,a
1995-02-28,152,13.185,,a
1995-03-01,146,10.423,,a
1995-03-02,156,15.201,,a
1995-03-03,169,22.782,,a
1995-03-04,177,28.281,,a
1995-03-05,171,24.095,,a
1995-03-06,156,15.201,,a
1995-03-07,148,11.31,,a
1995-03-08,142,8.75,,a
1995-03-09,139,7.579,,a
1995-03-10,135,6.128,,a
1995-03-11,132,5.119,,a
1995-03-12,130,4.484,,a
1995-03-13,131,4.798,,a
1995-03-14,129,4.176,,a
1995-03-15,129,4.176,,a
1995-03-16,127,3.583,,a
1995-03-17,126,3.297,,a
1995-03-18,125,3.018,,a
1995-03-19,123,2.883,,a
1995-03-20,141,8.351,,a
1995-03-21,139,7.579,,a
1995-03-22,134,5.785,,a
1995-03-23,130,4.484,,a
1995-03-24,129,4.176,,a
1995-03-25,129,4.176,,a
1995-03-26,128,3.876,,a
1995-03-27,127,3.583,,a
1995-03-28,145,9.992,,a
1995-03-29,136,6.48,,a
1995-03-30,131,4.798,,a
1995-03-31,127,3.583,,a
1995-04-01,125,3.018,,a
1995-04-02,123,2.883,,a
1995-04-03,124,3.098,,a
1995-04-04,125,3.018,,a
1995-04-05,127,3.583,,a
1995-04-06,128,3.876,,a
1995-04-07,128,3.876,,a
1995-04-08,129,4.176,,a
1995-04-09,127,3.583,,a
1995-04-10,126,3.297,,a
1995-04-11,123,2.883,,a
1995-04-12,121,2.48,,a
1995-04-13,120,2.292,,a
1995-04-14,120,2.292,,a
1995-04-15,118,1.942,,a
1995-04-16,117,1.779,,a
1995-04-17,116,1.624,,a
1995-04-18,116,1.624,,a
1995-04-19,114,1.34,,a
1995-04-20,114,1.34,,a
1995-04-21,115,1.478,,a
1995-04-22,118,1.942,,a
1995-04-23,122,2.677,,a
1995-04-24,125,3.018,,a
1995-04-25,144,9.57,,a
1995-04-26,139,7.579,,a
1995-04-27,131,4.798,,a
1995-04-28,129,4.176,,a
1995-04-29,128,3.876,,a
1995-04-30,129,4.176,,a
1995-05-01,131,4.798,,a
1995-05-02,132,5.119,,a
1995-05-03,132,5.119,,a
1995-05-04,131,4.798,,a
1995-05-05,130,4.484,,a
1995-05-06,130,4.484,,a
1995-05-07,133,5.448,,a
1995-05-08,135,6.128,,a
1995-05-09,136,6.48,,a
1995-05-10,136,6.48,,a
1995-05-11,134,5.785,,a
1995-05-12,139,7.579,,a
1995-05-13,177,28.281,,a
1995-05-14,166,20.888,,a
1995-05-15,151,12.703,,a
1995-05-16,143,9.156,,a
1995-05-17,140,7.961,,a
1995-05-18,140,7.961,,a
1995-05-19,146,10.423,,a
1995-05-20,152,13.185,,a
1995-05-21,144,9.57,,a
1995-05-22,138,7.205,,a
1995-05-23,135,6.128,,a
1995-05-24,134,5.785,,a
1995-05-25,134,5.785,,a
1995-05-26,135,6.128,,a
1995-05-27,136,6.48,,a
1995-05-28,136,6.48,,a
1995-05-29,135,6.128,,a
1995-05-30,134,5.785,,a
1995-05-31,137,6.838,,a
1995-06-01,145,9.992,,a
1995-06-02,148,11.31,,a
1995-06-03,142,8.75,,a
1995-06-04,137,6.838,,a
1995-06-05,137,6.838,,a
1995-06-06,152,13.185,,a
1995-06-07,145,9.992,,a
1995-06-08,139,7.579,,a
1995-06-09,137,6.838,,a
1995-06-10,141,8.351,,a
1995-06-11,164,19.675,,a
1995-06-12,163,19.082,,a
1995-06-13,151,12.703,,a
1995-06-14,145,9.992,,a
1995-06-15,141,8.351,,a
1995-06-16,141,8.351,,a
1995-06-17,136,6.48,,a
1995-06-18,134,5.785,,a
1995-06-19,133,5.448,,a
1995-06-20,131,4.798,,a
1995-06-21,131,4.798,,a
1995-06-22,144,9.57,,a
1995-06-23,158,16.264,,a
1995-06-24,148,11.31,,a
1995-06-25,152,13.185,,a
1995-06-26,144,9.57,,a
1995-06-27,138,7.205,,a
1995-06-28,135,6.128,,a
1995-06-29,133,5.448,,a
1995-06-30,131,4.798,,a
1995-07-01,129,4.176,,a
1995-07-02,128,3.876,,a
1995-07-03,128,3.876,,a
1995-07-04,130,4.484,,a
1995-07-05,130,4.484,,a
1995-07-06,134,5.785,,a
1995-07-07,132,5.119,,a
1995-07-08,129,4.176,,a
1995-07-09,126,3.297,,a
1995-07-10,123,2.883,,a
1995-07-11,124,3.098,,a
1995-07-12,121,2.48,,a
1995-07-13,122,2.677,,a
1995-07-14,121,2.48,,a
1995-07-15,140,7.961,,a
1995-07-16,133,5.448,,a
1995-07-17,129,4.176,,a
1995-07-18,126,3.297,,a
1995-07-19,124,3.098,,a
1995-07-20,123,2.883,,a
1995-07-21,122,2.677,,a
1995-07-22,121,2.48,,a
1995-07-23,121,2.48,,a
1995-07-24,122,2.677,,a
1995-07-25,120,2.292,,a
1995-07-26,119,2.113,,a
1995-07-27,119,2.113,,a
1995-07-28,119,2.113,,a
1995-07-29,119,2.113,,a
1995-07-30,118,1.942,,a
1995-07-31,117,1.779,,a
1995-08-01,114,1.34,,a
1995-08-02,119,2.113,,a
1995-08-03,115,1.478,,a
1995-08-04,112,1.086,,a
1995-08-05,111,0.971,,a
1995-08-06,109,0.764,,a
1995-08-07,108,0.671,,a
1995-08-08,108,0.671,,a
1995-08-09,114,1.34,,a
1995-08-10,132,5.119,,a
1995-08-11,121,2.48,,a
1995-08-12,115,1.478,,a
1995-08-13,113,1.209,,a
1995-08-14,118,1.942,,a
1995-08-15,119,2.113,,a
1995-08-16,121,2.48,,a
1995-08-17,120,2.292,,a
1995-08-18,116,1.624,,a
1995-08-19,133,5.448,,a
1995-08-20,124,3.098,,a
1995-08-21,127,3.583,,a
1995-08-22,123,2.883,,a
1995-08-23,118,1.942,,a
1995-08-24,114,1.34,,a
1995-08-25,114,1.34,,a
1995-08-26,116,1.624,,a
1995-08-27,116,1.624,,a
1995-08-28,151,12.703,,a
1995-08-29,156,15.201,,a
1995-08-30,137,6.838,,a
1995-08-31,130,4.484,,a
1995-09-01,127,3.583,,a
1995-09-02,126,3.297,,a
1995-09-03,122,2.677,,a
1995-09-04,140,7.961,,a
1995-09-05,137,6.838,,a
1995-09-06,132,5.119,,a
1995-09-07,127,3.583,,a
1995-09-08,178,29.015,,a
1995-09-09,178,27.392,,a
1995-09-10,174,24.115,,a
1995-09-11,157,12.821,,a
1995-09-12,147,7.996,,a
1995-09-13,141,5.682,,a
1995-09-14,174,24.115,,a
1995-09-15,189,36.222,,a
1995-09-16,181,28.902,,a
1995-09-17,179,28.251,,a
1995-09-18,164,16.975,,a
1995-09-19,158,13.374,,a
1995-09-20,207,53.632,,a
1995-09-21,175,24.911,,a
1995-09-22,162,15.72,,a
1995-09-23,152,10.251,,a
1995-09-24,145,7.178,,a
1995-09-25,141,5.682,,a
1995-09-26,137,4.365,,a
1995-09-27,134,3.491,,a
1995-09-28,133,3.22,,a
1995-09-29,136,4.063,,a
1995-09-30,131,2.709,,a
1995-10-01,129,2.238,,a
1995-10-02,127,1.806,,a
1995-10-03,125,1.412,,a
1995-10-04,124,1.229,,a
1995-10-05,122,0.89,,a
1995-10-06,120,0.774,,a
1995-10-07,117,0.477,,a
1995-10-08,118,0.568,,a
1995-10-09,116,0.396,,a
1995-10-10,114,0.258,,a
1995-10-11,113,0.201,,a
1995-10-12,114,0.258,,a
1995-10-13,114,0.258,,a
1995-10-14,114,0.258,,a
1995-10-15,114,0.258,,a
1995-10-16,112,0.153,,a
1995-10-17,112,0.153,,a
1995-10-18,111,0.112,,a
1995-10-19,109,0.054,,a
1995-10-20,110,0.079,,a
1995-10-21,110,0.079,,a
1995-10-22,110,0.079,,a
1995-10-23,132,2.96,,a
1995-10-24,141,5.682,,a
1995-10-25,131,2.709,,a
1995-10-26,118,0.568,,a
1995-10-27,118,0.568,,a
1995-10-28,119,0.666,,a
1995-10-29,120,0.774,,a
1995-10-30,121,0.734,,a
1995-10-31,119,0.666,,a
1995-11-01,117,0.477,,a
1995-11-02,120,0.774,,a
1995-11-03,118,0.568,,a
1995-11-04,120,0.774,,a
1995-11-05,122,0.89,,a
1995-11-06,120,0.774,,a
1995-11-07,117,0.477,,a
1995-11-08,115,0.323,,a
1995-11-09,116,0.396,,a
1995-11-10,116,0.396,,a
1995-11-11,118,0.568,,a
1995-11-12,118,0.568,,a
1995-11-13,117,0.477,,a
1995-11-14,117,0.477,,a
1995-11-15,115,0.323,,a
1995-11-16,114,0.258,,a
1995-11-17,157,12.821,,a
1995-11-18,173,23.334,,a
1995-11-19,145,7.178,,a
1995-11-20,135,3.772,,a
1995-11-21,132,2.96,,a
1995-11-22,128,2.018,,a
1995-11-23,125,1.412,,a
1995-11-24,124,1.229,,a
1995-11-25,122,0.89,,a
1995-11-26,120,0.774,,a
1995-11-27,120,0.774,,a
1995-11-28,120,0.774,,a
1995-11-29,120,0.774,,a
1995-11-30,119,0.666,,a
1995-12-01,117,0.477,,a
1995-12-02,117,0.477,,a
1995-12-03,116,0.396,,a
1995-12-04,115,0.323,,a
1995-12-05,115,0.323,,a
1995-12-06,113,0.201,,a
1995-12-07,113,0.201,,a
1995-12-08,114,0.258,,a
1995-12-09,114,0.258,,a
1995-12-10,113,0.201,,a
1995-12-11,112,0.153,,a
1995-12-12,113,0.201,,a
1995-12-13,113,0.201,,a
1995-12-14,115,0.323,,a
1995-12-15,112,0.153,,a
1995-12-16,113,0.201,,a
1995-12-17,114,0.258,,a
1995-12-18,128,2.018,,a
1995-12-19,132,2.96,,a
1995-12-20,128,2.018,,a
1995-12-21,126,1.605,,a
1995-12-22,124,1.229,,a
1995-12-23,181,28.902,,a
1995-12-24,187,34.414,,a
1995-12-25,152,10.908,,a
1995-12-26,166,18.781,,a
1995-12-27,170,21.486,,a
1995-12-28,157,13.446,,a
1995-12-29,150,9.974,,a
1995-12-30,147,8.658,,a
1995-12-31,144,7.44,,a
1996-01-01,141,6.317,,a
1996-01-02,138,5.287,,a
1996-01-03,137,4.963,,a
1996-01-04,134,4.052,,a
1996-01-05,132,3.492,,a
1996-01-06,131,3.226,,a
1996-01-07,130,2.969,,a
1996-01-08,155,12.396,,a
1996-01-09,156,12.915,,a
1996-01-10,161,15.692,,a
1996-01-11,168,20.107,,a
1996-01-12,172,22.919,,a
1996-01-13,165,18.138,,a
1996-01-14,156,12.915,,a
1996-01-15,150,9.974,,a
1996-01-16,145,7.835,,a
1996-01-17,141,6.317,,a
1996-01-18,139,5.62,,a
1996-01-19,137,4.963,,a
1996-01-20,135,4.346,,a
1996-01-21,132,3.492,,a
1996-01-22,131,3.226,,a
1996-01-23,128,2.483,,a
1996-01-24,128,2.483,,a
1996-01-25,127,2.253,,a
1996-01-26,126,2.032,,a
1996-01-27,126,2.032,,a
1996-01-28,125,1.819,,a
1996-01-29,124,1.793,,a
1996-01-30,122,1.472,,a
1996-01-31,120,1.188,,a
1996-02-01,118,0.938,,a
1996-02-02,118,0.938,,a
1996-02-03,118,0.938,,a
1996-02-04,124,1.793,,a
1996-02-05,121,1.325,,a
1996-02-06,120,1.188,,a
1996-02-07,120,1.188,,a
1996-02-08,119,1.058,,a
1996-02-09,118,0.938,,a
1996-02-10,116,0.723,,a
1996-02-11,116,0.723,,a
1996-02-12,115,0.628,,a
1996-02-13,114,0.541,,a
1996-02-14,116,0.723,,a
1996-02-15,115,0.628,,a
1996-02-16,115,0.628,,a
1996-02-17,115,0.628,,a
1996-02-18,115,0.628,,a
1996-02-19,143,7.055,,a
1996-02-20,155,12.396,,a
1996-02-21,142,6.681,,a
1996-02-22,134,4.052,,a
1996-02-23,129,2.722,,a
1996-02-24,125,1.819,,a
1996-02-25,122,1.472,,a
1996-02-26,121,1.325,,a
1996-02-27,120,1.188,,a
1996-02-28,121,1.325,,a
1996-02-29,123,1.628,,a
1996-03-01,125,1.819,,a
1996-03-02,126,2.032,,a
1996-03-03,124,1.793,,a
1996-03-04,123,1.628,,a
1996-03-05,120,1.188,,a
1996-03-06,119,1.058,,a
1996-03-07,119,1.058,,a
1996-03-08,116,0.723,,a
1996-03-09,115,0.628,,a
1996-03-10,115,0.628,,a
1996-03-11,115,0.628,,a
1996-03-12,115,0.628,,a
1996-03-13,114,0.541,,a
1996-03-14,114,0.541,,a
1996-03-15,116,0.723,,a
1996-03-16,122,1.472,,a
1996-03-17,122,1.472,,a
1996-03-18,124,1.793,,a
1996-03-19,127,2.253,,a
1996-03-20,129,2.722,,a
1996-03-21,131,3.226,,a
1996-03-22,135,4.346,,a
1996-03-23,139,5.62,,a
1996-03-24,138,5.287,,a
1996-03-25,142,6.681,,a
1996-03-26,139,5.62,,a
1996-03-27,139,5.62,,a
1996-03-28,136,4.65,,a
1996-03-29,132,3.492,,a
1996-03-30,130,2.969,,a
1996-03-31,126,2.032,,a
1996-04-01,125,1.819,,a
1996-04-02,167,19.438,,a
1996-04-03,160,15.112,,a
1996-04-04,151,10.436,,a
1996-04-05,151,10.436,,a
1996-04-06,151,10.436,,a
1996-04-07,151,10.436,,a
1996-04-08,148,9.086,,a
1996-04-09,145,7.835,,a
1996-04-10,142,6.681,,a
1996-04-11,140,5.963,,a
1996-04-12,137,4.963,,a
1996-04-13,136,4.65,,a
1996-04-14,135,4.346,,a
1996-04-15,133,3.767,,a
1996-04-16,132,3.492,,a
1996-04-17,129,2.722,,a
1996-04-18,127,2.253,,a
1996-04-19,128,2.483,,a
1996-04-20,131,3.226,,a
1996-04-21,133,3.767,,a
1996-04-22,137,4.963,,a
1996-04-23,138,5.287,,a
1996-04-24,137,4.963,,a
1996-04-25,142,6.681,,a
1996-04-26,146,8.241,,a
1996-04-27,146,8.241,,a
1996-04-28,147,8.658,,a
1996-04-29,144,7.44,,a
1996-04-30,145,7.835,,a
1996-05-01,155,12.396,,a
1996-05-02,151,10.436,,a
1996-05-03,160,15.112,,a
1996-05-04,166,18.781,,a
1996-05-05,154,11.888,,a
1996-05-06,148,9.086,,a
1996-05-07,144,7.44,,a
1996-05-08,144,7.44,,a
1996-05-09,144,7.44,,a
1996-05-10,143,7.055,,a
1996-05-11,141,6.317,,a
1996-05-12,147,8.658,,a
1996-05-13,173,23.656,,a
1996-05-14,162,16.285,,a
1996-05-15,158,13.989,,a
1996-05-16,155,12.396,,a
1996-05-17,152,10.908,,a
1996-05-18,150,9.974,,a
1996-05-19,149,9.524,,a
1996-05-20,149,9.524,,a
1996-05-21,147,8.658,,a
1996-05-22,145,7.835,,a
1996-05-23,144,7.44,,a
1996-05-24,140,5.963,,a
1996-05-25,138,5.287,,a
1996-05-26,138,5.287,,a
1996-05-27,145,7.835,,a
1996-05-28,157,13.446,,a
1996-05-29,147,8.658,,a
1996-05-30,141,6.317,,a
1996-05-31,139,5.62,,a
1996-06-01,137,4.963,,a
1996-06-02,137,4.963,,a
1996-06-03,137,4.963,,a
1996-06-04,135,4.346,,a
1996-06-05,134,4.052,,a
1996-06-06,133,3.767,,a
1996-06-07,132,3.492,,a
1996-06-08,130,2.969,,a
1996-06-09,130,2.969,,a
1996-06-10,129,2.722,,a
1996-06-11,127,2.253,,a
1996-06-12,128,2.483,,a
1996-06-13,129,2.722,,a
1996-06-14,127,2.253,,a
1996-06-15,123,1.628,,a
1996-06-16,122,1.472,,a
1996-06-17,120,1.188,,a
1996-06-18,120,1.188,,a
1996-06-19,119,1.058,,a
1996-06-20,127,2.253,,a
1996-06-21,159,14.545,,a
1996-06-22,171,22.196,,a
1996-06-23,172,22.919,,a
1996-06-24,157,13.446,,a
1996-06-25,154,11.888,,a
1996-06-26,161,15.692,,a
1996-06-27,156,12.915,,a
1996-06-28,145,7.835,,a
1996-06-29,141,6.317,,a
1996-06-30,160,15.112,,a
1996-07-01,162,16.285,,a
1996-07-02,212,58.728,,a
1996-07-03,212,58.728,,a
1996-07-04,175,25.171,,a
1996-07-05,160,15.112,,a
1996-07-06,151,10.436,,a
1996-07-07,145,7.835,,a
1996-07-08,147,8.658,,a
1996-07-09,147,8.658,,a
1996-07-10,140,5.963,,a
1996-07-11,135,4.346,,a
1996-07-12,135,4.346,,a
1996-07-13,137,4.963,,a
1996-07-14,135,4.346,,a
1996-07-15,133,3.767,,a
1996-07-16,136,4.65,,a
1996-07-17,134,4.052,,a
1996-07-18,131,3.226,,a
1996-07-19,129,2.722,,a
1996-07-20,127,2.253,,a
1996-07-21,126,2.032,,a
1996-07-22,125,1.819,,a
1996-07-23,125,1.819,,a
1996-07-24,124,1.793,,a
1996-07-25,135,4.346,,a
1996-07-26,133,3.767,,a
1996-07-27,130,2.969,,a
1996-07-28,129,2.722,,a
1996-07-29,125,1.819,,a
1996-07-30,124,1.793,,a
1996-07-31,125,1.819,,a
1996-08-01,122,1.472,,a
1996-08-02,119,1.058,,a
1996-08-03,120,1.188,,a
1996-08-04,129,2.722,,a
1996-08-05,126,2.032,,a
1996-08-06,121,1.325,,a
1996-08-07,118,0.938,,a
1996-08-08,159,14.545,,a
1996-08-09,150,9.974,,a
1996-08-10,139,5.62,,a
1996-08-11,134,4.052,,a
1996-08-12,152,10.908,,a
1996-08-13,170,21.486,,a
1996-08-14,151,10.436,,a
1996-08-15,151,10.436,,a
1996-08-16,154,11.888,,a
1996-08-17,143,7.055,,a
1996-08-18,137,4.963,,a
1996-08-19,135,4.346,,a
1996-08-20,131,3.226,,a
1996-08-21,129,2.722,,a
1996-08-22,128,2.483,,a
1996-08-23,127,2.253,,a
1996-08-24,125,1.819,,a
1996-08-25,126,2.032,,a
1996-08-26,125,1.819,,a
1996-08-27,123,1.628,,a
1996-08-28,131,3.226,,a
1996-08-29,135,4.346,,a
1996-08-30,130,2.969,,a
1996-08-31,126,2.032,,a
1996-09-01,124,1.793,,a
1996-09-02,125,1.819,,a
1996-09-03,128,2.483,,a
1996-09-04,129,2.722,,a
1996-09-05,130,2.969,,a
1996-09-06,129,2.722,,a
1996-09-07,125,1.819,,a
1996-09-08,122,1.472,,a
1996-09-09,121,1.325,,a
1996-09-10,121,1.325,,a
1996-09-11,120,1.188,,a
1996-09-12,119,1.058,,a
1996-09-13,125,1.819,,a
1996-09-14,121,1.325,,a
1996-09-15,118,0.938,,a
1996-09-16,117,0.826,,a
1996-09-17,115,0.628,,a
1996-09-18,115,0.628,,a
1996-09-19,115,0.628,,a
1996-09-20,116,0.723,,a
1996-09-21,119,1.058,,a
1996-09-22,152,10.908,,a
1996-09-23,155,12.396,,a
1996-09-24,154,11.888,,a
1996-09-25,161,15.692,,a
1996-09-26,151,10.436,,a
1996-09-27,141,6.317,,a
1996-09-28,135,4.346,,a
1996-09-29,132,3.492,,a
1996-09-30,130,2.969,,a
1996-10-01,128,2.483,,a
1996-10-02,140,5.963,,a
1996-10-03,176,25.95,,a
1996-10-04,151,10.436,,a
1996-10-05,152,10.908,,a
1996-10-06,186,33.494,,a
1996-10-07,170,21.486,,a
1996-10-08,160,15.112,,a
1996-10-09,153,11.392,,a
1996-10-10,148,9.086,,a
1996-10-11,144,7.44,,a
1996-10-12,141,6.317,,a
1996-10-13,136,4.65,,a
1996-10-14,136,4.65,,a
1996-10-15,142,6.681,,a
1996-10-16,154,11.888,,a
1996-10-17,187,34.414,,a
1996-10-18,185,32.577,,a
1996-10-19,181,28.953,,a
1996-10-20,164,17.507,,a
1996-10-21,155,12.396,,a
1996-10-22,149,9.524,,a
1996-10-23,145,7.835,,a
1996-10-24,142,6.681,,a
1996-10-25,139,5.62,,a
1996-10-26,138,5.287,,a
1996-10-27,136,4.65,,a
1996-10-28,135,4.346,,a
1996-10-29,132,3.492,,a
1996-10-30,137,4.963,,a
1996-10-31,131,3.226,,a
1996-11-01,130,2.969,,a
1996-11-02,128,2.483,,a
1996-11-03,127,2.253,,a
1996-11-04,126,2.032,,a
1996-11-05,125,1.819,,a
1996-11-06,124,1.793,,a
1996-11-07,123,1.628,,a
1996-11-08,123,1.628,,a
1996-11-09,122,1.472,,a
1996-11-10,122,1.472,,a
1996-11-11,127,2.253,,a
1996-11-12,136,4.65,,a
1996-11-13,132,3.492,,a
1996-11-14,129,2.722,,a
1996-11-15,132,3.492,,a
1996-11-16,141,6.317,,a
1996-11-17,171,22.196,,a
1996-11-18,211,57.709,,a
1996-11-19,196,42.881,,a
1996-11-20,193,40.023,,a
1996-11-21,190,37.2,,a
1996-11-22,171,22.196,,a
1996-11-23,161,15.692,,a
1996-11-24,154,11.888,,a
1996-11-25,150,9.974,,a
1996-11-26,150,9.974,,a
1996-11-27,148,9.086,,a
1996-11-28,146,8.241,,a
1996-11-29,143,7.055,,a
1996-11-30,140,5.963,,a
1996-12-01,138,5.287,,a
1996-12-02,137,4.963,,a
1996-12-03,135,4.346,,a
1996-12-04,134,4.052,,a
1996-12-05,132,3.492,,a
1996-12-06,132,3.492,,a
1996-12-07,130,2.969,,a
1996-12-08,128,2.483,,a
1996-12-09,128,2.483,,a
1996-12-10,128,2.483,,a
1996-12-11,128,2.483,,a
1996-12-12,128,2.483,,a
1996-12-13,128,2.483,,a
1996-12-14,143,7.055,,a
1996-12-15,140,5.963,,a
1996-12-16,136,4.65,,a
1996-12-17,133,3.767,,a
1996-12-18,131,3.226,,a
1996-12-19,131,3.226,,a
1996-12-20,131,3.226,,a
1996-12-21,148,9.086,,a
1996-12-22,144,7.44,,a
1996-12-23,153,11.392,,a
1996-12-24,155,12.396,,a
1996-12-25,148,9.086,,a
1996-12-26,142,6.681,,a
1996-12-27,138,5.287,,a
1996-12-28,136,4.65,,a
1996-12-29,135,4.346,,a
1996-12-30,134,4.052,,a
1996-12-31,132,3.492,,a
1997-01-01,132,3.492,,a
1997-01-02,133,3.767,,a
1997-01-03,133,3.767,,a
1997-01-04,133,3.767,,a
1997-01-05,133,3.767,,a
1997-01-06,130,2.969,,a
1997-01-07,129,2.722,,a
1997-01-08,128,2.483,,a
1997-01-09,127,2.253,,a
1997-01-10,127,2.253,,a
1997-01-11,126,2.032,,a
1997-01-12,125,1.819,,a
1997-01-13,124,1.793,,a
1997-01-14,120,1.188,,a
1997-01-15,120,1.188,,a
1997-01-16,122,1.472,,a
1997-01-17,123,1.628,,a
1997-01-18,122,1.472,,a
1997-01-19,122,1.472,,a
1997-01-20,124,1.793,,a
1997-01-21,140,5.963,,a
1997-01-22,140,5.963,,a
1997-01-23,136,4.65,,a
1997-01-24,141,6.317,,a
1997-01-25,143,7.055,,a
1997-01-26,138,5.287,,a
1997-01-27,136,4.65,,a
1997-01-28,133,3.767,,a
1997-01-29,130,2.969,,a
1997-01-30,127,2.253,,a
1997-01-31,125,1.819,,a
1997-02-01,124,1.793,,a
1997-02-02,123,1.628,,a
1997-02-03,122,1.472,,a
1997-02-04,122,1.472,,a
1997-02-05,122,1.472,,a
1997-02-06,121,1.325,,a
1997-02-07,119,1.058,,a
1997-02-08,118,0.938,,a
1997-02-09,119,1.058,,a
1997-02-10,119,1.058,,a
1997-02-11,120,1.188,,a
1997-02-12,121,1.325,,a
1997-02-13,129,2.722,,a
1997-02-14,143,7.055,,a
1997-02-15,133,3.767,,a
1997-02-16,129,2.722,,a
1997-02-17,127,2.253,,a
1997-02-18,125,1.819,,a
1997-02-19,125,1.819,,a
1997-02-20,125,1.819,,a
1997-02-21,126,2.032,,a
1997-02-22,125,1.819,,a
1997-02-23,125,1.819,,a
1997-02-24,125,1.819,,a
1997-02-25,128,2.483,,a
1997-02-26,140,5.963,,a
1997-02-27,151,10.436,,a
1997-02-28,139,5.62,,a
1997-03-01,135,4.346,,a
1997-03-02,132,3.492,,a
1997-03-03,131,3.226,,a
1997-03-04,128,2.483,,a
1997-03-05,128,2.483,,a
1997-03-06,127,2.253,,a
1997-03-07,128,2.483,,a
1997-03-08,126,2.032,,a
1997-03-09,125,1.819,,a
1997-03-10,124,1.793,,a
1997-03-11,123,1.628,,a
1997-03-12,122,1.472,,a
1997-03-13,121,1.325,,a
1997-03-14,122,1.472,,a
1997-03-15,121,1.325,,a
1997-03-16,120,1.188,,a
1997-03-17,118,0.938,,a
1997-03-18,118,0.938,,a
1997-03-19,120,1.188,,a
1997-03-20,118,0.938,,a
1997-03-21,119,1.058,,a
1997-03-22,118,0.938,,a
1997-03-23,116,0.723,,a
1997-03-24,117,0.826,,a
1997-03-25,118,0.938,,a
1997-03-26,116,0.723,,a
1997-03-27,113,0.462,,a
1997-03-28,113,0.462,,a
1997-03-29,113,0.462,,a
1997-03-30,112,0.392,,a
1997-03-31,112,0.392,,a
1997-04-01,113,0.462,,a
1997-04-02,113,0.462,,a
1997-04-03,112,0.392,,a
1997-04-04,112,0.392,,a
1997-04-05,112,0.392,,a
1997-04-06,111,0.329,,a
1997-04-07,111,0.329,,a
1997-04-08,111,0.329,,a
1997-04-09,112,0.392,,a
1997-04-10,111,0.329,,a
1997-04-11,112,0.392,,a
1997-04-12,114,0.541,,a
1997-04-13,111,0.329,,a
1997-04-14,110,0.273,,a
1997-04-15,109,0.225,,a
1997-04-16,110,0.273,,a
1997-04-17,111,0.329,,a
1997-04-18,111,0.329,,a
1997-04-19,110,0.273,,a
1997-04-20,111,0.329,,a
1997-04-21,112,0.392,,a
1997-04-22,110,0.273,,a
1997-04-23,111,0.329,,a
1997-04-24,111,0.329,,a
1997-04-25,111,0.329,,a
1997-04-26,111,0.329,,a
1997-04-27,114,0.541,,a
1997-04-28,125,1.819,,a
1997-04-29,125,1.819,,a
1997-04-30,131,3.226,,a
1997-05-01,124,1.793,,a
1997-05-02,120,1.188,,a
1997-05-03,120,1.188,,a
1997-05-04,124,1.793,,a
1997-05-05,127,2.253,,a
1997-05-06,130,2.969,,a
1997-05-07,154,11.888,,a
1997-05-08,158,13.989,,a
1997-05-09,152,10.908,,a
1997-05-10,147,8.658,,a
1997-05-11,144,7.44,,a
1997-05-12,142,6.681,,a
1997-05-13,142,6.681,,a
1997-05-14,143,7.055,,a
1997-05-15,142,6.681,,a
1997-05-16,140,5.963,,a
1997-05-17,138,5.287,,a
1997-05-18,136,4.65,,a
1997-05-19,137,4.963,,a
1997-05-20,135,4.346,,a
1997-05-21,136,4.65,,a
1997-05-22,136,4.65,,a
1997-05-23,133,3.767,,a
1997-05-24,130,2.969,,a
1997-05-25,131,3.226,,a
1997-05-26,129,2.722,,a
1997-05-27,126,2.032,,a
1997-05-28,129,2.722,,a
1997-05-29,125,1.819,,a
1997-05-30,123,1.628,,a
1997-05-31,123,1.628,,a
1997-06-01,122,1.472,,a
1997-06-02,121,1.325,,a
1997-06-03,123,1.628,,a
1997-06-04,125,1.819,,a
1997-06-05,127,2.253,,a
1997-06-06,131,3.226,,a
1997-06-07,130,2.969,,a
1997-06-08,128,2.483,,a
1997-06-09,127,2.253,,a
1997-06-10,126,2.032,,a
1997-06-11,125,1.819,,a
1997-06-12,124,1.793,,a
1997-06-13,141,6.317,,a
1997-06-14,141,6.317,,a
1997-06-15,138,5.287,,a
1997-06-16,133,3.767,,a
1997-06-17,131,3.226,,a
1997-06-18,152,10.908,,a
1997-06-19,154,11.888,,a
1997-06-20,172,22.919,,a
1997-06-21,153,11.392,,a
1997-06-22,145,7.835,,a
1997-06-23,173,23.656,,a
1997-06-24,165,18.138,,a
1997-06-25,154,11.888,,a
1997-06-26,147,8.658,,a
1997-06-27,144,7.44,,a
1997-06-28,140,5.963,,a
1997-06-29,137,4.963,,a
1997-06-30,135,4.346,,a
1997-07-01,132,3.492,,a
1997-07-02,131,3.226,,a
1997-07-03,128,2.483,,a
1997-07-04,127,2.253,,a
1997-07-05,139,5.62,,a
1997-07-06,138,5.287,,a
1997-07-07,134,4.052,,a
1997-07-08,131,3.226,,a
1997-07-09,128,2.483,,a
1997-07-10,126,2.032,,a
1997-07-11,129,2.722,,a
1997-07-12,129,2.722,,a
1997-07-13,126,2.032,,a
1997-07-14,130,2.969,,a
1997-07-15,150,9.974,,a
1997-07-16,137,4.963,,a
1997-07-17,132,3.492,,a
1997-07-18,139,5.62,,a
1997-07-19,154,11.888,,a
1997-07-20,142,6.681,,a
1997-07-21,137,4.963,,a
1997-07-22,133,3.767,,a
1997-07-23,129,2.722,,a
1997-07-24,129,2.722,,a
1997-07-25,145,7.835,,a
1997-07-26,139,5.62,,a
1997-07-27,133,3.767,,a
1997-07-28,134,4.052,,a
1997-07-29,133,3.767,,a
1997-07-30,129,2.722,,a
1997-07-31,128,2.483,,a
1997-08-01,143,7.055,,a
1997-08-02,137,4.963,,a
1997-08-03,131,3.226,,a
1997-08-04,128,2.483,,a
1997-08-05,126,2.032,,a
1997-08-06,138,5.287,,a
1997-08-07,139,5.62,,a
1997-08-08,130,2.969,,a
1997-08-09,129,2.722,,a
1997-08-10,128,2.483,,a
1997-08-11,127,2.253,,a
1997-08-12,125,1.819,,a
1997-08-13,122,1.472,,a
1997-08-14,120,1.188,,a
1997-08-15,120,1.188,,a
1997-08-16,121,1.325,,a
1997-08-17,121,1.325,,a
1997-08-18,127,2.253,,a
1997-08-19,126,2.032,,a
1997-08-20,126,2.032,,a
1997-08-21,126,2.032,,a
1997-08-22,119,1.058,,a
1997-08-23,117,0.826,,a
1997-08-24,117,0.826,,a
1997-08-25,116,0.723,,a
1997-08-26,115,0.628,,a
1997-08-27,114,0.541,,a
1997-08-28,113,0.462,,a
1997-08-29,140,5.963,,a
1997-08-30,135,4.346,,a
1997-08-31,127,2.253,,a
1997-09-01,123,1.628,,a
1997-09-02,121,1.325,,a
1997-09-03,119,1.058,,a
1997-09-04,117,0.826,,a
1997-09-05,116,0.723,,a
1997-09-06,114,0.541,,a
1997-09-07,113,0.462,,a
1997-09-08,121,1.325,,a
1997-09-09,115,0.628,,a
1997-09-10,114,0.541,,a
1997-09-11,114,0.541,,a
1997-09-12,114,0.541,,a
1997-09-13,116,0.723,,a
1997-09-14,190,37.2,,a
1997-09-15,150,9.974,,a
1997-09-16,137,4.963,,a
1997-09-17,130,2.969,,a
1997-09-18,126,2.032,,a
1997-09-19,124,1.793,,a
1997-09-20,122,1.472,,a
1997-09-21,120,1.188,,a
1997-09-22,119,1.058,,a
1997-09-23,117,0.826,,a
1997-09-24,116,0.723,,a
1997-09-25,115,0.628,,a
1997-09-26,116,0.723,,a
1997-09-27,114,0.541,,a
1997-09-28,113,0.462,,a
1997-09-29,113,0.462,,a
1997-09-30,112,0.392,,a
1997-10-01,112,0.392,,a
1997-10-02,113,0.462,,a
1997-10-03,112,0.392,,a
1997-10-04,112,0.392,,a
1997-10-05,114,0.541,,a
1997-10-06,113,0.462,,a
1997-10-07,113,0.462,,a
1997-10-08,113,0.462,,a
1997-10-09,113,0.462,,a
1997-10-10,112,0.392,,a
1997-10-11,123,1.628,,a
1997-10-12,119,1.058,,a
1997-10-13,118,0.938,,a
1997-10-14,117,0.826,,a
1997-10-15,116,0.723,,a
1997-10-16,114,0.541,,a
1997-10-17,113,0.462,,a
1997-10-18,112,0.392,,a
1997-10-19,112,0.392,,a
1997-10-20,112,0.392,,a
1997-10-21,112,0.392,,a
1997-10-22,112,0.392,,a
1997-10-23,112,0.392,,a
1997-10-24,112,0.392,,a
1997-10-25,119,1.058,,a
1997-10-26,115,0.628,,a
1997-10-27,111,0.329,,a
1997-10-28,110,0.273,,a
1997-10-29,110,0.273,,a
1997-10-30,111,0.329,,a
1997-10-31,110,0.273,,a
1997-11-01,109,0.225,,a
1997-11-02,109,0.225,,a
1997-11-03,110,0.273,,a
1997-11-04,110,0.273,,a
1997-11-05,110,0.273,,a
1997-11-06,118,0.938,,a
1997-11-07,163,16.89,,a
1997-11-08,225,72.331,,a
1997-11-09,172,22.919,,a
1997-11-10,186,33.494,,a
1997-11-11,171,22.196,,a
1997-11-12,162,16.285,,a
1997-11-13,169,20.79,,a
1997-11-14,162,16.285,,a
1997-11-15,152,10.908,,a
1997-11-16,146,8.241,,a
1997-11-17,143,7.055,,a
1997-11-18,139,5.62,,a
1997-11-19,137,4.963,,a
1997-11-20,134,4.052,,a
1997-11-21,132,3.492,,a
1997-11-22,131,3.226,,a
1997-11-23,129,2.722,,a
1997-11-24,129,2.722,,a
1997-11-25,128,2.483,,a
1997-11-26,129,2.722,,a
1997-11-27,135,4.346,,a
1997-11-28,133,3.767,,a
1997-11-29,131,3.226,,a
1997-11-30,189,36.268,,a
1997-12-01,182,29.853,,a
1997-12-02,159,14.545,,a
1997-12-03,178,27.55,,a
1997-12-04,171,22.196,,a
1997-12-05,155,12.396,,a
1997-12-06,148,9.086,,a
1997-12-07,143,7.055,,a
1997-12-08,141,6.317,,a
1997-12-09,138,5.287,,a
1997-12-10,135,4.346,,a
1997-12-11,134,4.052,,a
1997-12-12,141,6.317,,a
1997-12-13,140,5.963,,a
1997-12-14,136,4.65,,a
1997-12-15,134,4.052,,a
1997-12-16,131,3.226,,a
1997-12-17,130,2.969,,a
1997-12-18,128,2.483,,a
1997-12-19,130,2.969,,a
1997-12-20,165,18.138,,a
1997-12-21,175,25.171,,a
1997-12-22,159,14.545,,a
1997-12-23,151,10.436,,a
1997-12-24,145,7.835,,a
1997-12-25,142,6.681,,a
1997-12-26,145,7.835,,a
1997-12-27,206,52.668,,a
1997-12-28,164,17.507,,a
1997-12-29,152,10.908,,a
1997-12-30,149,9.524,,a
1997-12-31,144,7.44,,a
1998-01-01,142,6.681,,a
1998-01-02,140,5.963,,a
1998-01-03,144,7.44,,a
1998-01-04,144,7.44,,a
1998-01-05,140,5.963,,a
1998-01-06,137,4.963,,a
1998-01-07,135,4.346,,a
1998-01-08,133,3.767,,a
1998-01-09,131,3.226,,a
1998-01-10,130,2.969,,a
1998-01-11,127,2.253,,a
1998-01-12,125,1.819,,a
1998-01-13,125,1.819,,a
1998-01-14,126,2.032,,a
1998-01-15,125,1.819,,a
1998-01-16,124,1.793,,a
1998-01-17,124,1.793,,a
1998-01-18,122,1.472,,a
1998-01-19,125,1.819,,a
1998-01-20,125,1.819,,a
1998-01-21,123,1.628,,a
1998-01-22,121,1.325,,a
1998-01-23,121,1.325,,a
1998-01-24,119,1.058,,a
1998-01-25,119,1.058,,a
1998-01-26,119,1.058,,a
1998-01-27,118,0.938,,a
1998-01-28,117,0.826,,a
1998-01-29,117,0.826,,a
1998-01-30,116,0.723,,a
1998-01-31,116,0.723,,a
1998-02-01,115,0.628,,a
1998-02-02,116,0.723,,a
1998-02-03,116,0.723,,a
1998-02-04,115,0.628,,a
1998-02-05,114,0.541,,a
1998-02-06,113,0.462,,a
1998-02-07,113,0.462,,a
1998-02-08,113,0.462,,a
1998-02-09,113,0.462,,a
1998-02-10,113,0.462,,a
1998-02-11,112,0.392,,a
1998-02-12,112,0.392,,a
1998-02-13,113,0.462,,a
1998-02-14,113,0.462,,a
1998-02-15,113,0.462,,a
1998-02-16,113,0.462,,a
1998-02-17,114,0.541,,a
1998-02-18,114,0.541,,a
1998-02-19,113,0.462,,a
1998-02-20,113,0.462,,a
1998-02-21,113,0.462,,a
1998-02-22,113,0.462,,a
1998-02-23,113,0.462,,a
1998-02-24,113,0.462,,a
1998-02-25,112,0.392,,a
1998-02-26,110,0.273,,a
1998-02-27,111,0.329,,a
1998-02-28,111,0.329,,a
1998-03-01,121,1.325,,a
1998-03-02,120,1.188,,a
1998-03-03,118,0.938,,a
1998-03-04,116,0.723,,a
1998-03-05,121,1.325,,a
1998-03-06,132,3.492,,a
1998-03-07,123,1.628,,a
1998-03-08,121,1.325,,a
1998-03-09,122,1.472,,a
1998-03-10,119,1.058,,a
1998-03-11,118,0.938,,a
1998-03-12,117,0.826,,a
1998-03-13,116,0.723,,a
1998-03-14,115,0.628,,a
1998-03-15,114,0.541,,a
1998-03-16,115,0.628,,a
1998-03-17,114,0.541,,a
1998-03-18,113,0.462,,a
1998-03-19,113,0.462,,a
1998-03-20,112,0.392,,a
1998-03-21,113,0.462,,a
1998-03-22,114,0.541,,a
1998-03-23,111,0.329,,a
1998-03-24,111,0.329,,a
1998-03-25,110,0.273,,a
1998-03-26,110,0.273,,a
1998-03-27,110,0.273,,a
1998-03-28,110,0.273,,a
1998-03-29,110,0.273,,a
1998-03-30,109,0.225,,a
1998-03-31,109,0.225,,a
1998-04-01,111,0.329,,a
1998-04-02,114,0.541,,a
1998-04-03,114,0.541,,a
1998-04-04,114,0.541,,a
1998-04-05,124,1.793,,a
1998-04-06,172,22.919,,a
1998-04-07,155,12.396,,a
1998-04-08,144,7.44,,a
1998-04-09,144,7.44,,a
1998-04-10,140,5.963,,a
1998-04-11,145,7.835,,a
1998-04-12,148,9.086,,a
1998-04-13,152,10.908,,a
1998-04-14,150,9.974,,a
1998-04-15,143,7.055,,a
1998-04-16,152,10.908,,a
1998-04-17,152,10.908,,a
1998-04-18,155,12.396,,a
1998-04-19,150,9.974,,a
1998-04-20,143,7.055,,a
1998-04-21,139,5.62,,a
1998-04-22,137,4.963,,a
1998-04-23,136,4.65,,a
1998-04-24,134,4.052,,a
1998-04-25,132,3.492,,a
1998-04-26,133,3.767,,a
1998-04-27,135,4.346,,a
1998-04-28,136,4.65,,a
1998-04-29,142,6.681,,a
1998-04-30,143,7.055,,a
1998-05-01,136,4.65,,a
1998-05-02,135,4.346,,a
1998-05-03,133,3.767,,a
1998-05-04,137,4.963,,a
1998-05-05,140,5.963,,a
1998-05-06,137,4.963,,a
1998-05-07,134,4.052,,a
1998-05-08,133,3.767,,a
1998-05-09,134,4.052,,a
1998-05-10,136,4.65,,a
1998-05-11,137,4.963,,a
1998-05-12,137,4.963,,a
1998-05-13,139,5.62,,a
1998-05-14,140,5.963,,a
1998-05-15,138,5.287,,a
1998-05-16,135,4.346,,a
1998-05-17,132,3.492,,a
1998-05-18,131,3.226,,a
1998-05-19,129,2.722,,a
1998-05-20,129,2.722,,a
1998-05-21,131,3.226,,a
1998-05-22,132,3.492,,a
1998-05-23,132,3.492,,a
1998-05-24,130,2.969,,a
1998-05-25,132,3.492,,a
1998-05-26,130,2.969,,a
1998-05-27,129,2.722,,a
1998-05-28,129,2.722,,a
1998-05-29,130,2.969,,a
1998-05-30,130,2.969,,a
1998-05-31,132,3.492,,a
1998-06-01,131,3.226,,a
1998-06-02,130,2.969,,a
1998-06-03,130,2.969,,a
1998-06-04,131,3.226,,a
1998-06-05,133,3.767,,a
1998-06-06,132,3.492,,a
1998-06-07,132,3.492,,a
1998-06-08,133,3.767,,a
1998-06-09,136,4.65,,a
1998-06-10,133,3.767,,a
1998-06-11,132,3.492,,a
1998-06-12,136,4.65,,a
1998-06-13,132,3.492,,a
1998-06-14,128,2.483,,a
1998-06-15,125,1.819,,a
1998-06-16,125,1.819,,a
1998-06-17,126,2.032,,a
1998-06-18,127,2.253,,a
1998-06-19,124,1.793,,a
1998-06-20,121,1.325,,a
1998-06-21,122,1.472,,a
1998-06-22,123,1.628,,a
1998-06-23,137,4.963,,a
1998-06-24,139,5.62,,a
1998-06-25,131,3.226,,a
1998-06-26,129,2.722,,a
1998-06-27,126,2.032,,a
1998-06-28,125,1.819,,a
1998-06-29,128,2.483,,a
1998-06-30,126,2.032,,a
1998-07-01,124,1.793,,a
1998-07-02,125,1.819,,a
1998-07-03,147,8.658,,a
1998-07-04,178,27.55,,a
1998-07-05,153,11.392,,a
1998-07-06,144,7.44,,a
1998-07-07,146,8.241,,a
1998-07-08,180,28.057,,a
1998-07-09,153,11.392,,a
1998-07-10,144,7.44,,a
1998-07-11,139,5.62,,a
1998-07-12,139,5.62,,a
1998-07-13,139,5.62,,a
1998-07-14,188,35.339,,a
1998-07-15,202,48.706,,a
1998-07-16,170,21.486,,a
1998-07-17,157,13.446,,a
1998-07-18,150,9.974,,a
1998-07-19,146,8.241,,a
1998-07-20,141,6.317,,a
1998-07-21,137,4.963,,a
1998-07-22,134,4.052,,a
1998-07-23,131,3.226,,a
1998-07-24,130,2.969,,a
1998-07-25,128,2.483,,a
1998-07-26,132,3.492,,a
1998-07-27,128,2.483,,a
1998-07-28,135,4.346,,a
1998-07-29,137,4.963,,a
1998-07-30,131,3.226,,a
1998-07-31,127,2.253,,a
1998-08-01,124,1.793,,a
1998-08-02,123,1.628,,a
1998-08-03,123,1.628,,a
1998-08-04,122,1.472,,a
1998-08-05,132,3.492,,a
1998-08-06,127,2.253,,a
1998-08-07,123,1.628,,a
1998-08-08,123,1.628,,a
1998-08-09,121,1.325,,a
1998-08-10,120,1.188,,a
1998-08-11,120,1.188,,a
1998-08-12,119,1.058,,a
1998-08-13,118,0.938,,a
1998-08-14,118,0.938,,a
1998-08-15,118,0.938,,a
1998-08-16,117,0.826,,a
1998-08-17,115,0.628,,a
1998-08-18,114,0.541,,a
1998-08-19,115,0.628,,a
1998-08-20,114,0.541,,a
1998-08-21,113,0.462,,a
1998-08-22,116,0.723,,a
1998-08-23,144,7.44,,a
1998-08-24,125,1.819,,a
1998-08-25,128,2.483,,a
1998-08-26,122,1.472,,a
1998-08-27,121,1.325,,a
1998-08-28,165,18.138,,a
1998-08-29,140,5.963,,a
1998-08-30,131,3.226,,a
1998-08-31,127,2.253,,a
1998-09-01,126,2.032,,a
1998-09-02,125,1.819,,a
1998-09-03,123,1.628,,a
1998-09-04,135,4.346,,a
1998-09-05,166,18.781,,a
1998-09-06,184,31.665,,a
1998-09-07,155,12.396,,a
1998-09-08,145,7.835,,a
1998-09-09,139,5.62,,a
1998-09-10,135,4.346,,a
1998-09-11,134,4.052,,a
1998-09-12,155,12.396,,a
1998-09-13,190,37.2,,a
1998-09-14,180,28.057,,a
1998-09-15,163,16.89,,a
1998-09-16,154,11.888,,a
1998-09-17,152,10.908,,a
1998-09-18,148,9.086,,a
1998-09-19,143,7.055,,a
1998-09-20,139,5.62,,a
1998-09-21,137,4.963,,a
1998-09-22,135,4.346,,a
1998-09-23,133,3.767,,a
1998-09-24,131,3.226,,a
1998-09-25,129,2.722,,a
1998-09-26,127,2.253,,a
1998-09-27,136,4.65,,a
1998-09-28,143,7.055,,a
1998-09-29,141,6.317,,a
1998-09-30,134,4.052,,a
1998-10-01,157,13.446,,a
1998-10-02,169,20.79,,a
1998-10-03,152,10.908,,a
1998-10-04,150,9.974,,a
1998-10-05,154,11.888,,a
1998-10-06,212,58.728,,a
1998-10-07,203,49.691,,a
1998-10-08,190,37.2,,a
1998-10-09,177,26.743,,a
1998-10-10,170,21.486,,a
1998-10-11,161,15.692,,a
1998-10-12,156,12.915,,a
1998-10-13,151,10.436,,a
1998-10-14,146,8.241,,a
1998-10-15,144,7.44,,a
1998-10-16,142,6.681,,a
1998-10-17,140,5.963,,a
1998-10-18,161,15.692,,a
1998-10-19,217,63.884,,a
1998-10-20,190,37.2,,a
1998-10-21,163,16.89,,a
1998-10-22,151,10.436,,a
1998-10-23,146,8.241,,a
1998-10-24,143,7.055,,a
1998-10-25,142,6.681,,a
1998-10-26,147,8.658,,a
1998-10-27,148,9.086,,a
1998-10-28,144,7.44,,a
1998-10-29,149,9.524,,a
1998-10-30,164,17.507,,a
1998-10-31,152,10.908,,a
1998-11-01,148,9.086,,a
1998-11-02,145,7.835,,a
1998-11-03,144,7.44,,a
1998-11-04,204,50.679,,a
1998-11-05,228,75.561,,a
1998-11-06,199,45.776,,a
1998-11-07,180,28.057,,a
1998-11-08,168,20.107,,a
1998-11-09,160,15.112,,a
1998-11-10,156,12.915,,a
1998-11-11,156,12.915,,a
1998-11-12,152,10.908,,a
1998-11-13,148,9.086,,a
1998-11-14,145,7.835,,a
1998-11-15,149,9.524,,a
1998-11-16,144,7.44,,a
1998-11-17,142,6.681,,a
1998-11-18,140,5.963,,a
1998-11-19,138,5.287,,a
1998-11-20,136,4.65,,a
1998-11-21,135,4.346,,a
1998-11-22,133,3.767,,a
1998-11-23,134,4.052,,a
1998-11-24,134,4.052,,a
1998-11-25,132,3.492,,a
1998-11-26,130,2.969,,a
1998-11-27,129,2.722,,a
1998-11-28,128,2.483,,a
1998-11-29,127,2.253,,a
1998-11-30,127,2.253,,a
1998-12-01,125,1.819,,a
1998-12-02,124,1.793,,a
1998-12-03,124,1.793,,a
1998-12-04,125,1.819,,a
1998-12-05,125,1.819,,a
1998-12-06,122,1.472,,a
1998-12-07,122,1.472,,a
1998-12-08,122,1.472,,a
1998-12-09,121,1.325,,a
1998-12-10,120,1.188,,a
1998-12-11,121,1.325,,a
1998-12-12,121,1.325,,a
1998-12-13,120,1.188,,a
1998-12-14,119,1.058,,a
1998-12-15,118,0.938,,a
1998-12-16,118,0.938,,a
1998-12-17,118,0.938,,a
1998-12-18,118,0.938,,a
1998-12-19,118,0.938,,a
1998-12-20,117,0.826,,a
1998-12-21,119,1.058,,a
1998-12-22,119,1.058,,a
1998-12-23,118,0.938,,a
1998-12-24,117,0.826,,a
1998-12-25,114,0.541,,a
1998-12-26,114,0.541,,a
1998-12-27,114,0.541,,a
1998-12-28,115,0.628,,a
1998-12-29,115,0.628,,a
1998-12-30,115,0.628,,a
1998-12-31,115,0.628,,a
1999-01-01,114,0.541,,a
1999-01-02,114,0.541,,a
1999-01-03,118,0.938,,a
1999-01-04,123,1.628,,a
1999-01-05,123,1.628,,a
1999-01-06,120,1.188,,a
1999-01-07,120,1.188,,a
1999-01-08,120,1.188,,a
1999-01-09,123,1.628,,a
1999-01-10,124,1.793,,a
1999-01-11,122,1.472,,a
1999-01-12,130,2.969,,a
1999-01-13,131,3.633,,a
1999-01-14,127,2.633,,a
1999-01-15,124,2.144,,a
1999-01-16,123,1.964,,a
1999-01-17,121,1.631,,a
1999-01-18,121,1.631,,a
1999-01-19,121,1.631,,a
1999-01-20,119,1.332,,a
1999-01-21,119,1.332,,a
1999-01-22,118,1.195,,a
1999-01-23,118,1.195,,a
1999-01-24,118,1.195,,a
1999-01-25,117,1.067,,a
1999-01-26,117,1.067,,a
1999-01-27,117,1.067,,a
1999-01-28,117,1.067,,a
1999-01-29,117,1.067,,a
1999-01-30,115,0.835,,a
1999-01-31,114,0.731,,a
1999-02-01,114,0.731,,a
1999-02-02,114,0.731,,a
1999-02-03,115,0.835,,a
1999-02-04,115,0.835,,a
1999-02-05,114,0.731,,a
1999-02-06,116,0.947,,a
1999-02-07,115,0.835,,a
1999-02-08,115,0.835,,a
1999-02-09,116,0.947,,a
1999-02-10,133,4.186,,a
1999-02-11,115,0.835,,a
1999-02-12,114,0.731,,a
1999-02-13,114,0.731,,a
1999-02-14,114,0.731,,a
1999-02-15,113,0.634,,a
1999-02-16,113,0.634,,a
1999-02-17,113,0.634,,a
1999-02-18,113,0.634,,a
1999-02-19,113,0.634,,a
1999-02-20,114,0.731,,a
1999-02-21,115,0.835,,a
1999-02-22,129,3.116,,a
1999-02-23,139,6.062,,a
1999-02-24,131,3.633,,a
1999-02-25,128,2.87,,a
1999-02-26,127,2.633,,a
1999-02-27,128,2.87,,a
1999-02-28,130,3.37,,a
1999-03-01,129,3.116,,a
1999-03-02,131,3.633,,a
1999-03-03,136,5.082,,a
1999-03-04,152,11.345,,a
1999-03-05,162,16.655,,a
1999-03-06,156,13.332,,a
1999-03-07,153,11.825,,a
1999-03-08,146,8.69,,a
1999-03-09,140,6.408,,a
1999-03-10,139,6.062,,a
1999-03-11,140,6.408,,a
1999-03-12,137,5.399,,a
1999-03-13,135,4.774,,a
1999-03-14,132,3.905,,a
1999-03-15,131,3.633,,a
1999-03-16,130,3.37,,a
1999-03-17,127,2.633,,a
1999-03-18,125,2.184,,a
1999-03-19,124,2.144,,a
1999-03-20,122,1.793,,a
1999-03-21,119,1.332,,a
1999-03-22,121,1.631,,a
1999-03-23,128,2.87,,a
1999-03-24,121,1.631,,a
1999-03-25,120,1.477,,a
1999-03-26,120,1.477,,a
1999-03-27,128,2.87,,a
1999-03-28,135,4.774,,a
1999-03-29,143,7.504,,a
1999-03-30,136,5.082,,a
1999-03-31,132,3.905,,a
1999-04-01,129,3.116,,a
1999-04-02,128,2.87,,a
1999-04-03,127,2.633,,a
1999-04-04,124,2.144,,a
1999-04-05,124,2.144,,a
1999-04-06,125,2.184,,a
1999-04-07,125,2.184,,a
1999-04-08,150,10.417,,a
1999-04-09,142,7.129,,a
1999-04-10,135,4.774,,a
1999-04-11,133,4.186,,a
1999-04-12,131,3.633,,a
1999-04-13,139,6.062,,a
1999-04-14,141,6.763,,a
1999-04-15,136,5.082,,a
1999-04-16,154,12.316,,a
1999-04-17,181,29.002,,a
1999-04-18,171,22.457,,a
1999-04-19,159,14.941,,a
1999-04-20,152,11.345,,a
1999-04-21,146,8.69,,a
1999-04-22,161,16.072,,a
1999-04-23,161,16.072,,a
1999-04-24,152,11.345,,a
1999-04-25,148,9.533,,a
1999-04-26,147,9.106,,a
1999-04-27,150,10.417,,a
1999-04-28,145,8.285,,a
1999-04-29,142,7.129,,a
1999-04-30,144,7.889,,a
1999-05-01,143,7.504,,a
1999-05-02,141,6.763,,a
1999-05-03,140,6.408,,a
1999-05-04,140,6.408,,a
1999-05-05,154,12.316,,a
1999-05-06,146,8.69,,a
1999-05-07,140,6.408,,a
1999-05-08,139,6.062,,a
1999-05-09,142,7.129,,a
1999-05-10,141,6.763,,a
1999-05-11,139,6.062,,a
1999-05-12,138,5.726,,a
1999-05-13,158,14.393,,a
1999-05-14,155,12.818,,a
1999-05-15,174,24.619,,a
1999-05-16,162,16.655,,a
1999-05-17,154,12.316,,a
1999-05-18,147,9.106,,a
1999-05-19,143,7.504,,a
1999-05-20,144,7.889,,a
1999-05-21,167,19.754,,a
1999-05-22,160,15.501,,a
1999-05-23,151,10.875,,a
1999-05-24,147,9.106,,a
1999-05-25,144,7.889,,a
1999-05-26,145,8.285,,a
1999-05-27,142,7.129,,a
1999-05-28,140,6.408,,a
1999-05-29,138,5.726,,a
1999-05-30,137,5.399,,a
1999-05-31,135,4.774,,a
1999-06-01,134,4.475,,a
1999-06-02,133,4.186,,a
1999-06-03,133,4.186,,a
1999-06-04,134,4.475,,a
1999-06-05,132,3.905,,a
1999-06-06,129,3.116,,a
1999-06-07,128,2.87,,a
1999-06-08,131,3.633,,a
1999-06-09,138,5.726,,a
1999-06-10,131,3.633,,a
1999-06-11,134,4.475,,a
1999-06-12,143,7.504,,a
1999-06-13,179,28.489,,a
1999-06-14,154,12.316,,a
1999-06-15,147,9.106,,a
1999-06-16,150,10.417,,a
1999-06-17,143,7.504,,a
1999-06-18,141,6.763,,a
1999-06-19,138,5.726,,a
1999-06-20,135,4.774,,a
1999-06-21,146,8.69,,a
1999-06-22,153,11.825,,a
1999-06-23,142,7.129,,a
1999-06-24,137,5.399,,a
1999-06-25,132,3.905,,a
1999-06-26,130,3.37,,a
1999-06-27,128,2.87,,a
1999-06-28,127,2.633,,a
1999-06-29,125,2.184,,a
1999-06-30,125,2.184,,a
1999-07-01,134,4.475,,a
1999-07-02,125,2.184,,a
1999-07-03,124,2.144,,a
1999-07-04,124,2.144,,a
1999-07-05,125,2.184,,a
1999-07-06,124,2.144,,a
1999-07-07,127,2.633,,a
1999-07-08,126,2.404,,a
1999-07-09,125,2.184,,a
1999-07-10,162,16.655,,a
1999-07-11,184,31.713,,a
1999-07-12,160,15.501,,a
1999-07-13,145,8.285,,a
1999-07-14,139,6.062,,a
1999-07-15,135,4.774,,a
1999-07-16,141,6.763,,a
1999-07-17,134,4.475,,a
1999-07-18,131,3.633,,a
1999-07-19,129,3.116,,a
1999-07-20,127,2.633,,a
1999-07-21,126,2.404,,a
1999-07-22,128,2.87,,a
1999-07-23,149,9.97,,a
1999-07-24,134,4.475,,a
1999-07-25,129,3.116,,a
1999-07-26,127,2.633,,a
1999-07-27,126,2.404,,a
1999-07-28,124,2.144,,a
1999-07-29,122,1.793,,a
1999-07-30,120,1.477,,a
1999-07-31,118,1.195,,a
1999-08-01,118,1.195,,a
1999-08-02,118,1.195,,a
1999-08-03,117,1.067,,a
1999-08-04,120,1.477,,a
1999-08-05,117,1.067,,a
1999-08-06,116,0.947,,a
1999-08-07,116,0.947,,a
1999-08-08,115,0.835,,a
1999-08-09,115,0.835,,a
1999-08-10,114,0.731,,a
1999-08-11,118,1.195,,a
1999-08-12,113,0.634,,a
1999-08-13,119,1.332,,a
1999-08-14,117,1.067,,a
1999-08-15,112,0.546,,a
1999-08-16,112,0.546,,a
1999-08-17,160,15.501,,a
1999-08-18,134,4.475,,a
1999-08-19,126,2.404,,a
1999-08-20,126,2.404,,a
1999-08-21,158,14.393,,a
1999-08-22,137,5.399,,a
1999-08-23,131,3.633,,a
1999-08-24,128,2.87,,a
1999-08-25,125,2.184,,a
1999-08-26,123,1.964,,a
1999-08-27,122,1.793,,a
1999-08-28,122,1.793,,a
1999-08-29,121,1.631,,a
1999-08-30,124,2.144,,a
1999-08-31,124,2.144,,a
1999-09-01,121,1.631,,a
1999-09-02,119,1.332,,a
1999-09-03,118,1.195,,a
1999-09-04,122,1.793,,a
1999-09-05,123,1.964,,a
1999-09-06,120,1.477,,a
1999-09-07,116,0.947,,a
1999-09-08,120,1.477,,a
1999-09-09,117,1.067,,a
1999-09-10,115,0.835,,a
1999-09-11,114,0.731,,a
1999-09-12,113,0.634,,a
1999-09-13,113,0.634,,a
1999-09-14,114,0.731,,a
1999-09-15,115,0.835,,a
1999-09-16,114,0.731,,a
1999-09-17,113,0.634,,a
1999-09-18,113,0.634,,a
1999-09-19,114,0.731,,a
1999-09-20,114,0.731,,a
1999-09-21,141,6.763,,a
1999-09-22,130,3.37,,a
1999-09-23,122,1.793,,a
1999-09-24,119,1.332,,a
1999-09-25,117,1.067,,a
1999-09-26,115,0.835,,a
1999-09-27,117,1.067,,a
1999-09-28,120,1.477,,a
1999-09-29,122,1.793,,a
1999-09-30,118,1.195,,a
1999-10-01,125,2.184,,a
1999-10-02,124,2.144,,a
1999-10-03,119,1.332,,a
1999-10-04,139,6.062,,a
1999-10-05,140,6.408,,a
1999-10-06,132,3.905,,a
1999-10-07,127,2.633,,a
1999-10-08,124,2.144,,a
1999-10-09,123,1.964,,a
1999-10-10,120,1.477,,a
1999-10-11,120,1.477,,a
1999-10-12,118,1.195,,a
1999-10-13,117,1.067,,a
1999-10-14,116,0.947,,a
1999-10-15,116,0.947,,a
1999-10-16,115,0.835,,a
1999-10-17,114,0.731,,a
1999-10-18,114,0.731,,a
1999-10-19,114,0.731,,a
1999-10-20,114,0.731,,a
1999-10-21,113,0.634,,a
1999-10-22,114,0.731,,a
1999-10-23,115,0.835,,a
1999-10-24,140,6.408,,a
1999-10-25,155,12.818,,a
1999-10-26,153,11.825,,a
1999-10-27,150,10.417,,a
1999-10-28,145,8.285,,a
1999-10-29,140,6.408,,a
1999-10-30,134,4.475,,a
1999-10-31,131,3.633,,a
1999-11-01,128,2.87,,a
1999-11-02,126,2.404,,a
1999-11-03,125,2.184,,a
1999-11-04,122,1.793,,a
1999-11-05,120,1.477,,a
1999-11-06,120,1.477,,a
1999-11-07,131,3.633,,a
1999-11-08,125,2.184,,a
1999-11-09,122,1.793,,a
1999-11-10,124,2.144,,a
1999-11-11,121,1.631,,a
1999-11-12,119,1.332,,a
1999-11-13,119,1.332,,a
1999-11-14,118,1.195,,a
1999-11-15,126,2.404,,a
1999-11-16,123,1.964,,a
1999-11-17,120,1.477,,a
1999-11-18,121,1.631,,a
1999-11-19,124,2.144,,a
1999-11-20,122,1.793,,a
1999-11-21,121,1.631,,a
1999-11-22,121,1.631,,a
1999-11-23,121,1.631,,a
1999-11-24,120,1.477,,a
1999-11-25,121,1.631,,a
1999-11-26,121,1.631,,a
1999-11-27,121,1.631,,a
1999-11-28,121,1.631,,a
1999-11-29,120,1.477,,a
1999-11-30,119,1.332,,a
1999-12-01,120,1.477,,a
1999-12-02,119,1.332,,a
1999-12-03,121,1.631,,a
1999-12-04,127,2.633,,a
1999-12-05,136,5.082,,a
1999-12-06,130,3.37,,a
1999-12-07,126,2.404,,a
1999-12-08,124,2.144,,a
1999-12-09,124,2.144,,a
1999-12-10,129,3.116,,a
1999-12-11,164,17.858,,a
1999-12-12,141,6.763,,a
1999-12-13,171,22.457,,a
1999-12-14,148,9.533,,a
1999-12-15,157,13.857,,a
1999-12-16,148,9.533,,a
1999-12-17,139,6.062,,a
1999-12-18,135,4.774,,a
1999-12-19,132,3.905,,a
1999-12-20,136,5.082,,a
1999-12-21,131,3.633,,a
1999-12-22,128,2.87,,a
1999-12-23,126,2.404,,a
1999-12-24,126,2.404,,a
1999-12-25,124,2.144,,a
1999-12-26,141,6.763,,a
1999-12-27,149,9.97,,a
1999-12-28,149,9.97,,a
1999-12-29,140,6.408,,a
1999-12-30,134,4.475,,a
1999-12-31,130,3.37,,a
2000-01-01,127,2.25,,a
2000-01-02,126,2.03,,a
2000-01-03,125,1.82,,a
2000-01-04,124,1.79,,a
2000-01-05,123,1.63,,a
2000-01-06,122,1.47,,a
2000-01-07,120,1.19,,a
2000-01-08,120,1.19,,a
2000-01-09,120,1.19,,a
2000-01-10,119,1.06,,a
2000-01-11,117,0.826,,a
2000-01-12,116,0.723,,a
2000-01-13,115,0.628,,a
2000-01-14,114,0.541,,a
2000-01-15,114,0.541,,a
2000-01-16,113,0.462,,a
2000-01-17,113,0.462,,a
2000-01-18,112,0.392,,a
2000-01-19,111,0.329,,a
2000-01-20,111,0.329,,a
2000-01-21,111,0.329,,a
2000-01-22,111,0.329,,a
2000-01-23,111,0.329,,a
2000-01-24,111,0.329,,a
2000-01-25,111,0.329,,a
2000-01-26,111,0.329,,a
2000-01-27,111,0.329,,a
2000-01-28,111,0.329,,a
2000-01-29,111,0.329,,a
2000-01-30,111,0.329,,a
2000-01-31,111,0.329,,a
2000-02-01,112,0.392,,a
2000-02-02,112,0.392,,a
2000-02-03,112,0.392,,a
2000-02-04,113,0.462,,a
2000-02-05,113,0.462,,a
2000-02-06,113,0.462,,a
2000-02-07,113,0.462,,a
2000-02-08,113,0.462,,a
2000-02-09,114,0.541,,a
2000-02-10,114,0.541,,a
2000-02-11,113,0.462,,a
2000-02-12,112,0.392,,a
2000-02-13,112,0.392,,a
2000-02-14,113,0.462,,a
2000-02-15,114,0.541,,a
2000-02-16,114,0.541,,a
2000-02-17,117,0.826,,a
2000-02-18,115,0.628,,a
2000-02-19,114,0.541,,a
2000-02-20,113,0.462,,a
2000-02-21,112,0.392,,a
2000-02-22,111,0.329,,a
2000-02-23,110,0.273,,a
2000-02-24,110,0.273,,a
2000-02-25,110,0.273,,a
2000-02-26,110,0.273,,a
2000-02-27,110,0.273,,a
2000-02-28,110,0.273,,a
2000-02-29,109,0.225,,a
2000-03-01,119,1.06,,a
2000-03-02,154,11.9,,a
2000-03-03,129,2.72,,a
2000-03-04,121,1.33,,a
2000-03-05,116,0.723,,a
2000-03-06,114,0.541,,a
2000-03-07,113,0.462,,a
2000-03-08,112,0.392,,a
2000-03-09,111,0.329,,a
2000-03-10,111,0.329,,a
2000-03-11,111,0.329,,a
2000-03-12,111,0.329,,a
2000-03-13,112,0.392,,a
2000-03-14,111,0.329,,a
2000-03-15,112,0.392,,a
2000-03-16,113,0.462,,a
2000-03-17,113,0.462,,a
2000-03-18,112,0.392,,a
2000-03-19,110,0.273,,a
2000-03-20,109,0.225,,a
2000-03-21,109,0.225,,a
2000-03-22,110,0.273,,a
2000-03-23,109,0.225,,a
2000-03-24,112,0.392,,a
2000-03-25,112,0.392,,a
2000-03-26,111,0.329,,a
2000-03-27,115,0.628,,a
2000-03-28,121,1.33,,a
2000-03-29,157,13.4,,a
2000-03-30,168,20.4,,a
2000-03-31,148,9.53,,a
2000-04-01,144,7.89,,a
2000-04-02,141,6.76,,a
2000-04-03,136,5.08,,a
2000-04-04,134,4.48,,a
2000-04-05,134,4.48,,a
2000-04-06,131,3.63,,a
2000-04-07,127,2.63,,a
2000-04-08,125,2.18,,a
2000-04-09,123,1.96,,a
2000-04-10,122,1.79,,a
2000-04-11,121,1.63,,a
2000-04-12,125,2.18,,a
2000-04-13,131,3.63,,a
2000-04-14,130,3.37,,a
2000-04-15,129,3.12,,a
2000-04-16,131,3.63,,a
2000-04-17,131,3.63,,a
2000-04-18,133,4.19,,a
2000-04-19,140,6.41,,a
2000-04-20,139,6.06,,a
2000-04-21,138,5.73,,a
2000-04-22,137,5.4,,a
2000-04-23,137,5.4,,a
2000-04-24,138,5.73,,a
2000-04-25,139,6.06,,a
2000-04-26,136,5.08,,a
2000-04-27,135,4.77,,a
2000-04-28,134,4.48,,a
2000-04-29,134,4.48,,a
2000-04-30,135,4.77,,a
2000-05-01,133,4.19,,a
2000-05-02,135,4.77,,a
2000-05-03,135,4.77,,a
2000-05-04,133,4.19,,a
2000-05-05,133,4.19,,a
2000-05-06,130,3.37,,a
2000-05-07,128,2.87,,a
2000-05-08,129,3.12,,a
2000-05-09,130,3.37,,a
2000-05-10,130,3.37,,a
2000-05-11,129,3.12,,a
2000-05-12,130,3.37,,a
2000-05-13,132,3.91,,a
2000-05-14,131,3.63,,a
2000-05-15,128,2.87,,a
2000-05-16,126,2.4,,a
2000-05-17,125,2.18,,a
2000-05-18,125,2.18,,a
2000-05-19,127,2.63,,a
2000-05-20,128,2.87,,a
2000-05-21,127,2.63,,a
2000-05-22,134,4.48,,a
2000-05-23,134,4.48,,a
2000-05-24,129,3.12,,a
2000-05-25,126,2.4,,a
2000-05-26,126,2.4,,a
2000-05-27,125,2.18,,a
2000-05-28,123,1.96,,a
2000-05-29,126,2.4,,a
2000-05-30,142,7.13,,a
2000-05-31,132,3.91,,a
2000-06-01,127,2.63,,a
2000-06-02,125,2.18,,a
2000-06-03,124,2.14,,a
2000-06-04,122,1.79,,a
2000-06-05,122,1.79,,a
2000-06-06,122,1.79,,a
2000-06-07,123,1.96,,a
2000-06-08,122,1.79,,a
2000-06-09,119,1.33,,a
2000-06-10,118,1.2,,a
2000-06-11,117,1.07,,a
2000-06-12,117,1.07,,a
2000-06-13,117,1.07,,a
2000-06-14,116,0.947,,a
2000-06-15,124,2.14,,a
2000-06-16,120,1.48,,a
2000-06-17,115,0.835,,a
2000-06-18,113,0.634,,a
2000-06-19,112,0.546,,a
2000-06-20,110,0.391,,a
2000-06-21,110,0.391,,a
2000-06-22,109,0.325,,a
2000-06-23,109,0.325,,a
2000-06-24,110,0.391,,a
2000-06-25,132,3.91,,a
2000-06-26,130,3.37,,a
2000-06-27,122,1.79,,a
2000-06-28,119,1.33,,a
2000-06-29,121,1.63,,a
2000-06-30,122,1.79,,a
2000-07-01,121,1.63,,a
2000-07-02,117,1.07,,a
2000-07-03,117,1.07,,a
2000-07-04,115,0.835,,a
2000-07-05,115,0.835,,a
2000-07-06,115,0.835,,a
2000-07-07,114,0.731,,a
2000-07-08,113,0.634,,a
2000-07-09,142,7.13,,a
2000-07-10,130,3.37,,a
2000-07-11,170,21.8,,a
2000-07-12,154,12.3,,a
2000-07-13,141,6.76,,a
2000-07-14,135,4.77,,a
2000-07-15,137,5.4,,a
2000-07-16,133,4.19,,a
2000-07-17,129,3.12,,a
2000-07-18,125,2.18,,a
2000-07-19,125,2.18,,a
2000-07-20,122,1.79,,a
2000-07-21,121,1.63,,a
2000-07-22,119,1.33,,a
2000-07-23,118,1.2,,a
2000-07-24,117,1.07,,a
2000-07-25,117,1.07,,a
2000-07-26,115,0.835,,a
2000-07-27,114,0.731,,a
2000-07-28,118,1.2,,a
2000-07-29,124,2.14,,a
2000-07-30,120,1.48,,a
2000-07-31,119,1.33,,a
2000-08-01,116,0.947,,a
2000-08-02,114,0.731,,a
2000-08-03,112,0.546,,a
2000-08-04,112,0.546,,a
2000-08-05,116,0.947,,a
2000-08-06,145,8.28,,a
2000-08-07,130,3.37,,a
2000-08-08,123,1.96,,a
2000-08-09,120,1.48,,a
2000-08-10,118,1.2,,a
2000-08-11,117,1.07,,a
2000-08-12,118,1.2,,a
2000-08-13,117,1.07,,a
2000-08-14,115,0.835,,a
2000-08-15,113,0.634,,a
2000-08-16,113,0.634,,a
2000-08-17,113,0.634,,a
2000-08-18,114,0.731,,a
2000-08-19,112,0.546,,a
2000-08-20,112,0.546,,a
2000-08-21,113,0.634,,a
2000-08-22,112,0.546,,a
2000-08-23,113,0.634,,a
2000-08-24,112,0.546,,a
2000-08-25,113,0.634,,a
2000-08-26,113,0.634,,a
2000-08-27,112,0.546,,a
2000-08-28,114,0.731,,a
2000-08-29,114,0.731,,a
2000-08-30,114,0.731,,a
2000-08-31,114,0.731,,a
2000-09-01,118,1.2,,a
2000-09-02,118,1.2,,a
2000-09-03,134,3.23,,a
2000-09-04,140,5.36,,a
2000-09-05,142,6.21,,a
2000-09-06,136,3.87,,a
2000-09-07,133,2.93,,a
2000-09-08,131,2.38,,a
2000-09-09,129,1.9,,a
2000-09-10,127,1.47,,a
2000-09-11,121,0.589,,a
2000-09-12,119,0.385,,a
2000-09-13,119,0.385,,a
2000-09-14,120,0.482,,a
2000-09-15,120,0.482,,a
2000-09-16,119,0.385,,a
2000-09-17,132,2.65,,a
2000-09-18,127,1.47,,a
2000-09-19,125,1.13,,a
2000-09-20,123,0.836,,a
2000-09-21,126,1.28,,a
2000-09-22,130,2.13,,a
2000-09-23,125,1.13,,a
2000-09-24,122,0.707,,a
2000-09-25,122,0.707,,a
2000-09-26,121,0.589,,a
2000-09-27,121,0.589,,a
2000-09-28,120,0.482,,a
2000-09-29,120,0.482,,a
2000-09-30,120,0.482,,a
2000-10-01,139,4.96,,a
2000-10-02,151,10.7,,a
2000-10-03,148,9.17,,a
2000-10-04,143,6.66,,a
2000-10-05,139,4.96,,a
2000-10-06,134,3.23,,a
2000-10-07,139,4.96,,a
2000-10-08,156,13.8,,a
2000-10-09,146,8.11,,a
2000-10-10,142,6.21,,a
2000-10-11,165,19.7,,a
2000-10-12,154,12.5,,a
2000-10-13,153,11.9,,a
2000-10-14,147,8.63,,a
2000-10-15,141,5.77,,a
2000-10-16,138,4.58,,a
2000-10-17,135,3.54,,a
2000-10-18,133,2.93,,a
2000-10-19,133,2.93,,a
2000-10-20,133,2.93,,a
2000-10-21,132,2.65,,a
2000-10-22,130,2.13,,a
2000-10-23,127,1.47,,a
2000-10-24,126,1.28,,a
2000-10-25,125,1.13,,a
2000-10-26,124,0.976,,a
2000-10-27,124,0.976,,a
2000-10-28,122,0.707,,a
2000-10-29,120,0.482,,a
2000-10-30,121,0.589,,a
2000-10-31,124,0.976,,a
2000-11-01,153,11.9,,a
2000-11-02,147,8.63,,a
2000-11-03,155,13.1,,a
2000-11-04,200,47.4,,a
2000-11-05,193,41.3,,a
2000-11-06,182,32.2,,a
2000-11-07,226,73.1,,a
2000-11-08,201,48.3,,a
2000-11-09,204,51.1,,a
2000-11-10,181,31.4,,a
2000-11-11,166,20.4,,a
2000-11-12,158,15.1,,a
2000-11-13,160,16.4,,a
2000-11-14,169,22.5,,a
2000-11-15,185,34.6,,a
2000-11-16,231,78.6,,a
2000-11-17,212,58.7,,a
2000-11-18,206,52.9,,a
2000-11-19,188,37,,a
2000-11-20,180,30.7,,a
2000-11-21,211,57.7,,a
2000-11-22,198,45.6,,a
2000-11-23,180,30.7,,a
2000-11-24,170,23.2,,a
2000-11-25,180,30.7,,a
2000-11-26,175,26.9,,a
2000-11-27,164,19,,a
2000-11-28,157,14.4,,a
2000-11-29,152,11.3,,a
2000-11-30,149,9.73,,a
2000-12-01,146,8.11,,a
2000-12-02,142,6.21,,a
2000-12-03,141,5.77,,a
2000-12-04,138,4.58,,a
2000-12-05,136,3.87,,a
2000-12-06,134,3.23,,a
2000-12-07,132,2.65,,a
2000-12-08,131,2.38,,a
2000-12-09,135,3.54,,a
2000-12-10,158,15.1,,a
2000-12-11,145,7.61,,a
2000-12-12,140,5.36,,a
2000-12-13,138,4.58,,a
2000-12-14,137,4.22,,a
2000-12-15,167,21.1,,a
2000-12-16,170,23.2,,a
2000-12-17,155,13.1,,a
2000-12-18,148,9.17,,a
2000-12-19,144,7.12,,a
2000-12-20,141,5.77,,a
2000-12-21,138,4.58,,a
2000-12-22,136,3.87,,a
2000-12-23,134,3.23,,a
2000-12-24,132,2.65,,a
2000-12-25,137,4.22,,a
2000-12-26,150,10.1,,a
2000-12-27,153,11.9,,a
2000-12-28,173,25.4,,a
2000-12-29,164,19,,a
2000-12-30,158,15.1,,a
2000-12-31,149,9.73,,a
2001-01-01,143,6.655,,a
2001-01-02,141,5.774,,a
2001-01-03,143,6.655,,a
2001-01-04,141,5.774,,a
2001-01-05,139,4.964,,a
2001-01-06,140,5.36,,a
2001-01-07,157,14.408,,a
2001-01-08,182,32.213,,a
2001-01-09,178,29.113,,a
2001-01-10,161,17.011,,a
2001-01-11,154,12.516,,a
2001-01-12,150,10.072,,a
2001-01-13,147,8.632,,a
2001-01-14,144,7.122,,a
2001-01-15,141,5.774,,a
2001-01-16,139,4.964,,a
2001-01-17,138,4.584,,a
2001-01-18,138,4.584,,a
2001-01-19,137,4.221,,a
2001-01-20,136,3.874,,a
2001-01-21,135,3.544,,a
2001-01-22,134,3.231,,a
2001-01-23,132,2.651,,a
2001-01-24,131,2.385,,a
2001-01-25,181,31.429,,a
2001-01-26,200,46.749,,a
2001-01-27,166,18.781,,a
2001-01-28,164,17.507,,a
2001-01-29,155,12.396,,a
2001-01-30,151,10.436,,a
2001-01-31,147,8.658,,a
2001-02-01,144,7.44,,a
2001-02-02,142,6.681,,a
2001-02-03,140,5.963,,a
2001-02-04,138,5.287,,a
2001-02-05,137,4.963,,a
2001-02-06,136,4.65,,a
2001-02-07,134,4.052,,a
2001-02-08,133,3.767,,a
2001-02-09,139,5.62,,a
2001-02-10,137,4.963,,a
2001-02-11,133,3.767,,a
2001-02-12,132,3.492,,a
2001-02-13,132,3.492,,a
2001-02-14,130,2.969,,a
2001-02-15,127,2.253,,a
2001-02-16,127,2.253,,a
2001-02-17,127,2.253,,a
2001-02-18,128,2.483,,a
2001-02-19,127,2.253,,a
2001-02-20,127,2.253,,a
2001-02-21,125,1.819,,a
2001-02-22,124,1.793,,a
2001-02-23,124,1.793,,a
2001-02-24,123,1.628,,a
2001-02-25,122,1.472,,a
2001-02-26,120,1.188,,a
2001-02-27,117,0.826,,a
2001-02-28,118,0.938,,a
2001-03-01,118,0.938,,a
2001-03-02,117,0.826,,a
2001-03-03,152,10.908,,a
2001-03-04,177,26.743,,a
2001-03-05,207,53.669,,a
2001-03-06,175,25.171,,a
2001-03-07,164,17.507,,a
2001-03-08,156,12.915,,a
2001-03-09,152,10.908,,a
2001-03-10,153,11.392,,a
2001-03-11,148,9.086,,a
2001-03-12,144,7.44,,a
2001-03-13,191,38.137,,a
2001-03-14,177,26.743,,a
2001-03-15,157,13.446,,a
2001-03-16,148,9.086,,a
2001-03-17,145,7.835,,a
2001-03-18,146,8.241,,a
2001-03-19,145,7.835,,a
2001-03-20,168,20.107,,a
2001-03-21,153,11.392,,a
2001-03-22,153,11.392,,a
2001-03-23,149,9.524,,a
2001-03-24,146,8.241,,a
2001-03-25,147,8.658,,a
2001-03-26,153,11.392,,a
2001-03-27,153,11.392,,a
2001-03-28,147,8.658,,a
2001-03-29,146,8.241,,a
2001-03-30,160,15.112,,a
2001-03-31,154,11.888,,a
2001-04-01,148,9.086,,a
2001-04-02,145,7.835,,a
2001-04-03,143,7.055,,a
2001-04-04,141,6.317,,a
2001-04-05,150,9.974,,a
2001-04-06,143,7.055,,a
2001-04-07,141,6.317,,a
2001-04-08,156,12.915,,a
2001-04-09,150,9.974,,a
2001-04-10,144,7.44,,a
2001-04-11,145,7.835,,a
2001-04-12,151,10.436,,a
2001-04-13,144,7.44,,a
2001-04-14,140,5.963,,a
2001-04-15,139,5.62,,a
2001-04-16,141,6.317,,a
2001-04-17,140,5.963,,a
2001-04-18,136,4.65,,a
2001-04-19,135,4.346,,a
2001-04-20,136,4.65,,a
2001-04-21,146,8.241,,a
2001-04-22,143,7.055,,a
2001-04-23,139,5.62,,a
2001-04-24,136,4.65,,a
2001-04-25,134,4.052,,a
2001-04-26,144,7.44,,a
2001-04-27,145,7.835,,a
2001-04-28,140,5.963,,a
2001-04-29,139,5.62,,a
2001-04-30,140,5.963,,a
2001-05-01,143,7.055,,a
2001-05-02,144,7.44,,a
2001-05-03,144,7.44,,a
2001-05-04,144,7.44,,a
2001-05-05,144,7.44,,a
2001-05-06,153,11.392,,a
2001-05-07,151,10.436,,a
2001-05-08,148,9.086,,a
2001-05-09,147,8.658,,a
2001-05-10,146,8.241,,a
2001-05-11,142,6.681,,a
2001-05-12,140,5.963,,a
2001-05-13,139,5.62,,a
2001-05-14,139,5.62,,a
2001-05-15,138,5.287,,a
2001-05-16,138,5.287,,a
2001-05-17,138,5.287,,a
2001-05-18,141,6.317,,a
2001-05-19,143,7.055,,a
2001-05-20,138,5.287,,a
2001-05-21,136,4.65,,a
2001-05-22,135,4.346,,a
2001-05-23,135,4.346,,a
2001-05-24,134,4.052,,a
2001-05-25,133,3.767,,a
2001-05-26,134,4.052,,a
2001-05-27,134,4.052,,a
2001-05-28,134,4.052,,a
2001-05-29,136,4.65,,a
2001-05-30,137,4.963,,a
2001-05-31,154,11.888,,a
2001-06-01,156,12.915,,a
2001-06-02,146,8.241,,a
2001-06-03,143,7.055,,a
2001-06-04,141,6.317,,a
2001-06-05,135,4.346,,a
2001-06-06,133,3.767,,a
2001-06-07,134,4.052,,a
2001-06-08,134,4.052,,a
2001-06-09,133,3.767,,a
2001-06-10,134,4.052,,a
2001-06-11,144,7.44,,a
2001-06-12,147,8.658,,a
2001-06-13,140,5.963,,a
2001-06-14,138,5.287,,a
2001-06-15,136,4.65,,a
2001-06-16,134,4.052,,a
2001-06-17,138,5.287,,a
2001-06-18,146,8.241,,a
2001-06-19,140,5.963,,a
2001-06-20,136,4.65,,a
2001-06-21,133,3.767,,a
2001-06-22,131,3.226,,a
2001-06-23,130,2.969,,a
2001-06-24,130,2.969,,a
2001-06-25,129,2.722,,a
2001-06-26,128,2.483,,a
2001-06-27,128,2.483,,a
2001-06-28,128,2.483,,a
2001-06-29,129,2.722,,a
2001-06-30,130,2.969,,a
2001-07-01,132,3.492,,a
2001-07-02,130,2.969,,a
2001-07-03,129,2.722,,a
2001-07-04,128,2.483,,a
2001-07-05,126,2.032,,a
2001-07-06,126,2.032,,a
2001-07-07,126,2.032,,a
2001-07-08,127,2.253,,a
2001-07-09,126,2.032,,a
2001-07-10,124,1.793,,a
2001-07-11,123,1.628,,a
2001-07-12,123,1.628,,a
2001-07-13,122,1.472,,a
2001-07-14,121,1.325,,a
2001-07-15,119,1.058,,a
2001-07-16,118,0.938,,a
2001-07-17,120,1.188,,a
2001-07-18,118,0.938,,a
2001-07-19,121,1.325,,a
2001-07-20,128,2.483,,a
2001-07-21,131,3.226,,a
2001-07-22,125,1.819,,a
2001-07-23,121,1.325,,a
2001-07-24,119,1.058,,a
2001-07-25,119,1.058,,a
2001-07-26,116,0.723,,a
2001-07-27,116,0.723,,a
2001-07-28,118,0.938,,a
2001-07-29,122,1.472,,a
2001-07-30,122,1.472,,a
2001-07-31,118,0.938,,a
2001-08-01,114,0.541,,a
2001-08-02,113,0.462,,a
2001-08-03,113,0.462,,a
2001-08-04,113,0.462,,a
2001-08-05,113,0.462,,a
2001-08-06,113,0.462,,a
2001-08-07,112,0.392,,a
2001-08-08,112,0.392,,a
2001-08-09,108,0.185,,a
2001-08-10,112,0.392,,a
2001-08-11,121,1.325,,a
2001-08-12,118,0.938,,a
2001-08-13,114,0.541,,a
2001-08-14,113,0.462,,a
2001-08-15,113,0.462,,a
2001-08-16,113,0.462,,a
2001-08-17,113,0.462,,a
2001-08-18,112,0.392,,a
2001-08-19,111,0.329,,a
2001-08-20,111,0.329,,a
2001-08-21,111,0.329,,a
2001-08-22,112,0.392,,a
2001-08-23,112,0.392,,a
2001-08-24,112,0.392,,a
2001-08-25,112,0.392,,a
2001-08-26,112,0.392,,a
2001-08-27,111,0.329,,a
2001-08-28,110,0.273,,a
2001-08-29,110,0.273,,a
2001-08-30,108,0.185,,a
2001-08-31,108,0.185,,a
2001-09-01,110,0.273,,a
2001-09-02,110,0.273,,a
2001-09-03,110,0.273,,a
2001-09-04,111,0.329,,a
2001-09-05,123,1.628,,a
2001-09-06,121,1.325,,a
2001-09-07,114,0.541,,a
2001-09-08,112,0.392,,a
2001-09-09,122,1.472,,a
2001-09-10,126,2.032,,a
2001-09-11,118,0.938,,a
2001-09-12,114,0.541,,a
2001-09-13,113,0.462,,a
2001-09-14,125,1.819,,a
2001-09-15,170,21.486,,a
2001-09-16,147,8.658,,a
2001-09-17,148,9.086,,a
2001-09-18,141,6.317,,a
2001-09-19,137,4.963,,a
2001-09-20,134,4.052,,a
2001-09-21,134,4.052,,a
2001-09-22,131,3.226,,a
2001-09-23,136,4.65,,a
2001-09-24,173,23.656,,a
2001-09-25,178,27.55,,a
2001-09-26,196,42.881,,a
2001-09-27,166,18.781,,a
2001-09-28,152,10.908,,a
2001-09-29,143,7.055,,a
2001-09-30,140,5.963,,a
2001-10-01,141,6.317,,a
2001-10-02,138,5.287,,a
2001-10-03,136,4.65,,a
2001-10-04,135,4.346,,a
2001-10-05,159,14.545,,a
2001-10-06,143,7.055,,a
2001-10-07,138,5.287,,a
2001-10-08,142,6.681,,a
2001-10-09,139,5.62,,a
2001-10-10,135,4.346,,a
2001-10-11,132,3.492,,a
2001-10-12,129,2.722,,a
2001-10-13,128,2.483,,a
2001-10-14,126,2.032,,a
2001-10-15,126,2.032,,a
2001-10-16,125,1.819,,a
2001-10-17,123,1.628,,a
2001-10-18,122,1.472,,a
2001-10-19,121,1.325,,a
2001-10-20,121,1.325,,a
2001-10-21,122,1.472,,a
2001-10-22,127,2.253,,a
2001-10-23,122,1.472,,a
2001-10-24,120,1.188,,a
2001-10-25,120,1.188,,a
2001-10-26,116,0.723,,a
2001-10-27,115,0.628,,a
2001-10-28,117,0.826,,a
2001-10-29,118,0.938,,a
2001-10-30,119,1.058,,a
2001-10-31,120,1.188,,a
2001-11-01,119,1.058,,a
2001-11-02,118,0.938,,a
2001-11-03,115,0.628,,a
2001-11-04,114,0.541,,a
2001-11-05,112,0.392,,a
2001-11-06,113,0.462,,a
2001-11-07,114,0.541,,a
2001-11-08,114,0.541,,a
2001-11-09,138,5.287,,a
2001-11-10,129,2.722,,a
2001-11-11,124,1.793,,a
2001-11-12,154,11.888,,a
2001-11-13,148,9.086,,a
2001-11-14,137,4.963,,a
2001-11-15,130,2.969,,a
2001-11-16,126,2.032,,a
2001-11-17,123,1.628,,a
2001-11-18,123,1.628,,a
2001-11-19,123,1.628,,a
2001-11-20,122,1.472,,a
2001-11-21,120,1.188,,a
2001-11-22,115,0.628,,a
2001-11-23,115,0.628,,a
2001-11-24,115,0.628,,a
2001-11-25,115,0.628,,a
2001-11-26,117,0.826,,a
2001-11-27,116,0.723,,a
2001-11-28,114,0.541,,a
2001-11-29,114,0.541,,a
2001-11-30,114,0.541,,a
2001-12-01,114,0.541,,a
2001-12-02,113,0.462,,a
2001-12-03,113,0.462,,a
2001-12-04,112,0.392,,a
2001-12-05,110,0.273,,a
2001-12-06,110,0.273,,a
2001-12-07,109,0.225,,a
2001-12-08,110,0.273,,a
2001-12-09,112,0.392,,a
2001-12-10,112,0.392,,a
2001-12-11,111,0.329,,a
2001-12-12,111,0.329,,a
2001-12-13,112,0.392,,a
2001-12-14,110,0.273,,a
2001-12-15,110,0.273,,a
2001-12-16,110,0.273,,a
2001-12-17,110,0.273,,a
2001-12-18,110,0.273,,a
2001-12-19,110,0.273,,a
2001-12-20,110,0.273,,a
2001-12-21,110,0.273,,a
2001-12-22,110,0.273,,a
2001-12-23,108,0.185,,a
2001-12-24,107,0.152,,a
2001-12-25,108,0.185,,a
2001-12-26,109,0.225,,a
2001-12-27,110,0.273,,a
2001-12-28,108,0.185,,a
2001-12-29,108,0.185,,a
2001-12-30,123,1.628,,a
2001-12-31,118,0.938,,a
2002-01-01,114,0.541,,a
2002-01-02,113,0.462,,a
2002-01-03,112,0.392,,a
2002-01-04,111,0.329,,a
2002-01-05,111,0.329,,a
2002-01-06,112,0.392,,a
2002-01-07,111,0.329,,a
2002-01-08,110,0.273,,a
2002-01-09,110,0.273,,a
2002-01-10,110,0.273,,a
2002-01-11,110,0.273,,a
2002-01-12,111,0.329,,a
2002-01-13,110,0.273,,a
2002-01-14,110,0.273,,a
2002-01-15,109,0.225,,a
2002-01-16,109,0.225,,a
2002-01-17,109,0.225,,a
2002-01-18,109,0.225,,a
2002-01-19,109,0.225,,a
2002-01-20,108,0.185,,a
2002-01-21,107,0.152,,a
2002-01-22,107,0.152,,a
2002-01-23,107,0.152,,a
2002-01-24,110,0.273,,a
2002-01-25,119,1.058,,a
2002-01-26,117,0.826,,a
2002-01-27,116,0.723,,a
2002-01-28,117,0.826,,a
2002-01-29,118,0.938,,a
2002-01-30,117,0.826,,a
2002-01-31,116,0.723,,a
2002-02-01,114,0.541,,a
2002-02-02,112,0.392,,a
2002-02-03,111,0.329,,a
2002-02-04,112,0.392,,a
2002-02-05,112,0.392,,a
2002-02-06,111,0.329,,a
2002-02-07,125,1.819,,a
2002-02-08,124,1.793,,a
2002-02-09,121,1.325,,a
2002-02-10,118,0.938,,a
2002-02-11,116,0.723,,a
2002-02-12,115,0.628,,a
2002-02-13,115,0.628,,a
2002-02-14,114,0.541,,a
2002-02-15,115,0.628,,a
2002-02-16,114,0.541,,a
2002-02-17,118,0.938,,a
2002-02-18,150,9.974,,a
2002-02-19,146,8.241,,a
2002-02-20,141,6.317,,a
2002-02-21,138,5.287,,a
2002-02-22,133,3.767,,a
2002-02-23,129,2.722,,a
2002-02-24,127,2.253,,a
2002-02-25,123,1.628,,a
2002-02-26,121,1.325,,a
2002-02-27,121,1.325,,a
2002-02-28,122,1.472,,a
2002-03-01,140,5.963,,a
2002-03-02,137,4.963,,a
2002-03-03,139,5.62,,a
2002-03-04,137,4.963,,a
2002-03-05,133,3.767,,a
2002-03-06,131,3.226,,a
2002-03-07,131,3.226,,a
2002-03-08,130,2.969,,a
2002-03-09,128,2.483,,a
2002-03-10,127,2.253,,a
2002-03-11,125,1.846,,a
2002-03-12,125,1.846,,a
2002-03-13,125,1.846,,a
2002-03-14,124,1.662,,a
2002-03-15,123,1.489,,a
2002-03-16,122,1.327,,a
2002-03-17,121,1.176,,a
2002-03-18,120,1.036,,a
2002-03-19,121,1.176,,a
2002-03-20,119,0.906,,a
2002-03-21,114,0.4,,a
2002-03-22,120,1.036,,a
2002-03-23,119,0.906,,a
2002-03-24,115,0.483,,a
2002-03-25,114,0.4,,a
2002-03-26,114,0.4,,a
2002-03-27,113,0.325,,a
2002-03-28,113,0.325,,a
2002-03-29,112,0.259,,a
2002-03-30,112,0.259,,a
2002-03-31,113,0.325,,a
2002-04-01,113,0.325,,a
2002-04-02,113,0.325,,a
2002-04-03,114,0.4,,a
2002-04-04,112,0.259,,a
2002-04-05,112,0.259,,a
2002-04-06,113,0.325,,a
2002-04-07,112,0.259,,a
2002-04-08,111,0.201,,a
2002-04-09,111,0.201,,a
2002-04-10,111,0.201,,a
2002-04-11,111,0.201,,a
2002-04-12,135,4.346,,a
2002-04-13,156,12.915,,a
2002-04-14,145,7.835,,a
2002-04-15,146,8.241,,a
2002-04-16,144,7.44,,a
2002-04-17,138,5.287,,a
2002-04-18,135,4.346,,a
2002-04-19,134,4.052,,a
2002-04-20,132,3.492,,a
2002-04-21,131,3.226,,a
2002-04-22,133,3.767,,a
2002-04-23,133,3.767,,a
2002-04-24,132,3.492,,a
2002-04-25,130,2.969,,a
2002-04-26,128,2.483,,a
2002-04-27,151,9.775,,a
2002-04-28,150,9.312,,a
2002-04-29,142,6.039,,a
2002-04-30,137,4.365,,a
2002-05-01,133,3.22,,a
2002-05-02,136,4.063,,a
2002-05-03,138,4.678,,a
2002-05-04,139,5.002,,a
2002-05-05,138,4.678,,a
2002-05-06,133,3.22,,a
2002-05-07,131,2.709,,a
2002-05-08,130,2.469,,a
2002-05-09,133,3.22,,a
2002-05-10,145,7.178,,a
2002-05-11,139,5.002,,a
2002-05-12,134,3.491,,a
2002-05-13,131,2.709,,a
2002-05-14,129,2.238,,a
2002-05-15,133,3.22,,a
2002-05-16,132,2.96,,a
2002-05-17,130,2.469,,a
2002-05-18,130,2.469,,a
2002-05-19,130,2.469,,a
2002-05-20,138,4.678,,a
2002-05-21,133,3.22,,a
2002-05-22,130,2.469,,a
2002-05-23,128,2.018,,a
2002-05-24,127,1.806,,a
2002-05-25,125,1.412,,a
2002-05-26,144,6.787,,a
2002-05-27,146,7.581,,a
2002-05-28,141,5.682,,a
2002-05-29,139,5.002,,a
2002-05-30,134,3.491,,a
2002-05-31,131,2.709,,a
2002-06-01,129,2.238,,a
2002-06-02,128,2.018,,a
2002-06-03,126,1.605,,a
2002-06-04,125,1.412,,a
2002-06-05,124,1.229,,a
2002-06-06,132,2.96,,a
2002-06-07,171,22.457,,a
2002-06-08,159,14.941,,a
2002-06-09,146,8.69,,a
2002-06-10,139,6.062,,a
2002-06-11,135,4.774,,a
2002-06-12,132,3.905,,a
2002-06-13,129,3.116,,a
2002-06-14,127,2.633,,a
2002-06-15,126,2.406,,a
2002-06-16,126,2.406,,a
2002-06-17,128,2.87,,a
2002-06-18,124,1.99,,a
2002-06-19,123,1.801,,a
2002-06-20,122,1.625,,a
2002-06-21,121,1.461,,a
2002-06-22,121,1.461,,a
2002-06-23,120,1.308,,a
2002-06-24,120,1.308,,a
2002-06-25,126,2.406,,a
2002-06-26,123,1.801,,a
2002-06-27,121,1.461,,a
2002-06-28,149,9.97,,a
2002-06-29,152,11.345,,a
2002-06-30,136,5.082,,a
2002-07-01,128,2.87,,a
2002-07-02,124,1.99,,a
2002-07-03,122,1.625,,a
2002-07-04,124,1.99,,a
2002-07-05,126,2.406,,a
2002-07-06,122,1.625,,a
2002-07-07,122,1.625,,a
2002-07-08,120,1.308,,a
2002-07-09,119,1.167,,a
2002-07-10,118,1.035,,a
2002-07-11,118,1.035,,a
2002-07-12,117,0.914,,a
2002-07-13,116,0.803,,a
2002-07-14,120,1.308,,a
2002-07-15,141,6.763,,a
2002-07-16,157,13.857,,a
2002-07-17,142,7.129,,a
2002-07-18,134,4.475,,a
2002-07-19,129,3.116,,a
2002-07-20,125,2.192,,a
2002-07-21,123,1.801,,a
2002-07-22,129,3.116,,a
2002-07-23,127,2.633,,a
2002-07-24,143,7.504,,a
2002-07-25,144,7.889,,a
2002-07-26,131,3.633,,a
2002-07-27,126,2.406,,a
2002-07-28,123,1.801,,a
2002-07-29,121,1.461,,a
2002-07-30,125,2.192,,a
2002-07-31,124,1.99,,a
2002-08-01,128,2.87,,a
2002-08-02,123,1.801,,a
2002-08-03,121,1.461,,a
2002-08-04,123,1.801,,a
2002-08-05,131,3.633,,a
2002-08-06,167,19.754,,a
2002-08-07,166,19.109,,a
2002-08-08,146,8.69,,a
2002-08-09,137,5.399,,a
2002-08-10,133,4.186,,a
2002-08-11,175,25.366,,a
2002-08-12,205,51.708,,a
2002-08-13,174,24.619,,a
2002-08-14,159,14.941,,a
2002-08-15,149,9.97,,a
2002-08-16,142,7.129,,a
2002-08-17,139,6.062,,a
2002-08-18,136,5.082,,a
2002-08-19,132,3.905,,a
2002-08-20,131,3.633,,a
2002-08-21,131,3.633,,a
2002-08-22,134,4.475,,a
2002-08-23,131,3.633,,a
2002-08-24,128,2.87,,a
2002-08-25,126,2.404,,a
2002-08-26,129,3.116,,a
2002-08-27,137,5.399,,a
2002-08-28,138,5.726,,a
2002-08-29,134,4.475,,a
2002-08-30,132,3.905,,a
2002-08-31,131,3.633,,a
2002-09-01,128,2.87,,a
2002-09-02,126,2.404,,a
2002-09-03,128,2.87,,a
2002-09-04,128,2.87,,a
2002-09-05,126,2.404,,a
2002-09-06,123,1.964,,a
2002-09-07,122,1.793,,a
2002-09-08,121,1.631,,a
2002-09-09,120,1.477,,a
2002-09-10,119,1.332,,a
2002-09-11,119,1.332,,a
2002-09-12,118,1.195,,a
2002-09-13,118,1.195,,a
2002-09-14,117,1.067,,a
2002-09-15,117,1.067,,a
2002-09-16,116,0.947,,a
2002-09-17,114,0.731,,a
2002-09-18,114,0.731,,a
2002-09-19,114,0.731,,a
2002-09-20,115,0.835,,a
2002-09-21,118,1.195,,a
2002-09-22,123,1.964,,a
2002-09-23,128,2.87,,a
2002-09-24,142,7.129,,a
2002-09-25,145,8.285,,a
2002-09-26,139,6.062,,a
2002-09-27,130,3.37,,a
2002-09-28,125,2.184,,a
2002-09-29,123,1.964,,a
2002-09-30,122,1.793,,a
2002-10-01,121,1.631,,a
2002-10-02,120,1.477,,a
2002-10-03,118,1.195,,a
2002-10-04,116,0.947,,a
2002-10-05,115,0.835,,a
2002-10-06,116,0.947,,a
2002-10-07,116,0.947,,a
2002-10-08,115,0.835,,a
2002-10-09,115,0.835,,a
2002-10-10,116,0.947,,a
2002-10-11,131,3.633,,a
2002-10-12,164,17.858,,a
2002-10-13,148,9.533,,a
2002-10-14,137,5.399,,a
2002-10-15,132,3.905,,a
2002-10-16,129,3.116,,a
2002-10-17,128,2.87,,a
2002-10-18,147,9.106,,a
2002-10-19,142,7.129,,a
2002-10-20,136,5.082,,a
2002-10-21,133,4.186,,a
2002-10-22,179,28.489,,a
2002-10-23,168,20.41,,a
2002-10-24,176,26.126,,a
2002-10-25,160,15.501,,a
2002-10-26,153,11.825,,a
2002-10-27,147,9.106,,a
2002-10-28,142,7.129,,a
2002-10-29,139,6.062,,a
2002-10-30,137,5.399,,a
2002-10-31,134,4.475,,a
2002-11-01,132,3.905,,a
2002-11-02,130,3.37,,a
2002-11-03,130,3.37,,a
2002-11-04,144,7.889,,a
2002-11-05,136,5.082,,a
2002-11-06,132,3.905,,a
2002-11-07,131,3.633,,a
2002-11-08,131,3.633,,a
2002-11-09,129,3.116,,a
2002-11-10,127,2.633,,a
2002-11-11,126,2.404,,a
2002-11-12,124,2.144,,a
2002-11-13,122,1.793,,a
2002-11-14,128,2.87,,a
2002-11-15,128,2.87,,a
2002-11-16,126,2.404,,a
2002-11-17,124,2.144,,a
2002-11-18,146,8.69,,a
2002-11-19,163,17.251,,a
2002-11-20,154,12.316,,a
2002-11-21,145,8.285,,a
2002-11-22,176,26.126,,a
2002-11-23,171,22.457,,a
2002-11-24,158,14.393,,a
2002-11-25,153,11.825,,a
2002-11-26,151,10.875,,a
2002-11-27,148,9.533,,a
2002-11-28,144,7.889,,a
2002-11-29,146,8.69,,a
2002-11-30,158,14.393,,a
2002-12-01,150,10.417,,a
2002-12-02,146,8.69,,a
2002-12-03,148,9.533,,a
2002-12-04,144,7.889,,a
2002-12-05,145,8.285,,a
2002-12-06,151,10.875,,a
2002-12-07,147,9.106,,a
2002-12-08,140,6.408,,a
2002-12-09,137,5.399,,a
2002-12-10,135,4.774,,a
2002-12-11,132,3.905,,a
2002-12-12,131,3.633,,a
2002-12-13,130,3.37,,a
2002-12-14,128,2.87,,a
2002-12-15,126,2.406,,a
2002-12-16,126,2.406,,a
2002-12-17,125,2.192,,a
2002-12-18,125,2.192,,a
2002-12-19,124,1.99,,a
2002-12-20,122,1.625,,a
2002-12-21,121,1.461,,a
2002-12-22,120,1.308,,a
2002-12-23,119,1.167,,a
2002-12-24,119,1.167,,a
2002-12-25,120,1.308,,a
2002-12-26,119,1.167,,a
2002-12-27,119,1.167,,a
2002-12-28,120,1.308,,a
2002-12-29,128,2.87,,a
2002-12-30,125,2.192,,a
2002-12-31,130,3.37,,a
2003-01-01,131,3.633,,a
2003-01-02,128,2.87,,a
2003-01-03,134,4.475,,a
2003-01-04,130,3.37,,a
2003-01-05,130,3.37,,a
2003-01-06,128,2.87,,a
2003-01-07,127,2.633,,a
2003-01-08,126,2.406,,a
2003-01-09,126,2.406,,a
2003-01-10,126,2.406,,a
2003-01-11,125,2.192,,a
2003-01-12,124,1.99,,a
2003-01-13,124,1.99,,a
2003-01-14,123,1.801,,a
2003-01-15,122,1.625,,a
2003-01-16,121,1.461,,a
2003-01-17,120,1.308,,a
2003-01-18,119,1.167,,a
2003-01-19,117,0.914,,a
2003-01-20,116,0.803,,a
2003-01-21,114,0.607,,a
2003-01-22,140,6.408,,a
2003-01-23,138,5.726,,a
2003-01-24,135,4.774,,a
2003-01-25,132,3.905,,a
2003-01-26,130,3.37,,a
2003-01-27,126,2.406,,a
2003-01-28,125,2.192,,a
2003-01-29,124,1.99,,a
2003-01-30,123,1.801,,a
2003-01-31,122,1.625,,a
2003-02-01,121,1.461,,a
2003-02-02,119,1.167,,a
2003-02-03,117,0.914,,a
2003-02-04,124,1.99,,a
2003-02-05,121,1.461,,a
2003-02-06,119,1.167,,a
2003-02-07,117,0.914,,a
2003-02-08,117,0.914,,a
2003-02-09,116,0.803,,a
2003-02-10,116,0.803,,a
2003-02-11,115,0.701,,a
2003-02-12,115,0.701,,a
2003-02-13,115,0.701,,a
2003-02-14,115,0.701,,a
2003-02-15,115,0.701,,a
2003-02-16,115,0.701,,a
2003-02-17,115,0.701,,a
2003-02-18,114,0.607,,a
2003-02-19,115,0.701,,a
2003-02-20,115,0.701,,a
2003-02-21,115,0.701,,a
2003-02-22,114,0.607,,a
2003-02-23,114,0.607,,a
2003-02-24,113,0.522,,a
2003-02-25,113,0.522,,a
2003-02-26,113,0.522,,a
2003-02-27,113,0.522,,a
2003-02-28,113,0.522,,a
2003-03-01,113,0.522,,a
2003-03-02,113,0.522,,a
2003-03-03,112,0.444,,a
2003-03-04,112,0.444,,a
2003-03-05,112,0.444,,a
2003-03-06,113,0.522,,a
2003-03-07,112,0.444,,a
2003-03-08,112,0.444,,a
2003-03-09,113,0.522,,a
2003-03-10,114,0.607,,a
2003-03-11,114,0.607,,a
2003-03-12,114,0.607,,a
2003-03-13,114,0.607,,a
2003-03-14,114,0.607,,a
2003-03-15,114,0.607,,a
2003-03-16,114,0.607,,a
2003-03-17,113,0.522,,a
2003-03-18,112,0.444,,a
2003-03-19,112,0.444,,a
2003-03-20,112,0.444,,a
2003-03-21,111,0.374,,a
2003-03-22,111,0.374,,a
2003-03-23,111,0.374,,a
2003-03-24,110,0.311,,a
2003-03-25,110,0.311,,a
2003-03-26,110,0.311,,a
2003-03-27,111,0.374,,a
2003-03-28,114,0.607,,a
2003-03-29,114,0.607,,a
2003-03-30,115,0.701,,a
2003-03-31,115,0.701,,a
2003-04-01,115,0.701,,a
2003-04-02,112,0.444,,a
2003-04-03,117,0.914,,a
2003-04-04,115,0.701,,a
2003-04-05,112,0.444,,a
2003-04-06,111,0.374,,a
2003-04-07,110,0.311,,a
2003-04-08,110,0.311,,a
2003-04-09,112,0.444,,a
2003-04-10,112,0.444,,a
2003-04-11,116,0.803,,a
2003-04-12,118,1.035,,a
2003-04-13,124,1.99,,a
2003-04-14,119,1.167,,a
2003-04-15,118,1.035,,a
2003-04-16,116,0.803,,a
2003-04-17,115,0.701,,a
2003-04-18,115,0.701,,a
2003-04-19,114,0.607,,a
2003-04-20,114,0.607,,a
2003-04-21,113,0.522,,a
2003-04-22,112,0.444,,a
2003-04-23,112,0.444,,a
2003-04-24,114,0.607,,a
2003-04-25,117,0.914,,a
2003-04-26,118,1.035,,a
2003-04-27,125,2.192,,a
2003-04-28,126,2.406,,a
2003-04-29,123,1.801,,a
2003-04-30,124,1.99,,a
2003-05-01,130,3.37,,a
2003-05-02,130,3.37,,a
2003-05-03,130,3.37,,a
2003-05-04,128,2.87,,a
2003-05-05,125,2.192,,a
2003-05-06,124,1.99,,a
2003-05-07,124,1.99,,a
2003-05-08,124,1.99,,a
2003-05-09,126,2.406,,a
2003-05-10,125,2.192,,a
2003-05-11,123,1.801,,a
2003-05-12,121,1.461,,a
2003-05-13,122,1.625,,a
2003-05-14,123,1.801,,a
2003-05-15,121,1.461,,a
2003-05-16,118,1.035,,a
2003-05-17,115,0.701,,a
2003-05-18,114,0.607,,a
2003-05-19,114,0.607,,a
2003-05-20,122,1.625,,a
2003-05-21,130,3.37,,a
2003-05-22,124,1.99,,a
2003-05-23,121,1.461,,a
2003-05-24,121,1.461,,a
2003-05-25,121,1.461,,a
2003-05-26,122,1.625,,a
2003-05-27,124,1.99,,a
2003-05-28,121,1.461,,a
2003-05-29,122,1.625,,a
2003-05-30,122,1.625,,a
2003-05-31,121,1.461,,a
2003-06-01,120,1.308,,a
2003-06-02,122,1.625,,a
2003-06-03,120,1.308,,a
2003-06-04,119,1.167,,a
2003-06-05,118,1.035,,a
2003-06-06,118,1.035,,a
2003-06-07,117,0.914,,a
2003-06-08,117,0.914,,a
2003-06-09,117,0.914,,a
2003-06-10,118,1.035,,a
2003-06-11,117,0.914,,a
2003-06-12,116,0.803,,a
2003-06-13,116,0.803,,a
2003-06-14,117,0.914,,a
2003-06-15,118,1.035,,a
2003-06-16,116,0.803,,a
2003-06-17,116,0.803,,a
2003-06-18,116,0.803,,a
2003-06-19,115,0.701,,a
2003-06-20,112,0.444,,a
2003-06-21,113,0.522,,a
2003-06-22,113,0.522,,a
2003-06-23,111,0.374,,a
2003-06-24,112,0.444,,a
2003-06-25,114,0.607,,a
2003-06-26,116,0.803,,a
2003-06-27,117,0.914,,a
2003-06-28,116,0.803,,a
2003-06-29,122,1.625,,a
2003-06-30,118,1.035,,a
2003-07-01,116,0.803,,a
2003-07-02,117,0.914,,a
2003-07-03,118,1.035,,a
2003-07-04,128,2.87,,a
2003-07-05,124,1.662,,a
2003-07-06,121,1.176,,a
2003-07-07,117,0.675,,a
2003-07-08,116,0.575,,a
2003-07-09,114,0.4,,a
2003-07-10,114,0.4,,a
2003-07-11,113,0.325,,a
2003-07-12,113,0.325,,a
2003-07-13,113,0.325,,a
2003-07-14,114,0.4,,a
2003-07-15,111,0.201,,a
2003-07-16,110,0.15,,a
2003-07-17,112,0.259,,a
2003-07-18,113,0.325,,a
2003-07-19,112,0.259,,a
2003-07-20,113,0.325,,a
2003-07-21,112,0.259,,a
2003-07-22,110,0.15,,a
2003-07-23,111,0.201,,a
2003-07-24,113,0.325,,a
2003-07-25,114,0.4,,a
2003-07-26,117,0.675,,a
2003-07-27,115,0.483,,a
2003-07-28,112,0.259,,a
2003-07-29,116,0.575,,a
2003-07-30,114,0.4,,a
2003-07-31,113,0.325,,a
2003-08-01,118,0.786,,a
2003-08-02,122,1.327,,a
2003-08-03,116,0.575,,a
2003-08-04,113,0.325,,a
2003-08-05,114,0.4,,a
2003-08-06,113,0.325,,a
2003-08-07,113,0.325,,a
2003-08-08,112,0.259,,a
2003-08-09,111,0.201,,a
2003-08-10,111,0.201,,a
2003-08-11,112,0.259,,a
2003-08-12,110,0.15,,a
2003-08-13,111,0.201,,a
2003-08-14,114,0.4,,a
2003-08-15,118,0.786,,a
2003-08-16,112,0.259,,a
2003-08-17,112,0.259,,a
2003-08-18,110,0.15,,a
2003-08-19,111,0.201,,a
2003-08-20,111,0.201,,a
2003-08-21,111,0.201,,a
2003-08-22,111,0.201,,a
2003-08-23,110,0.15,,a
2003-08-24,110,0.15,,a
2003-08-25,107,0.04,,a
2003-08-26,110,0.15,,a
2003-08-27,109,0.106,,a
2003-08-28,109,0.106,,a
2003-08-29,114,0.4,,a
2003-08-30,110,0.15,,a
2003-08-31,121,1.176,,a
2003-09-01,136,4.65,,a
2003-09-02,127,2.633,,a
2003-09-03,123,1.801,,a
2003-09-04,118,1.035,,a
2003-09-05,118,1.035,,a
2003-09-06,116,0.803,,a
2003-09-07,115,0.701,,a
2003-09-08,114,0.607,,a
2003-09-09,115,0.701,,a
2003-09-10,126,2.406,,a
2003-09-11,129,3.116,,a
2003-09-12,123,1.801,,a
2003-09-13,117,0.914,,a
2003-09-14,115,0.701,,a
2003-09-15,114,0.607,,a
2003-09-16,114,0.607,,a
2003-09-17,113,0.522,,a
2003-09-18,114,0.607,,a
2003-09-19,114,0.607,,a
2003-09-20,113,0.522,,a
2003-09-21,113,0.522,,a
2003-09-22,114,0.607,,a
2003-09-23,113,0.522,,a
2003-09-24,117,0.914,,a
2003-09-25,115,0.701,,a
2003-09-26,114,0.607,,a
2003-09-27,114,0.607,,a
2003-09-28,113,0.522,,a
2003-09-29,115,0.701,,a
2003-09-30,116,0.803,,a
2003-10-01,115,0.701,,a
2003-10-02,114,0.607,,a
2003-10-03,113,0.522,,a
2003-10-04,140,6.408,,a
2003-10-05,172,23.164,,a
2003-10-06,155,12.818,,a
2003-10-07,143,7.504,,a
2003-10-08,141,6.763,,a
2003-10-09,136,5.082,,a
2003-10-10,130,3.37,,a
2003-10-11,126,2.406,,a
2003-10-12,124,1.99,,a
2003-10-13,123,1.801,,a
2003-10-14,122,1.625,,a
2003-10-15,120,1.308,,a
2003-10-16,119,1.167,,a
2003-10-17,117,0.914,,a
2003-10-18,117,0.914,,a
2003-10-19,116,0.803,,a
2003-10-20,118,1.035,,a
2003-10-21,135,4.774,,a
2003-10-22,143,7.504,,a
2003-10-23,134,4.475,,a
2003-10-24,131,3.633,,a
2003-10-25,128,2.87,,a
2003-10-26,125,2.192,,a
2003-10-27,124,1.99,,a
2003-10-28,123,1.801,,a
2003-10-29,123,1.801,,a
2003-10-30,127,2.633,,a
2003-10-31,136,5.082,,a
2003-11-01,161,16.072,,a
2003-11-02,189,36.313,,a
2003-11-03,170,21.762,,a
2003-11-04,158,14.393,,a
2003-11-05,148,9.533,,a
2003-11-06,142,7.129,,a
2003-11-07,137,5.399,,a
2003-11-08,134,4.475,,a
2003-11-09,132,3.905,,a
2003-11-10,129,3.116,,a
2003-11-11,128,2.87,,a
2003-11-12,125,2.192,,a
2003-11-13,124,1.99,,a
2003-11-14,123,1.801,,a
2003-11-15,122,1.625,,a
2003-11-16,122,1.625,,a
2003-11-17,123,1.801,,a
2003-11-18,126,2.406,,a
2003-11-19,124,1.99,,a
2003-11-20,123,1.801,,a
2003-11-21,122,1.625,,a
2003-11-22,121,1.461,,a
2003-11-23,121,1.461,,a
2003-11-24,120,1.308,,a
2003-11-25,119,1.167,,a
2003-11-26,135,4.774,,a
2003-11-27,208,54.707,,a
2003-11-28,172,23.164,,a
2003-11-29,161,16.072,,a
2003-11-30,153,11.825,,a
2003-12-01,146,8.69,,a
2003-12-02,141,6.763,,a
2003-12-03,138,5.726,,a
2003-12-04,135,4.774,,a
2003-12-05,133,4.186,,a
2003-12-06,131,3.633,,a
2003-12-07,130,3.37,,a
2003-12-08,128,2.87,,a
2003-12-09,127,2.633,,a
2003-12-10,126,2.406,,a
2003-12-11,125,2.192,,a
2003-12-12,125,2.192,,a
2003-12-13,122,1.625,,a
2003-12-14,120,1.308,,a
2003-12-15,119,1.167,,a
2003-12-16,122,1.625,,a
2003-12-17,123,1.801,,a
2003-12-18,122,1.625,,a
2003-12-19,120,1.308,,a
2003-12-20,118,1.035,,a
2003-12-21,116,0.803,,a
2003-12-22,135,4.774,,a
2003-12-23,124,1.99,,a
2003-12-24,122,1.625,,a
2003-12-25,119,1.167,,a
2003-12-26,117,0.914,,a
2003-12-27,117,0.914,,a
2003-12-28,117,0.914,,a
2003-12-29,128,2.87,,a
2003-12-30,178,27.688,,a
2003-12-31,177,26.9,,a
2004-01-01,159,14.941,,a
2004-01-02,147,9.106,,a
2004-01-03,140,6.408,,a
2004-01-04,135,4.774,,a
2004-01-05,131,3.633,,a
2004-01-06,129,3.116,,a
2004-01-07,128,2.87,,a
2004-01-08,126,2.406,,a
2004-01-09,125,2.192,,a
2004-01-10,124,1.99,,a
2004-01-11,123,1.801,,a
2004-01-12,124,1.99,,a
2004-01-13,124,1.99,,a
2004-01-14,122,1.625,,a
2004-01-15,125,2.192,,a
2004-01-16,123,1.801,,a
2004-01-17,154,12.316,,a
2004-01-18,161,16.072,,a
2004-01-19,143,7.504,,a
2004-01-20,137,5.399,,a
2004-01-21,132,3.905,,a
2004-01-22,128,2.87,,a
2004-01-23,125,2.192,,a
2004-01-24,122,1.625,,a
2004-01-25,122,1.625,,a
2004-01-26,124,1.99,,a
2004-01-27,124,1.99,,a
2004-01-28,123,1.801,,a
2004-01-29,119,1.167,,a
2004-01-30,117,0.914,,a
2004-01-31,116,0.803,,a
2004-02-01,115,0.701,,a
2004-02-02,115,0.701,,a
2004-02-03,114,0.607,,a
2004-02-04,115,0.701,,a
2004-02-05,116,0.803,,a
2004-02-06,119,1.167,,a
2004-02-07,119,1.167,,a
2004-02-08,119,1.167,,a
2004-02-09,118,1.035,,a
2004-02-10,117,0.914,,a
2004-02-11,117,0.914,,a
2004-02-12,116,0.803,,a
2004-02-13,114,0.607,,a
2004-02-14,114,0.607,,a
2004-02-15,114,0.607,,a
2004-02-16,114,0.607,,a
2004-02-17,112,0.444,,a
2004-02-18,112,0.444,,a
2004-02-19,114,0.607,,a
2004-02-20,114,0.607,,a
2004-02-21,114,0.607,,a
2004-02-22,114,0.607,,a
2004-02-23,150,10.417,,a
2004-02-24,154,12.316,,a
2004-02-25,141,6.763,,a
2004-02-26,136,5.082,,a
2004-02-27,133,4.186,,a
2004-02-28,131,3.633,,a
2004-02-29,129,3.116,,a
2004-03-01,126,2.406,,a
2004-03-02,124,1.99,,a
2004-03-03,123,1.801,,a
2004-03-04,121,1.461,,a
2004-03-05,121,1.461,,a
2004-03-06,121,1.461,,a
2004-03-07,121,1.461,,a
2004-03-08,121,1.461,,a
2004-03-09,120,1.308,,a
2004-03-10,119,1.167,,a
2004-03-11,119,1.167,,a
2004-03-12,119,1.167,,a
2004-03-13,119,1.167,,a
2004-03-14,128,2.87,,a
2004-03-15,144,7.889,,a
2004-03-16,152,11.345,,a
2004-03-17,154,12.316,,a
2004-03-18,151,10.875,,a
2004-03-19,147,9.106,,a
2004-03-20,143,7.504,,a
2004-03-21,141,6.763,,a
2004-03-22,158,14.393,,a
2004-03-23,165,18.478,,a
2004-03-24,164,17.858,,a
2004-03-25,157,13.857,,a
2004-03-26,150,10.417,,a
2004-03-27,144,7.889,,a
2004-03-28,140,6.408,,a
2004-03-29,136,5.082,,a
2004-03-30,135,4.774,,a
2004-03-31,134,4.475,,a
2004-04-01,133,4.186,,a
2004-04-02,134,4.475,,a
2004-04-03,133,4.186,,a
2004-04-04,135,4.774,,a
2004-04-05,137,5.399,,a
2004-04-06,162,16.655,,a
2004-04-07,179,28.489,,a
2004-04-08,161,16.072,,a
2004-04-09,154,12.316,,a
2004-04-10,153,11.825,,a
2004-04-11,148,9.533,,a
2004-04-12,144,7.889,,a
2004-04-13,142,7.129,,a
2004-04-14,139,6.062,,a
2004-04-15,136,5.082,,a
2004-04-16,134,4.475,,a
2004-04-17,135,4.774,,a
2004-04-18,137,5.399,,a
2004-04-19,142,7.129,,a
2004-04-20,146,8.69,,a
2004-04-21,141,6.763,,a
2004-04-22,140,6.408,,a
2004-04-23,141,6.763,,a
2004-04-24,145,8.285,,a
2004-04-25,143,7.504,,a
2004-04-26,137,5.399,,a
2004-04-27,135,4.774,,a
2004-04-28,134,4.475,,a
2004-04-29,135,4.774,,a
2004-04-30,136,5.082,,a
2004-05-01,137,5.399,,a
2004-05-02,137,5.399,,a
2004-05-03,137,5.399,,a
2004-05-04,136,5.082,,a
2004-05-05,143,7.504,,a
2004-05-06,170,21.762,,a
2004-05-07,162,16.655,,a
2004-05-08,157,13.857,,a
2004-05-09,151,10.875,,a
2004-05-10,146,8.69,,a
2004-05-11,142,7.129,,a
2004-05-12,140,6.408,,a
2004-05-13,139,6.062,,a
2004-05-14,139,6.062,,a
2004-05-15,137,5.399,,a
2004-05-16,136,5.082,,a
2004-05-17,135,4.774,,a
2004-05-18,133,4.186,,a
2004-05-19,134,4.475,,a
2004-05-20,137,5.399,,a
2004-05-21,139,6.062,,a
2004-05-22,143,7.504,,a
2004-05-23,158,14.393,,a
2004-05-24,145,8.285,,a
2004-05-25,139,6.062,,a
2004-05-26,136,5.082,,a
2004-05-27,136,5.082,,a
2004-05-28,136,5.082,,a
2004-05-29,137,5.399,,a
2004-05-30,135,4.774,,a
2004-05-31,133,4.186,,a
2004-06-01,134,4.475,,a
2004-06-02,136,5.082,,a
2004-06-03,136,5.082,,a
2004-06-04,134,4.475,,a
2004-06-05,137,5.399,,a
2004-06-06,138,5.726,,a
2004-06-07,135,4.774,,a
2004-06-08,134,4.475,,a
2004-06-09,135,4.774,,a
2004-06-10,138,5.726,,a
2004-06-11,139,6.062,,a
2004-06-12,140,6.408,,a
2004-06-13,160,15.501,,a
2004-06-14,148,9.533,,a
2004-06-15,142,7.129,,a
2004-06-16,140,6.408,,a
2004-06-17,139,6.062,,a
2004-06-18,137,5.399,,a
2004-06-19,136,5.082,,a
2004-06-20,151,10.875,,a
2004-06-21,162,16.655,,a
2004-06-22,151,10.875,,a
2004-06-23,145,8.285,,a
2004-06-24,141,6.763,,a
2004-06-25,149,9.97,,a
2004-06-26,152,11.345,,a
2004-06-27,144,7.889,,a
2004-06-28,150,10.417,,a
2004-06-29,166,19.109,,a
2004-06-30,154,12.316,,a
2004-07-01,146,8.69,,a
2004-07-02,189,36.313,,a
2004-07-03,177,26.9,,a
2004-07-04,161,16.072,,a
2004-07-05,152,11.345,,a
2004-07-06,148,9.533,,a
2004-07-07,145,8.285,,a
2004-07-08,142,7.129,,a
2004-07-09,140,6.408,,a
2004-07-10,139,6.062,,a
2004-07-11,137,5.399,,a
2004-07-12,136,5.082,,a
2004-07-13,136,5.082,,a
2004-07-14,134,4.475,,a
2004-07-15,132,3.905,,a
2004-07-16,131,3.633,,a
2004-07-17,135,4.774,,a
2004-07-18,131,3.633,,a
2004-07-19,130,3.37,,a
2004-07-20,130,3.37,,a
2004-07-21,129,3.116,,a
2004-07-22,126,2.406,,a
2004-07-23,126,2.406,,a
2004-07-24,132,3.905,,a
2004-07-25,138,5.726,,a
2004-07-26,132,3.905,,a
2004-07-27,135,4.774,,a
2004-07-28,129,3.116,,a
2004-07-29,125,2.192,,a
2004-07-30,123,1.801,,a
2004-07-31,123,1.801,,a
2004-08-01,123,1.801,,a
2004-08-02,123,1.801,,a
2004-08-03,126,2.406,,a
2004-08-04,123,1.801,,a
2004-08-05,120,1.308,,a
2004-08-06,117,0.914,,a
2004-08-07,120,1.308,,a
2004-08-08,133,4.186,,a
2004-08-09,126,2.406,,a
2004-08-10,124,1.99,,a
2004-08-11,120,1.308,,a
2004-08-12,119,1.167,,a
2004-08-13,123,1.801,,a
2004-08-14,132,3.905,,a
2004-08-15,127,2.633,,a
2004-08-16,123,1.801,,a
2004-08-17,121,1.461,,a
2004-08-18,119,1.167,,a
2004-08-19,118,1.035,,a
2004-08-20,118,1.035,,a
2004-08-21,148,9.533,,a
2004-08-22,147,9.106,,a
2004-08-23,134,4.475,,a
2004-08-24,127,2.633,,a
2004-08-25,123,1.801,,a
2004-08-26,130,3.37,,a
2004-08-27,128,2.87,,a
2004-08-28,123,1.801,,a
2004-08-29,120,1.308,,a
2004-08-30,118,1.035,,a
2004-08-31,121,1.461,,a
2004-09-01,133,4.186,,a
2004-09-02,126,2.406,,a
2004-09-03,122,1.625,,a
2004-09-04,120,1.308,,a
2004-09-05,118,1.035,,a
2004-09-06,117,0.914,,a
2004-09-07,115,0.701,,a
2004-09-08,112,0.444,,a
2004-09-09,111,0.374,,a
2004-09-10,111,0.374,,a
2004-09-11,112,0.444,,a
2004-09-12,113,0.522,,a
2004-09-13,113,0.522,,a
2004-09-14,113,0.522,,a
2004-09-15,119,1.167,,a
2004-09-16,132,3.905,,a
2004-09-17,126,2.406,,a
2004-09-18,119,1.167,,a
2004-09-19,116,0.803,,a
2004-09-20,114,0.607,,a
2004-09-21,113,0.522,,a
2004-09-22,112,0.444,,a
2004-09-23,111,0.374,,a
2004-09-24,157,13.857,,a
2004-09-25,157,13.857,,a
2004-09-26,140,6.408,,a
2004-09-27,133,4.186,,a
2004-09-28,130,3.37,,a
2004-09-29,129,3.116,,a
2004-09-30,127,2.633,,a
2004-10-01,126,2.406,,a
2004-10-02,126,2.406,,a
2004-10-03,123,1.801,,a
2004-10-04,121,1.461,,a
2004-10-05,120,1.308,,a
2004-10-06,118,1.035,,a
2004-10-07,117,0.914,,a
2004-10-08,117,0.914,,a
2004-10-09,116,0.803,,a
2004-10-10,157,13.857,,a
2004-10-11,167,19.754,,a
2004-10-12,145,8.285,,a
2004-10-13,135,4.774,,a
2004-10-14,131,3.633,,a
2004-10-15,135,4.774,,a
2004-10-16,163,17.251,,a
2004-10-17,185,32.625,,a
2004-10-18,161,16.072,,a
2004-10-19,149,9.97,,a
2004-10-20,146,8.69,,a
2004-10-21,144,7.889,,a
2004-10-22,159,14.941,,a
2004-10-23,166,19.109,,a
2004-10-24,151,10.875,,a
2004-10-25,145,8.285,,a
2004-10-26,141,6.763,,a
2004-10-27,137,5.399,,a
2004-10-28,139,6.062,,a
2004-10-29,139,6.062,,a
2004-10-30,174,24.619,,a
2004-10-31,192,39.121,,a
2004-11-01,189,36.313,,a
2004-11-02,170,21.762,,a
2004-11-03,159,14.941,,a
2004-11-04,151,10.875,,a
2004-11-05,146,8.69,,a
2004-11-06,149,9.97,,a
2004-11-07,147,9.106,,a
2004-11-08,144,7.889,,a
2004-11-09,141,6.763,,a
2004-11-10,139,6.062,,a
2004-11-11,153,11.825,,a
2004-11-12,145,8.285,,a
2004-11-13,142,7.129,,a
2004-11-14,139,6.062,,a
2004-11-15,137,5.399,,a
2004-11-16,135,4.774,,a
2004-11-17,132,3.905,,a
2004-11-18,131,3.633,,a
2004-11-19,130,3.37,,a
2004-11-20,128,2.87,,a
2004-11-21,126,2.406,,a
2004-11-22,126,2.406,,a
2004-11-23,125,2.192,,a
2004-11-24,124,1.99,,a
2004-11-25,122,1.625,,a
2004-11-26,121,1.461,,a
2004-11-27,120,1.308,,a
2004-11-28,120,1.308,,a
2004-11-29,121,1.461,,a
2004-11-30,125,2.192,,a
2004-12-01,154,12.316,,a
2004-12-02,137,5.399,,a
2004-12-03,133,4.186,,a
2004-12-04,130,3.37,,a
2004-12-05,127,2.633,,a
2004-12-06,126,2.406,,a
2004-12-07,124,1.99,,a
2004-12-08,123,1.801,,a
2004-12-09,122,1.625,,a
2004-12-10,120,1.308,,a
2004-12-11,120,1.308,,a
2004-12-12,118,1.035,,a
2004-12-13,118,1.035,,a
2004-12-14,117,0.914,,a
2004-12-15,116,0.803,,a
2004-12-16,114,0.607,,a
2004-12-17,114,0.607,,a
2004-12-18,115,0.701,,a
2004-12-19,114,0.607,,a
2004-12-20,112,0.444,,a
2004-12-21,111,0.374,,a
2004-12-22,111,0.374,,a
2004-12-23,111,0.374,,a
2004-12-24,110,0.311,,a
2004-12-25,111,0.374,,a
2004-12-26,129,3.116,,a
2004-12-27,185,32.625,,a
2004-12-28,175,25.366,,a
2004-12-29,153,11.825,,a
2004-12-30,142,7.129,,a
2004-12-31,137,5.399,,a
2005-01-01,133,4.186,,a
2005-01-02,131,3.633,,a
2005-01-03,128,2.87,,a
2005-01-04,126,2.406,,a
2005-01-05,124,1.99,,a
2005-01-06,122,1.625,,a
2005-01-07,120,1.308,,a
2005-01-08,119,1.167,,a
2005-01-09,119,1.167,,a
2005-01-10,118,1.035,,a
2005-01-11,118,1.035,,a
2005-01-12,117,0.914,,a
2005-01-13,115,0.701,,a
2005-01-14,113,0.522,,a
2005-01-15,112,0.444,,a
2005-01-16,111,0.374,,a
2005-01-17,110,0.311,,a
2005-01-18,110,0.311,,a
2005-01-19,110,0.311,,a
2005-01-20,110,0.311,,a
2005-01-21,110,0.311,,a
2005-01-22,110,0.311,,a
2005-01-23,110,0.311,,a
2005-01-24,110,0.311,,a
2005-01-25,111,0.374,,a
2005-01-26,112,0.444,,a
2005-01-27,110,0.311,,a
2005-01-28,111,0.374,,a
2005-01-29,111,0.374,,a
2005-01-30,111,0.374,,a
2005-01-31,111,0.374,,a
2005-02-01,109,0.254,,a
2005-02-02,109,0.254,,a
2005-02-03,109,0.254,,a
2005-02-04,109,0.254,,a
2005-02-05,109,0.254,,a
2005-02-06,109,0.254,,a
2005-02-07,109,0.254,,a
2005-02-08,109,0.254,,a
2005-02-09,109,0.254,,a
2005-02-10,108,0.203,,a
2005-02-11,108,0.203,,a
2005-02-12,108,0.203,,a
2005-02-13,116,0.803,,a
2005-02-14,112,0.444,,a
2005-02-15,110,0.311,,a
2005-02-16,110,0.311,,a
2005-02-17,110,0.311,,a
2005-02-18,110,0.311,,a
2005-02-19,110,0.311,,a
2005-02-20,110,0.311,,a
2005-02-21,111,0.374,,a
2005-02-22,110,0.311,,a
2005-02-23,110,0.311,,a
2005-02-24,110,0.311,,a
2005-02-25,110,0.311,,a
2005-02-26,110,0.311,,a
2005-02-27,110,0.311,,a
2005-02-28,110,0.311,,a
2005-03-01,110,0.311,,a
2005-03-02,110,0.311,,a
2005-03-03,110,0.311,,a
2005-03-04,111,0.374,,a
2005-03-05,110,0.311,,a
2005-03-06,110,0.311,,a
2005-03-07,110,0.311,,a
2005-03-08,110,0.311,,a
2005-03-09,110,0.311,,a
2005-03-10,110,0.311,,a
2005-03-11,110,0.311,,a
2005-03-12,110,0.311,,a
2005-03-13,123,1.801,,a
2005-03-14,120,1.308,,a
2005-03-15,118,1.035,,a
2005-03-16,118,1.035,,a
2005-03-17,120,1.308,,a
2005-03-18,124,1.99,,a
2005-03-19,125,2.192,,a
2005-03-20,123,1.801,,a
2005-03-21,119,1.167,,a
2005-03-22,116,0.803,,a
2005-03-23,115,0.701,,a
2005-03-24,114,0.607,,a
2005-03-25,117,0.914,,a
2005-03-26,121,1.461,,a
2005-03-27,120,1.308,,a
2005-03-28,119,1.167,,a
2005-03-29,119,1.167,,a
2005-03-30,119,1.167,,a
2005-03-31,125,2.192,,a
2005-04-01,124,1.99,,a
2005-04-02,122,1.625,,a
2005-04-03,121,1.461,,a
2005-04-04,121,1.461,,a
2005-04-05,120,1.308,,a
2005-04-06,120,1.308,,a
2005-04-07,121,1.461,,a
2005-04-08,120,1.308,,a
2005-04-09,141,6.763,,a
2005-04-10,161,16.072,,a
2005-04-11,156,13.332,,a
2005-04-12,146,8.69,,a
2005-04-13,142,7.129,,a
2005-04-14,140,6.408,,a
2005-04-15,137,5.399,,a
2005-04-16,136,5.082,,a
2005-04-17,137,5.399,,a
2005-04-18,135,4.774,,a
2005-04-19,138,5.726,,a
2005-04-20,141,6.763,,a
2005-04-21,148,9.533,,a
2005-04-22,142,7.129,,a
2005-04-23,138,5.726,,a
2005-04-24,135,4.774,,a
2005-04-25,147,9.106,,a
2005-04-26,155,12.818,,a
2005-04-27,143,7.504,,a
2005-04-28,141,6.763,,a
2005-04-29,137,5.399,,a
2005-04-30,135,4.774,,a
2005-05-01,136,5.082,,a
2005-05-02,138,5.726,,a
2005-05-03,140,6.408,,a
2005-05-04,143,7.504,,a
2005-05-05,164,17.858,,a
2005-05-06,154,12.316,,a
2005-05-07,145,8.285,,a
2005-05-08,141,6.763,,a
2005-05-09,138,5.726,,a
2005-05-10,135,4.774,,a
2005-05-11,132,3.905,,a
2005-05-12,130,3.37,,a
2005-05-13,128,2.87,,a
2005-05-14,127,2.633,,a
2005-05-15,129,3.116,,a
2005-05-16,129,3.116,,a
2005-05-17,129,3.116,,a
2005-05-18,157,13.857,,a
2005-05-19,157,13.857,,a
2005-05-20,144,7.889,,a
2005-05-21,139,6.062,,a
2005-05-22,137,5.399,,a
2005-05-23,137,5.399,,a
2005-05-24,136,5.082,,a
2005-05-25,135,4.774,,a
2005-05-26,133,4.186,,a
2005-05-27,132,3.905,,a
2005-05-28,131,3.633,,a
2005-05-29,131,3.633,,a
2005-05-30,130,3.37,,a
2005-05-31,132,3.905,,a
2005-06-01,129,3.116,,a
2005-06-02,126,2.406,,a
2005-06-03,123,1.801,,a
2005-06-04,122,1.625,,a
2005-06-05,126,2.406,,a
2005-06-06,126,2.406,,a
2005-06-07,124,1.99,,a
2005-06-08,123,1.801,,a
2005-06-09,120,1.308,,a
2005-06-10,118,1.035,,a
2005-06-11,115,0.701,,a
2005-06-12,114,0.607,,a
2005-06-13,114,0.607,,a
2005-06-14,115,0.701,,a
2005-06-15,117,0.914,,a
2005-06-16,118,1.035,,a
2005-06-17,117,0.914,,a
2005-06-18,116,0.803,,a
2005-06-19,115,0.701,,a
2005-06-20,115,0.701,,a
2005-06-21,113,0.522,,a
2005-06-22,112,0.444,,a
2005-06-23,112,0.444,,a
2005-06-24,112,0.444,,a
2005-06-25,112,0.444,,a
2005-06-26,114,0.607,,a
2005-06-27,114,0.607,,a
2005-06-28,118,1.035,,a
2005-06-29,118,1.035,,a
2005-06-30,136,5.082,,a
2005-07-01,172,23.164,,a
2005-07-02,160,15.501,,a
2005-07-03,139,6.062,,a
2005-07-04,130,3.37,,a
2005-07-05,144,7.889,,a
2005-07-06,165,18.478,,a
2005-07-07,142,7.129,,a
2005-07-08,157,13.857,,a
2005-07-09,157,13.857,,a
2005-07-10,147,9.106,,a
2005-07-11,152,11.345,,a
2005-07-12,148,9.533,,a
2005-07-13,147,9.106,,a
2005-07-14,143,7.504,,a
2005-07-15,138,5.726,,a
2005-07-16,135,4.774,,a
2005-07-17,135,4.774,,a
2005-07-18,131,3.633,,a
2005-07-19,132,3.905,,a
2005-07-20,130,3.37,,a
2005-07-21,133,4.186,,a
2005-07-22,130,3.37,,a
2005-07-23,134,4.475,,a
2005-07-24,131,3.633,,a
2005-07-25,127,2.633,,a
2005-07-26,124,1.99,,a
2005-07-27,122,1.625,,a
2005-07-28,121,1.461,,a
2005-07-29,120,1.308,,a
2005-07-30,120,1.308,,a
2005-07-31,119,1.167,,a
2005-08-01,118,1.035,,a
2005-08-02,118,1.035,,a
2005-08-03,119,1.167,,a
2005-08-04,125,2.192,,a
2005-08-05,120,1.308,,a
2005-08-06,119,1.167,,a
2005-08-07,159,14.941,,a
2005-08-08,141,6.763,,a
2005-08-09,131,3.633,,a
2005-08-10,127,2.633,,a
2005-08-11,127,2.633,,a
2005-08-12,142,7.129,,a
2005-08-13,136,5.082,,a
2005-08-14,146,8.69,,a
2005-08-15,186,33.54,,a
2005-08-16,160,15.501,,a
2005-08-17,151,10.875,,a
2005-08-18,144,7.889,,a
2005-08-19,138,5.726,,a
2005-08-20,135,4.774,,a
2005-08-21,156,13.332,,a
2005-08-22,195,41.966,,a
2005-08-23,175,25.366,,a
2005-08-24,156,13.332,,a
2005-08-25,148,9.533,,a
2005-08-26,149,9.97,,a
2005-08-27,166,19.109,,a
2005-08-28,156,13.332,,a
2005-08-29,149,9.97,,a
2005-08-30,144,7.889,,a
2005-08-31,140,6.408,,a
2005-09-01,136,5.082,,a
2005-09-02,135,4.774,,a
2005-09-03,152,11.345,,a
2005-09-04,159,14.941,,a
2005-09-05,145,8.285,,a
2005-09-06,139,6.062,,a
2005-09-07,135,4.774,,a
2005-09-08,132,3.905,,a
2005-09-09,130,3.37,,a
2005-09-10,134,4.475,,a
2005-09-11,133,4.186,,a
2005-09-12,132,3.905,,a
2005-09-13,129,3.116,,a
2005-09-14,130,3.37,,a
2005-09-15,129,3.116,,a
2005-09-16,128,2.87,,a
2005-09-17,140,6.408,,a
2005-09-18,162,16.655,,a
2005-09-19,171,22.457,,a
2005-09-20,163,17.251,,a
2005-09-21,153,11.825,,a
2005-09-22,145,8.285,,a
2005-09-23,140,6.408,,a
2005-09-24,136,5.082,,a
2005-09-25,133,4.186,,a
2005-09-26,131,3.633,,a
2005-09-27,131,3.633,,a
2005-09-28,141,6.763,,a
2005-09-29,171,22.457,,a
2005-09-30,191,38.181,,a
2005-10-01,160,15.501,,a
2005-10-02,149,9.97,,a
2005-10-03,145,8.285,,a
2005-10-04,166,19.109,,a
2005-10-05,195,41.966,,a
2005-10-06,183,30.805,,a
2005-10-07,168,20.41,,a
2005-10-08,161,16.072,,a
2005-10-09,153,11.825,,a
2005-10-10,148,9.533,,a
2005-10-11,143,7.504,,a
2005-10-12,140,6.408,,a
2005-10-13,137,5.399,,a
2005-10-14,135,4.774,,a
2005-10-15,132,3.905,,a
2005-10-16,131,3.633,,a
2005-10-17,131,3.633,,a
2005-10-18,130,3.37,,a
2005-10-19,128,2.87,,a
2005-10-20,126,2.406,,a
2005-10-21,125,2.192,,a
2005-10-22,124,1.99,,a
2005-10-23,124,1.99,,a
2005-10-24,123,1.801,,a
2005-10-25,121,1.461,,a
2005-10-26,120,1.308,,a
2005-10-27,119,1.167,,a
2005-10-28,119,1.167,,a
2005-10-29,118,1.035,,a
2005-10-30,118,1.035,,a
2005-10-31,117,0.914,,a
2005-11-01,117,0.914,,a
2005-11-02,117,0.914,,a
2005-11-03,116,0.803,,a
2005-11-04,116,0.803,,a
2005-11-05,116,0.803,,a
2005-11-06,117,0.914,,a
2005-11-07,116,0.803,,a
2005-11-08,115,0.701,,a
2005-11-09,115,0.701,,a
2005-11-10,115,0.701,,a
2005-11-11,116,0.803,,a
2005-11-12,116,0.803,,a
2005-11-13,116,0.803,,a
2005-11-14,115,0.701,,a
2005-11-15,115,0.701,,a
2005-11-16,114,0.607,,a
2005-11-17,113,0.522,,a
2005-11-18,112,0.444,,a
2005-11-19,113,0.522,,a
2005-11-20,112,0.444,,a
2005-11-21,112,0.444,,a
2005-11-22,111,0.374,,a
2005-11-23,113,0.522,,a
2005-11-24,112,0.444,,a
2005-11-25,112,0.444,,a
2005-11-26,115,0.701,,a
2005-11-27,184,31.713,,a
2005-11-28,150,10.417,,a
2005-11-29,141,6.763,,a
2005-11-30,156,13.332,,a
2005-12-01,141,6.763,,a
2005-12-02,135,4.774,,a
2005-12-03,165,18.478,,a
2005-12-04,173,23.885,,a
2005-12-05,204,50.716,,a
2005-12-06,192,39.121,,a
2005-12-07,166,19.109,,a
2005-12-08,153,11.825,,a
2005-12-09,145,8.285,,a
2005-12-10,139,6.062,,a
2005-12-11,135,4.774,,a
2005-12-12,132,3.905,,a
2005-12-13,129,3.116,,a
2005-12-14,127,2.633,,a
2005-12-15,126,2.406,,a
2005-12-16,124,1.99,,a
2005-12-17,123,1.801,,a
2005-12-18,121,1.461,,a
2005-12-19,120,1.308,,a
2005-12-20,119,1.167,,a
2005-12-21,118,1.035,,a
2005-12-22,118,1.035,,a
2005-12-23,117,0.914,,a
2005-12-24,118,1.035,,a
2005-12-25,117,0.914,,a
2005-12-26,116,0.803,,a
2005-12-27,115,0.701,,a
2005-12-28,114,0.607,,a
2005-12-29,113,0.522,,a
2005-12-30,112,0.444,,a
2005-12-31,112,0.444,,a
2006-01-01,116,0.803,,a
2006-01-02,130,3.37,,a
2006-01-03,120,1.308,,a
2006-01-04,119,1.167,,a
2006-01-05,119,1.167,,a
2006-01-06,118,1.035,,a
2006-01-07,116,0.803,,a
2006-01-08,115,0.701,,a
2006-01-09,115,0.701,,a
2006-01-10,115,0.701,,a
2006-01-11,115,0.701,,a
2006-01-12,115,0.701,,a
2006-01-13,115,0.701,,a
2006-01-14,115,0.701,,a
2006-01-15,114,0.607,,a
2006-01-16,114,0.607,,a
2006-01-17,114,0.607,,a
2006-01-18,114,0.607,,a
2006-01-19,114,0.607,,a
2006-01-20,113,0.522,,a
2006-01-21,111,0.374,,a
2006-01-22,111,0.374,,a
2006-01-23,111,0.374,,a
2006-01-24,111,0.374,,a
2006-01-25,111,0.374,,a
2006-01-26,111,0.374,,a
2006-01-27,111,0.374,,a
2006-01-28,111,0.374,,a
2006-01-29,111,0.374,,a
2006-01-30,112,0.444,,a
2006-01-31,113,0.522,,a
2006-02-01,113,0.522,,a
2006-02-02,113,0.522,,a
2006-02-03,113,0.522,,a
2006-02-04,113,0.522,,a
2006-02-05,113,0.522,,a
2006-02-06,112,0.444,,a
2006-02-07,112,0.444,,a
2006-02-08,111,0.374,,a
2006-02-09,111,0.374,,a
2006-02-10,112,0.444,,a
2006-02-11,112,0.444,,a
2006-02-12,111,0.374,,a
2006-02-13,111,0.374,,a
2006-02-14,112,0.444,,a
2006-02-15,111,0.374,,a
2006-02-16,111,0.374,,a
2006-02-17,130,3.37,,a
2006-02-18,129,3.116,,a
2006-02-19,144,7.889,,a
2006-02-20,156,13.332,,a
2006-02-21,156,13.332,,a
2006-02-22,144,7.889,,a
2006-02-23,136,5.082,,a
2006-02-24,131,3.633,,a
2006-02-25,129,3.116,,a
2006-02-26,126,2.406,,a
2006-02-27,122,1.625,,a
2006-02-28,119,1.167,,a
2006-03-01,118,1.035,,a
2006-03-02,118,1.035,,a
2006-03-03,115,0.701,,a
2006-03-04,137,5.399,,a
2006-03-05,183,30.805,,a
2006-03-06,165,18.478,,a
2006-03-07,148,9.533,,a
2006-03-08,142,7.129,,a
2006-03-09,138,5.726,,a
2006-03-10,155,12.818,,a
2006-03-11,156,13.332,,a
2006-03-12,149,9.97,,a
2006-03-13,141,6.763,,a
2006-03-14,135,4.774,,a
2006-03-15,132,3.905,,a
2006-03-16,130,3.37,,a
2006-03-17,128,2.87,,a
2006-03-18,127,2.633,,a
2006-03-19,126,2.406,,a
2006-03-20,126,2.406,,a
2006-03-21,128,2.87,,a
2006-03-22,136,5.082,,a
2006-03-23,145,8.285,,a
2006-03-24,138,5.726,,a
2006-03-25,134,4.475,,a
2006-03-26,133,4.186,,a
2006-03-27,133,4.186,,a
2006-03-28,136,5.082,,a
2006-03-29,149,9.97,,a
2006-03-30,142,7.129,,a
2006-03-31,137,5.399,,a
2006-04-01,136,5.082,,a
2006-04-02,137,5.399,,a
2006-04-03,143,7.504,,a
2006-04-04,145,8.285,,a
2006-04-05,140,6.408,,a
2006-04-06,149,9.97,,a
2006-04-07,147,9.106,,a
2006-04-08,142,7.129,,a
2006-04-09,139,6.062,,a
2006-04-10,137,5.399,,a
2006-04-11,158,14.393,,a
2006-04-12,154,12.316,,a
2006-04-13,144,7.889,,a
2006-04-14,140,6.408,,a
2006-04-15,138,5.726,,a
2006-04-16,139,6.062,,a
2006-04-17,139,6.062,,a
2006-04-18,143,7.504,,a
2006-04-19,141,6.763,,a
2006-04-20,140,6.408,,a
2006-04-21,140,6.408,,a
2006-04-22,139,6.062,,a
2006-04-23,141,6.763,,a
2006-04-24,141,6.763,,a
2006-04-25,142,7.129,,a
2006-04-26,143,7.504,,a
2006-04-27,142,7.129,,a
2006-04-28,147,9.106,,a
2006-04-29,151,10.875,,a
2006-04-30,164,17.858,,a
2006-05-01,155,12.818,,a
2006-05-02,148,9.533,,a
2006-05-03,145,8.285,,a
2006-05-04,142,7.129,,a
2006-05-05,141,6.763,,a
2006-05-06,139,6.062,,a
2006-05-07,138,5.726,,a
2006-05-08,136,5.082,,a
2006-05-09,136,5.082,,a
2006-05-10,137,5.399,,a
2006-05-11,137,5.399,,a
2006-05-12,136,5.082,,a
2006-05-13,140,6.408,,a
2006-05-14,142,7.129,,a
2006-05-15,141,6.763,,a
2006-05-16,141,6.763,,a
2006-05-17,144,7.889,,a
2006-05-18,145,8.285,,a
2006-05-19,147,9.106,,a
2006-05-20,149,9.97,,a
2006-05-21,146,8.69,,a
2006-05-22,145,8.285,,a
2006-05-23,145,8.285,,a
2006-05-24,175,25.366,,a
2006-05-25,168,20.41,,a
2006-05-26,156,13.332,,a
2006-05-27,151,10.875,,a
2006-05-28,149,9.97,,a
2006-05-29,182,29.902,,a
2006-05-30,198,44.847,,a
2006-05-31,179,28.489,,a
2006-06-01,162,16.655,,a
2006-06-02,157,13.857,,a
2006-06-03,153,11.825,,a
2006-06-04,150,10.417,,a
2006-06-05,147,9.106,,a
2006-06-06,151,10.875,,a
2006-06-07,150,10.417,,a
2006-06-08,146,8.69,,a
2006-06-09,142,7.129,,a
2006-06-10,140,6.408,,a
2006-06-11,139,6.062,,a
2006-06-12,138,5.726,,a
2006-06-13,140,6.408,,a
2006-06-14,142,7.129,,a
2006-06-15,142,7.129,,a
2006-06-16,142,7.129,,a
2006-06-17,143,7.504,,a
2006-06-18,143,7.504,,a
2006-06-19,143,7.504,,a
2006-06-20,143,7.504,,a
2006-06-21,142,7.129,,a
2006-06-22,141,6.763,,a
2006-06-23,140,6.408,,a
2006-06-24,140,6.408,,a
2006-06-25,137,5.399,,a
2006-06-26,136,5.082,,a
2006-06-27,136,5.082,,a
2006-06-28,135,4.774,,a
2006-06-29,140,6.408,,a
2006-06-30,142,7.129,,a
2006-07-01,136,5.082,,a
2006-07-02,133,4.186,,a
2006-07-03,131,3.633,,a
2006-07-04,130,3.37,,a
2006-07-05,129,3.116,,a
2006-07-06,127,2.633,,a
2006-07-07,128,2.87,,a
2006-07-08,128,2.87,,a
2006-07-09,127,2.633,,a
2006-07-10,126,2.406,,a
2006-07-11,125,2.192,,a
2006-07-12,125,2.192,,a
2006-07-13,125,2.192,,a
2006-07-14,126,2.406,,a
2006-07-15,126,2.406,,a
2006-07-16,126,2.406,,a
2006-07-17,126,2.406,,a
2006-07-18,124,1.99,,a
2006-07-19,122,1.625,,a
2006-07-20,117,0.914,,a
2006-07-21,113,0.522,,a
2006-07-22,114,0.607,,a
2006-07-23,114,0.607,,a
2006-07-24,119,1.167,,a
2006-07-25,115,0.701,,a
2006-07-26,119,1.167,,a
2006-07-27,115,0.701,,a
2006-07-28,114,0.607,,a
2006-07-29,115,0.701,,a
2006-07-30,115,0.701,,a
2006-07-31,113,0.522,,a
2006-08-01,114,0.607,,a
2006-08-02,117,0.914,,a
2006-08-03,120,1.308,,a
2006-08-04,142,7.129,,a
2006-08-05,141,6.763,,a
2006-08-06,132,3.905,,a
2006-08-07,126,2.406,,a
2006-08-08,121,1.461,,a
2006-08-09,119,1.167,,a
2006-08-10,120,1.308,,a
2006-08-11,119,1.167,,a
2006-08-12,130,3.37,,a
2006-08-13,148,9.533,,a
2006-08-14,135,4.774,,a
2006-08-15,130,3.37,,a
2006-08-16,127,2.633,,a
2006-08-17,124,1.99,,a
2006-08-18,122,1.625,,a
2006-08-19,120,1.308,,a
2006-08-20,119,1.167,,a
2006-08-21,118,1.035,,a
2006-08-22,118,1.035,,a
2006-08-23,119,1.167,,a
2006-08-24,115,0.701,,a
2006-08-25,128,2.87,,a
2006-08-26,123,1.801,,a
2006-08-27,120,1.308,,a
2006-08-28,121,1.461,,a
2006-08-29,136,5.082,,a
2006-08-30,140,6.408,,a
2006-08-31,134,4.475,,a
2006-09-01,127,2.633,,a
2006-09-02,123,1.801,,a
2006-09-03,121,1.461,,a
2006-09-04,119,1.167,,a
2006-09-05,117,0.914,,a
2006-09-06,117,0.914,,a
2006-09-07,116,0.803,,a
2006-09-08,115,0.701,,a
2006-09-09,115,0.701,,a
2006-09-10,115,0.701,,a
2006-09-11,114,0.607,,a
2006-09-12,114,0.607,,a
2006-09-13,114,0.607,,a
2006-09-14,114,0.607,,a
2006-09-15,117,0.914,,a
2006-09-16,148,9.533,,a
2006-09-17,157,13.857,,a
2006-09-18,159,14.941,,a
2006-09-19,146,8.69,,a
2006-09-20,138,5.726,,a
2006-09-21,132,3.905,,a
2006-09-22,130,3.37,,a
2006-09-23,127,2.633,,a
2006-09-24,125,2.192,,a
2006-09-25,122,1.625,,a
2006-09-26,121,1.461,,a
2006-09-27,119,1.167,,a
2006-09-28,118,1.035,,a
2006-09-29,116,0.803,,a
2006-09-30,114,0.607,,a
2006-10-01,113,0.522,,a
2006-10-02,111,0.374,,a
2006-10-03,111,0.374,,a
2006-10-04,119,1.167,,a
2006-10-05,132,3.905,,a
2006-10-06,128,2.87,,a
2006-10-07,124,1.99,,a
2006-10-08,121,1.461,,a
2006-10-09,119,1.167,,a
2006-10-10,118,1.035,,a
2006-10-11,117,0.914,,a
2006-10-12,116,0.803,,a
2006-10-13,115,0.701,,a
2006-10-14,114,0.607,,a
2006-10-15,115,0.701,,a
2006-10-16,114,0.607,,a
2006-10-17,114,0.607,,a
2006-10-18,114,0.607,,a
2006-10-19,114,0.607,,a
2006-10-20,113,0.522,,a
2006-10-21,119,1.167,,a
2006-10-22,118,1.035,,a
2006-10-23,115,0.701,,a
2006-10-24,125,2.192,,a
2006-10-25,162,16.655,,a
2006-10-26,143,7.504,,a
2006-10-27,135,4.774,,a
2006-10-28,130,3.37,,a
2006-10-29,124,1.99,,a
2006-10-30,121,1.461,,a
2006-10-31,119,1.167,,a
2006-11-01,118,1.035,,a
2006-11-02,117,0.914,,a
2006-11-03,113,0.522,,a
2006-11-04,112,0.444,,a
2006-11-05,112,0.444,,a
2006-11-06,111,0.374,,a
2006-11-07,111,0.374,,a
2006-11-08,112,0.444,,a
2006-11-09,112,0.444,,a
2006-11-10,112,0.444,,a
2006-11-11,111,0.374,,a
2006-11-12,111,0.374,,a
2006-11-13,111,0.374,,a
2006-11-14,111,0.374,,a
2006-11-15,111,0.374,,a
2006-11-16,111,0.374,,a
2006-11-17,111,0.374,,a
2006-11-18,110,0.311,,a
2006-11-19,111,0.374,,a
2006-11-20,111,0.374,,a
2006-11-21,110,0.311,,a
2006-11-22,132,3.905,,a
2006-11-23,125,2.192,,a
2006-11-24,117,0.914,,a
2006-11-25,116,0.803,,a
2006-11-26,119,1.167,,a
2006-11-27,114,0.607,,a
2006-11-28,113,0.522,,a
2006-11-29,112,0.444,,a
2006-11-30,112,0.444,,a
2006-12-01,112,0.444,,a
2006-12-02,112,0.444,,a
2006-12-03,111,0.374,,a
2006-12-04,111,0.374,,a
2006-12-05,111,0.374,,a
2006-12-06,111,0.374,,a
2006-12-07,112,0.444,,a
2006-12-08,112,0.444,,a
2006-12-09,136,5.082,,a
2006-12-10,166,19.109,,a
2006-12-11,142,7.129,,a
2006-12-12,132,3.905,,a
2006-12-13,127,2.633,,a
2006-12-14,123,1.801,,a
2006-12-15,122,1.625,,a
2006-12-16,121,1.461,,a
2006-12-17,121,1.461,,a
2006-12-18,126,2.406,,a
2006-12-19,125,2.192,,a
2006-12-20,122,1.625,,a
2006-12-21,121,1.461,,a
2006-12-22,120,1.308,,a
2006-12-23,118,1.035,,a
2006-12-24,116,0.803,,a
2006-12-25,116,0.803,,a
2006-12-26,115,0.701,,a
2006-12-27,114,0.607,,a
2006-12-28,114,0.607,,a
2006-12-29,113,0.522,,a
2006-12-30,113,0.522,,a
2006-12-31,112,0.444,,a
2007-01-01,112,0.445,,a
2007-01-02,118,1.036,,a
2007-01-03,115,0.701,,a
2007-01-04,113,0.522,,a
2007-01-05,113,0.522,,a
2007-01-06,113,0.522,,a
2007-01-07,112,0.445,,a
2007-01-08,111,0.375,,a
2007-01-09,111,0.375,,a
2007-01-10,111,0.375,,a
2007-01-11,111,0.375,,a
2007-01-12,111,0.375,,a
2007-01-13,112,0.445,,a
2007-01-14,112,0.445,,a
2007-01-15,111,0.375,,a
2007-01-16,111,0.375,,a
2007-01-17,111,0.375,,a
2007-01-18,111,0.375,,a
2007-01-19,111,0.375,,a
2007-01-20,111,0.375,,a
2007-01-21,111,0.375,,a
2007-01-22,111,0.375,,a
2007-01-23,128,2.876,,a
2007-01-24,170,21.815,,a
2007-01-25,148,9.551,,a
2007-01-26,135,4.749,,a
2007-01-27,129,3.114,,a
2007-01-28,124,1.99,,a
2007-01-29,122,1.626,,a
2007-01-30,120,1.309,,a
2007-01-31,119,1.167,,a
2007-02-01,119,1.167,,a
2007-02-02,118,1.036,,a
2007-02-03,117,0.915,,a
2007-02-04,116,0.803,,a
2007-02-05,114,0.608,,a
2007-02-06,113,0.522,,a
2007-02-07,130,3.361,,a
2007-02-08,131,3.619,,a
2007-02-09,151,10.91,,a
2007-02-10,147,9.119,,a
2007-02-11,136,5.057,,a
2007-02-12,132,3.887,,a
2007-02-13,157,13.921,,a
2007-02-14,142,7.117,,a
2007-02-15,136,5.057,,a
2007-02-16,132,3.887,,a
2007-02-17,129,3.114,,a
2007-02-18,125,2.192,,a
2007-02-19,123,1.802,,a
2007-02-20,123,1.802,,a
2007-02-21,121,1.461,,a
2007-02-22,119,1.167,,a
2007-02-23,120,1.309,,a
2007-02-24,118,1.036,,a
2007-02-25,119,1.167,,a
2007-02-26,163,17.328,,a
2007-02-27,142,7.117,,a
2007-02-28,134,4.452,,a
2007-03-01,131,3.619,,a
2007-03-02,133,4.164,,a
2007-03-03,133,4.164,,a
2007-03-04,128,2.876,,a
2007-03-05,126,2.407,,a
2007-03-06,125,2.192,,a
2007-03-07,128,2.876,,a
2007-03-08,154,12.367,,a
2007-03-09,148,9.551,,a
2007-03-10,141,6.748,,a
2007-03-11,136,5.057,,a
2007-03-12,133,4.164,,a
2007-03-13,133,4.164,,a
2007-03-14,132,3.887,,a
2007-03-15,130,3.361,,a
2007-03-16,130,3.361,,a
2007-03-17,130,3.361,,a
2007-03-18,130,3.361,,a
2007-03-19,140,6.389,,a
2007-03-20,147,9.119,,a
2007-03-21,145,8.286,,a
2007-03-22,145,8.286,,a
2007-03-23,147,9.119,,a
2007-03-24,150,10.446,,a
2007-03-25,148,9.551,,a
2007-03-26,149,9.993,,a
2007-03-27,145,8.286,,a
2007-03-28,141,6.748,,a
2007-03-29,138,5.703,,a
2007-03-30,136,5.057,,a
2007-03-31,135,4.749,,a
2007-04-01,133,4.164,,a
2007-04-02,134,4.452,,a
2007-04-03,136,5.057,,a
2007-04-04,136,5.057,,a
2007-04-05,134,4.452,,a
2007-04-06,133,4.164,,a
2007-04-07,133,4.164,,a
2007-04-08,134,4.452,,a
2007-04-09,132,3.887,,a
2007-04-10,134,4.452,,a
2007-04-11,135,4.749,,a
2007-04-12,133,4.164,,a
2007-04-13,135,4.749,,a
2007-04-14,135,4.749,,a
2007-04-15,136,5.057,,a
2007-04-16,136,5.057,,a
2007-04-17,135,4.749,,a
2007-04-18,134,4.452,,a
2007-04-19,133,4.164,,a
2007-04-20,132,3.887,,a
2007-04-21,132,3.887,,a
2007-04-22,128,2.876,,a
2007-04-23,127,2.647,,a
2007-04-24,128,2.876,,a
2007-04-25,128,2.876,,a
2007-04-26,126,2.407,,a
2007-04-27,125,2.192,,a
2007-04-28,124,1.99,,a
2007-04-29,124,1.99,,a
2007-04-30,126,2.407,,a
2007-05-01,125,2.192,,a
2007-05-02,123,1.802,,a
2007-05-03,122,1.626,,a
2007-05-04,127,2.647,,a
2007-05-05,131,3.619,,a
2007-05-06,126,2.407,,a
2007-05-07,124,1.99,,a
2007-05-08,123,1.802,,a
2007-05-09,124,1.99,,a
2007-05-10,124,1.99,,a
2007-05-11,123,1.802,,a
2007-05-12,124,1.99,,a
2007-05-13,123,1.802,,a
2007-05-14,123,1.802,,a
2007-05-15,124,1.99,,a
2007-05-16,124,1.99,,a
2007-05-17,123,1.802,,a
2007-05-18,124,1.99,,a
2007-05-19,121,1.461,,a
2007-05-20,121,1.461,,a
2007-05-21,122,1.626,,a
2007-05-22,123,1.802,,a
2007-05-23,127,2.647,,a
2007-05-24,122,1.626,,a
2007-05-25,121,1.461,,a
2007-05-26,120,1.309,,a
2007-05-27,120,1.309,,a
2007-05-28,121,1.461,,a
2007-05-29,142,7.117,,a
2007-05-30,128,2.876,,a
2007-05-31,120,1.309,,a
2007-06-01,119,1.167,,a
2007-06-02,118,1.036,,a
2007-06-03,118,1.036,,a
2007-06-04,120,1.309,,a
2007-06-05,119,1.167,,a
2007-06-06,120,1.309,,a
2007-06-07,120,1.309,,a
2007-06-08,118,1.036,,a
2007-06-09,117,0.915,,a
2007-06-10,116,0.803,,a
2007-06-11,115,0.701,,a
2007-06-12,119,1.167,,a
2007-06-13,120,1.309,,a
2007-06-14,117,0.915,,a
2007-06-15,117,0.915,,a
2007-06-16,125,2.192,,a
2007-06-17,123,1.802,,a
2007-06-18,119,1.167,,a
2007-06-19,117,0.915,,a
2007-06-20,115,0.701,,a
2007-06-21,115,0.701,,a
2007-06-22,115,0.701,,a
2007-06-23,121,1.461,,a
2007-06-24,115,0.701,,a
2007-06-25,113,0.522,,a
2007-06-26,112,0.445,,a
2007-06-27,116,0.803,,a
2007-06-28,117,0.915,,a
2007-06-29,112,0.445,,a
2007-06-30,112,0.445,,a
2007-07-01,112,0.445,,a
2007-07-02,113,0.522,,a
2007-07-03,116,0.803,,a
2007-07-04,133,4.164,,a
2007-07-05,146,8.697,,a
2007-07-06,131,3.619,,a
2007-07-07,124,1.99,,a
2007-07-08,120,1.309,,a
2007-07-09,116,0.803,,a
2007-07-10,121,1.461,,a
2007-07-11,122,1.626,,a
2007-07-12,119,1.167,,a
2007-07-13,117,0.915,,a
2007-07-14,115,0.701,,a
2007-07-15,115,0.701,,a
2007-07-16,115,0.701,,a
2007-07-17,115,0.701,,a
2007-07-18,115,0.701,,a
2007-07-19,114,0.608,,a
2007-07-20,113,0.522,,a
2007-07-21,112,0.445,,a
2007-07-22,111,0.375,,a
2007-07-23,111,0.375,,a
2007-07-24,110,0.311,,a
2007-07-25,110,0.311,,a
2007-07-26,110,0.311,,a
2007-07-27,110,0.311,,a
2007-07-28,110,0.311,,a
2007-07-29,110,0.311,,a
2007-07-30,122,1.626,,a
2007-07-31,122,1.626,,a
2007-08-01,114,0.608,,a
2007-08-02,114,0.608,,a
2007-08-03,113,0.522,,a
2007-08-04,114,0.608,,a
2007-08-05,114,0.608,,a
2007-08-06,113,0.522,,a
2007-08-07,113,0.522,,a
2007-08-08,112,0.445,,a
2007-08-09,112,0.445,,a
2007-08-10,111,0.375,,a
2007-08-11,110,0.311,,a
2007-08-12,110,0.311,,a
2007-08-13,110,0.311,,a
2007-08-14,110,0.311,,a
2007-08-15,111,0.375,,a
2007-08-16,111,0.375,,a
2007-08-17,113,0.522,,a
2007-08-18,141,6.748,,a
2007-08-19,126,2.407,,a
2007-08-20,124,1.99,,a
2007-08-21,125,2.192,,a
2007-08-22,132,3.887,,a
2007-08-23,141,6.748,,a
2007-08-24,140,6.389,,a
2007-08-25,131,3.619,,a
2007-08-26,125,2.192,,a
2007-08-27,120,1.309,,a
2007-08-28,118,1.036,,a
2007-08-29,121,1.461,,a
2007-08-30,123,1.802,,a
2007-08-31,125,2.192,,a
2007-09-01,120,1.309,,a
2007-09-02,118,1.036,,a
2007-09-03,117,0.915,,a
2007-09-04,145,8.286,,a
2007-09-05,136,5.057,,a
2007-09-06,128,2.876,,a
2007-09-07,127,2.647,,a
2007-09-08,128,2.876,,a
2007-09-09,127,2.647,,a
2007-09-10,124,1.99,,a
2007-09-11,125,2.192,,a
2007-09-12,122,1.626,,a
2007-09-13,119,1.167,,a
2007-09-14,116,0.803,,a
2007-09-15,115,0.701,,a
2007-09-16,114,0.608,,a
2007-09-17,113,0.522,,a
2007-09-18,208,54.894,,a
2007-09-19,215,62.316,,a
2007-09-20,164,19.506,,a
2007-09-21,148,11.173,,a
2007-09-22,137,6.735,,a
2007-09-23,132,5.03,,a
2007-09-24,129,4.094,,a
2007-09-25,129,4.094,,a
2007-09-26,127,3.505,,a
2007-09-27,154,14.023,,a
2007-09-28,182,32.042,,a
2007-09-29,161,17.761,,a
2007-09-30,148,11.173,,a
2007-10-01,141,8.236,,a
2007-10-02,136,6.379,,a
2007-10-03,133,5.356,,a
2007-10-04,130,4.399,,a
2007-10-05,128,3.796,,a
2007-10-06,172,24.6,,a
2007-10-07,155,14.529,,a
2007-10-08,141,8.236,,a
2007-10-09,135,6.03,,a
2007-10-10,131,4.711,,a
2007-10-11,128,3.796,,a
2007-10-12,125,2.899,,a
2007-10-13,123,2.388,,a
2007-10-14,120,1.723,,a
2007-10-15,118,1.346,,a
2007-10-16,118,1.346,,a
2007-10-17,118,1.346,,a
2007-10-18,121,1.931,,a
2007-10-19,121,1.931,,a
2007-10-20,118,1.346,,a
2007-10-21,117,1.177,,a
2007-10-22,116,1.02,,a
2007-10-23,125,2.899,,a
2007-10-24,122,2.153,,a
2007-10-25,120,1.723,,a
2007-10-26,122,2.153,,a
2007-10-27,136,6.379,,a
2007-10-28,141,8.236,,a
2007-10-29,137,6.735,,a
2007-10-30,132,5.03,,a
2007-10-31,130,4.399,,a
2007-11-01,127,3.505,,a
2007-11-02,124,2.636,,a
2007-11-03,123,2.388,,a
2007-11-04,123,2.388,,a
2007-11-05,121,1.931,,a
2007-11-06,120,1.723,,a
2007-11-07,120,1.723,,a
2007-11-08,120,1.723,,a
2007-11-09,121,1.931,,a
2007-11-10,121,1.931,,a
2007-11-11,119,1.529,,a
2007-11-12,118,1.346,,a
2007-11-13,116,1.02,,a
2007-11-14,115,0.875,,a
2007-11-15,114,0.742,,a
2007-11-16,114,0.742,,a
2007-11-17,113,0.621,,a
2007-11-18,112,0.511,,a
2007-11-19,111,0.412,,a
2007-11-20,111,0.412,,a
2007-11-21,111,0.412,,a
2007-11-22,111,0.412,,a
2007-11-23,111,0.412,,a
2007-11-24,112,0.511,,a
2007-11-25,130,4.399,,a
2007-11-26,141,8.236,,a
2007-11-27,132,5.03,,a
2007-11-28,129,4.094,,a
2007-11-29,126,3.176,,a
2007-11-30,121,1.931,,a
2007-12-01,119,1.529,,a
2007-12-02,119,1.529,,a
2007-12-03,133,5.356,,a
2007-12-04,132,5.03,,a
2007-12-05,126,3.176,,a
2007-12-06,123,2.388,,a
2007-12-07,121,1.931,,a
2007-12-08,132,5.03,,a
2007-12-09,127,3.505,,a
2007-12-10,130,4.399,,a
2007-12-11,126,3.176,,a
2007-12-12,124,2.636,,a
2007-12-13,122,2.153,,a
2007-12-14,120,1.723,,a
2007-12-15,118,1.346,,a
2007-12-16,116,1.02,,a
2007-12-17,116,1.02,,a
2007-12-18,114,0.742,,a
2007-12-19,113,0.621,,a
2007-12-20,114,0.742,,a
2007-12-21,114,0.742,,a
2007-12-22,114,0.742,,a
2007-12-23,114,0.742,,a
2007-12-24,113,0.621,,a
2007-12-25,112,0.511,,a
2007-12-26,112,0.511,,a
2007-12-27,112,0.511,,a
2007-12-28,112,0.511,,a
2007-12-29,112,0.511,,a
2007-12-30,111,0.412,,a
2007-12-31,111,0.412,,a
2008-01-01,111,0.412,,a
2008-01-02,111,0.416,,a
2008-01-03,111,0.416,,a
2008-01-04,111,0.412,,a
2008-01-05,111,0.412,,a
2008-01-06,111,0.438,,a
2008-01-07,112,0.543,,a
2008-01-08,112,0.511,,a
2008-01-09,112,0.511,,a
2008-01-10,112,0.511,,a
2008-01-11,111,0.453,,a
2008-01-12,119,1.615,,a
2008-01-13,125,3.014,,a
2008-01-14,126,3.16,,a
2008-01-15,121,1.929,,a
2008-01-16,119,1.593,,a
2008-01-17,131,5.083,,a
2008-01-18,145,10.1,,a
2008-01-19,136,6.227,,a
2008-01-20,130,4.39,,a
2008-01-21,127,3.584,,a
2008-01-22,125,3.005,,a
2008-01-23,122,2.097,,a
2008-01-24,120,1.643,,a
2008-01-25,119,1.468,,a
2008-01-26,117,1.188,,a
2008-01-27,117,1.131,,a
2008-01-28,116,1.033,,a
2008-01-29,116,0.972,,a
2008-01-30,115,0.825,,a
2008-01-31,113,0.621,,a
2008-02-01,112,0.552,,a
2008-02-02,114,0.737,,a
2008-02-03,120,1.745,,a
2008-02-04,128,4.164,,a
2008-02-05,140,7.678,,a
2008-02-06,131,4.872,,a
2008-02-07,126,3.221,,a
2008-02-08,122,2.044,,a
2008-02-09,119,1.604,,a
2008-02-10,117,1.257,,a
2008-02-11,116,0.99,,a
2008-02-12,115,0.856,,a
2008-02-13,113,0.646,,a
2008-02-14,112,0.534,,a
2008-02-15,111,0.441,,a
2008-02-16,111,0.386,,a
2008-02-17,110,0.324,,a
2008-02-18,110,0.324,,a
2008-02-19,111,0.397,,a
2008-02-20,112,0.511,,a
2008-02-21,112,0.511,,a
2008-02-22,112,0.511,,a
2008-02-23,112,0.511,,a
2008-02-24,112,0.511,,a
2008-02-25,112,0.511,,a
2008-02-26,112,0.511,,a
2008-02-27,112,0.511,,a
2008-02-28,112,0.511,,a
2008-02-29,112,0.511,,a
2008-03-01,112,0.511,,a
2008-03-02,112,0.511,,a
2008-03-03,112,0.511,,a
2008-03-04,122,2.478,,a
2008-03-05,119,1.501,,a
2008-03-06,114,0.8,,a
2008-03-07,113,0.621,,a
2008-03-08,112,0.511,,a
2008-03-09,112,0.511,,a
2008-03-10,113,0.589,,a
2008-03-11,117,1.269,,a
2008-03-12,118,1.324,,a
2008-03-13,115,0.89,,a
2008-03-14,113,0.656,,a
2008-03-15,113,0.613,,a
2008-03-16,114,0.818,,a
2008-03-17,133,5.573,,a
2008-03-18,142,8.79,,a
2008-03-19,134,5.609,,a
2008-03-20,128,3.833,,a
2008-03-21,125,2.849,,a
2008-03-22,137,6.746,,a
2008-03-23,135,6.124,,a
2008-03-24,140,7.762,,a
2008-03-25,137,6.66,,a
2008-03-26,131,4.691,,a
2008-03-27,128,3.883,,a
2008-03-28,129,3.995,,a
2008-03-29,130,4.263,,a
2008-03-30,132,5.074,,a
2008-03-31,130,4.544,,a
2008-04-01,130,4.31,,a
2008-04-02,129,3.982,,a
2008-04-03,126,3.251,,a
2008-04-04,123,2.367,,a
2008-04-05,121,1.931,,a
2008-04-06,121,1.879,,a
2008-04-07,123,2.345,,a
2008-04-08,123,2.476,,a
2008-04-09,124,2.595,,a
2008-04-10,124,2.706,,a
2008-04-11,145,10.222,,a
2008-04-12,181,31.517,,a
2008-04-13,184,34.234,,a
2008-04-14,160,17.034,,a
2008-04-15,149,11.659,,a
2008-04-16,142,8.607,,a
2008-04-17,138,7.179,,a
2008-04-18,136,6.468,,a
2008-04-19,145,10.013,,a
2008-04-20,146,10.282,,a
2008-04-21,146,10.6,,a
2008-04-22,162,18.421,,a
2008-04-23,157,15.734,,a
2008-04-24,148,10.999,,a
2008-04-25,143,8.892,,a
2008-04-26,139,7.43,,a
2008-04-27,136,6.297,,a
2008-04-28,134,5.537,,a
2008-04-29,134,5.634,,a
2008-04-30,132,5.101,,a
2008-05-01,132,4.927,,a
2008-05-02,130,4.491,,a
2008-05-03,129,4.094,,a
2008-05-04,128,3.846,,a
2008-05-05,130,4.392,,a
2008-05-06,128,3.912,,a
2008-05-07,128,3.725,,a
2008-05-08,127,3.505,,a
2008-05-09,128,3.784,,a
2008-05-10,128,3.796,,a
2008-05-11,129,3.982,,a
2008-05-12,128,3.711,,a
2008-05-13,127,3.602,,a
2008-05-14,127,3.382,,a
2008-05-15,127,3.588,,a
2008-05-16,130,4.544,,a
2008-05-17,133,5.443,,a
2008-05-18,138,7.252,,a
2008-05-19,153,13.487,,a
2008-05-20,171,24.583,,a
2008-05-21,162,18.231,,a
2008-05-22,152,13.115,,a
2008-05-23,146,10.391,,a
2008-05-24,142,8.542,,a
2008-05-25,139,7.285,,a
2008-05-26,138,7.053,,a
2008-05-27,139,7.331,,a
2008-05-28,140,7.77,,a
2008-05-29,140,7.707,,a
2008-05-30,138,7.039,,a
2008-05-31,136,6.412,,a
2008-06-01,134,5.677,,a
2008-06-02,137,6.831,,a
2008-06-03,150,12.144,,a
2008-06-04,160,17.405,,a
2008-06-05,176,28.389,,a
2008-06-06,181,31.08,,a
2008-06-07,171,24.318,,a
2008-06-08,159,16.653,,a
2008-06-09,152,12.993,,a
2008-06-10,146,10.127,,a
2008-06-11,141,8.289,,a
2008-06-12,141,8.423,,a
2008-06-13,144,9.679,,a
2008-06-14,146,10.284,,a
2008-06-15,143,9.183,,a
2008-06-16,139,7.474,,a
2008-06-17,137,6.735,,a
2008-06-18,142,8.459,,a
2008-06-19,138,7.043,,a
2008-06-20,136,6.369,,a
2008-06-21,136,6.237,,a
2008-06-22,133,5.483,,a
2008-06-23,131,4.78,,a
2008-06-24,130,4.399,,a
2008-06-25,129,4.145,,a
2008-06-26,129,4.094,,a
2008-06-27,129,4.132,,a
2008-06-28,128,3.808,,a
2008-06-29,127,3.517,,a
2008-06-30,127,3.341,,a
2008-07-01,126,3.258,,a
2008-07-02,127,3.505,,a
2008-07-03,126,3.313,,a
2008-07-04,126,3.176,,a
2008-07-05,126,3.283,,a
2008-07-06,126,3.176,,a
2008-07-07,126,3.316,,a
2008-07-08,145,10.198,,a
2008-07-09,137,6.935,,a
2008-07-10,128,3.807,,a
2008-07-11,125,2.957,,a
2008-07-12,124,2.746,,a
2008-07-13,130,4.786,,a
2008-07-14,174,27.687,,a
2008-07-15,151,12.809,,a
2008-07-16,137,6.795,,a
2008-07-17,132,5.102,,a
2008-07-18,182,33.803,,a
2008-07-19,156,15.386,,a
2008-07-20,143,8.904,,a
2008-07-21,155,14.466,,a
2008-07-22,149,11.577,,a
2008-07-23,142,8.774,,a
2008-07-24,142,8.565,,a
2008-07-25,138,6.99,,a
2008-07-26,136,6.404,,a
2008-07-27,137,6.873,,a
2008-07-28,132,5.101,,a
2008-07-29,130,4.451,,a
2008-07-30,132,5,,a
2008-07-31,130,4.295,,a
2008-08-01,126,3.079,,a
2008-08-02,124,2.713,,a
2008-08-03,122,2.261,,a
2008-08-04,121,1.94,,a
2008-08-05,121,1.931,,a
2008-08-06,121,1.931,,a
2008-08-07,120,1.784,,a
2008-08-08,120,1.723,,a
2008-08-09,120,1.723,,a
2008-08-10,119,1.586,,a
2008-08-11,119,1.529,,a
2008-08-12,118,1.407,,a
2008-08-13,118,1.346,,a
2008-08-14,117,1.226,,a
2008-08-15,119,1.529,,a
2008-08-16,154,14.318,,a
2008-08-17,137,6.684,,a
2008-08-18,129,4.022,,a
2008-08-19,128,3.699,,a
2008-08-20,127,3.505,,a
2008-08-21,127,3.505,,a
2008-08-22,127,3.45,,a
2008-08-23,148,15.203,,a
2008-08-24,186,36.438,,a
2008-08-25,151,12.605,,a
2008-08-26,137,6.755,,a
2008-08-27,131,4.861,,a
2008-08-28,128,3.668,,a
2008-08-29,126,3.107,,a
2008-08-30,124,2.724,,a
2008-08-31,123,2.37,,a
2008-09-01,122,2.088,,a
2008-09-02,120,1.775,,a
2008-09-03,119,1.537,,a
2008-09-04,118,1.392,,a
2008-09-05,117,1.198,,a
2008-09-06,116,1.092,,a
2008-09-07,115,0.924,,a
2008-09-08,113,0.651,,a
2008-09-09,112,0.529,,a
2008-09-10,112,0.511,,a
2008-09-11,112,0.552,,a
2008-09-12,112,0.557,,a
2008-09-13,112,0.511,,a
2008-09-14,112,0.511,,a
2008-09-15,112,0.474,,a
2008-09-16,110,0.331,,a
2008-09-17,108,0.216,,a
2008-09-18,107,0.16,,a
2008-09-19,110,0.361,,a
2008-09-20,109,0.292,,a
2008-09-21,109,0.253,,a
2008-09-22,108,0.208,,a
2008-09-23,111,0.546,,a
2008-09-24,112,0.592,,a
2008-09-25,109,0.293,,a
2008-09-26,106,0.141,,a
2008-09-27,106,0.13,,a
2008-09-28,106,0.131,,a
2008-09-29,109,0.265,,a
2008-09-30,109,0.264,,a
2008-10-01,109,0.239,,a
2008-10-02,106,0.116,,a
2008-10-03,111,0.68,,a
2008-10-04,135,6.223,,a
2008-10-05,123,2.48,,a
2008-10-06,116,1.104,,a
2008-10-07,114,0.715,,a
2008-10-08,113,0.607,,a
2008-10-09,108,0.341,,a
2008-10-10,103,0.233,,a
2008-10-11,112,0.512,,a
2008-10-12,111,0.4,,a
2008-10-13,108,0.216,,a
2008-10-14,108,0.221,,a
2008-10-15,107,0.175,,a
2008-10-16,107,0.185,,a
2008-10-17,119,1.933,,a
2008-10-18,116,1.079,,a
2008-10-19,110,0.316,,a
2008-10-20,106,0.13,,a
2008-10-21,108,0.197,,a
2008-10-22,111,0.505,,a
2008-10-23,110,0.43,,a
2008-10-24,105,0.098,,a
2008-10-25,105,0.092,,a
2008-10-26,108,0.215,,a
2008-10-27,107,0.167,,a
2008-10-28,114,0.82,,a
2008-10-29,145,10.72,,a
2008-10-30,158,16.227,,a
2008-10-31,153,13.519,,a
2008-11-01,174,26.729,,a
2008-11-02,159,16.703,,a
2008-11-03,146,10.526,,a
2008-11-04,139,7.323,,a
2008-11-05,140,8.003,,a
2008-11-06,137,6.695,,a
2008-11-07,136,6.248,,a
2008-11-08,136,6.279,,a
2008-11-09,134,5.849,,a
2008-11-10,130,4.514,,a
2008-11-11,127,3.549,,a
2008-11-12,126,3.04,,a
2008-11-13,135,6.39,,a
2008-11-14,144,9.408,,a
2008-11-15,136,6.258,,a
2008-11-16,132,4.94,,a
2008-11-17,129,3.984,,a
2008-11-18,126,3.258,,a
2008-11-19,125,2.825,,a
2008-11-20,122,2.18,,a
2008-11-21,122,2.052,,a
2008-11-22,121,2.026,,a
2008-11-23,119,1.599,,a
2008-11-24,119,1.485,,a
2008-11-25,121,1.922,,a
2008-11-26,119,1.445,,a
2008-11-27,117,1.184,,a
2008-11-28,116,1.072,,a
2008-11-29,116,1.072,,a
2008-11-30,149,15.355,,a
2008-12-01,172,24.926,,a
2008-12-02,183,33.52,,a
2008-12-03,165,20.219,,a
2008-12-04,149,11.435,,a
2008-12-05,174,32.099,,a
2008-12-06,201,49.799,,a
2008-12-07,162,18.551,,a
2008-12-08,148,11.179,,a
2008-12-09,140,7.878,,a
2008-12-10,136,6.522,,a
2008-12-11,202,52.368,,a
2008-12-12,206,53.916,,a
2008-12-13,177,28.885,,a
2008-12-14,160,17.482,,a
2008-12-15,153,13.605,,a
2008-12-16,165,20.09,,a
2008-12-17,180,30.681,,a
2008-12-18,167,21.683,,a
2008-12-19,156,15.105,,a
2008-12-20,148,11.365,,a
2008-12-21,144,9.414,,a
2008-12-22,140,7.761,,a
2008-12-23,136,6.337,,a
2008-12-24,133,5.4,,a
2008-12-25,132,4.979,,a
2008-12-26,129,3.971,,a
2008-12-27,127,3.523,,a
2008-12-28,125,3.003,,a
2008-12-29,124,2.669,,a
2008-12-30,123,2.399,,a
2008-12-31,122,2.153,,a
2009-01-01,121,2.005,,a
2009-01-02,121,1.931,,a
2009-01-03,120,1.81,,a
2009-01-04,119,1.508,,a
2009-01-05,117,1.254,,a
2009-01-06,116,1.072,,a
2009-01-07,115,0.831,,a
2009-01-08,115,0.869,,a
2009-01-09,115,0.875,,a
2009-01-10,115,0.875,,a
2009-01-11,115,0.875,,a
2009-01-12,115,0.875,,a
2009-01-13,115,0.875,,a
2009-01-14,115,0.875,,a
2009-01-15,115,0.875,,a
2009-01-16,115,0.875,,a
2009-01-17,115,0.875,,a
2009-01-18,115,0.875,,a
2009-01-19,115,0.875,,a
2009-01-20,129,5.119,,a
2009-01-21,158,16.754,,a
2009-01-22,168,22.326,,a
2009-01-23,144,9.423,,a
2009-01-24,136,6.385,,a
2009-01-25,132,5.184,,a
2009-01-26,129,4.035,,a
2009-01-27,132,5.269,,a
2009-01-28,134,5.803,,a
2009-01-29,129,4.237,,a
2009-01-30,127,3.416,,a
2009-01-31,125,3.003,,a
2009-02-01,125,2.899,,a
2009-02-02,125,2.899,,a
2009-02-03,125,2.899,,a
2009-02-04,125,2.899,,a
2009-02-05,127,3.599,,a
2009-02-06,152,13.392,,a
2009-02-07,177,28.404,,a
2009-02-08,176,27.489,,a
2009-02-09,158,16.161,,a
2009-02-10,148,11.179,,a
2009-02-11,146,10.477,,a
2009-02-12,140,7.8,,a
2009-02-13,135,5.923,,a
2009-02-14,131,4.623,,a
2009-02-15,128,3.761,,a
2009-02-16,126,3.164,,a
2009-02-17,124,2.724,,a
2009-02-18,123,2.33,,a
2009-02-19,121,2.024,,a
2009-02-20,120,1.709,,a
2009-02-21,118,1.43,,a
2009-02-22,117,1.219,,a
2009-02-23,116,1.046,,a
2009-02-24,115,0.917,,a
2009-02-25,116,1.008,,a
2009-02-26,116,1.002,,a
2009-02-27,115,0.875,,a
2009-02-28,116,0.984,,a
2009-03-01,116,1.02,,a
2009-03-02,116,1.02,,a
2009-03-03,116,1.02,,a
2009-03-04,117,1.281,,a
2009-03-05,156,15.089,,a
2009-03-06,158,16.149,,a
2009-03-07,141,8.419,,a
2009-03-08,132,4.977,,a
2009-03-09,128,3.748,,a
2009-03-10,126,3.327,,a
2009-03-11,125,2.845,,a
2009-03-12,123,2.391,,a
2009-03-13,121,2.033,,a
2009-03-14,120,1.668,,a
2009-03-15,118,1.306,,a
2009-03-16,116,1.046,,a
2009-03-17,116,1.02,,a
2009-03-18,116,1.02,,a
2009-03-19,115,0.941,,a
2009-03-20,115,0.875,,a
2009-03-21,115,0.869,,a
2009-03-22,114,0.742,,a
2009-03-23,114,0.742,,a
2009-03-24,114,0.742,,a
2009-03-25,114,0.742,,a
2009-03-26,114,0.742,,a
2009-03-27,114,0.742,,a
2009-03-28,114,0.742,,a
2009-03-29,124,4.109,,a
2009-03-30,211,59.29,,a
2009-03-31,178,28.64,,a
2009-04-01,161,16.087,,a
2009-04-02,157,14.034,,a
2009-04-03,159,14.789,,a
2009-04-04,152,11.597,,a
2009-04-05,149,9.997,,a
2009-04-06,147,9.05,,a
2009-04-07,145,8.278,,a
2009-04-08,142,7.231,,a
2009-04-09,141,6.902,,a
2009-04-10,141,6.748,,a
2009-04-11,140,6.23,,a
2009-04-12,139,5.942,,a
2009-04-13,138,5.703,,a
2009-04-14,138,5.58,,a
2009-04-15,135,4.859,,a
2009-04-16,136,4.98,,a
2009-04-17,136,5.057,,a
2009-04-18,136,4.954,,a
2009-04-19,134,4.551,,a
2009-04-20,135,4.766,,a
2009-04-21,139,6.058,,a
2009-04-22,140,6.54,,a
2009-04-23,142,7.234,,a
2009-04-24,144,7.811,,a
2009-04-25,138,5.655,,a
2009-04-26,135,4.749,,a
2009-04-27,136,4.994,,a
2009-04-28,140,6.286,,a
2009-04-29,155,13.428,,a
2009-04-30,156,13.67,,a
2009-05-01,147,9.065,,a
2009-05-02,145,8.087,,a
2009-05-03,142,6.996,,a
2009-05-04,139,6.172,,a
2009-05-05,137,5.515,,a
2009-05-06,135,4.689,,a
2009-05-07,133,4.272,,a
2009-05-08,135,4.614,,a
2009-05-09,137,5.393,,a
2009-05-10,137,5.525,,a
2009-05-11,140,6.435,,a
2009-05-12,141,6.811,,a
2009-05-13,144,7.837,,a
2009-05-14,145,8.253,,a
2009-05-15,144,8.019,,a
2009-05-16,143,7.594,,a
2009-05-17,143,7.496,,a
2009-05-18,143,7.401,,a
2009-05-19,144,8.265,,a
2009-05-20,148,9.485,,a
2009-05-21,143,7.311,,a
2009-05-22,141,6.748,,a
2009-05-23,141,6.748,,a
2009-05-24,142,6.948,,a
2009-05-25,143,7.397,,a
2009-05-26,144,7.791,,a
2009-05-27,149,10.406,,a
2009-05-28,151,10.841,,a
2009-05-29,143,7.521,,a
2009-05-30,140,6.498,,a
2009-05-31,136,5.08,,a
2009-06-01,133,4.26,,a
2009-06-02,133,4.164,,a
2009-06-03,132,4.002,,a
2009-06-04,132,3.887,,a
2009-06-05,132,3.946,,a
2009-06-06,150,10.556,,a
2009-06-07,163,17.511,,a
2009-06-08,154,12.617,,a
2009-06-09,146,8.677,,a
2009-06-10,141,6.846,,a
2009-06-11,138,5.595,,a
2009-06-12,135,4.83,,a
2009-06-13,134,4.392,,a
2009-06-14,132,3.991,,a
2009-06-15,134,4.309,,a
2009-06-16,136,4.968,,a
2009-06-17,140,6.276,,a
2009-06-18,135,4.745,,a
2009-06-19,132,3.991,,a
2009-06-20,167,24.047,,a
2009-06-21,158,14.836,,a
2009-06-22,144,7.798,,a
2009-06-23,147,9.267,,a
2009-06-24,171,22.677,,a
2009-06-25,169,21.297,,a
2009-06-26,160,15.822,,a
2009-06-27,155,13.043,,a
2009-06-28,152,11.335,,a
2009-06-29,160,15.815,,a
2009-06-30,154,12.162,,a
2009-07-01,140,8.86,,a
2009-07-02,143,7.37,,a
2009-07-03,141,6.661,,a
2009-07-04,140,6.509,,a
2009-07-05,139,6.249,,a
2009-07-06,144,7.74,,a
2009-07-07,147,9.595,,a
2009-07-08,209,57.342,,a
2009-07-09,179,29.801,,a
2009-07-10,173,25.756,,a
2009-07-11,162,18.577,,a
2009-07-12,154,14.169,,a
2009-07-13,145,9.856,,a
2009-07-14,140,7.757,,a
2009-07-15,137,6.737,,a
2009-07-16,135,5.989,,a
2009-07-17,133,5.262,,a
2009-07-18,149,12.648,,a
2009-07-19,147,10.666,,a
2009-07-20,137,6.662,,a
2009-07-21,135,5.989,,a
2009-07-22,133,5.371,,a
2009-07-23,131,4.792,,a
2009-07-24,129,4.221,,a
2009-07-25,128,3.699,,a
2009-07-26,126,3.313,,a
2009-07-27,125,2.912,,a
2009-07-28,124,2.533,,a
2009-07-29,123,2.319,,a
2009-07-30,122,2.153,,a
2009-07-31,121,1.987,,a
2009-08-01,121,1.931,,a
2009-08-02,121,1.87,,a
2009-08-03,127,4.478,,a
2009-08-04,156,15.414,,a
2009-08-05,142,8.772,,a
2009-08-06,132,4.887,,a
2009-08-07,127,3.342,,a
2009-08-08,124,2.629,,a
2009-08-09,122,2.202,,a
2009-08-10,121,1.873,,a
2009-08-11,119,1.561,,a
2009-08-12,118,1.392,,a
2009-08-13,118,1.346,,a
2009-08-14,118,1.346,,a
2009-08-15,118,1.346,,a
2009-08-16,118,1.346,,a
2009-08-17,118,1.346,,a
2009-08-18,118,1.325,,a
2009-08-19,117,1.177,,a
2009-08-20,117,1.177,,a
2009-08-21,117,1.177,,a
2009-08-22,117,1.177,,a
2009-08-23,117,1.17,,a
2009-08-24,116,1.02,,a
2009-08-25,116,1.02,,a
2009-08-26,116,1.02,,a
2009-08-27,115,0.875,,a
2009-08-28,115,0.875,,a
2009-08-29,131,5.771,,a
2009-08-30,124,2.87,,a
2009-08-31,115,0.867,,a
2009-09-01,112,0.529,,a
2009-09-02,112,0.511,,a
2009-09-03,112,0.511,,a
2009-09-04,115,0.841,,a
2009-09-05,140,8.154,,a
2009-09-06,127,3.527,,a
2009-09-07,121,2.006,,a
2009-09-08,121,1.931,,a
2009-09-09,121,1.931,,a
2009-09-10,121,1.94,,a
2009-09-11,122,2.153,,a
2009-09-12,123,2.271,,a
2009-09-13,124,2.564,,a
2009-09-14,125,2.911,,a
2009-09-15,134,5.725,,a
2009-09-16,130,4.396,,a
2009-09-17,144,9.457,,a
2009-09-18,135,6.066,,a
2009-09-19,131,4.674,,a
2009-09-20,128,3.786,,a
2009-09-21,125,3.024,,a
2009-09-22,123,2.481,,a
2009-09-23,122,2.099,,a
2009-09-24,120,1.676,,a
2009-09-25,118,1.32,,a
2009-09-26,116,0.998,,a
2009-09-27,114,0.734,,a
2009-09-28,113,0.621,,a
2009-09-29,113,0.589,,a
2009-09-30,112,0.511,,a
2009-10-01,112,0.511,,a
2009-10-02,112,0.503,,a
2009-10-03,111,0.412,,a
2009-10-04,110,0.35,,a
2009-10-05,110,0.324,,a
2009-10-06,110,0.324,,a
2009-10-07,110,0.324,,a
2009-10-08,110,0.324,,a
2009-10-09,110,0.324,,a
2009-10-10,110,0.324,,a
2009-10-11,110,0.324,,a
2009-10-12,110,0.324,,a
2009-10-13,110,0.324,,a
2009-10-14,110,0.324,,a
2009-10-15,110,0.324,,a
2009-10-16,110,0.324,,a
2009-10-17,110,0.324,,a
2009-10-18,110,0.324,,a
2009-10-19,110,0.324,,a
2009-10-20,110,0.324,,a
2009-10-21,110,0.324,,a
2009-10-22,123,3.839,,a
2009-10-23,137,6.947,,a
2009-10-24,136,5.121,,a
2009-10-25,132,3.803,,a
2009-10-26,126,2.32,,a
2009-10-27,123,1.873,,a
2009-10-28,123,1.802,,a
2009-10-29,123,1.802,,a
2009-10-30,123,1.802,,a
2009-10-31,124,1.904,,a
2009-11-01,124,1.99,,a
2009-11-02,124,1.99,,a
2009-11-03,134,4.782,,a
2009-11-04,128,2.9,,a
2009-11-05,132,4.039,,a
2009-11-06,136,5.679,,a
2009-11-07,142,7.052,,a
2009-11-08,133,4.108,,a
2009-11-09,141,6.929,,a
2009-11-10,134,4.447,,a
2009-11-11,128,2.992,,a
2009-11-12,125,2.127,,a
2009-11-13,122,1.701,,a
2009-11-14,122,1.626,,a
2009-11-15,122,1.605,,a
2009-11-16,121,1.461,,a
2009-11-17,121,1.461,,a
2009-11-18,120,1.353,,a
2009-11-19,119,1.203,,a
2009-11-20,118,1.08,,a
2009-11-21,118,1.011,,a
2009-11-22,117,0.915,,a
2009-11-23,116,0.831,,a
2009-11-24,116,0.803,,a
2009-11-25,116,0.803,,a
2009-11-26,117,0.914,,a
2009-11-27,133,4.588,,a
2009-11-28,134,4.495,,a
2009-11-29,131,3.641,,a
2009-11-30,132,4.411,,a
2009-12-01,175,26.027,,a
2009-12-02,149,10.124,,a
2009-12-03,140,6.222,,a
2009-12-04,135,4.757,,a
2009-12-05,132,3.8,,a
2009-12-06,129,3.03,,a
2009-12-07,126,2.487,,a
2009-12-08,145,9.669,,a
2009-12-09,147,9.178,,a
2009-12-10,137,5.282,,a
2009-12-11,131,3.712,,a
2009-12-12,129,3.026,,a
2009-12-13,127,2.545,,a
2009-12-14,124,2.02,,a
2009-12-15,122,1.685,,a
2009-12-16,122,1.626,,a
2009-12-17,122,1.626,,a
2009-12-18,122,1.626,,a
2009-12-19,122,1.626,,a
2009-12-20,122,1.626,,a
2009-12-21,122,1.626,,a
2009-12-22,133,4.887,,a
2009-12-23,212,60.744,,a
2009-12-24,204,51.13,,a
2009-12-25,243,92.048,,a
2009-12-26,224,71.792,,a
2009-12-27,194,41.763,,a
2009-12-28,178,27.644,,a
2009-12-29,165,18.43,,a
2009-12-30,154,12.574,,a
2009-12-31,149,9.859,,a
2010-01-01,147,10.058,,a
2010-01-02,144,8.791,,a
2010-01-03,140,7.166,,a
2010-01-04,137,6.002,,a
2010-01-05,135,5.564,,a
2010-01-06,134,4.981,,a
2010-01-07,132,4.476,,a
2010-01-08,131,4.151,,a
2010-01-09,130,3.777,,a
2010-01-10,129,3.531,,a
2010-01-11,128,3.303,,a
2010-01-12,127,2.995,,a
2010-01-13,126,2.75,,a
2010-01-14,124,2.391,,a
2010-01-15,123,2.137,,a
2010-01-16,123,1.986,,a
2010-01-17,121,1.749,,a
2010-01-18,121,1.616,,a
2010-01-19,120,1.444,,a
2010-01-20,120,1.38,,a
2010-01-21,119,1.267,,a
2010-01-22,118,1.118,,a
2010-01-23,118,1.071,,a
2010-01-24,117,0.923,,a
2010-01-25,116,0.848,,a
2010-01-26,116,0.848,,a
2010-01-27,116,0.848,,a
2010-01-28,116,0.848,,a
2010-01-29,116,0.848,,a
2010-01-30,116,0.799,,a
2010-01-31,116,0.848,,a
2010-02-01,115,0.77,,a
2010-02-02,116,0.848,,a
2010-02-03,116,0.848,,a
2010-02-04,117,0.912,,a
2010-02-05,117,0.976,,a
2010-02-06,118,1.222,,a
2010-02-07,118,1.047,,a
2010-02-08,117,0.976,,a
2010-02-09,118,1.088,,a
2010-02-10,118,1.118,,a
2010-02-11,118,1.118,,a
2010-02-12,117,1.012,,a
2010-02-13,116,0.869,,a
2010-02-14,116,0.809,,a
2010-02-15,115,0.731,,a
2010-02-16,115,0.731,,a
2010-02-17,115,0.731,,a
2010-02-18,115,0.731,,a
2010-02-19,135,10.712,,a
2010-02-20,196,45.72,,a
2010-02-21,159,16.081,,a
2010-02-22,145,9.174,,a
2010-02-23,142,7.792,,a
2010-02-24,144,8.797,,a
2010-02-25,146,9.389,,a
2010-02-26,165,21.622,,a
2010-02-27,167,21.236,,a
2010-02-28,152,12.33,,a
2010-03-01,149,10.882,,a
2010-03-02,144,8.903,,a
2010-03-03,138,6.606,,a
2010-03-04,136,5.608,,a
2010-03-05,132,4.391,,a
2010-03-06,129,3.672,,a
2010-03-07,126,2.879,,a
2010-03-08,124,2.273,,a
2010-03-09,122,1.884,,a
2010-03-10,121,1.659,,a
2010-03-11,121,1.65,,a
2010-03-12,121,1.547,,a
2010-03-13,120,1.444,,a
2010-03-14,120,1.444,,a
2010-03-15,120,1.444,,a
2010-03-16,120,1.444,,a
2010-03-17,120,1.366,,a
2010-03-18,119,1.273,,a
2010-03-19,119,1.202,,a
2010-03-20,118,1.118,,a
2010-03-21,118,1.047,,a
2010-03-22,117,0.976,,a
2010-03-23,117,0.976,,a
2010-03-24,117,0.976,,a
2010-03-25,117,0.976,,a
2010-03-26,117,0.976,,a
2010-03-27,125,2.762,,a
2010-03-28,123,2.12,,a
2010-03-29,122,1.865,,a
2010-03-30,122,1.865,,a
2010-03-31,131,4.661,,a
2010-04-01,139,6.735,,a
2010-04-02,142,7.92,,a
2010-04-03,135,5.518,,a
2010-04-04,131,4.155,,a
2010-04-05,130,3.754,,a
2010-04-06,128,3.203,,a
2010-04-07,127,2.984,,a
2010-04-08,125,2.593,,a
2010-04-09,125,2.472,,a
2010-04-10,124,2.263,,a
2010-04-11,123,2.089,,a
2010-04-12,123,2.014,,a
2010-04-13,122,1.829,,a
2010-04-14,121,1.65,,a
2010-04-15,121,1.607,,a
2010-04-16,120,1.444,,a
2010-04-17,120,1.43,,a
2010-04-18,119,1.273,,a
2010-04-19,119,1.273,,a
2010-04-20,120,1.394,,a
2010-04-21,120,1.478,,a
2010-04-22,121,1.695,,a
2010-04-23,122,1.865,,a
2010-04-24,123,2.128,,a
2010-04-25,124,2.371,,a
2010-04-26,126,2.687,,a
2010-04-27,127,3.096,,a
2010-04-28,128,3.336,,a
2010-04-29,127,3.081,,a
2010-04-30,128,3.292,,a
2010-05-01,131,4.151,,a
2010-05-02,132,4.487,,a
2010-05-03,147,10.918,,a
2010-05-04,160,16.712,,a
2010-05-05,161,17.265,,a
2010-05-06,167,20.778,,a
2010-05-07,161,17.019,,a
2010-05-08,152,12.349,,a
2010-05-09,145,9.166,,a
2010-05-10,141,7.581,,a
2010-05-11,142,8.018,,a
2010-05-12,152,12.491,,a
2010-05-13,156,14.236,,a
2010-05-14,155,14.015,,a
2010-05-15,153,12.751,,a
2010-05-16,153,12.616,,a
2010-05-17,144,8.903,,a
2010-05-18,139,6.65,,a
2010-05-19,136,5.778,,a
2010-05-20,132,4.633,,a
2010-05-21,131,4.102,,a
2010-05-22,130,3.895,,a
2010-05-23,130,3.895,,a
2010-05-24,130,3.848,,a
2010-05-25,130,3.848,,a
2010-05-26,132,4.388,,a
2010-05-27,133,4.757,,a
2010-05-28,133,4.681,,a
2010-05-29,130,3.862,,a
2010-05-30,130,3.953,,a
2010-05-31,138,6.633,,a
2010-06-01,136,5.614,,a
2010-06-02,131,4.176,,a
2010-06-03,130,3.8,,a
2010-06-04,130,3.8,,a
2010-06-05,130,3.824,,a
2010-06-06,129,3.706,,a
2010-06-07,129,3.611,,a
2010-06-08,129,3.611,,a
2010-06-09,129,3.706,,a
2010-06-10,129,3.611,,a
2010-06-11,130,3.8,,a
2010-06-12,130,3.836,,a
2010-06-13,129,3.611,,a
2010-06-14,129,3.611,,a
2010-06-15,129,3.611,,a
2010-06-16,133,4.875,,a
2010-06-17,136,5.727,,a
2010-06-18,134,5.054,,a
2010-06-19,131,4.187,,a
2010-06-20,149,11.956,,a
2010-06-21,150,11.48,,a
2010-06-22,140,7.387,,a
2010-06-23,134,5.017,,a
2010-06-24,131,4.14,,a
2010-06-25,129,3.694,,a
2010-06-26,129,3.485,,a
2010-06-27,127,3.071,,a
2010-06-28,126,2.729,,a
2010-06-29,126,2.687,,a
2010-06-30,125,2.462,,a
2010-07-01,124,2.302,,a
2010-07-02,123,1.996,,a
2010-07-03,121,1.686,,a
2010-07-04,120,1.496,,a
2010-07-05,120,1.387,,a
2010-07-06,118,1.15,,a
2010-07-07,117,0.991,,a
2010-07-08,116,0.848,,a
2010-07-09,115,0.74,,a
2010-07-10,114,0.626,,a
2010-07-11,114,0.626,,a
2010-07-12,115,0.897,,a
2010-07-13,120,1.604,,a
2010-07-14,118,1.142,,a
2010-07-15,116,0.809,,a
2010-07-16,115,0.765,,a
2010-07-17,115,0.77,,a
2010-07-18,117,1.006,,a
2010-07-19,116,0.853,,a
2010-07-20,117,0.951,,a
2010-07-21,118,1.107,,a
2010-07-22,114,0.648,,a
2010-07-23,114,0.587,,a
2010-07-24,114,0.621,,a
2010-07-25,115,0.679,,a
2010-07-26,114,0.63,,a
2010-07-27,114,0.626,,a
2010-07-28,114,0.587,,a
2010-07-29,116,1.058,,a
2010-07-30,154,13.417,,a
2010-07-31,137,6.238,,a
2010-08-01,128,3.451,,a
2010-08-02,122,1.856,,a
2010-08-03,118,1.092,,a
2010-08-04,118,1.075,,a
2010-08-05,122,2.583,,a
2010-08-06,131,4.375,,a
2010-08-07,136,5.832,,a
2010-08-08,129,3.776,,a
2010-08-09,137,6.429,,a
2010-08-10,126,2.824,,a
2010-08-11,122,1.761,,a
2010-08-12,120,1.375,,a
2010-08-13,125,2.994,,a
2010-08-14,137,6.315,,a
2010-08-15,140,7.44,,a
2010-08-16,135,5.602,,a
2010-08-17,128,3.43,,a
2010-08-18,124,2.423,,a
2010-08-19,122,1.942,,a
2010-08-20,120,1.397,,a
2010-08-21,118,1.176,,a
2010-08-22,118,1.088,,a
2010-08-23,117,0.976,,a
2010-08-24,117,1.023,,a
2010-08-25,117,0.976,,a
2010-08-26,117,0.976,,a
2010-08-27,117,0.976,,a
2010-08-28,136,6.561,,a
2010-08-29,132,4.645,,a
2010-08-30,124,2.28,,a
2010-08-31,122,1.769,,a
2010-09-01,119,1.287,,a
2010-09-02,119,1.247,,a
2010-09-03,118,1.118,,a
2010-09-04,118,1.118,,a
2010-09-05,118,1.118,,a
2010-09-06,118,1.118,,a
2010-09-07,118,1.118,,a
2010-09-08,130,5.461,,a
2010-09-09,178,30.988,,a
2010-09-10,144,8.912,,a
2010-09-11,133,4.883,,a
2010-09-12,127,3.168,,a
2010-09-13,124,2.244,,a
2010-09-14,123,1.977,,a
2010-09-15,122,1.865,,a
2010-09-16,122,1.893,,a
2010-09-17,204,79.528,,a
2010-09-18,268,156.877,,a
2010-09-19,259,143.156,,a
2010-09-20,196,45.558,,a
2010-09-21,175,25.857,,a
2010-09-22,161,17.232,,a
2010-09-23,151,12.04,,a
2010-09-24,145,9.105,,a
2010-09-25,167,23.594,,a
2010-09-26,168,21.472,,a
2010-09-27,156,14.645,,a
2010-09-28,149,10.808,,a
2010-09-29,144,8.662,,a
2010-09-30,139,6.917,,a
2010-10-01,136,5.887,,a
2010-10-02,133,4.781,,a
2010-10-03,131,4.14,,a
2010-10-04,131,4.041,,a
2010-10-05,137,6.473,,a
2010-10-06,146,9.415,,a
2010-10-07,137,6.042,,a
2010-10-08,132,4.434,,a
2010-10-09,129,3.566,,a
2010-10-10,127,3.082,,a
2010-10-11,126,2.739,,a
2010-10-12,124,2.423,,a
2010-10-13,122,1.931,,a
2010-10-14,122,1.775,,a
2010-10-15,120,1.514,,a
2010-10-16,119,1.316,,a
2010-10-17,122,1.802,,a
2010-10-18,121,1.69,,a
2010-10-19,120,1.387,,a
2010-10-20,119,1.228,,a
2010-10-21,117,0.923,,a
2010-10-22,115,0.751,,a
2010-10-23,115,0.731,,a
2010-10-24,114,0.662,,a
2010-10-25,151,14.856,,a
2010-10-26,156,14.601,,a
2010-10-27,140,7.096,,a
2010-10-28,134,4.975,,a
2010-10-29,129,3.7,,a
2010-10-30,127,2.974,,a
2010-10-31,126,2.739,,a
2010-11-01,132,4.564,,a
2010-11-02,134,4.955,,a
2010-11-03,132,4.527,,a
2010-11-04,128,3.401,,a
2010-11-05,126,2.763,,a
2010-11-06,124,2.316,,a
2010-11-07,128,3.48,,a
2010-11-08,172,24.359,,a
2010-11-09,168,21.458,,a
2010-11-10,160,16.484,,a
2010-11-11,157,14.908,,a
2010-11-12,149,10.87,,a
2010-11-13,143,8.294,,a
2010-11-14,140,7.21,,a
2010-11-15,138,6.378,,a
2010-11-16,137,6.005,,a
2010-11-17,154,13.288,,a
2010-11-18,147,10.163,,a
2010-11-19,158,15.827,,a
2010-11-20,152,12.173,,a
2010-11-21,147,10.269,,a
2010-11-22,177,28.247,,a
2010-11-23,159,15.786,,a
2010-11-24,150,11.427,,a
2010-11-25,144,8.868,,a
2010-11-26,141,7.426,,a
2010-11-27,138,6.454,,a
2010-11-28,135,5.578,,a
2010-11-29,135,5.345,,a
2010-11-30,133,4.784,,a
2010-12-01,133,4.642,,a
2010-12-02,133,4.724,,a
2010-12-03,134,5.237,,a
2010-12-04,132,4.567,,a
2010-12-05,131,4.138,,a
2010-12-06,133,4.884,,a
2010-12-07,171,23.557,,a
2010-12-08,203,53.249,,a
2010-12-09,180,29.686,,a
2010-12-10,165,19.407,,a
2010-12-11,155,13.862,,a
2010-12-12,148,10.416,,a
2010-12-13,143,8.339,,a
2010-12-14,140,7.19,,a
2010-12-15,138,6.465,,a
2010-12-16,136,5.772,,a
2010-12-17,133,4.796,,a
2010-12-18,133,4.693,,a
2010-12-19,131,4.14,,a
2010-12-20,130,3.895,,a
2010-12-21,129,3.706,,a
2010-12-22,139,7.07,,a
2010-12-23,155,13.636,,a
2010-12-24,199,52.131,,a
2010-12-25,191,39.876,,a
2010-12-26,167,20.638,,a
2010-12-27,154,13.301,,a
2010-12-28,148,10.349,,a
2010-12-29,143,8.459,,a
2010-12-30,139,6.98,,a
2010-12-31,136,5.772,,a
2011-01-01,135,5.4,,a
2011-01-02,133,4.851,,a
2011-01-03,131,4.067,,a
2011-01-04,129,3.557,,a
2011-01-05,127,3.181,,a
2011-01-06,127,2.941,,a
2011-01-07,125,2.677,,a
2011-01-08,125,2.562,,a
2011-01-09,125,2.562,,a
2011-01-10,125,2.583,,a
2011-01-11,143,9.124,,a
2011-01-12,139,6.797,,a
2011-01-13,133,4.772,,a
2011-01-14,130,3.957,,a
2011-01-15,129,3.611,,a
2011-01-16,127,3.128,,a
2011-01-17,126,2.812,,a
2011-01-18,126,2.75,,a
2011-01-19,125,2.668,,a
2011-01-20,125,2.668,,a
2011-01-21,124,2.411,,a
2011-01-22,124,2.321,,a
2011-01-23,124,2.321,,a
2011-01-24,124,2.321,,a
2011-01-25,124,2.321,,a
2011-01-26,124,2.321,,a
2011-01-27,124,2.321,,a
2011-01-28,124,2.321,,a
2011-01-29,124,2.321,,a
2011-01-30,124,2.321,,a
2011-01-31,124,2.321,,a
2011-02-01,124,2.253,,a
2011-02-02,124,2.321,,a
2011-02-03,124,2.321,,a
2011-02-04,124,2.205,,a
2011-02-05,123,2.089,,a
2011-02-06,123,2.089,,a
2011-02-07,123,2.089,,a
2011-02-08,123,1.986,,a
2011-02-09,123,1.977,,a
2011-02-10,123,1.977,,a
2011-02-11,122,1.865,,a
2011-02-12,123,1.986,,a
2011-02-13,123,1.986,,a
2011-02-14,123,2.089,,a
2011-02-15,123,2.089,,a
2011-02-16,123,2.089,,a
2011-02-17,128,3.304,,a
2011-02-18,125,2.508,,a
2011-02-19,124,2.424,,a
2011-02-20,122,1.796,,a
2011-02-21,118,1.15,,a
2011-02-22,118,1.047,,a
2011-02-23,116,0.841,,a
2011-02-24,114,0.657,,a
2011-02-25,115,0.727,,a
2011-02-26,115,0.731,,a
2011-02-27,115,0.731,,a
2011-02-28,114,0.67,,a
2011-03-01,115,0.7,,a
2011-03-02,115,0.731,,a
2011-03-03,116,0.806,,a
2011-03-04,116,0.862,,a
2011-03-05,117,0.989,,a
2011-03-06,117,0.976,,a
2011-03-07,116,0.836,,a
2011-03-08,116,0.843,,a
2011-03-09,116,0.798,,a
2011-03-10,114,0.626,,a
2011-03-11,114,0.626,,a
2011-03-12,114,0.626,,a
2011-03-13,114,0.626,,a
2011-03-14,124,2.586,,a
2011-03-15,127,3.177,,a
2011-03-16,145,10.467,,a
2011-03-17,190,39.592,,a
2011-03-18,159,16.397,,a
2011-03-19,147,9.853,,a
2011-03-20,140,7.048,,a
2011-03-21,134,5.164,,a
2011-03-22,131,4.115,,a
2011-03-23,128,3.375,,a
2011-03-24,128,3.349,,a
2011-03-25,128,3.238,,a
2011-03-26,125,2.543,,a
2011-03-27,124,2.321,,a
2011-03-28,124,2.331,,a
2011-03-29,124,2.361,,a
2011-03-30,123,2.157,,a
2011-03-31,123,2.089,,a
2011-04-01,123,1.977,,a
2011-04-02,122,1.865,,a
2011-04-03,122,1.865,,a
2011-04-04,123,2.043,,a
2011-04-05,125,2.495,,a
2011-04-06,122,1.949,,a
2011-04-07,121,1.713,,a
2011-04-08,126,2.804,,a
2011-04-09,125,2.643,,a
2011-04-10,124,2.364,,a
2011-04-11,122,1.794,,a
2011-04-12,121,1.599,,a
2011-04-13,120,1.444,,a
2011-04-14,119,1.316,,a
2011-04-15,119,1.273,,a
2011-04-16,119,1.273,,a
2011-04-17,119,1.273,,a
2011-04-18,119,1.273,,a
2011-04-19,119,1.273,,a
2011-04-20,119,1.273,,a
2011-04-21,119,1.273,,a
2011-04-22,119,1.273,,a
2011-04-23,119,1.273,,a
2011-04-24,119,1.273,,a
2011-04-25,125,3.277,,a
2011-04-26,135,5.534,,a
2011-04-27,125,2.685,,a
2011-04-28,123,2.053,,a
2011-04-29,122,1.766,,a
2011-04-30,122,1.931,,a
2011-05-01,121,1.751,,a
2011-05-02,121,1.686,,a
2011-05-03,124,2.402,,a
2011-05-04,131,4.229,,a
2011-05-05,125,2.651,,a
2011-05-06,124,2.321,,a
2011-05-07,123,2.195,,a
2011-05-08,124,2.321,,a
2011-05-09,124,2.304,,a
2011-05-10,123,2.089,,a
2011-05-11,123,2.089,,a
2011-05-12,123,2.089,,a
2011-05-13,123,2.176,,a
2011-05-14,125,2.476,,a
2011-05-15,134,5.259,,a
2011-05-16,132,4.615,,a
2011-05-17,125,2.557,,a
2011-05-18,124,2.274,,a
2011-05-19,123,2.089,,a
2011-05-20,123,2.089,,a
2011-05-21,123,2.089,,a
2011-05-22,124,2.234,,a
2011-05-23,123,2.195,,a
2011-05-24,123,2.139,,a
2011-05-25,126,2.687,,a
2011-05-26,125,2.512,,a
2011-05-27,124,2.401,,a
2011-05-28,144,9.288,,a
2011-05-29,136,5.858,,a
2011-05-30,130,3.784,,a
2011-05-31,126,2.856,,a
2011-06-01,126,2.77,,a
2011-06-02,125,2.532,,a
2011-06-03,125,2.646,,a
2011-06-04,132,4.445,,a
2011-06-05,134,5.026,,a
2011-06-06,131,4.177,,a
2011-06-07,139,8.085,,a
2011-06-08,162,17.462,,a
2011-06-09,150,11.192,,a
2011-06-10,144,8.557,,a
2011-06-11,137,5.968,,a
2011-06-12,132,4.479,,a
2011-06-13,129,3.721,,a
2011-06-14,128,3.341,,a
2011-06-15,127,3.07,,a
2011-06-16,126,2.93,,a
2011-06-17,126,2.812,,a
2011-06-18,126,2.823,,a
2011-06-19,144,8.919,,a
2011-06-20,138,6.656,,a
2011-06-21,132,4.61,,a
2011-06-22,129,3.499,,a
2011-06-23,130,3.821,,a
2011-06-24,140,7.948,,a
2011-06-25,142,7.878,,a
2011-06-26,133,4.756,,a
2011-06-27,129,3.5,,a
2011-06-28,126,2.887,,a
2011-06-29,126,2.687,,a
2011-06-30,125,2.442,,a
2011-07-01,123,2.052,,a
2011-07-02,122,1.82,,a
2011-07-03,120,1.521,,a
2011-07-04,119,1.323,,a
2011-07-05,120,1.562,,a
2011-07-06,118,1.174,,a
2011-07-07,118,1.118,,a
2011-07-08,118,1.118,,a
2011-07-09,118,1.118,,a
2011-07-10,118,1.118,,a
2011-07-11,118,1.195,,a
2011-07-12,123,2.389,,a
2011-07-13,117,0.912,,a
2011-07-14,116,0.838,,a
2011-07-15,116,0.809,,a
2011-07-16,117,0.935,,a
2011-07-17,115,0.785,,a
2011-07-18,123,2.097,,a
2011-07-19,123,2.186,,a
2011-07-20,117,1.02,,a
2011-07-21,116,0.869,,a
2011-07-22,118,1.16,,a
2011-07-23,123,2.257,,a
2011-07-24,151,12.946,,a
2011-07-25,141,7.581,,a
2011-07-26,131,4.232,,a
2011-07-27,125,2.493,,a
2011-07-28,121,1.722,,a
2011-07-29,120,1.361,,a
2011-07-30,126,3.611,,a
2011-07-31,131,4.263,,a
2011-08-01,124,2.294,,a
2011-08-02,122,1.956,,a
2011-08-03,119,1.283,,a
2011-08-04,118,1.124,,a
2011-08-05,117,1.017,,a
2011-08-06,117,0.976,,a
2011-08-07,116,0.907,,a
2011-08-08,119,1.319,,a
2011-08-09,167,22.728,,a
2011-08-10,141,7.515,,a
2011-08-11,131,4.183,,a
2011-08-12,125,2.681,,a
2011-08-13,123,2.007,,a
2011-08-14,121,1.6,,a
2011-08-15,120,1.408,,a
2011-08-16,119,1.273,,a
2011-08-17,119,1.196,,a
2011-08-18,119,1.208,,a
2011-08-19,118,1.183,,a
2011-08-20,119,1.271,,a
2011-08-21,118,1.118,,a
2011-08-22,118,1.118,,a
2011-08-23,118,1.118,,a
2011-08-24,118,1.118,,a
2011-08-25,117,1.041,,a
2011-08-26,117,0.976,,a
2011-08-27,117,1.021,,a
2011-08-28,119,1.263,,a
2011-08-29,118,1.118,,a
2011-08-30,118,1.118,,a
2011-08-31,118,1.118,,a
2011-09-01,114,0.636,,a
2011-09-02,114,0.63,,a
2011-09-03,115,0.715,,a
2011-09-04,115,0.731,,a
2011-09-05,116,0.825,,a
2011-09-06,114,0.674,,a
2011-09-07,114,0.626,,a
2011-09-08,113,0.575,,a
2011-09-09,113,0.532,,a
2011-09-10,112,0.487,,a
2011-09-11,112,0.412,,a
2011-09-12,110,0.324,,a
2011-09-13,110,0.31,,a
2011-09-14,110,0.31,,a
2011-09-15,110,0.31,,a
2011-09-16,110,0.31,,a
2011-09-17,111,0.345,,a
2011-09-18,111,0.378,,a
2011-09-19,140,9.401,,a
2011-09-20,144,8.953,,a
2011-09-21,128,3.327,,a
2011-09-22,119,1.294,,a
2011-09-23,117,0.946,,a
2011-09-24,115,0.77,,a
2011-09-25,114,0.661,,a
2011-09-26,113,0.571,,a
2011-09-27,113,0.532,,a
2011-09-28,113,0.532,,a
2011-09-29,113,0.532,,a
2011-09-30,113,0.532,,a
2011-10-01,113,0.532,,a
2011-10-02,113,0.532,,a
2011-10-03,113,0.532,,a
2011-10-04,113,0.532,,a
2011-10-05,112,0.484,,a
2011-10-06,112,0.449,,a
2011-10-07,131,6.253,,a
2011-10-08,129,3.853,,a
2011-10-09,119,1.217,,a
2011-10-10,116,0.88,,a
2011-10-11,115,0.785,,a
2011-10-12,115,0.731,,a
2011-10-13,114,0.626,,a
2011-10-14,114,0.626,,a
2011-10-15,113,0.575,,a
2011-10-16,112,0.487,,a
2011-10-17,112,0.449,,a
2011-10-18,112,0.449,,a
2011-10-19,112,0.449,,a
2011-10-20,153,17.495,,a
2011-10-21,149,11.276,,a
2011-10-22,134,5.127,,a
2011-10-23,127,3.011,,a
2011-10-24,124,2.371,,a
2011-10-25,124,2.211,,a
2011-10-26,158,17.936,,a
2011-10-27,186,35.741,,a
2011-10-28,160,16.533,,a
2011-10-29,150,11.301,,a
2011-10-30,141,7.743,,a
2011-10-31,136,5.613,,a
2011-11-01,131,4.253,,a
2011-11-02,128,3.339,,a
2011-11-03,126,2.812,,a
2011-11-04,126,2.688,,a
2011-11-05,124,2.322,,a
2011-11-06,123,1.977,,a
2011-11-07,121,1.713,,a
2011-11-08,120,1.513,,a
2011-11-09,120,1.38,,a
2011-11-10,119,1.273,,a
2011-11-11,118,1.137,,a
2011-11-12,118,1.118,,a
2011-11-13,118,1.118,,a
2011-11-14,118,1.106,,a
2011-11-15,117,0.912,,a
2011-11-16,116,0.848,,a
2011-11-17,115,0.746,,a
2011-11-18,115,0.731,,a
2011-11-19,115,0.731,,a
2011-11-20,115,0.679,,a
2011-11-21,114,0.626,,a
2011-11-22,114,0.626,,a
2011-11-23,114,0.626,,a
2011-11-24,115,0.687,,a
2011-11-25,114,0.64,,a
2011-11-26,116,0.848,,a
2011-11-27,116,0.901,,a
2011-11-28,117,0.976,,a
2011-11-29,117,0.923,,a
2011-11-30,116,0.848,,a
2011-12-01,116,0.848,,a
2011-12-02,115,0.775,,a
2011-12-03,117,0.964,,a
2011-12-04,124,2.476,,a
2011-12-05,124,2.673,,a
2011-12-06,133,4.96,,a
2011-12-07,124,2.355,,a
2011-12-08,121,1.594,,a
2011-12-09,117,1.042,,a
2011-12-10,117,0.976,,a
2011-12-11,117,0.925,,a
2011-12-12,115,0.772,,a
2011-12-13,120,1.468,,a
2011-12-14,123,2.11,,a
2011-12-15,139,7.381,,a
2011-12-16,158,15.499,,a
2011-12-17,188,38.444,,a
2011-12-18,156,14.324,,a
2011-12-19,146,9.368,,a
2011-12-20,141,7.582,,a
2011-12-21,138,6.572,,a
2011-12-22,135,5.592,,a
2011-12-23,134,5.14,,a
2011-12-24,133,4.758,,a
2011-12-25,131,4.238,,a
2011-12-26,129,3.718,,a
2011-12-27,129,3.611,,a
2011-12-28,129,3.519,,a
2011-12-29,128,3.336,,a
2011-12-30,128,3.336,,a
2011-12-31,128,3.281,,a
2012-01-01,126,2.857,,a
2012-01-02,125,2.646,,a
2012-01-03,136,6.058,,a
2012-01-04,125,2.591,,a
2012-01-05,119,1.317,,a
2012-01-06,118,1.191,,a
2012-01-07,116,0.841,,a
2012-01-08,115,0.7,,a
2012-01-09,114,0.626,,a
2012-01-10,113,0.559,,a
2012-01-11,113,0.511,,a
2012-01-12,113,0.515,,a
2012-01-13,113,0.532,,a
2012-01-14,113,0.511,,a
2012-01-15,112,0.449,,a
2012-01-16,112,0.449,,a
2012-01-17,112,0.449,,a
2012-01-18,113,0.497,,a
2012-01-19,113,0.532,,a
2012-01-20,113,0.532,,a
2012-01-21,113,0.532,,a
2012-01-22,113,0.532,,a
2012-01-23,113,0.532,,a
2012-01-24,113,0.532,,a
2012-01-25,113,0.532,,a
2012-01-26,113,0.532,,a
2012-01-27,113,0.532,,a
2012-01-28,113,0.532,,a
2012-01-29,113,0.532,,a
2012-01-30,113,0.532,,a
2012-01-31,112,0.449,,a
2012-02-01,113,0.532,,a
2012-02-02,114,0.626,,a
2012-02-03,114,0.626,,a
2012-02-04,115,0.731,,a
2012-02-05,116,0.848,,a
2012-02-06,117,0.976,,a
2012-02-07,117,0.976,,a
2012-02-08,117,0.976,,a
2012-02-09,117,0.976,,a
2012-02-10,118,1.115,,a
2012-02-11,118,1.118,,a
2012-02-12,118,1.118,,a
2012-02-13,118,1.118,,a
2012-02-14,117,1.029,,a
2012-02-15,116,0.861,,a
2012-02-16,114,0.657,,a
2012-02-17,113,0.491,,a
2012-02-18,112,0.449,,a
2012-02-19,113,0.526,,a
2012-02-20,118,1.118,,a
2012-02-21,116,0.794,,a
2012-02-22,116,0.809,,a
2012-02-23,115,0.733,,a
2012-02-24,115,0.707,,a
2012-02-25,117,0.95,,a
2012-02-26,115,0.752,,a
2012-02-27,114,0.626,,a
2012-02-28,113,0.548,,a
2012-02-29,113,0.501,,a
2012-03-01,113,0.56,,a
2012-03-02,113,0.532,,a
2012-03-03,113,0.508,,a
2012-03-04,113,0.515,,a
2012-03-05,113,0.511,,a
2012-03-06,112,0.466,,a
2012-03-07,112,0.449,,a
2012-03-08,113,0.511,,a
2012-03-09,113,0.532,,a
2012-03-10,113,0.532,,a
2012-03-11,113,0.571,,a
2012-03-12,113,0.532,,a
2012-03-13,113,0.532,,a
2012-03-14,112,0.466,,a
2012-03-15,113,0.508,,a
2012-03-16,113,0.515,,a
2012-03-17,112,0.449,,a
2012-03-18,112,0.484,,a
2012-03-19,114,0.593,,a
2012-03-20,117,1.042,,a
2012-03-21,113,0.518,,a
2012-03-22,112,0.463,,a
2012-03-23,113,0.515,,a
2012-03-24,114,0.585,,a
2012-03-25,113,0.532,,a
2012-03-26,113,0.511,,a
2012-03-27,113,0.553,,a
2012-03-28,113,0.559,,a
2012-03-29,114,0.603,,a
2012-03-30,114,0.626,,a
2012-03-31,114,0.626,,a
2012-04-01,114,0.587,,a
2012-04-02,114,0.626,,a
2012-04-03,114,0.61,,a
2012-04-04,113,0.532,,a
2012-04-05,113,0.532,,a
2012-04-06,114,0.603,,a
2012-04-07,114,0.661,,a
2012-04-08,117,1.045,,a
2012-04-09,140,7.498,,a
2012-04-10,125,2.568,,a
2012-04-11,120,1.465,,a
2012-04-12,121,1.582,,a
2012-04-13,128,3.288,,a
2012-04-14,122,1.781,,a
2012-04-15,120,1.416,,a
2012-04-16,118,1.15,,a
2012-04-17,120,1.551,,a
2012-04-18,118,1.138,,a
2012-04-19,117,0.976,,a
2012-04-20,117,0.939,,a
2012-04-21,117,0.955,,a
2012-04-22,116,0.853,,a
2012-04-23,125,3.753,,a
2012-04-24,142,8.27,,a
2012-04-25,139,6.859,,a
2012-04-26,136,5.711,,a
2012-04-27,130,3.843,,a
2012-04-28,129,3.725,,a
2012-04-29,130,4.034,,a
2012-04-30,131,4.252,,a
2012-05-01,130,4.022,,a
2012-05-02,131,4.19,,a
2012-05-03,129,3.538,,a
2012-05-04,127,2.987,,a
2012-05-05,126,2.733,,a
2012-05-06,124,2.361,,a
2012-05-07,130,3.955,,a
2012-05-08,128,3.43,,a
2012-05-09,124,2.299,,a
2012-05-10,122,1.811,,a
2012-05-11,122,1.847,,a
2012-05-12,124,2.317,,a
2012-05-13,169,23.223,,a
2012-05-14,146,10.196,,a
2012-05-15,136,6.4,,a
2012-05-16,131,4.769,,a
2012-05-17,128,3.69,,a
2012-05-18,125,2.814,,a
2012-05-19,123,2.505,,a
2012-05-20,122,2.266,,a
2012-05-21,128,3.9,,a
2012-05-22,141,8.308,,a
2012-05-23,137,6.846,,a
2012-05-24,141,8.144,,a
2012-05-25,140,7.841,,a
2012-05-26,135,6.172,,a
2012-05-27,131,4.521,,a
2012-05-28,127,3.47,,a
2012-05-29,126,3.306,,a
2012-05-30,125,2.89,,a
2012-05-31,123,2.524,,a
2012-06-01,126,3.611,,a
2012-06-02,138,7.32,,a
2012-06-03,129,4.178,,a
2012-06-04,130,4.521,,a
2012-06-05,150,12.447,,a
2012-06-06,138,6.967,,a
2012-06-07,131,4.737,,a
2012-06-08,127,3.412,,a
2012-06-09,130,4.444,,a
2012-06-10,130,4.497,,a
2012-06-11,135,6.125,,a
2012-06-12,151,13.48,,a
2012-06-13,158,16.236,,a
2012-06-14,150,11.92,,a
2012-06-15,140,7.831,,a
2012-06-16,134,5.646,,a
2012-06-17,131,4.535,,a
2012-06-18,128,3.647,,a
2012-06-19,125,3.024,,a
2012-06-20,124,2.632,,a
2012-06-21,123,2.318,,a
2012-06-22,122,2.116,,a
2012-06-23,121,1.873,,a
2012-06-24,120,1.748,,a
2012-06-25,123,2.443,,a
2012-06-26,123,2.317,,a
2012-06-27,119,1.423,,a
2012-06-28,118,1.351,,a
2012-06-29,118,1.269,,a
2012-06-30,117,1.146,,a
2012-07-01,117,1.117,,a
2012-07-02,116,1.055,,a
2012-07-03,116,0.954,,a
2012-07-04,116,0.954,,a
2012-07-05,115,0.853,,a
2012-07-06,115,0.827,,a
2012-07-07,114,0.747,,a
2012-07-08,114,0.726,,a
2012-07-09,114,0.726,,a
2012-07-10,114,0.726,,a
2012-07-11,114,0.774,,a
2012-07-12,120,1.754,,a
2012-07-13,116,1.029,,a
2012-07-14,117,1.101,,a
2012-07-15,118,1.347,,a
2012-07-16,118,1.291,,a
2012-07-17,117,1.15,,a
2012-07-18,118,1.288,,a
2012-07-19,117,1.153,,a
2012-07-20,117,1.153,,a
2012-07-21,117,1.094,,a
2012-07-22,117,1.075,,a
2012-07-23,116,1.003,,a
2012-07-24,116,0.948,,a
2012-07-25,116,0.996,,a
2012-07-26,116,0.996,,a
2012-07-27,116,0.978,,a
2012-07-28,115,0.877,,a
2012-07-29,114,0.752,,a
2012-07-30,114,0.774,,a
2012-07-31,114,0.707,,a
2012-08-01,114,0.752,,a
2012-08-02,114,0.758,,a
2012-08-03,114,0.698,,a
2012-08-04,114,0.679,,a
2012-08-05,114,0.718,,a
2012-08-06,114,0.71,,a
2012-08-07,114,0.669,,a
2012-08-08,113,0.631,,a
2012-08-09,113,0.66,,a
2012-08-10,114,0.726,,a
2012-08-11,114,0.726,,a
2012-08-12,114,0.784,,a
2012-08-13,115,0.84,,a
2012-08-14,114,0.779,,a
2012-08-15,115,0.79,,a
2012-08-16,116,0.997,,a
2012-08-17,117,1.221,,a
2012-08-18,115,0.895,,a
2012-08-19,114,0.731,,a
2012-08-20,114,0.726,,a
2012-08-21,114,0.688,,a
2012-08-22,113,0.65,,a
2012-08-23,114,0.674,,a
2012-08-24,113,0.664,,a
2012-08-25,114,0.669,,a
2012-08-26,116,1.191,,a
2012-08-27,119,1.607,,a
2012-08-28,114,0.714,,a
2012-08-29,113,0.566,,a
2012-08-30,112,0.512,,a
2012-08-31,113,0.633,,a
2012-09-01,132,5.243,,a
2012-09-02,126,3.183,,a
2012-09-03,118,1.362,,a
2012-09-04,114,0.726,,a
2012-09-05,113,0.622,,a
2012-09-06,113,0.612,,a
2012-09-07,113,0.612,,a
2012-09-08,113,0.623,,a
2012-09-09,113,0.612,,a
2012-09-10,113,0.612,,a
2012-09-11,113,0.587,,a
2012-09-12,113,0.682,,a
2012-09-13,166,21.872,,a
2012-09-14,140,7.788,,a
2012-09-15,129,3.928,,a
2012-09-16,124,2.601,,a
2012-09-17,123,2.327,,a
2012-09-18,122,2.205,,a
2012-09-19,125,3.166,,a
2012-09-20,134,5.724,,a
2012-09-21,124,2.55,,a
2012-09-22,122,2.116,,a
2012-09-23,122,2.174,,a
2012-09-24,121,2.018,,a
2012-09-25,131,4.547,,a
2012-09-26,125,2.991,,a
2012-09-27,143,10.28,,a
2012-09-28,143,9.223,,a
2012-09-29,133,5.216,,a
2012-09-30,128,3.711,,a
2012-10-01,125,2.924,,a
2012-10-02,128,3.798,,a
2012-10-03,128,3.75,,a
2012-10-04,123,2.493,,a
2012-10-05,121,2.018,,a
2012-10-06,120,1.615,,a
2012-10-07,118,1.337,,a
2012-10-08,116,1.048,,a
2012-10-09,115,0.791,,a
2012-10-10,115,0.816,,a
2012-10-11,115,0.853,,a
2012-10-12,115,0.853,,a
2012-10-13,116,0.96,,a
2012-10-14,115,0.895,,a
2012-10-15,130,6.051,,a
2012-10-16,201,52.428,,a
2012-10-17,166,21.082,,a
2012-10-18,148,11.263,,a
2012-10-19,139,7.529,,a
2012-10-20,134,5.661,,a
2012-10-21,130,4.418,,a
2012-10-22,126,3.269,,a
2012-10-23,123,2.412,,a
2012-10-24,121,1.96,,a
2012-10-25,118,1.415,,a
2012-10-26,120,1.689,,a
2012-10-27,210,66.102,,a
2012-10-28,229,91.114,,a
2012-10-29,186,35.658,,a
2012-10-30,170,23.491,,a
2012-10-31,159,16.669,,a
2012-11-01,200,55.606,,a
2012-11-02,183,33.238,,a
2012-11-03,167,21.683,,a
2012-11-04,167,22.143,,a
2012-11-05,247,121.453,,a
2012-11-06,221,77.92,,a
2012-11-07,192,41.392,,a
2012-11-08,177,28.599,,a
2012-11-09,168,22.147,,a
2012-11-10,159,16.936,,a
2012-11-11,153,13.614,,a
2012-11-12,156,15.047,,a
2012-11-13,158,16.179,,a
2012-11-14,154,14.068,,a
2012-11-15,149,11.596,,a
2012-11-16,146,10.237,,a
2012-11-17,142,8.811,,a
2012-11-18,140,7.814,,a
2012-11-19,137,6.858,,a
2012-11-20,135,6.115,,a
2012-11-21,133,5.362,,a
2012-11-22,132,4.938,,a
2012-11-23,131,4.572,,a
2012-11-24,129,4.16,,a
2012-11-25,128,3.852,,a
2012-11-26,127,3.364,,a
2012-11-27,125,3.045,,a
2012-11-28,155,15.116,,a
2012-11-29,170,23.605,,a
2012-11-30,155,14.441,,a
2012-12-01,146,10.102,,a
2012-12-02,141,8.227,,a
2012-12-03,137,6.74,,a
2012-12-04,134,5.709,,a
2012-12-05,134,5.781,,a
2012-12-06,134,5.485,,a
2012-12-07,132,5.032,,a
2012-12-08,130,4.403,,a
2012-12-09,129,3.988,,a
2012-12-10,128,3.791,,a
2012-12-11,127,3.434,,a
2012-12-12,126,3.202,,a
2012-12-13,126,3.202,,a
2012-12-14,126,3.202,,a
2012-12-15,140,10.606,,a
2012-12-16,158,16.557,,a
2012-12-17,141,8.257,,a
2012-12-18,137,6.705,,a
2012-12-19,134,5.652,,a
2012-12-20,134,5.652,,a
2012-12-21,133,5.317,,a
2012-12-22,131,4.672,,a
2012-12-23,129,4.059,,a
2012-12-24,128,3.765,,a
2012-12-25,127,3.479,,a
2012-12-26,147,11.904,,a
2012-12-27,152,13.427,,a
2012-12-28,140,7.752,,a
2012-12-29,136,6.347,,a
2012-12-30,133,5.462,,a
2012-12-31,133,5.263,,a
2013-01-01,131,4.677,,a
2013-01-02,129,3.976,,a
2013-01-03,125,2.968,,a
2013-01-04,124,2.566,,a
2013-01-05,122,2.205,,a
2013-01-06,121,1.959,,a
2013-01-07,120,1.646,,a
2013-01-08,118,1.383,,a
2013-01-09,118,1.327,,a
2013-01-10,118,1.327,,a
2013-01-11,118,1.327,,a
2013-01-12,118,1.327,,a
2013-01-13,118,1.327,,a
2013-01-14,118,1.351,,a
2013-01-15,118,1.327,,a
2013-01-16,118,1.327,,a
2013-01-17,118,1.327,,a
2013-01-18,118,1.327,,a
2013-01-19,118,1.327,,a
2013-01-20,118,1.327,,a
2013-01-21,136,7.293,,a
2013-01-22,149,11.741,,a
2013-01-23,142,8.434,,a
2013-01-24,136,6.414,,a
2013-01-25,132,4.848,,a
2013-01-26,127,3.556,,a
2013-01-27,123,2.517,,a
2013-01-28,121,1.825,,a
2013-01-29,119,1.423,,a
2013-01-30,118,1.359,,a
2013-01-31,118,1.327,,a
2013-02-01,117,1.182,,a
2013-02-02,164,29.637,,a
2013-02-03,163,19.481,,a
2013-02-04,143,8.954,,a
2013-02-05,137,6.605,,a
2013-02-06,140,7.915,,a
2013-02-07,135,6.166,,a
2013-02-08,131,4.821,,a
2013-02-09,129,3.962,,a
2013-02-10,127,3.469,,a
2013-02-11,125,2.824,,a
2013-02-12,123,2.307,,a
2013-02-13,122,2.086,,a
2013-02-14,120,1.714,,a
2013-02-15,119,1.519,,a
2013-02-16,118,1.335,,a
2013-02-17,117,1.182,,a
2013-02-18,116,1.016,,a
2013-02-19,116,0.925,,a
2013-02-20,115,0.853,,a
2013-02-21,115,0.853,,a
2013-02-22,115,0.901,,a
2013-02-23,116,1.009,,a
2013-02-24,117,1.153,,a
2013-02-25,117,1.127,,a
2013-02-26,117,1.153,,a
2013-02-27,117,1.153,,a
2013-02-28,117,1.16,,a
2013-03-01,122,2.289,,a
2013-03-02,128,3.85,,a
2013-03-03,127,3.452,,a
2013-03-04,126,3.07,,a
2013-03-05,125,2.89,,a
2013-03-06,128,3.87,,a
2013-03-07,152,13.205,,a
2013-03-08,160,17.372,,a
2013-03-09,156,15.308,,a
2013-03-10,169,23.426,,a
2013-03-11,160,17.306,,a
2013-03-12,150,12.248,,a
2013-03-13,152,13.291,,a
2013-03-14,153,13.405,,a
2013-03-15,144,9.303,,a
2013-03-16,137,6.879,,a
2013-03-17,134,5.781,,a
2013-03-18,158,20.427,,a
2013-03-19,171,24.492,,a
2013-03-20,152,13.001,,a
2013-03-21,144,9.334,,a
2013-03-22,139,7.312,,a
2013-03-23,135,6.028,,a
2013-03-24,133,5.211,,a
2013-03-25,131,4.646,,a
2013-03-26,130,4.261,,a
2013-03-27,127,3.587,,a
2013-03-28,127,3.533,,a
2013-03-29,155,15.337,,a
2013-03-30,165,20.662,,a
2013-03-31,179,29.736,,a
2013-04-01,163,19.236,,a
2013-04-02,152,12.959,,a
2013-04-03,148,11.164,,a
2013-04-04,143,9.168,,a
2013-04-05,142,8.703,,a
2013-04-06,142,8.638,,a
2013-04-07,139,7.417,,a
2013-04-08,136,6.324,,a
2013-04-09,133,5.348,,a
2013-04-10,132,4.833,,a
2013-04-11,131,4.752,,a
2013-04-12,135,5.992,,a
2013-04-13,149,11.665,,a
2013-04-14,142,8.682,,a
2013-04-15,141,8.173,,a
2013-04-16,142,8.688,,a
2013-04-17,143,8.855,,a
2013-04-18,145,9.917,,a
2013-04-19,148,11.286,,a
2013-04-20,147,10.861,,a
2013-04-21,144,9.498,,a
2013-04-22,143,9.162,,a
2013-04-23,142,8.492,,a
2013-04-24,139,7.312,,a
2013-04-25,138,6.939,,a
2013-04-26,139,7.497,,a
2013-04-27,144,9.268,,a
2013-04-28,150,11.938,,a
2013-04-29,151,12.424,,a
2013-04-30,149,11.685,,a
2013-05-01,148,11.028,,a
2013-05-02,148,11.213,,a
2013-05-03,146,10.151,,a
2013-05-04,145,10.087,,a
2013-05-05,152,13.297,,a
2013-05-06,158,16.329,,a
2013-05-07,162,18.658,,a
2013-05-08,157,15.921,,a
2013-05-09,152,12.942,,a
2013-05-10,147,10.827,,a
2013-05-11,161,18.338,,a
2013-05-12,160,17.558,,a
2013-05-13,151,12.659,,a
2013-05-14,145,9.681,,a
2013-05-15,142,8.452,,a
2013-05-16,141,8.257,,a
2013-05-17,151,12.627,,a
2013-05-18,154,14.259,,a
2013-05-19,147,10.55,,a
2013-05-20,144,9.381,,a
2013-05-21,141,8.163,,a
2013-05-22,138,7.03,,a
2013-05-23,135,6.156,,a
2013-05-24,147,10.94,,a
2013-05-25,146,10.429,,a
2013-05-26,142,8.611,,a
2013-05-27,140,7.835,,a
2013-05-28,137,6.873,,a
2013-05-29,137,6.767,,a
2013-05-30,140,7.835,,a
2013-05-31,148,11.355,,a
2013-06-01,147,10.655,,a
2013-06-02,145,10.006,,a
2013-06-03,144,9.484,,a
2013-06-04,140,7.897,,a
2013-06-05,138,7.136,,a
2013-06-06,139,7.471,,a
2013-06-07,139,7.626,,a
2013-06-08,141,8.175,,a
2013-06-09,139,7.522,,a
2013-06-10,138,7.151,,a
2013-06-11,137,6.695,,a
2013-06-12,134,5.589,,a
2013-06-13,132,5.021,,a
2013-06-14,131,4.725,,a
2013-06-15,131,4.53,,a
2013-06-16,130,4.402,,a
2013-06-17,130,4.351,,a
2013-06-18,130,4.376,,a
2013-06-19,130,4.313,,a
2013-06-20,129,4.202,,a
2013-06-21,128,3.876,,a
2013-06-22,128,3.843,,a
2013-06-23,128,3.677,,a
2013-06-24,134,5.852,,a
2013-06-25,132,5.003,,a
2013-06-26,127,3.518,,a
2013-06-27,125,2.873,,a
2013-06-28,122,2.152,,a
2013-06-29,119,1.606,,a
2013-06-30,118,1.292,,a
2013-07-01,117,1.211,,a
2013-07-02,117,1.081,,a
2013-07-03,116,1.042,,a
2013-07-04,117,1.146,,a
2013-07-05,117,1.075,,a
2013-07-06,116,0.998,,a
2013-07-07,116,1.069,,a
2013-07-08,116,0.987,,a
2013-07-09,119,1.521,,a
2013-07-10,118,1.354,,a
2013-07-11,123,2.773,,a
2013-07-12,127,3.62,,a
2013-07-13,121,1.922,,a
2013-07-14,120,1.831,,a
2013-07-15,117,1.101,,a
2013-07-16,116,0.972,,a
2013-07-17,115,0.879,,a
2013-07-18,116,1.081,,a
2013-07-19,116,0.962,,a
2013-07-20,114,0.742,,a
2013-07-21,113,0.596,,a
2013-07-22,113,0.571,,a
2013-07-23,112,0.533,,a
2013-07-24,112,0.521,,a
2013-07-25,112,0.514,,a
2013-07-26,111,0.431,,a
2013-07-27,111,0.428,,a
2013-07-28,111,0.435,,a
2013-07-29,112,0.537,,a
2013-07-30,112,0.572,,a
2013-07-31,111,0.386,,a
2013-08-01,110,0.353,,a
2013-08-02,110,0.347,,a
2013-08-03,110,0.353,,a
2013-08-04,110,0.336,,a
2013-08-05,110,0.319,,a
2013-08-06,110,0.336,,a
2013-08-07,110,0.319,,a
2013-08-08,109,0.28,,a
2013-08-09,111,0.435,,a
2013-08-10,112,0.468,,a
2013-08-11,111,0.414,,a
2013-08-12,111,0.402,,a
2013-08-13,110,0.373,,a
2013-08-14,113,0.691,,a
2013-08-15,112,0.481,,a
2013-08-16,111,0.389,,a
2013-08-17,111,0.411,,a
2013-08-18,110,0.382,,a
2013-08-19,110,0.339,,a
2013-08-20,110,0.347,,a
2013-08-21,110,0.36,,a
2013-08-22,110,0.347,,a
2013-08-23,110,0.347,,a
2013-08-24,121,2.028,,a
2013-08-25,120,1.749,,a
2013-08-26,121,1.973,,a
2013-08-27,112,0.576,,a
2013-08-28,112,0.601,,a
2013-08-29,111,0.45,,a
2013-08-30,110,0.336,,a
2013-08-31,110,0.339,,a
2013-09-01,109,0.28,,a
2013-09-02,109,0.297,,a
2013-09-03,109,0.286,,a
2013-09-04,110,0.339,,a
2013-09-05,110,0.347,,a
2013-09-06,110,0.347,,a
2013-09-07,110,0.339,,a
2013-09-08,110,0.347,,a
2013-09-09,116,1.548,,a
2013-09-10,137,6.654,,a
2013-09-11,154,14.289,,a
2013-09-12,136,6.542,,a
2013-09-13,126,3.251,,a
2013-09-14,120,1.792,,a
2013-09-15,117,1.209,,a
2013-09-16,115,0.876,,a
2013-09-17,133,6.225,,a
2013-09-18,130,4.381,,a
2013-09-19,124,2.653,,a
2013-09-20,121,2.04,,a
2013-09-21,119,1.503,,a
2013-09-22,115,0.933,,a
2013-09-23,112,0.554,,a
2013-09-24,112,0.512,,a
2013-09-25,112,0.512,,a
2013-09-26,112,0.529,,a
2013-09-27,112,0.486,,a
2013-09-28,112,0.501,,a
2013-09-29,131,5.59,,a
2013-09-30,139,7.422,,a
2013-10-01,130,4.236,,a
2013-10-02,123,2.519,,a
2013-10-03,119,1.496,,a
2013-10-04,118,1.278,,a
2013-10-05,117,1.207,,a
2013-10-06,115,0.916,,a
2013-10-07,114,0.691,,a
2013-10-08,112,0.525,,a
2013-10-09,113,0.617,,a
2013-10-10,113,0.613,,a
2013-10-11,155,17.582,,a
2013-10-12,151,12.482,,a
2013-10-13,143,9.094,,a
2013-10-14,133,5.497,,a
2013-10-15,128,3.868,,a
2013-10-16,126,3.172,,a
2013-10-17,123,2.498,,a
2013-10-18,121,1.904,,a
2013-10-19,119,1.463,,a
2013-10-20,118,1.363,,a
2013-10-21,118,1.24,,a
2013-10-22,117,1.076,,a
2013-10-23,115,0.848,,a
2013-10-24,114,0.699,,a
2013-10-25,113,0.66,,a
2013-10-26,112,0.533,,a
2013-10-27,112,0.475,,a
2013-10-28,110,0.376,,a
2013-10-29,111,0.418,,a
2013-10-30,124,2.664,,a
2013-10-31,119,1.54,,a
2013-11-01,115,0.867,,a
2013-11-02,114,0.674,,a
2013-11-03,136,11.597,,a
2013-11-04,168,22.425,,a
2013-11-05,183,33.082,,a
2013-11-06,165,20.151,,a
2013-11-07,150,11.965,,a
2013-11-08,142,8.799,,a
2013-11-09,171,28.671,,a
2013-11-10,192,41.689,,a
2013-11-11,181,31.928,,a
2013-11-12,164,19.794,,a
2013-11-13,154,14.038,,a
2013-11-14,146,10.395,,a
2013-11-15,142,8.794,,a
2013-11-16,138,7.001,,a
2013-11-17,135,6.113,,a
2013-11-18,132,5.132,,a
2013-11-19,132,5.174,,a
2013-11-20,154,14.417,,a
2013-11-21,145,9.92,,a
2013-11-22,150,12.338,,a
2013-11-23,166,22.009,,a
2013-11-24,180,31.897,,a
2013-11-25,156,15.278,,a
2013-11-26,145,10.078,,a
2013-11-27,140,7.912,,a
2013-11-28,137,6.655,,a
2013-11-29,133,5.278,,a
2013-11-30,130,4.479,,a
2013-12-01,129,3.974,,a
2013-12-02,127,3.366,,a
2013-12-03,124,2.674,,a
2013-12-04,122,2.184,,a
2013-12-05,122,2.215,,a
2013-12-06,121,1.834,,a
2013-12-07,120,1.686,,a
2013-12-08,119,1.495,,a
2013-12-09,118,1.375,,a
2013-12-10,117,1.233,,a
2013-12-11,117,1.212,,a
2013-12-12,116,0.925,,a
2013-12-13,115,0.835,,a
2013-12-14,113,0.641,,a
2013-12-15,113,0.565,,a
2013-12-16,111,0.431,,a
2013-12-17,110,0.332,,a
2013-12-18,109,0.283,,a
2013-12-19,109,0.28,,a
2013-12-20,108,0.224,,a
2013-12-21,106,0.16,,a
2013-12-22,105,0.126,,a
2013-12-23,110,0.379,,a
2013-12-24,110,0.344,,a
2013-12-25,108,0.242,,a
2013-12-26,127,4.594,,a
2013-12-27,156,15.756,,a
2013-12-28,136,6.509,,a
2013-12-29,137,6.885,,a
2013-12-30,151,12.557,,a
2013-12-31,139,7.62,,a
2014-01-01,135,5.9,,a
2014-01-02,132,4.9,,a
2014-01-03,129,4.012,,a
2014-01-04,130,4.478,,a
2014-01-05,207,61.612,,a
2014-01-06,188,38.167,,a
2014-01-07,165,20.442,,a
2014-01-08,154,13.887,,a
2014-01-09,147,10.644,,a
2014-01-10,141,8.362,,a
2014-01-11,137,6.542,,a
2014-01-12,133,5.432,,a
2014-01-13,130,4.39,,a
2014-01-14,135,6.338,,a
2014-01-15,145,9.842,,a
2014-01-16,141,8.079,,a
2014-01-17,138,7.138,,a
2014-01-18,166,21.025,,a
2014-01-19,173,25.59,,a
2014-01-20,192,41.815,,a
2014-01-21,167,21.664,,a
2014-01-22,156,15.26,,a
2014-01-23,149,11.86,,a
2014-01-24,148,11.007,,a
2014-01-25,144,9.366,,a
2014-01-26,138,7.232,,a
2014-01-27,137,6.559,,a
2014-01-28,134,5.572,,a
2014-01-29,131,4.598,,a
2014-01-30,130,4.478,,a
2014-01-31,129,4.072,,a
2014-02-01,137,7.209,,a
2014-02-02,146,10.193,,a
2014-02-03,156,15.067,,a
2014-02-04,148,11.422,,a
2014-02-05,141,8.393,,a
2014-02-06,138,7.105,,a
2014-02-07,139,7.472,,a
2014-02-08,144,9.705,,a
2014-02-09,177,29.103,,a
2014-02-10,195,47.39,,a
2014-02-11,185,35.451,,a
2014-02-12,204,54.917,,a
2014-02-13,195,44.419,,a
2014-02-14,172,25.082,,a
2014-02-15,179,30.341,,a
2014-02-16,166,20.561,,a
2014-02-17,161,17.65,,a
2014-02-18,189,38.986,,a
2014-02-19,174,26.136,,a
2014-02-20,168,22.357,,a
2014-02-21,178,29.359,,a
2014-02-22,166,20.689,,a
2014-02-23,166,21.142,,a
2014-02-24,160,17.218,,a
2014-02-25,153,13.532,,a
2014-02-26,148,11.25,,a
2014-02-27,145,9.761,,a
2014-02-28,141,8.375,,a
2014-03-01,137,6.874,,a
2014-03-02,136,6.171,,a
2014-03-03,134,5.498,,a
2014-03-04,133,5.212,,a
2014-03-05,130,4.392,,a
2014-03-06,128,3.646,,a
2014-03-07,127,3.341,,a
2014-03-08,126,3.158,,a
2014-03-09,125,2.847,,a
2014-03-10,124,2.557,,a
2014-03-11,123,2.409,,a
2014-03-12,123,2.337,,a
2014-03-13,123,2.42,,a
2014-03-14,124,2.682,,a
2014-03-15,125,2.856,,a
2014-03-16,124,2.598,,a
2014-03-17,123,2.535,,a
2014-03-18,126,3.08,,a
2014-03-19,127,3.519,,a
2014-03-20,127,3.563,,a
2014-03-21,127,3.577,,a
2014-03-22,128,3.717,,a
2014-03-23,147,13.104,,a
2014-03-24,159,16.916,,a
2014-03-25,144,9.468,,a
2014-03-26,139,7.278,,a
2014-03-27,133,5.329,,a
2014-03-28,130,4.241,,a
2014-03-29,127,3.523,,a
2014-03-30,126,3.147,,a
2014-03-31,126,3.248,,a
2014-04-01,127,3.494,,a
2014-04-02,128,3.634,,a
2014-04-03,128,3.717,,a
2014-04-04,126,3.25,,a
2014-04-05,128,3.749,,a
2014-04-06,131,4.753,,a
2014-04-07,131,4.53,,a
2014-04-08,130,4.324,,a
2014-04-09,132,5.145,,a
2014-04-10,129,4.2,,a
2014-04-11,127,3.378,,a
2014-04-12,124,2.736,,a
2014-04-13,124,2.758,,a
2014-04-14,123,2.42,,a
2014-04-15,123,2.503,,a
2014-04-16,122,2.063,,a
2014-04-17,120,1.615,,a
2014-04-18,118,1.353,,a
2014-04-19,118,1.298,,a
2014-04-20,121,1.845,,a
2014-04-21,123,2.307,,a
2014-04-22,125,2.912,,a
2014-04-23,126,3.078,,a
2014-04-24,127,3.601,,a
2014-04-25,130,4.479,,a
2014-04-26,129,4.122,,a
2014-04-27,131,4.715,,a
2014-04-28,137,6.867,,a
2014-04-29,134,5.532,,a
2014-04-30,133,5.249,,a
2014-05-01,132,5.128,,a
2014-05-02,131,4.819,,a
2014-05-03,130,4.403,,a
2014-05-04,128,3.768,,a
2014-05-05,127,3.447,,a
2014-05-06,126,3.307,,a
2014-05-07,128,3.684,,a
2014-05-08,128,3.622,,a
2014-05-09,127,3.61,,a
2014-05-10,129,3.949,,a
2014-05-11,137,7.315,,a
2014-05-12,156,15.764,,a
2014-05-13,153,13.659,,a
2014-05-14,144,9.387,,a
2014-05-15,135,5.951,,a
2014-05-16,130,4.378,,a
2014-05-17,128,3.779,,a
2014-05-18,126,3.261,,a
2014-05-19,125,2.943,,a
2014-05-20,127,3.341,,a
2014-05-21,127,3.539,,a
2014-05-22,130,4.462,,a
2014-05-23,136,6.23,,a
2014-05-24,136,6.407,,a
2014-05-25,136,6.319,,a
2014-05-26,140,7.968,,a
2014-05-27,141,8.386,,a
2014-05-28,140,7.735,,a
2014-05-29,138,7.091,,a
2014-05-30,136,6.248,,a
2014-05-31,134,5.556,,a
2014-06-01,131,4.57,,a
2014-06-02,129,4.024,,a
2014-06-03,130,4.502,,a
2014-06-04,131,4.722,,a
2014-06-05,129,4.122,,a
2014-06-06,130,4.261,,a
2014-06-07,129,4.198,,a
2014-06-08,130,4.491,,a
2014-06-09,131,4.725,,a
2014-06-10,132,4.925,,a
2014-06-11,132,4.966,,a
2014-06-12,134,5.743,,a
2014-06-13,138,7.297,,a
2014-06-14,140,8.096,,a
2014-06-15,134,5.577,,a
2014-06-16,129,4.191,,a
2014-06-17,127,3.341,,a
2014-06-18,126,3.067,,a
2014-06-19,124,2.589,,a
2014-06-20,126,3.285,,a
2014-06-21,130,4.356,,a
2014-06-22,126,3.067,,a
2014-06-23,127,3.409,,a
2014-06-24,142,8.956,,a
2014-06-25,188,37.639,,a
2014-06-26,164,19.658,,a
2014-06-27,148,11.322,,a
2014-06-28,139,7.59,,a
2014-06-29,136,6.454,,a
2014-06-30,207,62.92,,a
2014-07-01,169,22.81,,a
2014-07-02,152,12.982,,a
2014-07-03,145,10.009,,a
2014-07-04,140,7.979,,a
2014-07-05,138,6.986,,a
2014-07-06,135,5.897,,a
2014-07-07,133,5.208,,a
2014-07-08,132,5.14,,a
2014-07-09,138,7.067,,a
2014-07-10,145,10.172,,a
2014-07-11,145,10.106,,a
2014-07-12,136,6.474,,a
2014-07-13,132,5.115,,a
2014-07-14,130,4.507,,a
2014-07-15,128,3.786,,a
2014-07-16,126,3.238,,a
2014-07-17,126,3.335,,a
2014-07-18,126,3.32,,a
2014-07-19,124,2.718,,a
2014-07-20,123,2.535,,a
2014-07-21,125,2.915,,a
2014-07-22,127,3.402,,a
2015-01-01,89,0.692,,a
2015-01-02,89,0.692,,a
2015-01-03,89,0.692,,a
2015-01-04,89,0.692,,a
2015-01-05,88,0.602,,a
2015-01-06,87,0.521,,a
2015-01-07,87,0.521,,a
2015-01-08,86,0.447,,a
2015-01-09,86,0.447,,a
2015-01-10,87,0.521,,a
2015-01-11,105,3.485,,a
2015-01-12,105,3.485,,a
2015-01-13,99,2.118,,a
2015-01-14,97,1.746,,a
2015-01-15,96,1.577,,a
2015-01-16,95,1.42,,a
2015-01-17,100,2.321,,a
2015-01-18,105,3.485,,a
2015-01-19,100,2.321,,a
2015-01-20,98,1.926,,a
2015-01-21,96,1.577,,a
2015-01-22,97,1.746,,a
2015-01-23,96,1.577,,a
2015-01-24,95,1.42,,a
2015-01-25,94,1.274,,a
2015-01-26,93,1.138,,a
2015-01-27,93,1.138,,a
2015-01-28,92,1.013,,a
2015-01-29,92,1.013,,a
2015-01-30,94,1.274,,a
2015-01-31,92,1.013,,a
2015-02-01,90,0.79,,a
2015-02-02,90,0.79,,a
2015-02-03,89,0.692,,a
2015-02-04,89,0.692,,a
2015-02-05,88,0.602,,a
2015-02-06,88,0.602,,a
2015-02-07,88,0.602,,a
2015-02-08,88,0.602,,a
2015-02-09,87,0.521,,a
2015-02-10,87,0.521,,a
2015-02-11,88,0.602,,a
2015-02-12,89,0.692,,a
2015-02-13,88,0.602,,a
2015-02-14,88,0.602,,a
2015-02-15,93,1.138,,a
2015-02-16,94,1.274,,a
2015-02-17,93,1.138,,a
2015-02-18,92,1.013,,a
2015-02-19,91,0.896,,a
2015-02-20,91,0.896,,a
2015-02-21,91,0.896,,a
2015-02-22,99,2.118,,a
2015-02-23,105,3.485,,a
2015-02-24,108,4.258,,a
2015-02-25,105,3.485,,a
2015-02-26,102,2.768,,a
2015-02-27,101,2.49,,a
2015-02-28,96,1.645,,a
2015-03-01,94,1.247,,a
2015-03-02,93,1.19,,a
2015-03-03,94,1.242,,a
2015-03-04,92,1.003,,a
2015-03-05,92,0.964,,a
2015-03-06,90,0.779,,a
2015-03-07,90,0.766,,a
2015-03-08,90,0.761,,a
2015-03-09,89,0.673,,a
2015-03-10,90,0.809,,a
2015-03-11,92,0.974,,a
2015-03-12,92,1.023,,a
2015-03-13,92,1.023,,a
2015-03-14,92,1.008,,a
2015-03-15,92,0.998,,a
2015-03-16,91,0.916,,a
2015-03-17,91,0.93,,a
2015-03-18,91,0.932,,a
2015-03-19,90,0.778,,a
2015-03-20,90,0.791,,a
2015-03-21,89,0.693,,a
2015-03-22,90,0.771,,a
2015-03-23,90,0.77,,a
2015-03-24,89,0.729,,a
2015-03-25,90,0.825,,a
2015-03-26,124,9.848,,a
2015-03-27,160,29.923,,a
2015-03-28,135,13.665,,a
2015-03-29,119,7.433,,a
2015-03-30,112,5.461,,a
2015-03-31,108,4.372,,a
2015-04-01,106,3.76,,a
2015-04-02,103,2.896,,a
2015-04-03,100,2.294,,a
2015-04-04,97,1.697,,a
2015-04-05,95,1.492,,a
2015-04-06,92,1.011,,a
2015-04-07,89,0.673,,a
2015-04-08,88,0.609,,a
2015-04-09,88,0.644,,a
2015-04-10,88,0.584,,a
2015-04-11,90,0.775,,a
2015-04-12,90,0.782,,a
2015-04-13,90,0.825,,a
2015-04-14,91,0.954,,a
2015-04-15,90,0.746,,a
2015-04-16,92,1.061,,a
2015-04-17,96,1.634,,a
2015-04-18,110,4.907,,a
2015-04-19,103,3.102,,a
2015-04-20,97,1.776,,a
2015-04-21,94,1.269,,a
2015-04-22,93,1.187,,a
2015-04-23,95,1.459,,a
2015-04-24,95,1.449,,a
2015-04-25,92,1.026,,a
2015-04-26,92,1.025,,a
2015-04-27,96,1.576,,a
2015-04-28,105,3.633,,a
2015-04-29,111,5.02,,a
2015-04-30,102,2.882,,a
2015-05-01,98,1.895,,a
2015-05-02,108,4.437,,a
2015-05-03,113,5.602,,a
2015-05-04,113,5.752,,a
2015-05-05,112,5.287,,a
2015-05-06,113,5.677,,a
2015-05-07,112,5.439,,a
2015-05-08,108,4.221,,a
2015-05-09,105,3.479,,a
2015-05-10,102,2.809,,a
2015-05-11,100,2.274,,a
2015-05-12,98,1.898,,a
2015-05-13,97,1.765,,a
2015-05-14,99,2.145,,a
2015-05-15,127,10.671,,a
2015-05-16,128,10.841,,a
2015-05-17,119,7.606,,a
2015-05-18,113,5.768,,a
2015-05-19,111,4.978,,a
2015-05-20,110,4.733,,a
2015-05-21,117,6.798,,a
2015-05-22,118,7.387,,a
2015-05-23,161,26.299,,a
2015-05-24,146,18.385,,a
2015-05-25,134,13.108,,a
2015-05-26,128,10.801,,a
2015-05-27,123,8.974,,a
2015-05-28,118,7.176,,a
2015-05-29,115,6.129,,a
2015-05-30,113,5.543,,a
2015-05-31,115,6.365,,a
2015-06-01,116,6.611,,a
2015-06-02,113,5.582,,a
2015-06-03,110,4.875,,a
2015-06-04,109,4.471,,a
2015-06-05,108,4.249,,a
2015-06-06,107,3.953,,a
2015-06-07,105,3.56,,a
2015-06-08,104,3.283,,a
2015-06-09,103,2.905,,a
2015-06-10,105,3.553,,a
2015-06-11,96,1.513,,a
2015-06-12,93,1.084,,a
2015-06-13,91,0.892,,a
2015-06-14,90,0.832,,a
2015-06-15,89,0.688,,a
2015-06-16,94,1.421,,a
2015-06-17,110,4.759,,a
2015-06-18,103,3.074,,a
2015-06-19,99,2.112,,a
2015-06-20,103,3.056,,a
2015-06-21,104,3.147,,a
2015-06-22,98,1.864,,a
2015-06-23,147,33.871,,a
2015-06-24,187,62.953,,a
2015-06-25,142,22.026,,a
2015-06-26,128,15.458,,a
2015-06-27,119,11.931,,a
2015-06-28,113,9.634,,a
2015-06-29,106,7.302,,a
2015-06-30,101,5.807,,a
2015-07-01,97,4.554,,a
2015-07-02,93,3.562,,a
2015-07-03,91,2.934,,a
2015-07-04,90,2.833,,a
2015-07-05,87,2.215,,a
2015-07-06,84,1.56,,a
2015-07-07,80,1.017,,a
2015-07-08,79,0.884,,a
2015-07-09,97,4.53,,a
2015-07-10,87,2.234,,a
2015-07-11,79,0.923,,a
2015-07-12,75,0.542,,a
2015-07-13,75,0.511,,a
2015-07-14,75,0.546,,a
2015-07-15,77,0.808,,a
2015-07-16,87,2.285,,a
2015-07-17,76,0.606,,a
2015-07-18,76,0.597,,a
2015-07-19,76,0.596,,a
2015-07-20,75,0.56,,a
2015-07-21,76,0.643,,a
2015-07-22,77,0.679,,a
2015-07-23,76,0.61,,a
2015-07-24,77,0.662,,a
2015-07-25,98,5.591,,a
2015-07-26,106,7.62,,a
2015-07-27,94,3.924,,a
2015-07-28,89,2.65,,a
2015-07-29,80,1.052,,a
2015-07-30,121,13.923,,a
2015-07-31,115,10.479,,a
2015-08-01,97,4.637,,a
2015-08-02,95,4.134,,a
2015-08-03,99,5.029,,a
2015-08-04,92,3.357,,a
2015-08-05,86,1.903,,a
2015-08-06,81,1.147,,a
2015-08-07,77,0.729,,a
2015-08-08,76,0.612,,a
2015-08-09,76,0.628,,a
2015-08-10,77,0.686,,a
2015-08-11,77,0.699,,a
2015-08-12,77,0.663,,a
2015-08-13,77,0.695,,a
2015-08-14,77,0.73,,a
2015-08-15,77,0.735,,a
2015-08-16,76,0.63,,a
2015-08-17,77,0.701,,a
2015-08-18,79,0.914,,a
2015-08-19,77,0.72,,a
2015-08-20,80,0.996,,a
2015-08-21,76,0.596,,a
2015-08-22,75,0.506,,a
2015-08-23,75,0.519,,a
2015-08-24,76,0.582,,a
2015-08-25,96,5.489,,a
2015-08-26,98,4.912,,a
2015-08-27,81,1.126,,a
2015-08-28,75,0.503,,a
2015-08-29,75,0.51,,a
2015-08-30,75,0.545,,a
2015-08-31,76,0.595,,a
2015-09-01,76,0.585,,a
2015-09-02,76,0.599,,a
2015-09-03,77,0.658,,a
2015-09-04,80,1.035,,a
2015-09-05,132,17.801,,a
2015-09-06,122,13.027,,a
2015-09-07,103,6.384,,a
2015-09-08,93,3.445,,a
2015-09-09,86,1.867,,a
2015-09-10,81,1.195,,a
2015-09-11,79,0.945,,a
2015-09-12,77,0.694,,a
2015-09-13,76,0.578,,a
2015-09-14,83,2.44,,a
2015-09-15,109,8.282,,a
2015-09-16,100,5.317,,a
2015-09-17,94,3.621,,a
2015-09-18,88,2.407,,a
2015-09-19,84,1.579,,a
2015-09-20,81,1.11,,a
2015-09-21,78,0.829,,a
2015-09-22,77,0.647,,a
2015-09-23,78,1.06,,a
2015-09-24,124,14.057,,a
2015-09-25,114,9.825,,a
2015-09-26,114,9.819,,a
2015-09-27,103,6.388,,a
2015-09-28,95,4.074,,a
2015-09-29,92,3.335,,a
2015-09-30,88,2.446,,a
2015-10-01,84,1.597,,a
2015-10-02,83,1.361,,a
2015-10-03,81,1.184,,a
2015-10-04,78,0.813,,a
2015-10-05,83,1.511,,a
2015-10-06,78,0.763,,a
2015-10-07,110,9.106,,a
2015-10-08,113,9.709,,a
2015-10-09,102,6.126,,a
2015-10-10,95,3.926,,a
2015-10-11,118,12.116,,a
2015-10-12,116,10.917,,a
2015-10-13,110,8.599,,a
2015-10-14,157,34.732,,a
2015-10-15,179,50.368,,a
2015-10-16,160,33.259,,a
2015-10-17,144,22.913,,a
2015-10-18,132,17.163,,a
2015-10-19,133,17.63,,a
2015-10-20,127,15.078,,a
2015-10-21,120,8.082,,a
2015-10-22,115,6.417,,a
2015-10-23,111,5.266,,a
2015-10-24,108,4.339,,a
2015-10-25,105,3.742,,a
2015-10-26,103,3.255,,a
2015-10-27,101,2.882,,a
2015-10-28,99,2.398,,a
2015-10-29,99,2.33,,a
2015-10-30,98,2.193,,a
2015-10-31,95,1.774,,a
2015-11-01,93,1.52,,a
2015-11-02,93,1.441,,a
2015-11-03,95,1.752,,a
2015-11-04,92,1.405,,a
2015-11-05,89,1.009,,a
2015-11-06,88,0.954,,a
2015-11-07,88,0.9,,a
2015-11-08,87,0.851,,a
2015-11-09,87,0.834,,a
2015-11-10,88,0.888,,a
2015-11-11,88,0.888,,a
2015-11-12,88,0.881,,a
2015-11-13,88,0.907,,a
2015-11-14,88,0.899,,a
2015-11-15,87,0.855,,a
2015-11-16,87,0.816,,a
2015-11-17,87,0.815,,a
2015-11-18,86,0.778,,a
2015-11-19,86,0.747,,a
2015-11-20,86,0.747,,a
2015-11-21,108,5.989,,a
2015-11-22,107,4.127,,a
2015-11-23,96,1.982,,a
2015-11-24,91,1.254,,a
2015-11-25,89,1.036,,a
2015-11-26,88,0.907,,a
2015-11-27,87,0.815,,a
2015-11-28,86,0.785,,a
2015-11-29,87,0.829,,a
2015-11-30,87,0.805,,a
2015-12-01,86,0.75,,a
2015-12-02,86,0.771,,a
2015-12-03,87,0.829,,a
2015-12-04,87,0.826,,a
2015-12-05,87,0.815,,a
2015-12-06,87,0.788,,a
2015-12-07,86,0.747,,a
2015-12-08,86,0.75,,a
2015-12-09,86,0.747,,a
2015-12-10,86,0.747,,a
2015-12-11,86,0.712,,a
2015-12-12,85,0.67,,a
2015-12-13,85,0.67,,a
2015-12-14,85,0.67,,a
2015-12-15,85,0.664,,a
2015-12-16,87,0.792,,a
2015-12-17,87,0.836,,a
2015-12-18,88,0.881,,a
2015-12-19,87,0.834,,a
2015-12-20,87,0.826,,a
2015-12-21,87,0.795,,a
2015-12-22,86,0.747,,a
2015-12-23,85,0.656,,a
2015-12-24,83,0.551,,a
2015-12-25,83,0.543,,a
2015-12-26,83,0.535,,a
2015-12-27,83,0.535,,a
2015-12-28,83,0.525,,a
2015-12-29,82,0.476,,a
2015-12-30,82,0.476,,a
2015-12-31,82,0.476,,a
2016-01-01,82,0.476,2,a
2016-01-02,82,0.476,1.4,a
2016-01-03,82,0.476,1.3,a
2016-01-04,82,0.476,1.3,a
2016-01-05,82,0.476,1.4,a
2016-01-06,82,0.476,2.5,a
2016-01-07,82,0.472,3.4,a
2016-01-08,82,0.465,3.1,a
2016-01-09,83,0.553,4,a
2016-01-10,129,13.448,5.1,a
2016-01-11,127,15.696,6.6,a
2016-01-12,157,27.623,6.8,a
2016-01-13,125,11.71,5.8,a
2016-01-14,114,8.044,5.1,a
2016-01-15,109,6.203,5.4,a
2016-01-16,103,4.438,4.8,a
2016-01-17,99,3.103,3.7,a
2016-01-18,95,2.279,2.9,a
2016-01-19,93,1.803,2.2,a
2016-01-20,91,1.435,2.4,a
2016-01-21,89,1.124,2.4,a
2016-01-22,86,0.85,2.8,a
2016-01-23,84,0.66,1.6,a
2016-01-24,84,0.624,1.8,a
2016-01-25,83,0.544,3.6,a
2016-01-26,83,0.538,4,a
2016-01-27,83,0.529,4.4,a
2016-01-28,83,0.544,5.7,a
2016-01-29,83,0.529,5.5,a
2016-01-30,83,0.544,5.3,a
2016-01-31,83,0.577,6.5,a
2016-02-01,83,0.568,7.1,a
2016-02-02,82,0.504,6.9,a
2016-02-03,90,2.05,7.4,a
2016-02-04,107,5.665,5.7,a
2016-02-05,94,2.002,5.1,a
2016-02-06,89,1.237,5,a
2016-02-07,87,0.962,5.8,a
2016-02-08,101,4.597,6.8,a
2016-02-09,118,9.264,7.2,a
2016-02-10,160,30.384,6.7,a
2016-02-11,130,13.408,6,a
2016-02-12,117,8.962,5.2,a
2016-02-13,115,8.357,5.4,a
2016-02-14,127,13.074,5.8,a
2016-02-15,139,17.163,6.3,a
2016-02-16,135,15.269,5.9,a
2016-02-17,127,12.431,5.8,a
2016-02-18,124,11.389,6,a
2016-02-19,129,13.294,6.5,a
2016-02-20,126,11.945,6.6,a
2016-02-21,117,9.02,6.2,a
2016-02-22,112,7.376,6.8,a
2016-02-23,112,7.351,7.7,a
2016-02-24,112,7.445,7.2,a
2016-02-25,108,5.933,6.2,a
2016-02-26,105,4.978,6,a
2016-02-27,102,4.182,5.4,a
2016-02-28,105,5.139,5.8,a
2016-02-29,124,11.252,6.8,a
2016-03-01,120,9.985,7.2,a
2016-03-02,113,7.594,6.6,a
2016-03-03,118,9.383,6.4,a
2016-03-04,113,7.554,6.5,a
2016-03-05,108,6.122,6,a
2016-03-06,125,11.74,7,a
2016-03-07,141,17.889,6.2,a
2016-03-08,129,13.06,6.5,a
2016-03-09,120,9.828,6.6,a
2016-03-10,114,7.893,7.3,a
2016-03-11,110,6.715,7.4,a
2016-03-12,107,5.557,7.5,a
2016-03-13,104,4.79,7,a
2016-03-14,101,3.815,7.2,a
2016-03-15,100,3.338,5.9,a
2016-03-16,98,2.917,5.6,a
2016-03-17,95,2.25,7.3,a
2016-03-18,94,1.944,7.4,a
2016-03-19,93,1.833,7.8,a
2016-03-20,93,1.802,8.2,a
2016-03-21,93,1.873,7.6,a
2016-03-22,93,1.722,8.4,a
2016-03-23,92,1.593,7.2,a
2016-03-24,90,1.336,7,a
2016-03-25,88,1.083,7.5,a
2016-03-26,87,0.916,8.5,a
2016-03-27,86,0.766,8.5,a
2016-03-28,85,0.705,8.1,a
2016-03-29,84,0.661,9.3,a
2016-03-30,87,0.914,8.9,a
2016-03-31,92,1.741,9.9,a
2016-04-01,100,3.535,9.8,a
2016-04-02,103,4.221,9.3,a
2016-04-03,101,3.727,9,a
2016-04-04,101,3.788,9.4,a
2016-04-05,105,4.992,9.2,a
2016-04-06,107,5.718,8.9,a
2016-04-07,107,5.718,9.4,a
2016-04-08,107,5.53,8.2,a
2016-04-09,106,5.422,8.2,a
2016-04-10,104,4.695,8.8,a
2016-04-11,102,4.032,9.7,a
2016-04-12,101,3.842,9.7,a
2016-04-13,101,3.842,9.7,a
2016-04-14,106,5.435,8.8,a
2016-04-15,101,3.814,9.1,a
2016-04-16,98,2.987,10.3,a
2016-04-17,100,3.413,10.3,a
2016-04-18,103,4.317,9.2,a
2016-04-19,102,4.046,8.7,a
2016-04-20,98,2.944,8.8,a
2016-04-21,95,2.162,9.7,a
2016-04-22,95,2.219,10.4,a
2016-04-23,96,2.5,9.2,a
2016-04-24,95,2.175,8.5,a
2016-04-25,92,1.694,7.9,a
2016-04-26,90,1.303,7.8,a
2016-04-27,95,2.45,7.1,a
2016-04-28,100,3.479,5.5,a
2016-04-29,103,4.469,8,a
2016-04-30,104,4.653,9,a
2016-05-01,106,5.493,8.7,a
2016-05-02,128,12.788,8.6,a
2016-05-03,121,10.147,9.3,a
2016-05-04,111,6.878,9.3,a
2016-05-05,104,4.789,10,a
2016-05-06,102,4.073,10.7,a
2016-05-07,101,3.611,10.7,a
2016-05-08,101,3.854,10.3,a
2016-05-09,104,4.628,10.3,a
2016-05-10,105,4.871,9.1,a
2016-05-11,106,5.409,8.8,a
2016-05-12,124,11.503,9.1,a
2016-05-13,130,13.591,8.8,a
2016-05-14,134,16.064,9.1,a
2016-05-15,156,25.493,8.9,a
2016-05-16,135,15.255,8.8,a
2016-05-17,123,10.972,8.9,a
2016-05-18,116,8.618,9.1,a
2016-05-19,112,7.161,8.9,a
2016-05-20,107,5.651,9.9,a
2016-05-21,105,4.897,10.8,a
2016-05-22,104,4.857,11.4,a
2016-05-23,107,5.53,10.4,a
2016-05-24,108,6.082,9.5,a
2016-05-25,104,4.735,10.7,a
2016-05-26,103,4.344,11.4,a
2016-05-27,104,4.56,11.3,a
2016-05-28,104,4.817,11.3,a
2016-05-29,106,5.274,10.6,a
2016-05-30,110,6.769,9.6,a
2016-05-31,113,7.553,9.4,a
2016-06-01,109,6.283,9.1,a
2016-06-02,110,6.62,9.5,a
2016-06-03,111,6.835,10.2,a
2016-06-04,107,5.624,10.5,a
2016-06-05,104,4.574,11,a
2016-06-06,103,4.358,10.6,a
2016-06-07,103,4.249,11.1,a
2016-06-08,107,5.587,11.3,a
2016-06-09,113,7.562,10.3,a
2016-06-10,120,9.891,10.3,a
2016-06-11,117,8.896,10.2,a
2016-06-12,127,12.275,10.8,a
2016-06-13,124,11.186,10.4,a
2016-06-14,116,8.742,10.2,a
2016-06-15,150,23.832,10.9,a
2016-06-16,134,15.234,10.2,a
2016-06-17,127,12.311,10.6,a
2016-06-18,122,10.751,10.1,a
2016-06-19,116,8.756,9.2,a
2016-06-20,115,8.357,9.8,a
2016-06-21,111,7.12,10.9,a
2016-06-22,107,5.759,11.9,a
2016-06-23,105,4.897,12.3,a
2016-06-24,103,4.371,12.9,a
2016-06-25,103,4.222,12.2,a
2016-06-26,103,4.452,11.6,a
2016-06-27,105,5.004,11.5,a
2016-06-28,101,3.765,12.3,a
2016-06-29,97,2.72,13.1,a
2016-06-30,95,2.274,13.7,a
2016-07-01,95,2.132,14,a
2016-07-02,93,1.86,14.3,a
2016-07-03,97,2.831,12.7,a
2016-07-04,96,2.443,13,a
2016-07-05,93,1.897,13.9,a
2016-07-06,106,5.411,14.1,a
2016-07-07,96,2.385,13.9,a
2016-07-08,92,1.653,14.1,a
2016-07-09,90,1.384,14.8,a
2016-07-10,89,1.147,15.9,a
2016-07-11,88,1.026,16.6,a
2016-07-12,87,0.961,16.5,a
2016-07-13,95,2.932,15.7,a
2016-07-14,110,6.615,13.7,a
2016-07-15,98,2.962,11.1,a
2016-07-16,92,1.645,11,a
2016-07-17,89,1.126,13,a
2016-07-18,87,0.913,15.2,a
2016-07-19,87,0.902,16.9,a
2016-07-20,86,0.796,17,a
2016-07-21,86,0.816,17.1,a
2016-07-22,90,1.57,17.5,a
2016-07-23,90,1.332,18.5,a
2016-07-24,86,0.83,17.4,a
2016-07-25,87,0.981,17.3,a
2016-07-26,97,0.907,16,a
2016-07-27,121,0.975,16.2,a
2016-07-28,126,1.805,15.1,a
2016-07-29,129,2.449,15.4,a
2016-07-30,127,1.929,15.9,a
2016-07-31,127,1.796,17.1,a
2016-08-01,131,3.188,15.7,a
2016-08-02,131,2.998,15,a
2016-08-03,128,2.175,15.7,a
2016-08-04,128,2.019,16.8,a
2016-08-05,127,1.966,16.6,a
2016-08-06,128,2.167,16.3,a
2016-08-07,127,1.975,16,a
2016-08-08,128,2.055,16,a
2016-08-09,128,2.064,16.6,a
2016-08-10,138,5.344,14.9,a
2016-08-11,137,4.959,11.3,a
2016-08-12,128,2.246,11.8,a
2016-08-13,124,1.324,13.9,a
2016-08-14,122,1.01,15.5,a
2016-08-15,121,0.975,16.6,a
2016-08-16,123,1.238,16.4,a
2016-08-17,127,2.356,15.6,a
2016-08-18,132,3.335,14.7,a
2016-08-19,130,2.784,15.8,a
2016-08-20,129,2.463,15.2,a
2016-08-21,135,4.474,15.8,a
2016-08-22,140,5.714,13,a
2016-08-23,133,3.539,12.4,a
2016-08-24,128,2.057,13.4,a
2016-08-25,125,1.507,14.5,a
2016-08-26,123,1.174,15,a
2016-08-27,122,0.999,15.4,a
2016-08-28,121,0.929,15.8,a
2016-08-29,121,0.925,16.2,a
2016-08-30,122,1.093,16.4,a
2016-08-31,121,0.866,16,a
2016-09-01,122,1.038,15.8,a
2016-09-02,123,1.197,17,a
2016-09-03,121,0.905,16.2,a
2016-09-04,121,0.924,16,a
2016-09-05,121,0.935,16,a
2016-09-06,121,0.9,14.2,a
2016-09-07,121,0.907,14.4,a
2016-09-08,120,0.856,15.1,a
2016-09-09,120,0.847,15.5,a
2016-09-10,121,0.895,15.9,a
2016-09-11,121,0.905,16,a
2016-09-12,121,0.924,16.2,a
2016-09-13,121,0.935,16.3,a
2016-09-14,121,0.929,16.4,a
2016-09-15,122,1.005,16.2,a
2016-09-16,122,1.054,15.3,a
2016-09-17,131,2.967,14.6,a
2016-09-18,127,2.054,12.4,a
2016-09-19,121,0.906,13.3,a
2016-09-20,120,0.786,13.6,a
2016-09-21,121,0.931,13.5,a
2016-09-22,120,0.791,12.3,a
2016-09-23,119,0.751,12.4,a
2016-09-24,119,0.703,12.9,a
2016-09-25,118,0.635,12.8,a
2016-09-26,118,0.595,12.6,a
2016-09-27,118,0.581,12.9,a
2016-09-28,118,0.609,12.8,a
2016-09-29,118,0.61,12.9,a
2016-09-30,118,0.591,13.2,a
2016-10-01,117,0.552,13.8,a
2016-10-02,118,0.598,13.4,a
2016-10-03,125,1.72,13,a
2016-10-04,124,1.314,11.3,a
2016-10-05,121,0.985,11.2,a
2016-10-06,120,0.837,10.6,a
2016-10-07,120,0.808,10.7,a
2016-10-08,120,0.764,11.8,a
2016-10-09,118,0.617,12.5,a
2016-10-10,117,0.524,9.9,a
2016-10-11,117,0.524,9.3,a
2016-10-12,117,0.521,9.1,a
2016-10-13,117,0.524,8.7,a
2016-10-14,117,0.524,9,a
2016-10-15,122,1.179,10,a
2016-10-16,124,1.335,10.3,a
2016-10-17,118,0.644,10.4,a
2016-10-18,118,0.591,11,a
2016-10-19,118,0.585,10.7,a
2016-10-20,139,5.811,9.9,a
2016-10-21,144,7.247,9,a
2016-10-22,133,3.613,8.5,a
2016-10-23,126,1.797,8.6,a
2016-10-24,127,2.069,9.6,a
2016-10-25,136,4.526,9.2,a
2016-10-26,168,17.731,9.8,a
2016-10-27,146,7.913,8.8,a
2016-10-28,137,4.796,8.2,a
2016-10-29,131,3.042,8.1,a
2016-10-30,128,2.097,8.2,a
2016-10-31,125,1.536,8.7,a
2016-11-01,123,1.155,7.6,a
2016-11-02,121,0.948,8,a
2016-11-03,119,0.752,8,a
2016-11-04,118,0.568,6.8,a
2016-11-05,122,1.609,7,a
2016-11-06,226,76.597,9.2,a
2016-11-07,215,69.217,8.1,a
2016-11-08,183,33.009,7.5,a
2016-11-09,166,20.944,7.1,a
2016-11-10,155,14.673,7.1,a
2016-11-11,148,11.078,7.2,a
2016-11-12,148,11.263,7.3,a
2016-11-13,141,8.227,6.4,a
2016-11-14,137,6.71,6.4,a
2016-11-15,134,5.57,5.5,a
2016-11-16,132,4.845,6.2,a
2016-11-17,131,4.556,7.1,a
2016-11-18,131,4.701,8.1,a
2016-11-19,195,53.182,8.4,a
2016-11-20,188,38.511,8.3,a
2016-11-21,169,22.716,8.1,a
2016-11-22,167,21.729,8.3,a
2016-11-23,161,18.066,8.1,a
2016-11-24,155,14.85,8.2,a
2016-11-25,150,12.051,8.5,a
2016-11-26,147,10.711,8.2,a
2016-11-27,145,9.688,8.1,a
2016-11-28,142,8.588,7.2,a
2016-11-29,138,7.046,5.1,a
2016-11-30,135,6.041,4.6,a
2016-12-01,133,5.223,4.7,a
2016-12-02,131,4.792,5,a
2016-12-03,129,4.099,5.3,a
2016-12-04,127,3.575,4.8,a
2016-12-05,126,3.079,5.3,a
2016-12-06,124,2.64,4.3,a
2016-12-07,122,2.266,4.1,a
2016-12-08,121,1.929,3.7,a
2016-12-09,120,1.748,3.9,a
2016-12-10,119,1.511,3.8,a
2016-12-11,118,1.415,3.9,a
2016-12-12,118,1.258,4.5,a
2016-12-13,116,1.068,4.4,a
2016-12-14,116,0.939,4.2,a
2016-12-15,114,0.752,4.1,a
2016-12-16,114,0.683,4.9,a
2016-12-17,113,0.594,3.7,a
2016-12-18,114,0.715,2.6,a
2016-12-19,115,0.869,3.3,a
2016-12-20,114,0.698,3.8,a
2016-12-21,113,0.612,3.4,a
2016-12-22,113,0.612,3,a
2016-12-23,113,0.604,2.9,a
2016-12-24,113,0.655,2.4,a
2016-12-25,114,0.7,2.9,a
2016-12-26,113,0.637,3.3,a
2016-12-27,114,0.758,3.9,a
2016-12-28,114,0.693,4.6,a
2016-12-29,114,0.731,4.3,a
2016-12-30,114,0.726,2.5,a
2016-12-31,114,0.726,1.7,a
2017-01-01,114,0.721,1.3,a
2017-01-02,114,0.693,1.5,a
2017-01-03,114,0.679,3.2,a
2017-01-04,113,0.631,2.3,a
2017-01-05,113,0.641,1.9,a
2017-01-06,113,0.65,0.6,a
2017-01-07,114,0.68,0,a
2017-01-08,114,0.743,0.1,a
2017-01-09,114,0.723,0.1,a
2017-01-10,114,0.727,0.7,a
2017-01-11,113,0.657,0,a
2017-01-12,113,0.637,0,a
2017-01-13,132,6.282,1.2,a
2017-01-14,122,2.187,1.5,a
2017-01-15,115,0.846,2.2,a
2017-01-16,114,0.688,1.8,a
2017-01-17,113,0.622,1.8,a
2017-01-18,113,0.612,1.8,a
2017-01-19,113,0.583,2.3,a
2017-01-20,113,0.579,1.3,a
2017-01-21,112,0.541,0.7,a
2017-01-22,112,0.52,0.4,a
2017-01-23,112,0.512,0.7,a
2017-01-24,112,0.52,0.5,a
2017-01-25,112,0.516,1,a
2017-01-26,112,0.512,1.8,a
2017-01-27,112,0.49,2.3,a
2017-01-28,112,0.512,1.4,a
2017-01-29,112,0.49,1.1,a
2017-01-30,111,0.424,1.1,a
2017-01-31,111,0.424,1.6,a
2017-02-01,124,2.949,2.8,a
2017-02-02,123,2.353,2.9,a
2017-02-03,120,1.75,3.3,a
2017-02-04,124,2.793,4.4,a
2017-02-05,141,8.556,4.1,a
2017-02-06,151,12.674,4.5,a
2017-02-07,141,8.147,5,a
2017-02-08,130,4.28,4.7,a
2017-02-09,123,2.358,3.7,a
2017-02-10,119,1.487,3.6,a
2017-02-11,117,1.121,3.9,a
2017-02-12,115,0.862,4,a
2017-02-13,115,0.8,4.3,a
2017-02-14,114,0.679,4.6,a
2017-02-15,114,0.702,4,a
2017-02-16,113,0.631,4.1,a
2017-02-17,113,0.636,4.7,a
2017-02-18,114,0.679,6.1,a
2017-02-19,113,0.612,6.5,a
2017-02-20,113,0.612,5.7,a
2017-02-21,113,0.587,5.2,a
2017-02-22,113,0.579,5.5,a
2017-02-23,113,0.612,6.3,a
2017-02-24,118,1.832,6.9,a
2017-02-25,135,6.091,4.9,a
2017-02-26,126,3.233,4.8,a
2017-02-27,121,1.985,5.8,a
2017-02-28,119,1.519,6.2,a
2017-03-01,147,11.954,6.1,a
2017-03-02,140,7.952,5.8,a
2017-03-03,132,5.071,6.7,a
2017-03-04,129,4.145,7.4,a
2017-03-05,157,15.668,7.1,a
2017-03-06,143,9.078,7,a
2017-03-07,137,6.715,7.2,a
2017-03-08,131,4.829,7,a
2017-03-09,128,3.721,7,a
2017-03-10,126,3.095,7.4,a
2017-03-11,123,2.452,7,a
2017-03-12,121,2.029,6.8,a
2017-03-13,119,1.606,7.1,a
2017-03-14,118,1.287,7.1,a
2017-03-15,116,0.961,8,a
2017-03-16,115,0.811,8.4,a
2017-03-17,114,0.763,9,a
2017-03-18,115,0.795,8.6,a
2017-03-19,114,0.698,8.6,a
2017-03-20,113,0.647,10.4,a
2017-03-21,115,0.887,10.5,a
2017-03-22,116,1.066,9.3,a
2017-03-23,116,0.932,10,a
2017-03-24,115,0.833,10.1,a
2017-03-25,114,0.785,10.5,a
2017-03-26,116,0.978,8,a
2017-03-27,113,0.647,8,a
2017-03-28,113,0.6,9.2,a
2017-03-29,114,0.684,10.2,a
2017-03-30,113,0.66,11,a
2017-03-31,113,0.631,11.4,a
2017-04-01,116,1.118,10.8,a
2017-04-02,116,0.983,10.6,a
2017-04-03,114,0.699,10.8,a
2017-04-04,116,1.162,10.4,a
2017-04-05,117,1.215,10.6,a
2017-04-06,114,0.703,10.8,a
2017-04-07,113,0.583,10.6,a
2017-04-08,112,0.525,11.8,a
2017-04-09,112,0.505,13,a
2017-04-10,113,0.672,13,a
2017-04-11,115,0.865,11.1,a
2017-04-12,114,0.765,10.7,a
2017-04-13,112,0.558,11.7,a
2017-04-14,112,0.555,13.1,a
2017-04-15,119,1.595,11.3,a
2017-04-16,120,1.637,10,a
2017-04-17,123,2.378,9.8,a
2017-04-18,117,1.121,8.2,a
2017-04-19,114,0.736,7.8,a
2017-04-20,112,0.514,8.4,a
2017-04-21,113,0.6,8.9,a
2017-04-22,113,0.575,9.8,a
2017-04-23,113,0.648,9.3,a
2017-04-24,113,0.612,9.2,a
2017-04-25,112,0.537,10,a
2017-04-26,112,0.557,9.9,a
2017-04-27,179,40.952,8.7,a
2017-04-28,262,146.453,8.5,a
2017-04-29,200,50.662,7.7,a
2017-04-30,175,26.956,7.8,a
2017-05-01,162,18.709,8.4,a
2017-05-02,153,13.478,8.7,a
2017-05-03,145,9.668,8.6,a
2017-05-04,139,7.453,8.7,a
2017-05-05,135,6.102,9,a
2017-05-06,132,5.128,9.5,a
2017-05-07,133,5.307,10.2,a
2017-05-08,131,4.609,10.1,a
2017-05-09,131,4.52,9.8,a
2017-05-10,130,4.231,9.7,a
2017-05-11,127,3.495,9.4,a
2017-05-12,131,4.612,10.7,a
2017-05-13,135,6.069,10,a
2017-05-14,133,5.362,10.6,a
2017-05-15,133,5.346,9.7,a
2017-05-16,132,4.838,10.3,a
2017-05-17,129,3.927,10,a
2017-05-18,126,3.228,11,a
2017-05-19,125,2.958,11.5,a
2017-05-20,128,3.859,10.1,a
2017-05-21,126,3.268,11,a
2017-05-22,122,2.258,11.9,a
2017-05-23,123,2.404,12.3,a
2017-05-24,123,2.378,11.5,a
2017-05-25,121,2.039,11.5,a
2017-05-26,119,1.519,12.2,a
2017-05-27,118,1.297,12.9,a
2017-05-28,117,1.083,13.4,a
2017-05-29,116,1.038,13.8,a
2017-05-30,116,1.03,14.2,a
2017-05-31,116,1.033,14.5,a
2017-06-01,120,1.768,14.1,a
2017-06-02,118,1.26,14.4,a
2017-06-03,118,1.269,14.4,a
2017-06-04,115,0.852,14.4,a
2017-06-05,114,0.689,13.8,a
2017-06-06,116,1.286,13.5,a
2017-06-07,139,7.398,11.4,a
2017-06-08,130,4.353,10.8,a
2017-06-09,124,2.558,11.9,a
2017-06-10,119,1.505,13.1,a
2017-06-11,116,1.022,14.4,a
2017-06-12,117,1.139,14.8,a
2017-06-13,117,1.231,15.4,a
2017-06-14,117,1.211,13.8,a
2017-06-15,117,1.099,14.3,a
2017-06-16,117,1.152,14.8,a
2017-06-17,118,1.329,14.2,a
2017-06-18,115,0.877,14.5,a
2017-06-19,113,0.661,15.6,a
2017-06-20,113,0.604,16.4,a
2017-06-21,114,0.753,17,a
2017-06-22,116,1.032,16.2,a
2017-06-23,115,0.816,16.8,a
2017-06-24,114,0.768,16.8,a
2017-06-25,114,0.784,16,a
2017-06-26,116,1.08,16.5,a
2017-06-27,112,0.506,16.5,a
2017-06-28,118,2.005,15.1,a
2017-06-29,164,19.817,12.9,a
2017-06-30,140,7.828,11.1,a
2017-07-01,138,7.224,13,a
2017-07-02,127,3.571,12.3,a
2017-07-03,122,2.092,13.2,a
2017-07-04,119,1.474,14.5,a
2017-07-05,116,1.01,15.6,a
2017-07-06,115,0.835,16.7,a
2017-07-07,115,0.91,16.7,a
2017-07-08,117,1.202,16,a
2017-07-09,116,0.969,17.2,a
2017-07-10,114,0.797,17.9,a
2017-07-11,113,0.672,17.8,a
2017-07-12,117,1.341,17.5,a
2017-07-13,115,0.813,17,a
2017-07-14,113,0.628,14.9,a
2017-07-15,111,0.424,15.4,a
2017-07-16,111,0.424,15.2,a
2017-07-17,111,0.431,15.8,a
2017-07-18,111,0.414,17.2,a
2017-07-19,111,0.431,17.8,a
2017-07-20,111,0.424,18.2,a
2017-07-21,111,0.424,18.8,a
2017-07-22,111,0.405,19.4,a
2017-07-23,111,0.411,19.3,a
2017-07-24,120,2.216,17.5,a
2017-07-25,120,1.911,16.4,a
2017-07-26,113,0.577,15.4,a
2017-07-27,111,0.414,15.9,a
2017-07-28,111,0.405,17.6,a
2017-07-29,111,0.45,18.6,a
2017-07-30,112,0.525,18.5,a
2017-07-31,112,0.534,18.9,a
2017-08-01,112,0.505,19.7,a
2017-08-02,113,0.818,20.3,a
2017-08-03,126,3.646,18.5,a
2017-08-04,113,0.644,19,a
2017-08-05,112,0.537,19.8,a
2017-08-06,112,0.549,19.6,a
2017-08-07,117,1.205,18.4,a
2017-08-08,113,0.629,17.5,a
2017-08-09,112,0.558,18.1,a
2017-08-10,112,0.545,17.8,a
2017-08-11,113,0.596,17.5,a
2017-08-12,112,0.55,16.3,a
2017-08-13,112,0.513,16.5,a
2017-08-14,112,0.486,17.5,a
2017-08-15,111,0.461,18,a
2017-08-16,111,0.442,18,a
2017-08-17,113,0.622,18.2,a
2017-08-18,111,0.435,18.6,a
2017-08-19,111,0.428,17.9,a
2017-08-20,114,0.753,17,a
2017-08-21,112,0.488,15.7,a
2017-08-22,112,0.512,15.4,a
2017-08-23,113,0.571,15.8,a
2017-08-24,113,0.631,16.2,a
2017-08-25,113,0.566,17.2,a
2017-08-26,112,0.512,18,a
2017-08-27,112,0.486,18.5,a
2017-08-28,114,0.802,18.2,a
2017-08-29,113,0.573,17.2,a
2017-08-30,112,0.479,17.3,a
2017-08-31,112,0.469,17.7,a
2017-09-01,112,0.505,17.2,a
2017-09-02,117,1.267,16.1,a
2017-09-03,120,1.834,14.9,a
2017-09-04,115,0.833,13.9,a
2017-09-05,112,0.505,14.8,a
2017-09-06,112,0.497,15.3,a
2017-09-07,118,1.556,15,a
2017-09-08,116,1.023,13.9,a
2017-09-09,112,0.531,13.9,a
2017-09-10,122,3.01,13.7,a
2017-09-11,148,11.647,12.1,a
2017-09-12,154,14.544,11.3,a
2017-09-13,150,12.264,10.9,a
2017-09-14,136,6.401,10.3,a
2017-09-15,182,35.871,10.2,a
2017-09-16,193,42.655,10.6,a
2017-09-17,176,27.383,10.5,a
2017-09-18,165,20.15,10,a
2017-09-19,187,37.775,9.9,a
2017-09-20,184,35.46,9.7,a
2017-09-21,160,17.363,9.4,a
2017-09-22,150,12.246,9.6,a
2017-09-23,144,9.536,9.9,a
2017-09-24,140,7.803,9.8,a
2017-09-25,137,6.604,9.9,a
2017-09-26,133,5.474,9.8,a
2017-09-27,132,4.858,10.2,a
2017-09-28,130,4.316,10.5,a
2017-09-29,127,3.53,10.3,a
2017-09-30,125,2.946,10.2,a
2017-10-01,123,2.443,10.2,a
2017-10-02,122,2.056,9.7,a
2017-10-03,121,1.873,9.5,a
2017-10-04,119,1.586,10.5,a
2017-10-05,118,1.321,10.9,a
2017-10-06,117,1.128,11.4,a
2017-10-07,115,0.812,10.5,a
2017-10-08,113,0.6,10.5,a
2017-10-09,112,0.512,11.1,a
2017-10-10,112,0.529,12,a
2017-10-11,112,0.516,11.8,a
2017-10-12,112,0.501,11.5,a
2017-10-13,112,0.537,11.6,a
2017-10-14,112,0.533,11.6,a
2017-10-15,113,0.598,11.6,a
2017-10-16,113,0.626,11.5,a
2017-10-17,113,0.587,11.4,a
2017-10-18,112,0.52,11.8,a
2017-10-19,112,0.497,11.2,a
2017-10-20,112,0.501,10.8,a
2017-10-21,112,0.512,10.7,a
2017-10-22,116,1.287,10.3,a
2017-10-23,131,5.149,9.2,a
2017-10-24,115,0.858,9.5,a
2017-10-25,112,0.541,9.3,a
2017-10-26,113,0.624,9.3,a
2017-10-27,112,0.508,9.5,a
2017-10-28,112,0.526,8.6,a
2017-10-29,113,0.566,8.7,a
2017-10-30,112,0.512,8.6,a
2017-10-31,112,0.508,7.6,a
2017-11-01,112,0.512,7.2,a
2017-11-02,112,0.512,7.8,a
2017-11-03,112,0.494,9,a
2017-11-04,113,0.641,9.5,a
2017-11-05,112,0.475,10.5,a
2017-11-06,116,1.258,9.9,a
2017-11-07,144,9.492,8.5,a
2017-11-08,141,8.349,8.5,a
2017-11-09,128,3.929,8.8,a
2017-11-10,123,2.401,8.9,a
2017-11-11,120,1.775,8.2,a
2017-11-12,118,1.365,8.2,a
2017-11-13,160,19.219,7.6,a
2017-11-14,141,8.311,7.3,a
2017-11-15,132,4.989,6.5,a
2017-11-16,127,3.592,7.2,a
2017-11-17,124,2.737,7.5,a
2017-11-18,123,2.348,7.4,a
2017-11-19,122,2.056,6.3,a
2017-11-20,119,1.608,5.6,a
2017-11-21,118,1.343,5.4,a
2017-11-22,117,1.108,6.9,a
2017-11-23,116,1.088,6.8,a
2017-11-24,118,1.416,6.6,a
2017-11-25,120,1.687,7.2,a
2017-11-26,190,43.649,7,a
2017-11-27,154,14.009,6,a
2017-11-28,144,9.238,5.3,a
2017-11-29,146,10.67,5.9,a
2017-11-30,155,14.562,5.9,a
2017-12-01,145,9.999,6.1,a
2017-12-02,140,8.016,6,a
2017-12-03,137,6.708,5.2,a
2017-12-04,134,5.728,4.1,a
2017-12-05,132,4.859,4.2,a
2017-12-06,130,4.478,4.5,a
2017-12-07,129,4.084,4.5,a
2017-12-08,135,6.4,6,a
2017-12-09,162,19.205,5.4,a
2017-12-10,143,8.857,4.7,a
2017-12-11,181,33.673,6.1,a
2017-12-12,184,33.869,7.8,a
2017-12-13,168,22.29,6.8,a
2017-12-14,159,16.566,6.7,a
2017-12-15,172,26.313,7.2,a
2017-12-16,176,27.971,6.7,a
2017-12-17,158,16.459,5.9,a
2017-12-18,151,12.494,5.5,a
2017-12-19,145,9.926,4.8,a
2017-12-20,142,8.436,4.7,a
2017-12-21,139,7.449,4.5,a
2017-12-22,136,6.485,4.8,a
2017-12-23,134,5.809,4.8,a
2017-12-24,133,5.236,4.8,a
2017-12-25,132,4.845,4.8,a
2017-12-26,131,4.659,5.5,a
2017-12-27,137,7.603,6.6,a
2017-12-28,190,40.949,6.2,a
2017-12-29,156,15.439,6,a
2017-12-30,146,10.392,5.4,a
2017-12-31,141,8.357,5.2,a
2018-01-01,145,10.05,6.1,a
2018-01-02,153,13.475,5.9,a
2018-01-03,144,9.391,5.9,a
2018-01-04,140,7.882,5.4,a
2018-01-05,137,6.858,6.4,a
2018-01-06,139,7.306,7.4,a
2018-01-07,139,7.478,7.7,a
2018-01-08,139,7.384,7.5,a
2018-01-09,145,10.701,7.4,a
2018-01-10,164,19.604,7.3,a
2018-01-11,151,12.712,7.1,a
2018-01-12,145,9.939,6.5,a
2018-01-13,141,8.404,6.6,a
2018-01-14,139,7.512,6.2,a
2018-01-15,137,6.526,5.4,a
2018-01-16,135,6.127,5.4,a
2018-01-17,135,5.824,6,a
2018-01-18,132,5.141,5.2,a
2018-01-19,136,6.387,5.7,a
2018-01-20,136,6.285,5.6,a
2018-01-21,132,5.129,5.5,a
2018-01-22,130,4.504,5,a
2018-01-23,129,4.198,5.1,a
2018-01-24,128,3.742,5.1,a
2018-01-25,127,3.491,5,a
2018-01-26,126,3.237,6.2,a
2018-01-27,126,3.067,6.1,a
2018-01-28,124,2.682,5.8,a
2018-01-29,124,2.556,5.6,a
2018-01-30,123,2.451,5.6,a
2018-01-31,123,2.451,5.7,a
2018-02-01,126,3.126,6.4,a
2018-02-02,144,9.619,5.4,a
2018-02-03,139,7.3,4.4,a
2018-02-04,134,5.811,5.1,a
2018-02-05,132,5.086,5.1,a
2018-02-06,131,4.582,5.1,a
2018-02-07,131,4.543,4.2,a
2018-02-08,129,4.097,5,a
2018-02-09,129,4.022,5.4,a
2018-02-10,129,3.986,5.5,a
2018-02-11,129,3.924,5.1,a
2018-02-12,128,3.802,4.2,a
2018-02-13,127,3.479,4.4,a
2018-02-14,126,3.168,4.4,a
2018-02-15,125,2.966,3.5,a
2018-02-16,124,2.704,3.5,a
2018-02-17,124,2.682,4.8,a
2018-02-18,126,3.273,5.1,a
2018-02-19,126,3.124,4.6,a
2018-02-20,125,3.001,4.6,a
2018-02-21,123,2.395,4.6,a
2018-02-22,120,1.71,4.3,a
2018-02-23,120,1.638,4.2,a
2018-02-24,119,1.511,4.4,a
2018-02-25,118,1.291,3.1,a
2018-02-26,117,1.097,1.4,a
2018-02-27,117,1.16,1.4,a
2018-02-28,116,1.042,1.5,a
2018-03-01,116,0.996,1.4,a
2018-03-02,116,0.966,1.9,a
2018-03-03,115,0.865,2.4,a
2018-03-04,115,0.842,3.4,a
2018-03-05,115,0.853,4,a
2018-03-06,115,0.853,3.2,a
2018-03-07,115,0.896,5,a
2018-03-08,120,1.762,5.7,a
2018-03-09,127,3.604,5.2,a
2018-03-10,136,6.506,5.5,a
2018-03-11,147,10.636,5.5,a
2018-03-12,172,24.785,6.1,a
2018-03-13,158,16.464,6.6,a
2018-03-14,152,13.133,7,a
2018-03-15,145,9.894,7,a
2018-03-16,147,10.616,7,a
2018-03-17,150,12.11,6.4,a
2018-03-18,149,11.615,6.1,a
2018-03-19,142,8.477,5.1,a
2018-03-20,137,6.638,4.8,a
2018-03-21,133,5.298,5.3,a
2018-03-22,130,4.276,5.4,a
2018-03-23,128,3.888,5.3,a
2018-03-24,127,3.353,6,a
2018-03-25,125,2.812,6.3,a
2018-03-26,123,2.303,6.4,a
2018-03-27,121,1.97,7.6,a
2018-03-28,121,1.873,8,a
2018-03-29,124,2.958,8.1,a
2018-03-30,179,30.53,7.4,a
2018-03-31,162,18.435,7.7,a
2018-04-01,155,14.784,7.8,a
2018-04-02,146,10.161,7.7,a
2018-04-03,141,8.13,8.4,a
2018-04-04,139,7.371,8.1,a
2018-04-05,139,7.47,8.5,a
2018-04-06,140,7.84,8.8,a
2018-04-07,137,6.739,8.5,a
2018-04-08,135,6.07,9,a
2018-04-09,135,6.156,8.9,a
2018-04-10,138,7.153,8.9,a
2018-04-11,138,7.106,9.3,a
2018-04-12,148,11.598,8.9,a
2018-04-13,164,19.677,8.6,a
2018-04-14,153,13.413,8.5,a
2018-04-15,149,11.587,8.8,a
2018-04-16,156,14.919,8.9,a
2018-04-17,170,23.341,8.9,a
2018-04-18,161,17.668,8.8,a
2018-04-19,156,15.115,8.9,a
2018-04-20,153,13.616,9.1,a
2018-04-21,152,12.832,9.2,a
2018-04-22,150,11.9,9.2,a
2018-04-23,149,11.738,9.2,a
2018-04-24,149,11.514,9.1,a
2018-04-25,147,10.656,9.3,a
2018-04-26,147,10.898,8.8,a
2018-04-27,148,11.029,9,a
2018-04-28,145,10.005,9,a
2018-04-29,145,9.969,9.1,a
2018-04-30,145,10.022,9.2,a
2018-05-01,144,9.239,8.6,a
2018-05-02,140,7.832,9.2,a
2018-05-03,141,8.326,9.8,a
2018-05-04,144,9.409,9.1,a
2018-05-05,149,11.748,9,a
2018-05-06,146,10.33,9.2,a
2018-05-07,144,9.53,9.3,a
2018-05-08,142,8.44,9.2,a
2018-05-09,139,7.405,9.2,a
2018-05-10,135,6.16,9.7,a
2018-05-11,134,5.526,9.3,a
2018-05-12,133,5.456,9.8,a
2018-05-13,138,7.113,10.2,a
2018-05-14,139,7.651,9.5,a
2018-05-15,165,20.16,9.3,a
2018-05-16,151,12.403,9,a
2018-05-17,143,9.013,9.3,a
2018-05-18,139,7.627,9.8,a
2018-05-19,138,7.059,9.7,a
2018-05-20,137,6.53,10.3,a
2018-05-21,134,5.726,10.6,a
2018-05-22,134,5.724,9.9,a
2018-05-23,134,5.498,10.1,a
2018-05-24,134,5.592,10.6,a
2018-05-25,134,5.499,11.1,a
2018-05-26,132,5.075,11.1,a
2018-05-27,135,6.149,11.6,a
2018-05-28,140,7.77,11.5,a
2018-05-29,158,19.588,10.9,a
2018-05-30,163,19.203,10.6,a
2018-05-31,156,15.265,10.8,a
2018-06-01,151,12.674,10.6,a
2018-06-02,147,10.715,10.7,a
2018-06-03,144,9.558,11.2,a
2018-06-04,139,7.594,11.3,a
2018-06-05,138,6.951,10.6,a
2018-06-06,135,5.957,11.4,a
2018-06-07,133,5.222,11.3,a
2018-06-08,132,4.967,11.3,a
2018-06-09,135,6.045,12.3,a
2018-06-10,133,5.324,12.4,a
2018-06-11,130,4.507,12.6,a
2018-06-12,130,4.236,12.3,a
2018-06-13,130,4.391,11.5,a
2018-06-14,130,4.504,11.3,a
2018-06-15,128,3.786,11.1,a
2018-06-16,125,2.914,12,a
2018-06-17,123,2.41,11.9,a
2018-06-18,122,2.106,12.9,a
2018-06-19,121,1.951,13.3,a
2018-06-20,120,1.731,14.2,a
2018-06-21,119,1.495,15.3,a
2018-06-22,134,5.982,13.6,a
2018-06-23,129,4.223,11.6,a
2018-06-24,123,2.511,12.1,a
2018-06-25,125,2.953,12.4,a
2018-06-26,123,2.302,12.5,a
2018-06-27,120,1.656,13,a
2018-06-28,119,1.472,12.6,a
2018-06-29,119,1.439,13.1,a
2018-06-30,118,1.426,14.3,a
2018-07-01,119,1.46,14.5,a
2018-07-02,118,1.257,13.6,a
2018-07-03,117,1.173,14.1,a
2018-07-04,117,1.186,14.9,a
2018-07-05,116,0.936,15.9,a
2018-07-06,115,0.821,15,a
2018-07-07,114,0.737,15.8,a
2018-07-08,114,0.726,14.9,a
2018-07-09,114,0.683,15,a
2018-07-10,113,0.617,15.8,a
2018-07-11,126,3.744,14.3,a
2018-07-12,138,7.356,14,a
2018-07-13,126,3.163,14.8,a
2018-07-14,120,1.619,15.5,a
2018-07-15,119,1.465,15.4,a
2018-07-16,124,2.573,13.8,a
2018-07-17,127,3.378,14.1,a
2018-07-18,121,1.861,14.6,a
2018-07-19,117,1.222,15.7,a
2018-07-20,116,0.936,16.2,a
2018-07-21,115,0.855,15.6,a
2018-07-22,117,1.17,15.9,a
2018-07-23,117,1.243,15,a
2018-07-24,115,0.805,15.9,a
2018-07-25,114,0.726,17.2,a
2018-07-26,118,1.472,16.4,a
2018-07-27,114,0.737,16.6,a
2018-07-28,114,0.733,17.2,a
2018-07-29,113,0.612,18.5,a
2018-07-30,113,0.566,18.8,a
2018-07-31,112,0.545,19.3,a
2018-08-01,113,0.621,19.3,a
2018-08-02,114,0.729,18.7,a
2018-08-03,114,0.726,18.6,a
2018-08-04,114,0.688,18.8,a
2018-08-05,115,1.055,18.8,a
2018-08-06,116,1.08,19.2,a
2018-08-07,114,0.726,19.5,a
2018-08-08,114,0.721,19.5,a
2018-08-09,114,0.712,19.3,a
2018-08-10,114,0.726,19.3,a
2018-08-11,114,0.707,19.1,a
2018-08-12,114,0.707,18.9,a
2018-08-13,114,0.674,18.8,a
2018-08-14,114,0.729,18.4,a
2018-08-15,114,0.698,17.8,a
2018-08-16,113,0.612,17.6,a
2018-08-17,113,0.583,18,a
2018-08-18,112,0.537,18.8,a
2018-08-19,112,0.55,19.1,a
2018-08-20,112,0.529,19.2,a
2018-08-21,112,0.541,19.4,a
2018-08-22,113,0.612,18.8,a
2018-08-23,113,0.612,19.1,a
2018-08-24,113,0.626,18.8,a
2018-08-25,120,2.188,16.7,a
2018-08-26,172,25.811,12.3,a
2018-08-27,146,10.301,11.1,a
2018-08-28,132,5.069,11.6,a
2018-08-29,123,2.495,12.9,a
2018-08-30,119,1.487,14,a
2018-08-31,120,1.823,14.1,a
2018-09-01,143,10.572,13,a
2018-09-02,149,11.696,11.3,a
2018-09-03,156,15.926,11.6,a
2018-09-04,152,13.13,11.5,a
2018-09-05,142,8.744,11.4,a
2018-09-06,140,8.404,12,a
2018-09-07,145,10.023,12.8,a
2018-09-08,139,7.415,12.6,a
2018-09-09,132,5.124,12.6,a
2018-09-10,128,3.795,13.1,a
2018-09-11,124,2.732,13.6,a
2018-09-12,121,2.019,13.8,a
2018-09-13,120,1.638,14.2,a
2018-09-14,121,1.959,14.4,a
2018-09-15,122,2.143,15.1,a
2018-09-16,117,1.186,15.1,a
2018-09-17,116,0.957,15.2,a
2018-09-18,114,0.77,15.7,a
2018-09-19,113,0.619,16.2,a
2018-09-20,114,0.674,16.3,a
2018-09-21,114,0.707,16,a
2018-09-22,120,1.985,14.3,a
2018-09-23,121,1.854,12.6,a
2018-09-24,147,12.674,13.1,a
2018-09-25,130,4.372,11.1,a
2018-09-26,121,1.967,10.8,a
2018-09-27,118,1.276,11,a
2018-09-28,116,0.96,11.9,a
2018-09-29,115,0.834,12.6,a
2018-09-30,114,0.698,12.1,a
2018-10-01,113,0.645,11.2,a
2018-10-02,114,0.708,11.8,a
2018-10-03,113,0.612,11.6,a
2018-10-04,113,0.562,12,a
2018-10-05,112,0.537,12.1,a
2018-10-06,113,0.636,12.4,a
2018-10-07,122,2.3,12.8,a
2018-10-08,119,1.572,12.8,a
2018-10-09,116,0.97,13.3,a
2018-10-10,113,0.631,13.5,a
2018-10-11,113,0.591,13.1,a
2018-10-12,113,0.612,12.6,a
2018-10-13,113,0.583,12.4,a
2018-10-14,112,0.512,12.3,a
2018-10-15,112,0.512,11.6,a
2018-10-16,112,0.538,11.9,a
2018-10-17,113,0.579,12.6,a
2018-10-18,112,0.512,13.5,a
2018-10-19,112,0.512,12.9,a
2018-10-20,112,0.521,12.3,a
2018-10-21,113,0.604,11.5,a
2018-10-22,113,0.579,10.5,a
2018-10-23,112,0.554,10.4,a
2018-10-24,111,0.45,10.8,a
2018-10-25,112,0.512,11.3,a
2018-10-26,112,0.52,10.6,a
2018-10-27,121,2.388,11.4,a
2018-10-28,151,20.444,11.1,a
2018-10-29,174,26.659,9.9,a
2018-10-30,211,66.847,9.6,a
2018-10-31,173,25.504,8.4,a
2018-11-01,163,19.268,8.1,a
2018-11-02,162,18.58,8.7,a
2018-11-03,175,26.732,9.4,a
2018-11-04,160,17.357,9.1,a
2018-11-05,151,12.654,9,a
2018-11-06,147,10.676,9.2,a
2018-11-07,148,11.232,9.2,a
2018-11-08,143,9.224,9.1,a
2018-11-09,139,7.471,9,a
2018-11-10,135,6.071,9.1,a
2018-11-11,132,5.062,9.2,a
2018-11-12,129,4.089,9.6,a
2018-11-13,127,3.388,9.4,a
2018-11-14,125,2.845,9.1,a
2018-11-15,123,2.38,8.8,a
2018-11-16,121,1.94,8.2,a
2018-11-17,119,1.583,7.2,a
2018-11-18,119,1.439,6.1,a
2018-11-19,119,1.456,6.2,a
2018-11-20,119,1.439,5.8,a
2018-11-21,117,1.189,6.4,a
2018-11-22,116,1.004,6.9,a
2018-11-23,115,0.837,7.5,a
2018-11-24,121,2.507,7.7,a
2018-11-25,146,10.386,8,a
2018-11-26,163,19.672,8.2,a
2018-11-27,148,11.406,7.9,a
2018-11-28,138,6.919,6.7,a
2018-11-29,134,5.625,5.7,a
2018-11-30,132,5.1,5.2,a
2018-12-01,131,4.556,5.4,a
2018-12-02,127,3.581,5.7,a
2018-12-03,123,2.484,6.8,a
2018-12-04,121,1.989,7.5,a
2018-12-05,119,1.535,6.9,a
2018-12-06,118,1.414,6.7,a
2018-12-07,117,1.114,6.5,a
2018-12-08,120,1.756,7,a
2018-12-09,118,1.301,6.3,a
2018-12-10,116,1.061,5.4,a
2018-12-11,115,0.907,5.2,a
2018-12-12,115,0.795,4.2,a
2018-12-13,114,0.679,3.6,a
2018-12-14,113,0.604,4,a
2018-12-15,113,0.595,3.9,a
2018-12-16,113,0.587,3.8,a
2018-12-17,113,0.612,3.8,a
2018-12-18,113,0.591,2.9,a
2018-12-19,112,0.55,3.6,a
2018-12-20,112,0.512,4.4,a
2018-12-21,112,0.554,4.7,a
2018-12-22,113,0.604,5.4,a
2018-12-23,113,0.595,5.4,a
2018-12-24,113,0.658,5.9,a
2018-12-25,114,0.674,4.6,a
2018-12-26,113,0.612,3.7,a
2018-12-27,113,0.612,3.2,a
2018-12-28,113,0.645,3.1,a
2018-12-29,114,0.674,3.1,a
2018-12-30,113,0.645,3.3,a
2018-12-31,113,0.612,3.6,a
2019-01-01,113,0.612,4.9,a
2019-01-02,113,0.612,3.7,a
2019-01-03,113,0.604,2.8,a
2019-01-04,113,0.612,2.8,a
2019-01-05,113,0.612,2.8,a
2019-01-06,113,0.583,2.9,a
2019-01-07,113,0.612,3.5,a
2019-01-08,112,0.554,3,a
2019-01-09,112,0.512,3.2,a
2019-01-10,112,0.512,3.6,a
2019-01-11,112,0.512,3.2,a
2019-01-12,112,0.512,2.9,a
2019-01-13,112,0.512,3.2,a
2019-01-14,112,0.512,4.1,a
2019-01-15,112,0.512,3.8,a
2019-01-16,112,0.512,3.5,a
2019-01-17,112,0.516,4.9,a
2019-01-18,128,4.381,4.4,a
2019-01-19,117,1.2,3.5,a
2019-01-20,113,0.62,3.6,a
2019-01-21,114,0.669,3.6,a
2019-01-22,113,0.57,3.5,a
2019-01-23,113,0.591,3.1,a
2019-01-24,113,0.57,3.5,a
2019-01-25,112,0.512,3.2,a
2019-01-26,112,0.528,1.9,a
2019-01-27,112,0.525,1.9,a
2019-01-28,125,3.089,2.7,a
2019-01-29,120,1.777,3.7,a
2019-01-30,116,1.05,4.4,a
2019-01-31,114,0.736,3.7,a
2019-02-01,114,0.826,3.5,a
2019-02-02,181,36.709,4.9,a
2019-02-03,195,45.5,6.6,a
2019-02-04,158,16.534,6.3,a
2019-02-05,144,9.358,5.5,a
2019-02-06,137,6.685,4.9,a
2019-02-07,132,5.131,4.4,a
2019-02-08,129,4.04,4.9,a
2019-02-09,126,3.158,4.9,a
2019-02-10,124,2.693,5,a
2019-02-11,144,9.852,5.6,a
2019-02-12,134,5.645,5.2,a
2019-02-13,129,3.953,4.6,a
2019-02-14,126,3.125,4.9,a
2019-02-15,124,2.577,5.1,a
2019-02-16,122,2.126,5.2,a
2019-02-17,121,1.891,5.3,a
2019-02-18,120,1.713,5.4,a
2019-02-19,119,1.599,5.5,a
2019-02-20,118,1.408,5.7,a
2019-02-21,117,1.095,6.4,a
2019-02-22,115,0.908,6.4,a
2019-02-23,113,0.665,4.8,a
2019-02-24,113,0.6,3.6,a
2019-02-25,113,0.581,5.4,a
2019-02-26,112,0.526,6.1,a
2019-02-27,113,0.566,7,a
2019-02-28,112,0.529,7.2,a
2019-03-01,113,0.608,7,a
2019-03-02,112,0.533,7.1,a
2019-03-03,112,0.512,8,a
2019-03-04,112,0.529,7.8,a
2019-03-05,113,0.57,8.3,a
2019-03-06,112,0.512,8,a
2019-03-07,112,0.512,8.7,a
2019-03-08,112,0.512,9.6,a
2019-03-09,112,0.512,9.6,a
2019-03-10,112,0.512,8.6,a
2019-03-11,112,0.554,7.5,a
2019-03-12,112,0.554,7.5,a
2019-03-13,112,0.512,7.1,a
2019-03-14,112,0.512,7.9,a
2019-03-15,112,0.512,7.9,a
2019-03-16,112,0.512,8.3,a
2019-03-17,112,0.512,8.9,a
2019-03-18,114,0.766,8.3,a
2019-03-19,112,0.56,7.2,a
2019-03-20,112,0.518,8,a
2019-03-21,112,0.558,7.8,a
2019-03-22,112,0.525,8.5,a
2019-03-23,112,0.529,9.4,a
2019-03-24,112,0.529,10.3,a
2019-03-25,113,0.612,9.6,a
2019-03-26,115,0.915,9,a
2019-03-27,113,0.595,7.7,a
2019-03-28,113,0.595,7.9,a
2019-03-29,113,0.6,9.4,a
2019-03-30,113,0.591,9.9,a
2019-03-31,113,0.583,10.4,a
2019-04-01,113,0.604,11,a
2019-04-02,113,0.612,11.2,a
2019-04-03,113,0.608,11.3,a
2019-04-04,113,0.612,10.4,a
2019-04-05,119,1.969,9.9,a
2019-04-06,125,2.915,8.7,a
2019-04-07,118,1.279,9,a
2019-04-08,116,0.925,9.7,a
2019-04-09,117,1.172,9.6,a
2019-04-10,126,3.411,9.2,a
2019-04-11,141,8.348,8.7,a
2019-04-12,139,7.531,7.8,a
2019-04-13,132,4.881,7.7,a
2019-04-14,127,3.425,7.8,a
2019-04-15,123,2.529,9.3,a
2019-04-16,120,1.821,10,a
2019-04-17,119,1.535,10.4,a
2019-04-18,119,1.423,10.8,a
2019-04-19,117,1.185,11.1,a
2019-04-20,117,1.157,11.6,a
2019-04-21,118,1.371,11.5,a
2019-04-22,120,1.64,11.4,a
2019-04-23,122,2.276,9.9,a
2019-04-24,137,6.79,9.1,a
2019-04-25,140,7.982,9.6,a
2019-04-26,138,7.075,9.5,a
2019-04-27,137,6.621,9,a
2019-04-28,134,5.499,7.9,a
2019-04-29,132,4.952,8.2,a
2019-04-30,127,3.512,8.8,a
2019-05-01,124,2.799,10.2,a
2019-05-02,123,2.474,10.7,a
2019-05-03,123,2.505,9.7,a
2019-05-04,130,4.291,9.4,a
2019-05-05,138,6.951,8.5,a
2019-05-06,135,6.053,8,a
2019-05-07,129,4.129,9,a
2019-05-08,127,3.341,9.3,a
2019-05-09,128,3.739,9.2,a
2019-05-10,130,4.383,10,a
2019-05-11,128,3.769,10.2,a
2019-05-12,137,6.652,9.5,a
2019-05-13,141,8.111,8.6,a
2019-05-14,135,6.168,8.1,a
2019-05-15,136,6.439,7.6,a
2019-05-16,138,7.059,8.7,a
2019-05-17,133,5.368,9.9,a
2019-05-18,132,4.911,9.7,a
2019-05-19,135,6.163,10.1,a
2019-05-20,145,9.845,9.6,a
2019-05-21,165,20.504,8.8,a
2019-05-22,159,17.05,8.9,a
2019-05-23,151,12.509,9.7,a
2019-05-24,146,10.135,10.4,a
2019-05-25,143,8.844,10.2,a
2019-05-26,139,7.626,10.4,a
2019-05-27,142,8.516,9.5,a
2019-05-28,159,17.562,9.7,a
2019-05-29,189,38.906,9.4,a
2019-05-30,183,32.843,8.8,a
2019-05-31,168,22.298,9.2,a
2019-06-01,158,16.309,9.5,a
2019-06-02,153,13.616,10.1,a
2019-06-03,150,11.965,10.2,a
2019-06-04,147,10.786,10.3,a
2019-06-05,145,9.882,10.6,a
2019-06-06,144,9.301,10.8,a
2019-06-07,142,8.79,10.7,a
2019-06-08,141,8.27,10.7,a
2019-06-09,140,7.865,10.8,a
2019-06-10,137,6.8,11.1,a
2019-06-11,136,6.288,10.8,a
2019-06-12,135,5.852,11.4,a
2019-06-13,133,5.446,11.9,a
2019-06-14,132,4.889,11.7,a
2019-06-15,130,4.211,11.7,a
2019-06-16,128,3.877,12.6,a
2019-06-17,127,3.483,12.6,a
2019-06-18,126,3.069,12.9,a
2019-06-19,124,2.791,12.6,a
2019-06-20,125,2.818,13.1,a
2019-06-21,123,2.536,13.4,a
2019-06-22,142,11.175,12.8,a
2019-06-23,147,10.809,10.7,a
2019-06-24,136,6.271,11.7,a
2019-06-25,130,4.282,12.9,a
2019-06-26,126,3.196,13.9,a
2019-06-27,124,2.628,14.7,a
2019-06-28,123,2.4,14.9,a
2019-06-29,121,1.986,14.6,a
2019-06-30,119,1.582,15,a
2019-07-01,118,1.3,15.7,a
2019-07-02,122,2.383,15.9,a
2019-07-03,127,3.602,14.2,a
2019-07-04,123,2.412,13.2,a
2019-07-05,119,1.506,14.6,a
2019-07-06,117,1.232,16.2,a
2019-07-07,119,1.612,15.5,a
2019-07-08,120,1.745,14.8,a
2019-07-09,125,2.959,14.1,a
2019-07-10,119,1.559,14.6,a
2019-07-11,117,1.151,14.5,a
2019-07-12,118,1.669,15.5,a
2019-07-13,125,3.128,14.7,a
2019-07-14,123,2.39,14.1,a
2019-07-15,121,1.824,14.5,a
2019-07-16,119,1.592,14.4,a
2019-07-17,119,1.495,15.1,a
2019-07-18,119,1.495,15.8,a
2019-07-19,118,1.341,16.1,a
2019-07-20,117,1.101,16.9,a
2019-07-21,118,1.406,17.3,a
2019-07-22,118,1.258,17.9,a
2019-07-23,117,1.151,17.8,a
2019-07-24,117,1.133,18.3,a
2019-07-25,116,1.029,18.8,a
2019-07-26,116,0.985,18.8,a
2019-07-27,116,0.96,18.5,a
2019-07-28,125,3.473,16.4,a
2019-07-29,142,8.732,14.2,a
2019-07-30,130,4.325,13.5,a
2019-07-31,129,4.255,14.9,a
2019-08-01,121,1.851,15.3,a
2019-08-02,123,2.492,15.6,a
2019-08-03,125,2.93,15.1,a
2019-08-04,120,1.705,15.2,a
2019-08-05,116,0.966,15.8,a
2019-08-06,114,0.693,17,a
2019-08-07,113,0.612,17.8,a
2019-08-08,114,0.7,16.9,a
2019-08-09,114,0.764,16.9,a
2019-08-10,113,0.587,18.3,a
2019-08-11,113,0.612,18.3,a
2019-08-12,113,0.612,18.1,a
2019-08-13,113,0.632,17.7,a
2019-08-14,116,1.071,16.3,a
2019-08-15,113,0.655,16,a
2019-08-16,114,0.679,16.7,a
2019-08-17,113,0.655,16.5,a
2019-08-18,113,0.612,17.2,a
2019-08-19,113,0.612,17.6,a
2019-08-20,113,0.612,18.1,a
2019-08-21,113,0.612,17.6,a
2019-08-22,113,0.612,16.5,a
2019-08-23,113,0.612,15.9,a
2019-08-24,119,2.169,16.6,a
2019-08-25,138,7.187,15.3,a
2019-08-26,124,2.668,14,a
2019-08-27,118,1.373,15.2,a
2019-08-28,114,0.706,16.3,a
2019-08-29,113,0.612,17,a
2019-08-30,114,0.713,17,a
2019-08-31,114,0.715,16.7,a
2019-09-01,113,0.612,17.2,a
2019-09-02,122,3.336,17,a
2019-09-03,139,7.663,16.2,a
2019-09-04,125,2.901,14.4,a
2019-09-05,118,1.303,14.5,a
2019-09-06,115,0.898,14.5,a
2019-09-07,123,2.544,13.8,a
2019-09-08,150,12.673,13.3,a
2019-09-09,156,15.555,12.4,a
2019-09-10,140,7.844,11.7,a
2019-09-11,131,4.688,11.7,a
2019-09-12,125,3.052,12.2,a
2019-09-13,122,2.149,12.8,a
2019-09-14,120,1.646,13.1,a
2019-09-15,118,1.386,13.7,a
2019-09-16,119,1.499,13.9,a
2019-09-17,117,1.101,14.2,a
2019-09-18,117,1.129,14.3,a
2019-09-19,115,0.835,13.5,a
2019-09-20,113,0.645,13.1,a
2019-09-21,112,0.554,12.7,a
2019-09-22,113,0.595,12.3,a
2019-09-23,120,2.59,12.7,a
2019-09-24,133,5.526,12.7,a
2019-09-25,123,2.468,11.9,a
2019-09-26,128,3.689,12.3,a
2019-09-27,122,2.065,12.4,a
2019-09-28,118,1.316,12.6,a
2019-09-29,120,1.67,12.7,a
2019-09-30,119,1.595,12.8,a
2019-10-01,117,1.142,13.1,a
2019-10-02,125,3.914,12.9,a
2019-10-03,139,7.371,12,a
2019-10-04,128,3.745,10.8,a
2019-10-05,123,2.527,10.8,a
2019-10-06,120,1.777,10.9,a
2019-10-07,118,1.415,11,a
2019-10-08,117,1.185,10.9,a
2019-10-09,116,0.939,10.6,a
2019-10-10,128,3.788,10.8,a
2019-10-11,123,2.445,10.5,a
2019-10-12,119,1.461,10.6,a
2019-10-13,117,1.083,11,a
2019-10-14,115,0.873,11.4,a
2019-10-15,114,0.679,11.5,a
2019-10-16,120,1.74,12,a
2019-10-17,117,1.201,11.9,a
2019-10-18,115,0.844,11.7,a
2019-10-19,114,0.693,11.8,a
2019-10-20,113,0.658,12.1,a
2019-10-21,113,0.617,12.6,a
2019-10-22,113,0.627,12.6,a
2019-10-23,113,0.6,12.4,a
2019-10-24,113,0.587,12.2,a
2019-10-25,113,0.612,11.8,a
2019-10-26,113,0.57,11.4,a
2019-10-27,112,0.512,11.2,a
2019-10-28,112,0.516,11.1,a
2019-10-29,113,0.591,11,a
2019-10-30,113,0.612,10.2,a
2019-10-31,113,0.604,9.6,a
2019-11-01,113,0.6,9.4,a
2019-11-02,112,0.541,9.2,a
2019-11-03,126,4.169,9.8,a
2019-11-04,161,18.216,9.4,a
2019-11-05,170,24.378,9,a
2019-11-06,191,39.906,8.8,a
2019-11-07,176,27.524,8.4,a
2019-11-08,161,18.066,7.9,a
2019-11-09,159,16.641,8.3,a
2019-11-10,151,12.637,8,a
2019-11-11,144,9.31,7.9,a
2019-11-12,150,12.862,8.1,a
2019-11-13,179,30.676,8.5,a
2019-11-14,174,26.254,8.2,a
2019-11-15,158,16.149,8.3,a
2019-11-16,175,27.355,8.6,a
2019-11-17,168,22.586,8.7,a
2019-11-18,198,47.717,8.6,a
2019-11-19,175,26.599,8.3,a
2019-11-20,164,19.683,8.2,a
2019-11-21,161,17.769,8.3,a
2019-11-22,154,13.939,8.3,a
2019-11-23,149,11.482,8.5,a
2019-11-24,145,9.951,8.5,a
2019-11-25,143,8.875,8.3,a
2019-11-26,140,7.688,7.9,a
2019-11-27,138,6.904,7.8,a
2019-11-28,164,19.993,8.6,a
2019-11-29,153,13.811,8.1,a
2019-11-30,146,10.158,7.5,a
2019-12-01,141,8.306,6.7,a
2019-12-02,166,22.644,7,a
2019-12-03,159,16.713,7,a
2019-12-04,148,11.4,5.9,a
2019-12-05,143,9.065,5.7,a
2019-12-06,139,7.608,5.3,a
2019-12-07,137,6.587,5.8,a
2019-12-08,134,5.711,5.8,a
2019-12-09,134,5.577,6.8,a
2019-12-10,133,5.387,6.8,a
2019-12-11,130,4.327,4.8,a
2019-12-12,129,3.974,4.2,a
2019-12-13,129,3.956,5,a
2019-12-14,135,6.019,5.5,a
2019-12-15,129,4.088,5.3,a
2019-12-16,129,3.986,6.6,a
2019-12-17,128,3.694,8.2,a
2019-12-18,127,3.503,8.6,a
2019-12-19,128,3.881,8.6,a
2019-12-20,133,5.17,8.4,a
2019-12-21,172,33.278,8.1,a
2019-12-22,205,56.092,7.8,a
2019-12-23,182,32.231,7.6,a
2019-12-24,162,18.629,7,a
2019-12-25,153,13.559,6.6,a
2019-12-26,146,10.465,6.2,a
2019-12-27,142,8.495,6.2,a
2019-12-28,138,7.031,6,a
2019-12-29,135,5.954,4.8,a
2019-12-30,132,5.101,4.2,a
2019-12-31,131,4.517,4.3,a
2020-01-01,129,3.975,4.5,a
2020-01-02,127,3.504,4.2,a
2020-01-03,126,3.125,3.9,a
2020-01-04,125,2.845,4.4,a
2020-01-05,123,2.504,4.7,a
2020-01-06,122,2.056,3.9,a
2020-01-07,121,1.853,3.2,a
2020-01-08,119,1.607,3.1,a
2020-01-09,119,1.455,3.6,a
2020-01-10,118,1.305,3.8,a
2020-01-11,117,1.107,3.8,a
2020-01-12,116,0.948,4.4,a
2020-01-13,115,0.853,3.8,a
2020-01-14,115,0.843,3.5,a
2020-01-15,114,0.769,3.4,a
2020-01-16,113,0.612,3.7,a
2020-01-17,113,0.612,4.3,a
2020-01-18,113,0.612,4.5,a
2020-01-19,113,0.563,4.6,a
2020-01-20,112,0.529,4.1,a
2020-01-21,112,0.529,4.1,a
2020-01-22,112,0.541,3.4,a
2020-01-23,113,0.6,3.1,a
2020-01-24,112,0.55,2.8,a
2020-01-25,112,0.52,3.5,a
2020-01-26,112,0.541,4.8,a
2020-01-27,112,0.512,5.7,a
2020-01-28,116,1.271,5.8,a
2020-01-29,123,2.467,5.7,a
2020-01-30,115,0.893,4.9,a
2020-01-31,114,0.679,5,a
2020-02-01,113,0.583,5.8,a
2020-02-02,112,0.516,6.5,a
2020-02-03,112,0.512,7.1,a
2020-02-04,114,0.75,7.4,a
2020-02-05,114,0.776,5.9,a
2020-02-06,113,0.652,4.6,a
2020-02-07,113,0.566,4.2,a
2020-02-08,112,0.529,4,a
2020-02-09,112,0.512,4,a
2020-02-10,113,0.628,5,a
2020-02-11,115,0.864,6.4,a
2020-02-12,114,0.688,6.9,a
2020-02-13,113,0.612,5.8,a
2020-02-14,113,0.608,6.5,a
2020-02-15,113,0.566,6.3,a
2020-02-16,112,0.525,6,a
2020-02-17,112,0.512,6.1,a
2020-02-18,112,0.512,6.9,a
2020-02-19,112,0.55,7.4,a
2020-02-20,113,0.57,6.8,a
2020-02-21,112,0.512,6,a
2020-02-22,112,0.512,6,a
2020-02-23,112,0.512,6.4,a
2020-02-24,112,0.512,6.6,a
2020-02-25,112,0.512,7,a
2020-02-26,129,4.612,7.1,a
2020-02-27,128,3.689,6.1,a
2020-02-28,119,1.605,6.2,a
2020-02-29,116,0.967,5.7,a
2020-03-01,125,4.263,6.3,a
2020-03-02,169,23.699,7,a
2020-03-03,176,28.312,7.5,a
2020-03-04,155,14.892,7.2,a
2020-03-05,143,8.923,6.5,a
2020-03-06,142,8.769,6.6,a
2020-03-07,138,6.981,6.9,a
2020-03-08,133,5.186,6.8,a
2020-03-09,130,4.39,6.7,a
2020-03-10,128,3.623,7,a
2020-03-11,125,2.969,7.4,a
2020-03-12,125,2.824,8,a
2020-03-13,125,3.023,8,a
2020-03-14,123,2.37,7.9,a
2020-03-15,121,1.931,7.8,a
2020-03-16,120,1.614,7.1,a
2020-03-17,119,1.488,7.3,a
2020-03-18,117,1.233,8.7,a
2020-03-19,117,1.168,9.3,a
2020-03-20,119,1.447,9.4,a
2020-03-21,119,1.479,9.4,a
2020-03-22,121,2.023,8.7,a
2020-03-23,118,1.278,6.8,a
2020-03-24,117,1.204,5.9,a
2020-03-25,116,0.984,5.9,a
2020-03-26,116,0.96,5.3,a
2020-03-27,115,0.859,5.9,a
2020-03-28,116,1.073,7.6,a
2020-03-29,115,0.806,8.6,a
2020-03-30,116,0.959,8.5,a
2020-03-31,115,0.795,7.2,a
2020-04-01,114,0.688,7.2,a
2020-04-02,113,0.626,7.4,a
2020-04-03,113,0.622,8,a
2020-04-04,113,0.641,9.2,a
2020-04-05,113,0.6,9.5,a
2020-04-06,112,0.529,10.2,a
2020-04-07,112,0.541,10.5,a
2020-04-08,113,0.604,10.4,a
2020-04-09,113,0.65,10.6,a
2020-04-10,115,0.8,11.1,a
2020-04-11,115,0.84,11.6,a
2020-04-12,115,0.821,12.1,a
2020-04-13,116,1.033,11.6,a
2020-04-14,119,1.531,10.1,a
2020-04-15,116,0.997,8.6,a
2020-04-16,115,0.795,10,a
2020-04-17,115,0.801,11.1,a
2020-04-18,117,1.175,11.6,a
2020-04-19,119,1.558,11.7,a
2020-04-20,121,1.966,11,a
2020-04-21,119,1.516,9.9,a
2020-04-22,116,0.962,10.4,a
2020-04-23,115,0.871,11,a
2020-04-24,115,0.864,11.2,a
2020-04-25,116,1.012,11.7,a
2020-04-26,117,1.094,12.1,a
2020-04-27,118,1.294,12,a
2020-04-28,119,1.45,11.2,a
2020-04-29,119,1.583,10.7,a
2020-04-30,119,1.608,11,a
2020-05-01,125,3.054,11.5,a
2020-05-02,124,2.667,10.8,a
2020-05-03,121,2,10.5,a
2020-05-04,118,1.35,10.7,a
2020-05-05,116,1.003,10.7,a
2020-05-06,116,1.048,10.6,a
2020-05-07,116,0.986,11.1,a
2020-05-08,115,0.913,12.1,a
2020-05-09,117,1.161,12.5,a
2020-05-10,120,1.642,12,a
2020-05-11,121,1.983,10.9,a
2020-05-12,137,7.163,9.8,a
2020-05-13,141,7.436,8.8,a
2020-05-14,135,5.432,9.5,a
2020-05-15,134,5.093,9.7,a
2020-05-16,148,10.405,9.1,a
2020-05-17,143,8.534,8.8,a
2020-05-18,138,6.533,9.3,a
2020-05-19,139,6.77,9.4,a
2020-05-20,149,11.095,9.3,a
2020-05-21,142,7.823,9.4,a
2020-05-22,136,5.684,9.6,a
2020-05-23,132,4.541,10,a
2020-05-24,138,6.524,10.7,a
2020-05-25,133,4.858,10,a
2020-05-26,129,3.653,10.1,a
2020-05-27,126,2.753,10.1,a
2020-05-28,124,2.264,10.4,a
2020-05-29,123,2.016,10,a
2020-05-30,121,1.627,10.2,a
2020-05-31,120,1.359,9.9,a
2020-06-01,118,1.126,11,a
2020-06-02,117,1.006,12.1,a
2020-06-03,117,1.012,12.6,a
2020-06-04,119,1.243,12.4,a
2020-06-05,160,17.806,10.6,a
2020-06-06,158,15.257,9.6,a
2020-06-07,148,10.506,9.6,a
2020-06-08,169,22.301,9.8,a
2020-06-09,183,33.38,9.5,a
2020-06-10,169,22.033,9.3,a
2020-06-11,155,13.783,9.5,a
2020-06-12,146,9.441,10.1,a
2020-06-13,140,7.139,10.7,a
2020-06-14,136,5.832,10.8,a
2020-06-15,136,5.861,10.3,a
2020-06-16,137,6.016,10.2,a
2020-06-17,134,4.997,10.3,a
2020-06-18,130,3.996,11.1,a
2020-06-19,129,3.577,11.4,a
2020-06-20,126,2.921,11.1,a
2020-06-21,125,2.462,10.9,a
2020-06-22,123,2.168,11.9,a
2020-06-23,122,1.959,12.8,a
2020-06-24,121,1.749,13.1,a
2020-06-25,127,3.177,12.2,a
2020-06-26,145,9.386,12.4,a
2020-06-27,130,3.985,12.6,a
2020-06-28,126,2.703,13.4,a
2020-06-29,124,2.215,13.7,a
2020-06-30,124,2.384,12.9,a
2020-07-01,122,1.799,13.3,a
2020-07-02,123,1.982,14.2,a
2020-07-03,126,2.969,13.4,a
2020-07-04,125,2.47,13.1,a
2020-07-05,120,1.538,13.9,a
2020-07-06,119,1.357,14.8,a
2020-07-07,155,14.348,14,a
2020-07-08,137,6.302,12.2,a
2020-07-09,129,3.673,12.8,a
2020-07-10,127,3.008,13.6,a
2020-07-11,127,3.032,13.5,a
2020-07-12,135,5.605,12.9,a
2020-07-13,129,3.68,12.1,a
2020-07-14,124,2.358,12.6,a
2020-07-15,122,1.859,13.2,a
2020-07-16,123,2.003,13.7,a
2020-07-17,125,2.596,13.3,a
2020-07-18,126,2.804,12.2,a
2020-07-19,125,2.636,12.4,a
2020-07-20,124,2.302,13.5,a
2020-07-21,123,2.128,14.3,a
2020-07-22,123,2.132,14.8,a
2020-07-23,121,1.7,15,a
2020-07-24,124,2.572,14.7,a
2020-07-25,138,6.54,12.6,a
2020-07-26,130,4.042,12.1,a
2020-07-27,126,2.745,13.1,a
2020-07-28,123,2.005,14.2,a
2020-07-29,126,3.368,15,a
2020-07-30,139,7.772,16.6,a
2020-07-31,126,2.84,15.7,a
2020-08-01,123,2.044,16,a
2020-08-02,131,4.344,15.5,a
2020-08-03,143,8.78,13.9,a
2020-08-04,154,13.747,13.3,a
2020-08-05,142,8.031,12,a
2020-08-06,138,6.614,11.9,a
2020-08-07,133,4.702,12.6,a
2020-08-08,129,3.596,13.2,a
2020-08-09,127,2.984,13.7,a
2020-08-10,125,2.507,14,a
2020-08-11,123,2.033,14.1,a
2020-08-12,123,2.078,14,a
2020-08-13,122,1.768,14.9,a
2020-08-14,121,1.802,15.1,a
2020-08-15,124,2.333,15.2,a
2020-08-16,119,1.334,15.2,a
2020-08-17,119,1.337,15.4,a
2020-08-18,124,2.363,15.1,a
2020-08-19,119,1.317,14.6,a
2020-08-20,115,0.78,15.6,a
2020-08-21,114,0.676,16.5,a
2020-08-22,114,0.606,17.2,a
2020-08-23,113,0.575,17,a
2020-08-24,113,0.556,15.8,a
2020-08-25,113,0.519,15.7,a
2020-08-26,112,0.477,16.2,a
2020-08-27,112,0.47,16.5,a
2020-08-28,113,0.497,16.8,a
2020-08-29,113,0.508,17.2,a
2020-08-30,114,0.685,16.8,a
2020-08-31,120,1.424,15.4,a
2020-09-01,132,4.469,14,a
2020-09-02,124,2.305,13,a
2020-09-03,118,1.101,13.2,a
2020-09-04,116,0.805,13.8,a
2020-09-05,115,0.76,14.5,a
2020-09-06,117,1.583,15.1,a
2020-09-07,138,7.896,14.8,a
2020-09-08,121,2.07,14.4,a
2020-09-09,116,0.949,14.8,a
2020-09-10,114,0.775,15.4,a
2020-09-11,113,0.66,16.1,a
2020-09-12,113,0.617,16,a
2020-09-13,113,0.566,16.4,a
2020-09-14,112,0.533,16.7,a
2020-09-15,116,1.01,15.7,a
2020-09-16,115,0.915,15.6,a
2020-09-17,116,0.996,15.3,a
2020-09-18,115,0.893,15.2,a
2020-09-19,114,0.706,14.8,a
2020-09-20,113,0.583,14.3,a
2020-09-21,112,0.533,14.5,a
2020-09-22,113,0.614,14.8,a
2020-09-23,113,0.609,15.5,a
2020-09-24,112,0.516,15.3,a
2020-09-25,155,18.452,14.5,a
2020-09-26,178,29.446,11.7,a
2020-09-27,147,10.126,10.6,a
2020-09-28,148,10.344,10.6,a
2020-09-29,143,8.491,10.5,a
2020-09-30,137,6.179,10.4,a
2020-10-01,134,5.013,10.4,a
2020-10-02,131,4.068,10.6,a
2020-10-03,142,9.467,10.5,a
2020-10-04,159,16.35,10.9,a
2020-10-05,163,18.39,10.2,a
2020-10-06,157,15.058,9.9,a
2020-10-07,152,12.514,9.8,a
2020-10-08,146,9.481,9.6,a
2020-10-09,140,7.199,9.5,a
2020-10-10,136,5.707,9.7,a
2020-10-11,162,25.174,9.8,a
2020-10-12,182,33.666,9.6,a
2020-10-13,153,12.858,9.2,a
2020-10-14,144,8.555,9.1,a
2020-10-15,157,16.27,9.1,a
2020-10-16,159,16.019,9.2,a
2020-10-17,147,9.989,9.3,a
2020-10-18,141,7.558,9.2,a
2020-10-19,137,5.949,9.3,a
2020-10-20,133,4.812,9.3,a
2020-10-21,131,4.24,9.3,a
2020-10-22,131,4.226,9.4,a
2020-10-23,132,4.476,9.4,a
2020-10-24,134,5.212,9.6,a
2020-10-25,133,4.761,9.6,a
2020-10-26,130,3.791,9.7,a
2020-10-27,143,8.866,9.6,a
2020-10-28,145,9.324,9.1,a
2020-10-29,137,6.1,8.7,a
2020-10-30,132,4.456,8.9,a
2020-10-31,129,3.649,9.2,a
2020-11-01,128,3.214,9,a
2020-11-02,125,2.678,9.3,a
2020-11-03,124,2.234,9.5,a
2020-11-04,123,2.024,9.4,a
2020-11-05,122,1.785,9.5,a
2020-11-06,120,1.433,9.2,a
2020-11-07,119,1.235,8.3,a
2020-11-08,121,1.73,7.7,a
2020-11-09,118,1.198,7.4,a
2020-11-10,117,0.955,7.6,a
2020-11-11,116,0.824,7.6,a
2020-11-12,115,0.765,7.8,a
2020-11-13,115,0.731,8,a
2020-11-14,114,0.639,7.9,a
2020-11-15,114,0.635,7.7,a
2020-11-16,130,5.829,7.8,a
2020-11-17,139,7.056,8.1,a
2020-11-18,128,3.344,7.7,a
2020-11-19,125,2.514,7.2,a
2020-11-20,121,1.601,7.2,a
2020-11-21,119,1.198,6.7,a
2020-11-22,117,1.012,5.7,a
2020-11-23,117,0.945,5.2,a
2020-11-24,116,0.829,5.4,a
2020-11-25,115,0.775,5.1,a
2020-11-26,115,0.718,4.9,a
2020-11-27,114,0.626,5,a
2020-11-28,114,0.635,5.2,a
2020-11-29,114,0.635,5.4,a
2020-11-30,114,0.595,5.1,a
2020-12-01,114,0.626,4.5,a
2020-12-02,114,0.635,4.2,a
2020-12-03,114,0.661,3.4,a
2020-12-04,114,0.626,3.8,a
2020-12-05,117,1.119,4.2,a
2020-12-06,132,4.756,4.5,a
2020-12-07,155,14.185,5.5,a
2020-12-08,143,8.414,5.8,a
2020-12-09,154,13.593,5.9,a
2020-12-10,145,9.361,6.1,a
2020-12-11,137,6.083,6.3,a
2020-12-12,133,4.671,6.4,a
2020-12-13,129,3.651,6.4,a
2020-12-14,126,2.825,6.1,a
2020-12-15,125,2.522,5.7,a
2020-12-16,125,2.482,5.6,a
2020-12-17,122,1.858,5.6,a
2020-12-18,121,1.668,5.6,a
2020-12-19,120,1.53,6,a
2020-12-20,120,1.416,6.1,a
2020-12-21,119,1.273,6.3,a
2020-12-22,119,1.196,6.5,a
2020-12-23,118,1.094,6.9,a
2020-12-24,122,2.631,7.2,a
2020-12-25,167,21.121,7.1,a
2020-12-26,148,10.604,6.5,a
2020-12-27,138,6.563,5.5,a
2020-12-28,146,11.059,5.2,a
2020-12-29,176,27.4,5.4,a
2020-12-30,175,26.169,6,a
2020-12-31,155,13.82,6.3,a
2021-01-01,145,9.212,6.1,a
2021-01-02,154,13.57,6.1,a
2021-01-03,171,23.874,6.4,a
2021-01-04,155,13.665,6.9,a
2021-01-05,146,9.714,6.9,a
2021-01-06,146,9.392,6.1,a
2021-01-07,143,8.169,5.9,a
2021-01-08,139,6.737,5.9,a
2021-01-09,135,5.415,5.5,a
2021-01-10,132,4.464,4.9,a
2021-01-11,130,3.791,4.6,a
2021-01-12,127,3.093,3.9,a
2021-01-13,125,2.666,3.5,a
2021-01-14,124,2.331,3.5,a
2021-01-15,122,1.922,3.4,a
2021-01-16,121,1.556,3,a
2021-01-17,119,1.337,2.6,a
2021-01-18,118,1.183,3,a
2021-01-19,118,1.068,3.3,a
2021-01-20,116,0.896,3.6,a
2021-01-21,117,1.039,4.5,a
2021-01-22,154,16.277,5.2,a
2021-01-23,210,63.174,6,a
2021-01-24,180,30.28,6.1,a
2021-01-25,160,16.576,5.9,a
2021-01-26,150,11.236,5.5,a
2021-01-27,143,8.529,5,a
2021-01-28,139,6.828,4.6,a
2021-01-29,136,5.817,4.8,a
2021-01-30,134,5.022,5.2,a
2021-01-31,137,6.282,5.3,a
2021-02-01,133,4.865,5,a
2021-02-02,131,4.091,4.9,a
2021-02-03,129,3.741,5.3,a
2021-02-04,133,4.806,6.5,a
2021-02-05,135,5.358,7.1,a
2021-02-06,136,5.801,7.3,a
2021-02-07,142,8.667,7.5,a
2021-02-08,180,30.43,7.3,a
2021-02-09,166,20.278,6.9,a
2021-02-10,183,36.151,6.8,a
2021-02-11,192,41.913,6.5,a
2021-02-12,164,18.69,5.3,a
2021-02-13,153,12.755,4.5,a
2021-02-14,147,10.1,4.4,a
2021-02-15,142,7.873,4.2,a
2021-02-16,139,6.781,4.8,a
2021-02-17,137,6.001,5.3,a
2021-02-18,134,5.183,5.5,a
2021-02-19,132,4.604,6.1,a
2021-02-20,131,4.041,6.5,a
2021-02-21,129,3.729,6.9,a
2021-02-22,128,3.428,6.6,a
2021-02-23,128,3.236,6.5,a
2021-02-24,127,3.114,6.7,a
2021-02-25,128,3.225,7,a
2021-02-26,128,3.463,7,a
2021-02-27,128,3.282,7,a
2021-02-28,126,2.772,6.6,a
2021-03-01,125,2.502,6.2,a
2021-03-02,124,2.234,6.2,a
2021-03-03,123,2.08,6.2,a
2021-03-04,123,2.043,6.6,a
2021-03-05,124,2.261,7,a
2021-03-06,125,2.541,6.7,a
2021-03-07,122,1.775,5.7,a
2021-03-08,121,1.642,5.7,a
2021-03-09,120,1.453,6.4,a
2021-03-10,120,1.38,6.4,a
2021-03-11,119,1.254,6.1,a
2021-03-12,118,1.118,6.5,a
2021-03-13,118,1.071,7,a
2021-03-14,123,2.448,7.1,a
2021-03-15,123,2.024,6.3,a
2021-03-16,119,1.321,6.7,a
2021-03-17,117,0.976,6.4,a
2021-03-18,119,1.384,6.1,a
2021-03-19,119,1.305,5.9,a
2021-03-20,115,0.722,5.8,a
2021-03-21,114,0.644,5.5,a
2021-03-22,114,0.63,5.9,a
2021-03-23,114,0.61,6.6,a
2021-03-24,114,0.614,7.3,a
2021-03-25,114,0.595,8,a
2021-03-26,113,0.567,8.6,a
2021-03-27,113,0.552,8.9,a
2021-03-28,113,0.54,8.5,a
2021-03-29,113,0.559,8.3,a
2021-03-30,113,0.54,9.7,a
2021-03-31,114,0.667,10.6,a
2021-04-01,116,0.836,10.9,a
2021-04-02,119,1.3,10.6,a
2021-04-03,127,3.154,9.9,a
2021-04-04,122,1.818,8.6,a
2021-04-05,118,1.113,8.4,a
2021-04-06,117,1.029,8,a
2021-04-07,116,0.885,6.7,a
2021-04-08,115,0.727,6.9,a
2021-04-09,115,0.698,7.8,a
2021-04-10,114,0.626,8.5,a
2021-04-11,114,0.626,8.8,a
2021-04-12,121,2.08,8.6,a
2021-04-13,154,13.358,7.8,a
2021-04-14,137,6.049,7.2,a
2021-04-15,129,3.57,7.4,a
2021-04-16,124,2.417,7.7,a
2021-04-17,122,1.794,8.2,a
2021-04-18,121,1.609,8.2,a
2021-04-19,118,1.16,8.3,a
2021-04-20,117,0.94,9,a
2021-04-21,115,0.765,9.3,a
2021-04-22,116,0.845,9.9,a
2021-04-23,116,0.804,10.6,a
2021-04-24,115,0.736,11.2,a
2021-04-25,116,0.861,11.5,a
2021-04-26,118,1.067,11.1,a
2021-04-27,117,0.951,9.3,a
2021-04-28,115,0.679,8.9,a
2021-04-29,115,0.704,9.8,a
2021-04-30,128,3.55,10.6,a
2021-05-01,136,5.859,10.1,a
2021-05-02,183,34.002,9.5,a
2021-05-03,182,31.687,8.4,a
2021-05-04,165,19.687,8.3,a
2021-05-05,156,14.576,8.5,a
2021-05-06,188,37.629,8.2,a
2021-05-07,189,42.297,8,a
2021-05-08,190,39.5,8.3,a
2021-05-09,168,21.051,8.6,a
2021-05-10,161,17.27,9.3,a
2021-05-11,161,17.039,9.2,a
2021-05-12,160,16.683,9,a
2021-05-13,159,15.844,8.7,a
2021-05-14,154,13.355,8.6,a
2021-05-15,149,10.844,8.8,a
2021-05-16,147,10.047,9.1,a
2021-05-17,210,66.18,9.1,a
2021-05-18,184,33.069,8.7,a
2021-05-19,196,46.231,8.7,a
2021-05-20,177,27.873,8.8,a
2021-05-21,164,18.828,9.1,a
2021-05-22,157,15.145,9,a
2021-05-23,165,19.885,9,a
2021-05-24,178,28.007,8.3,a
2021-05-25,182,31.615,8.6,a
2021-05-26,175,26.166,8.7,a
2021-05-27,171,23.548,8.9,a
2021-05-28,167,20.988,9.3,a
2021-05-29,160,16.707,9,a
2021-05-30,157,14.925,8.9,a
2021-05-31,152,12.26,9,a
2021-06-01,149,10.718,9.6,a
2021-06-02,146,9.707,9.9,a
2021-06-03,145,9.321,10.2,a
2021-06-04,152,13.338,10.5,a
2021-06-05,161,17.425,10.9,a
2021-06-06,158,15.683,10.3,a
2021-06-07,160,16.728,9.7,a
2021-06-08,156,14.286,9.6,a
2021-06-09,152,12.3,9.5,a
2021-06-10,151,11.836,9.5,a
2021-06-11,148,10.427,9.5,a
2021-06-12,145,9.285,9.7,a
2021-06-13,145,8.976,10,a
2021-06-14,143,8.476,9.9,a
2021-06-15,141,7.538,10,a
2021-06-16,140,7.069,10.4,a
2021-06-17,139,6.825,10.6,a
2021-06-18,139,6.779,10.8,a
2021-06-19,139,6.764,10.9,a
2021-06-20,139,6.793,10.9,a
2021-06-21,140,7.037,11.2,a
2021-06-22,140,7.099,11.3,a
2021-06-23,139,6.872,10.9,a
2021-06-24,138,6.319,11.2,a
2021-06-25,137,6.116,11.1,a
2021-06-26,135,5.417,11,a
2021-06-27,131,4.293,11.3,a
2021-06-28,129,3.696,11.8,a
2021-06-29,128,3.268,13,a
2021-06-30,128,3.373,12.8,a
2021-07-01,130,3.992,11.4,a
2021-07-02,127,3.035,11.8,a
2021-07-03,123,2.121,12.9,a
2021-07-04,125,2.734,13,a
2021-07-05,156,16.544,13.9,a
2021-07-06,133,5.376,12.5,a
2021-07-07,128,3.688,13.5,a
2021-07-08,126,3.071,13.7,a
2021-07-09,124,2.791,14.1,a
2021-07-10,123,2.32,13.9,a
2021-07-11,120,1.76,14.6,a
2021-07-12,119,1.579,15.3,a
2021-07-13,118,1.286,15.1,a
2021-07-14,124,2.656,15.2,a
2021-07-15,121,1.888,13.6,a
2021-07-16,117,1.083,13.3,a
2021-07-17,119,1.556,13,a
2021-07-18,129,4.019,12.2,a
2021-07-19,138,7.263,12.6,a
2021-07-20,128,3.876,12.1,a
2021-07-21,122,2.167,13.3,a
2021-07-22,118,1.357,14.3,a
2021-07-23,116,0.958,15,a
2021-07-24,115,0.916,15.7,a
2021-07-25,114,0.779,16.2,a
2021-07-26,115,0.792,16.2,a
2021-07-27,114,0.717,15.4,a
2021-07-28,113,0.614,16.3,a
2021-07-29,114,0.78,17.3,a
2021-07-30,113,0.591,17.6,a
2021-07-31,117,1.275,17.2,a
2021-08-01,126,4.089,16.1,a
2021-08-02,141,8.128,12.7,a
2021-08-03,127,3.516,12.2,a
2021-08-04,121,1.945,12.9,a
2021-08-05,137,7.268,13.5,a
2021-08-06,133,5.227,12.6,a
2021-08-07,125,3.079,13.2,a
2021-08-08,122,2.32,14.1,a
2021-08-09,140,8.767,14.8,a
2021-08-10,123,2.36,14.6,a
2021-08-11,118,1.419,15.5,a
2021-08-12,116,0.972,15.9,a
2021-08-13,114,0.721,16.9,a
2021-08-14,113,0.645,17.3,a
2021-08-15,113,0.612,17.5,a
2021-08-16,113,0.612,17.6,a
2021-08-17,120,1.795,17,a
2021-08-18,114,0.716,15.9,a
2021-08-19,113,0.617,15.8,a
2021-08-20,113,0.579,16.2,a
2021-08-21,113,0.6,16.4,a
2021-08-22,113,0.612,16.5,a
2021-08-23,129,4.897,15.7,a
2021-08-24,125,2.994,13.7,a
2021-08-25,115,0.892,14.6,a
2021-08-26,114,0.743,14.6,a
2021-08-27,114,0.731,14.9,a
2021-08-28,114,0.712,13.8,a
2021-08-29,115,0.838,13.8,a
2021-08-30,114,0.763,13.3,a
2021-08-31,114,0.726,13.7,a
2021-09-01,114,0.688,14.6,a
2021-09-02,113,0.65,14.4,a
2021-09-03,113,0.626,14.9,a
2021-09-04,113,0.626,14.9,a
2021-09-05,113,0.626,14.8,a
2021-09-06,113,0.617,14.6,a
2021-09-07,113,0.631,14.1,a
2021-09-08,113,0.622,14.3,a
2021-09-09,113,0.612,14.3,a
2021-09-10,112,0.546,14.5,a
2021-09-11,112,0.512,14.7,a
2021-09-12,112,0.508,15.2,a
2021-09-13,112,0.512,15.3,a
2021-09-14,112,0.512,15.5,a
2021-09-15,112,0.52,15.6,a
2021-09-16,113,0.562,15.2,a
2021-09-17,119,1.815,14.3,a
2021-09-18,117,1.161,13.3,a
2021-09-19,112,0.533,13.1,a
2021-09-20,127,3.61,12.1,a
2021-09-21,121,2.027,10.7,a
2021-09-22,114,0.694,11.8,a
2021-09-23,112,0.55,11.9,a
2021-09-24,112,0.512,12.4,a
2021-09-25,112,0.512,12.9,a
2021-09-26,112,0.512,13.5,a
2021-09-27,113,0.562,14.6,a
2021-09-28,112,0.508,14.5,a
2021-09-29,114,0.922,14.5,a
2021-09-30,130,4.743,14,a
2021-10-01,115,0.814,12.4,a
2021-10-02,113,0.591,12.8,a
2021-10-03,112,0.512,12.5,a
2021-10-04,112,0.508,13.1,a
2021-10-05,112,0.541,12.8,a
2021-10-06,119,1.977,12.3,a
2021-10-07,141,8.404,10,a
2021-10-08,138,6.982,9.5,a
2021-10-09,129,3.976,9.2,a
2021-10-10,123,2.53,8.3,a
2021-10-11,121,1.931,8.7,a
2021-10-12,118,1.292,8.6,a
2021-10-13,116,0.938,8.9,a
2021-10-14,114,0.731,8.6,a
2021-10-15,113,0.631,8.8,a
2021-10-16,113,0.612,8.7,a
2021-10-17,113,0.604,9.5,a
2021-10-18,113,0.612,8.7,a
2021-10-19,113,0.636,9,a
2021-10-20,112,0.512,10.1,a
2021-10-21,114,0.672,10.7,a
2021-10-22,136,6.701,9.6,a
2021-10-23,128,3.834,8.7,a
2021-10-24,123,2.438,8.2,a
2021-10-25,119,1.57,7.4,a
2021-10-26,116,1.049,6.9,a
2021-10-27,114,0.731,7.2,a
2021-10-28,114,0.742,7.4,a
2021-10-29,114,0.707,7.3,a
2021-10-30,113,0.612,6.8,a
2021-10-31,113,0.604,7.2,a
2021-11-01,113,0.627,7.3,a
2021-11-02,146,10.829,8.5,a
2021-11-03,141,8.293,8.3,a
2021-11-04,171,24.253,8.9,a
2021-11-05,151,12.838,7.6,a
2021-11-06,139,7.486,7.8,a
2021-11-07,133,5.376,8,a
2021-11-08,139,7.485,7.9,a
2021-11-09,135,6.045,7.8,a
2021-11-10,129,4.19,7.1,a
2021-11-11,127,3.529,7,a
2021-11-12,125,2.946,7.2,a
2021-11-13,122,2.261,7.6,a
2021-11-14,121,1.837,8,a
2021-11-15,118,1.37,8.1,a
2021-11-16,117,1.088,7.9,a
2021-11-17,115,0.877,7.8,a
2021-11-18,115,0.795,8.1,a
2021-11-19,115,0.842,7.3,a
2021-11-20,114,0.726,6.5,a
2021-11-21,114,0.683,6.3,a
2021-11-22,113,0.641,6.4,a
2021-11-23,113,0.608,6.7,a
2021-11-24,113,0.612,5.2,a
2021-11-25,113,0.622,4.4,a
2021-11-26,124,3.219,5.3,a
2021-11-27,150,12.124,5.9,a
2021-11-28,167,21.951,6.6,a
2021-11-29,153,13.844,6.2,a
2021-11-30,139,7.653,5.5,a
2021-12-01,131,4.733,5.1,a
2021-12-02,160,19.739,6.3,a
2021-12-03,159,17.041,6.4,a
2021-12-04,144,9.257,5.8,a
2021-12-05,147,11.121,5.8,a
2021-12-06,144,9.303,6,a
2021-12-07,136,6.445,5.4,a
2021-12-08,132,5.033,4.7,a
2021-12-09,132,4.891,4.3,a
2021-12-10,128,3.683,5.1,a
2021-12-11,125,2.895,4.7,a
2021-12-12,122,2.167,4.1,a
2021-12-13,120,1.702,4,a
2021-12-14,118,1.399,4.3,a
2021-12-15,118,1.351,4.8,a
2021-12-16,119,1.535,5.1,a
2021-12-17,119,1.439,4.7,a
2021-12-18,118,1.276,4.1,a
2021-12-19,117,1.153,3.9,a
2021-12-20,117,1.153,3.1,a
2021-12-21,116,0.984,3.3,a
2021-12-22,115,0.817,3.5,a
2021-12-23,114,0.717,3.4,a
2021-12-24,113,0.641,3.6,a
2021-12-25,113,0.617,4.3,a
2021-12-26,129,4.277,5.1,a
2021-12-27,124,2.652,5.2,a
2021-12-28,120,1.719,5.4,a
2021-12-29,119,1.575,5.6,a
2021-12-30,118,1.247,5.2,a
2021-12-31,117,1.22,4.9,a
2022-01-01,120,1.638,4.6,a
2022-01-02,119,1.471,4.6,a
2022-01-03,118,1.284,4.6,a
2022-01-04,116,1.029,5.8,a
2022-01-05,122,2.575,6.9,a
2022-01-06,137,6.124,5.6,a
2022-01-07,127,3.162,4.4,a
2022-01-08,123,2.178,2.8,a
2022-01-09,122,1.766,2.6,a
2022-01-10,120,1.413,3.5,a
2022-01-11,117,0.952,3.2,a
2022-01-12,115,0.747,2.3,a
2022-01-13,114,0.615,1.6,a
2022-01-14,113,0.567,1.9,a
2022-01-15,113,0.532,2.5,a
2022-01-16,113,0.529,2.6,a
2022-01-17,112,0.484,2.5,a
2022-01-18,112,0.449,2.8,a
2022-01-19,112,0.449,2.7,a
2022-01-20,112,0.47,2.3,a
2022-01-21,112,0.449,3.1,a
2022-01-22,112,0.449,2.6,a
2022-01-23,112,0.449,3.5,a
2022-01-24,112,0.434,3.6,a
2022-01-25,112,0.449,3.8,a
2022-01-26,112,0.449,3.4,a
2022-01-27,112,0.449,3,a
2022-01-28,112,0.47,3.1,a
2022-01-29,113,0.518,3.1,a
2022-01-30,112,0.477,3.1,a
2022-01-31,113,0.491,2.7,a
2022-02-01,112,0.459,3.5,a
2022-02-02,112,0.449,3.9,a
2022-02-03,112,0.449,3.8,a
2022-02-04,112,0.449,4.3,a
2022-02-05,112,0.449,5.3,a
2022-02-06,112,0.449,4.8,a
2022-02-07,112,0.434,5.8,a
2022-02-08,112,0.449,5.1,a
2022-02-09,112,0.446,4.5,a
2022-02-10,112,0.449,4.5,a
2022-02-11,112,0.446,4.9,a
2022-02-12,112,0.44,5.1,a
2022-02-13,112,0.446,4.5,a
2022-02-14,112,0.449,3.7,a
2022-02-15,113,0.508,4.3,a
2022-02-16,115,0.746,5,a
2022-02-17,113,0.497,5.1,a
2022-02-18,112,0.449,5.4,a
2022-02-19,113,0.496,6.7,a
2022-02-20,116,0.799,6.5,a
2022-02-21,114,0.584,6,a
2022-02-22,115,0.697,5.7,a
2022-02-23,113,0.522,5.6,a
2022-02-24,112,0.47,5.7,a
2022-02-25,112,0.466,5.6,a
2022-02-26,113,0.497,5.4,a
2022-02-27,112,0.449,5.2,a
2022-02-28,112,0.437,5,a
2022-03-01,112,0.44,4.5,a
2022-03-02,112,0.437,4.4,a
2022-03-03,112,0.434,4.6,a
2022-03-04,112,0.44,5.1,a
2022-03-05,112,0.44,4.4,a
2022-03-06,112,0.424,4.6,a
2022-03-07,112,0.449,4.6,a
2022-03-08,112,0.443,4.3,a
2022-03-09,112,0.443,4.7,a
2022-03-10,112,0.44,5.5,a
2022-03-11,112,0.443,6.2,a
2022-03-12,112,0.443,5,a
2022-03-13,112,0.443,4.6,a
2022-03-14,112,0.452,5.3,a
2022-03-15,112,0.449,5.7,a
2022-03-16,112,0.443,7.3,a
2022-03-17,112,0.446,8.4,a
2022-03-18,112,0.443,8,a
2022-03-19,112,0.418,7.5,a
2022-03-20,111,0.387,7.8,a
2022-03-21,112,0.427,7,a
2022-03-22,112,0.415,7.1,a
2022-03-23,111,0.397,7.6,a
2022-03-24,111,0.378,8.6,a
2022-03-25,111,0.406,9.3,a
2022-03-26,112,0.44,9.6,a
2022-03-27,112,0.443,9.8,a
2022-03-28,112,0.431,10,a
2022-03-29,112,0.443,9.9,a
2022-03-30,112,0.449,8.8,a
2022-03-31,114,0.683,8.3,a
2022-04-01,118,1.184,8.2,a
2022-04-02,132,4.667,7.1,a
2022-04-03,123,2.232,6.6,a
2022-04-04,116,0.85,7.5,a
2022-04-05,114,0.626,8.7,a
2022-04-06,113,0.556,9.8,a
2022-04-07,114,0.613,10.7,a
2022-04-08,113,0.532,9.7,a
2022-04-09,121,2.004,8.4,a
2022-04-10,121,1.813,7.6,a
2022-04-11,114,0.667,9.1,a
2022-04-12,113,0.525,10.1,a
2022-04-13,113,0.548,11.1,a
2022-04-14,113,0.553,11.9,a
2022-04-15,115,0.693,10.7,a
2022-04-16,114,0.67,10.2,a
2022-04-17,113,0.516,9.7,a
2022-04-18,113,0.532,9.6,a
2022-04-19,114,0.63,9.2,a
2022-04-20,113,0.518,10.1,a
2022-04-21,113,0.532,9.2,a
2022-04-22,116,0.9,9.1,a
2022-04-23,118,1.07,9.8,a
2022-04-24,116,0.839,11.2,a
2022-04-25,117,0.987,10.2,a
2022-04-26,114,0.657,10,a
2022-04-27,124,2.627,10,a
2022-04-28,124,2.427,9.9,a
2022-04-29,119,1.346,10.7,a
2022-04-30,118,1.066,11.5,a
2022-05-01,118,1.208,10.8,a
2022-05-02,136,5.917,10.2,a
2022-05-03,129,3.717,10.6,a
2022-05-04,126,2.712,11,a
2022-05-05,125,2.495,10.8,a
2022-05-06,124,2.226,9.8,a
2022-05-07,124,2.346,9.4,a
2022-05-08,129,3.629,9.9,a
2022-05-09,128,3.353,10.4,a
2022-05-10,127,2.98,11.1,a
2022-05-11,125,2.585,11.4,a
2022-05-12,127,3.018,11.7,a
2022-05-13,129,3.721,11.2,a
2022-05-14,128,3.333,11.5,a
2022-05-15,125,2.597,11.6,a
2022-05-16,126,2.721,12.2,a
2022-05-17,125,2.543,11.6,a
2022-05-18,124,2.267,11.4,a
2022-05-19,121,1.645,11.5,a
2022-05-20,120,1.368,12.4,a
2022-05-21,121,1.782,12.6,a
2022-05-22,129,3.711,12.5,a
2022-05-23,124,2.354,12,a
2022-05-24,122,1.968,11.8,a
2022-05-25,121,1.69,12.5,a
2022-05-26,120,1.37,12.4,a
2022-05-27,117,1.033,13.5,a
2022-05-28,119,1.379,11.5,a
2022-05-29,123,2.08,8.8,a
2022-05-30,121,1.609,9.2,a
2022-05-31,116,0.877,11.9,a
2022-06-01,114,0.587,14.2,a
2022-06-02,115,1.13,15,a
2022-06-03,131,4.544,13.8,a
2022-06-04,123,2.104,14,a
2022-06-05,121,1.632,14.1,a
2022-06-06,120,1.415,14.6,a
2022-06-07,122,2.572,13.9,a
2022-06-08,138,6.484,13.2,a
2022-06-09,125,2.584,11,a
2022-06-10,121,1.711,11.6,a
2022-06-11,116,0.9,13.4,a
2022-06-12,114,0.579,15,a
2022-06-13,114,0.622,16,a
2022-06-14,113,0.571,16.3,a
2022-06-15,114,0.61,16.3,a
2022-06-16,115,0.822,16.6,a
2022-06-17,115,0.697,17.6,a
2022-06-18,113,0.526,17.3,a
2022-06-19,113,0.522,17.7,a
2022-06-20,113,0.556,18.1,a
2022-06-21,113,0.552,18.5,a
2022-06-22,113,0.548,17.6,a
2022-06-23,113,0.532,17.5,a
2022-06-24,114,0.614,18.1,a
2022-06-25,114,0.587,17.8,a
2022-06-26,113,0.54,18.3,a
2022-06-27,113,0.532,19.1,a
2022-06-28,113,0.532,19.5,a
2022-06-29,113,0.54,19.2,a
2022-06-30,114,0.62,18.9,a
2022-07-01,113,0.544,18.8,a
2022-07-02,113,0.532,18.7,a
2022-07-03,113,0.536,19.3,a
2022-07-04,113,0.532,19.7,a
2022-07-05,114,0.619,19.7,a
2022-07-06,113,0.571,18.8,a
2022-07-07,114,0.588,18,a
2022-07-08,116,0.904,16.2,a
2022-07-09,114,0.618,16.1,a
2022-07-10,114,0.603,16,a
2022-07-11,115,0.683,16.8,a
2022-07-12,115,0.683,17.2,a
2022-07-13,114,0.622,17.8,a
2022-07-14,114,0.626,19.1,a
2022-07-15,114,0.623,18.8,a
2022-07-16,113,0.556,19.3,a
2022-07-17,113,0.501,19.9,a
2022-07-18,112,0.437,19.6,a
2022-07-19,112,0.427,19.7,a
2022-07-20,111,0.406,20.1,a
2022-07-21,112,0.415,20.3,a
2022-07-22,111,0.387,21.1,a
2022-07-23,111,0.39,21.3,a
2022-07-24,111,0.387,21.5,a
2022-07-25,111,0.384,21.8,a
2022-07-26,111,0.381,20.4,a
2022-07-27,111,0.375,19.4,a
2022-07-28,111,0.378,19.5,a
2022-07-29,111,0.378,20,a
2022-07-30,112,0.412,19.2,a
2022-07-31,112,0.434,17.8,a
2022-08-01,112,0.415,18.4,a
2022-08-02,112,0.434,19.1,a
2022-08-03,112,0.421,19.3,a
2022-08-04,111,0.409,20,a
2022-08-05,111,0.397,20.8,a
2022-08-06,111,0.381,20.6,a
2022-08-07,111,0.409,18.9,a
2022-08-08,111,0.381,17.9,a
2022-08-09,111,0.394,18.6,a
2022-08-10,111,0.387,18.9,a
2022-08-11,111,0.387,18.6,a
2022-08-12,111,0.384,18.2,a
2022-08-13,111,0.39,16.1,a
2022-08-14,112,0.415,16.6,a
2022-08-15,111,0.39,18,a
2022-08-16,111,0.378,19.1,a
2022-08-17,111,0.381,19.8,a
2022-08-18,111,0.375,19.8,a
2022-08-19,111,0.384,18.9,a
2022-08-20,112,0.421,18.6,a
2022-08-21,112,0.481,17.8,a
2022-08-22,112,0.446,16.3,a
2022-08-23,112,0.431,16.5,a
2022-08-24,111,0.397,17.8,a
2022-08-25,111,0.375,19.1,a
2022-08-26,111,0.4,19.2,a
2022-08-27,112,0.412,19.1,a
2022-08-28,112,0.449,18.3,a
2022-08-29,112,0.443,18.3,a
2022-08-30,112,0.44,18.8,a
2022-08-31,112,0.452,18.1,a
2022-09-01,112,0.452,16.3,a
2022-09-02,112,0.434,16,a
2022-09-03,112,0.437,16.2,a
2022-09-04,112,0.434,17.1,a
2022-09-05,112,0.44,17.5,a
2022-09-06,112,0.421,18.2,a
2022-09-07,112,0.44,18.9,a
2022-09-08,113,0.527,17.3,a
2022-09-09,113,0.536,15.4,a
2022-09-10,114,0.679,15,a
2022-09-11,112,0.459,15,a
2022-09-12,112,0.474,15.1,a
2022-09-13,112,0.446,15.5,a
2022-09-14,112,0.446,15.7,a
2022-09-15,129,5.204,15.2,a
2022-09-16,149,11.175,11.9,a
2022-09-17,168,21.144,10.9,a
2022-09-18,144,9.086,9.6,a
2022-09-19,132,4.352,10.2,a
2022-09-20,127,3.162,9.7,a
2022-09-21,123,2.124,9.8,a
2022-09-22,119,1.275,9.6,a
2022-09-23,117,1.009,9.8,a
2022-09-24,115,0.731,10.1,a
2022-09-25,134,7.55,10.7,a
2022-09-26,159,16.574,11,a
2022-09-27,155,14.019,10.6,a
2022-09-28,151,11.94,9.8,a
2022-09-29,162,19.766,10.2,a
2022-09-30,177,27.898,10.4,a
2022-10-01,173,24.417,10.4,a
2022-10-02,157,14.853,9.5,a
2022-10-03,146,9.663,10,a
2022-10-04,139,6.661,9.6,a
2022-10-05,133,4.777,10,a
2022-10-06,129,3.744,10.2,a
2022-10-07,127,3.039,10.6,a
2022-10-08,125,2.534,10.7,a
2022-10-09,124,2.323,10.5,a
2022-10-10,123,2.148,10.9,a
2022-10-11,123,2.163,10.4,a
2022-10-12,123,2.195,10.6,a
2022-10-13,121,1.713,10.4,a
2022-10-14,116,0.908,10.9,a
2022-10-15,115,0.785,10.6,a
2022-10-16,114,0.658,10.9,a
2022-10-17,115,0.776,10.9,a
2022-10-18,113,0.532,11.1,a
2022-10-19,113,0.518,11.4,a
2022-10-20,113,0.532,11.8,a
2022-10-21,113,0.544,11.1,a
2022-10-22,124,3.982,11.5,a
2022-10-23,136,5.93,10,a
2022-10-24,122,1.943,10.8,a
2022-10-25,132,4.823,11.6,a
2022-10-26,130,4.036,10.3,a
2022-10-27,123,2.118,10.6,a
2022-10-28,119,1.347,10.4,a
2022-10-29,116,0.806,10.5,a
2022-10-30,114,0.659,10.8,a
2022-10-31,115,0.683,10.5,a
2022-11-01,114,0.67,10.2,a
2022-11-02,114,0.637,10.9,a
2022-11-03,115,0.679,11.3,a
2022-11-04,140,9.913,10.2,a
2022-11-05,149,11.223,8.1,a
2022-11-06,135,5.566,7.5,a
2022-11-07,128,3.242,8.1,a
2022-11-08,124,2.219,7.7,a
2022-11-09,120,1.497,8.1,a
2022-11-10,128,3.699,9.5,a
2022-11-11,128,3.243,9.2,a
2022-11-12,122,1.814,8.6,a
2022-11-13,119,1.328,8.5,a
2022-11-14,118,1.09,8.9,a
2022-11-15,117,0.943,9.3,a
2022-11-16,119,1.351,9.3,a
2022-11-17,124,2.241,9.1,a
2022-11-18,121,1.716,8.7,a
2022-11-19,121,1.648,8,a
2022-11-20,119,1.281,7.4,a
2022-11-21,118,1.124,6.8,a
2022-11-22,121,1.865,6.7,a
2022-11-23,137,6.123,7.3,a
2022-11-24,127,3.085,7.3,a
2022-11-25,123,1.989,6.5,a
2022-11-26,120,1.381,6.3,a
2022-11-27,117,1.037,5.9,a
2022-11-28,116,0.824,5.9,a
2022-11-29,114,0.617,6.3,a
2022-11-30,112,0.467,5.9,a
2022-12-01,111,0.387,6,a
2022-12-02,113,0.517,6.1,a
2022-12-03,113,0.496,5.9,a
2022-12-04,123,2.33,6.1,a
2022-12-05,139,7.292,6.7,a
2022-12-06,170,23.476,7.5,a
2022-12-07,146,9.552,7.2,a
2022-12-08,137,6.142,6.9,a
2022-12-09,155,19.945,6.7,a
2022-12-10,186,36.029,7.5,a
2022-12-11,164,19.117,6.8,a
2022-12-12,151,12.062,6.1,a
2022-12-13,144,8.718,5,a
2022-12-14,139,6.83,5.4,a
2022-12-15,136,5.634,4.9,a
2022-12-16,165,20.175,6,a
2022-12-17,175,26.497,6.5,a
2022-12-18,157,14.806,6.3,a
2022-12-19,147,10.11,6,a
2022-12-20,142,7.938,5.9,a
2022-12-21,138,6.631,6.1,a
2022-12-22,136,5.649,6.8,a
2022-12-23,133,4.837,7.4,a
2022-12-24,131,4.202,7.7,a
2022-12-25,129,3.486,7.5,a
2022-12-26,127,2.974,7.5,a
2022-12-27,125,2.626,7.8,a
2022-12-28,124,2.343,7.2,a
2022-12-29,123,2.014,6.3,a
2022-12-30,121,1.677,7.5,a
2022-12-31,121,1.607,8,a
2023-01-01,120,1.444,7.9,a
2023-01-02,122,1.821,7.6,a
2023-01-03,123,2.014,7.5,a
2023-01-04,120,1.511,7.8,a
2023-01-05,119,1.196,7.6,a
2023-01-06,117,0.94,7,a
2023-01-07,116,0.833,6.6,a
2023-01-08,115,0.727,6.9,a
2023-01-09,139,8.336,7.4,a
2023-01-10,147,10.158,7,a
2023-01-11,134,5.197,5.6,a
2023-01-12,129,3.505,6,a
2023-01-13,126,2.75,5.8,a
2023-01-14,124,2.285,6.2,a
2023-01-15,122,1.941,5.7,a
2023-01-16,158,16.108,5.5,a
2023-01-17,150,11.476,5.1,a
2023-01-18,152,12.249,5.7,a
2023-01-19,151,11.705,5.8,a
2023-01-20,142,8.047,5.6,a
2023-01-21,136,5.878,4.6,a
2023-01-22,132,4.505,4.9,a
2023-01-23,150,12.878,5,a
2023-01-24,152,12.451,5.9,a
2023-01-25,143,8.45,6,a
2023-01-26,139,6.667,5.6,a
2023-01-27,134,5.118,5.2,a
2023-01-28,131,4.057,4.8,a
2023-01-29,127,3.184,5,a
2023-01-30,125,2.646,4.7,a
2023-01-31,123,2.13,4.3,a
2023-02-01,122,1.829,4.1,a
2023-02-02,121,1.724,4.4,a
2023-02-03,121,1.659,5.4,a
2023-02-04,121,1.745,5.6,a
2023-02-05,121,1.654,4.9,a
2023-02-06,120,1.387,3.6,a
2023-02-07,118,1.119,2.7,a
2023-02-08,116,0.875,2,a
2023-02-09,115,0.718,2.6,a
2023-02-10,114,0.626,2.1,a
2023-02-11,114,0.622,2.2,a
2023-02-12,114,0.583,3.6,a
2023-02-13,113,0.54,5.3,a
2023-02-14,113,0.536,4.7,a
2023-02-15,114,0.587,4.4,a
2023-02-16,114,0.63,4.5,a
2023-02-17,115,0.693,5.5,a
2023-02-18,117,0.971,6.3,a
2023-02-19,118,1.159,6.8,a
2023-02-20,118,1.176,6.4,a
2023-02-21,119,1.267,6.8,a
2023-02-22,119,1.351,6.5,a
2023-02-23,119,1.229,6,a
2023-02-24,117,0.994,6.2,a
2023-02-25,119,1.334,7.2,a
2023-02-26,123,2.073,5.6,a
2023-02-27,118,1.128,4.6,a
2023-02-28,115,0.721,4.5,a
2023-03-01,113,0.548,4.6,a
2023-03-02,113,0.532,5.3,a
2023-03-03,113,0.515,6.1,a
2023-03-04,113,0.569,6.4,a
2023-03-05,114,0.603,5.9,a
2023-03-06,113,0.54,5.4,a
2023-03-07,116,0.934,6.3,a
2023-03-08,115,0.702,7.2,a
2023-03-09,115,0.773,8.5,a
2023-03-10,117,1.007,8.7,a
2023-03-11,118,1.065,8.7,a
2023-03-12,115,0.718,8,a
2023-03-13,113,0.522,7.5,a
2023-03-14,114,0.679,8.4,a
2023-03-15,119,1.315,7.9,a
2023-03-16,115,0.727,7.3,a
2023-03-17,113,0.525,7,a
2023-03-18,113,0.536,7.7,a
2023-03-19,114,0.626,8.1,a
2023-03-20,114,0.587,8.1,a
2023-03-21,113,0.532,9,a
2023-03-22,113,0.548,10.2,a
2023-03-23,115,0.706,10.1,a
2023-03-24,115,0.749,10,a
2023-03-25,123,2.243,9.2,a
2023-03-26,123,2.005,8.2,a
2023-03-27,168,22.911,7.8,a
2023-03-28,142,7.869,7.1,a
2023-03-29,133,4.871,7.2,a
2023-03-30,129,3.481,7.7,a
2023-03-31,126,2.931,8.2,a
2023-04-01,133,4.869,8.6,a
2023-04-02,128,3.239,9,a
2023-04-03,124,2.356,9.1,a
2023-04-04,122,1.875,7.6,a
2023-04-05,121,1.591,7.1,a
2023-04-06,119,1.345,7.4,a
2023-04-07,118,1.138,8.1,a
2023-04-08,117,0.965,8.7,a
2023-04-09,117,0.928,8.5,a
2023-04-10,115,0.702,8.7,a
2023-04-11,114,0.626,8.8,a
2023-04-12,113,0.559,9.4,a
2023-04-13,134,7.377,9.5,a
2023-04-14,161,17.063,7.5,a
2023-04-15,145,9.249,7.9,a
2023-04-16,139,6.659,8.1,a
2023-04-17,134,5.08,8.9,a
2023-04-18,131,4.082,9.2,a
2023-04-19,129,3.519,9.8,a
2023-04-20,128,3.337,9.4,a
2023-04-21,127,3.017,9.7,a
2023-04-22,125,2.678,10.1,a
2023-04-23,126,2.836,10.5,a
2023-04-24,130,3.975,9.8,a
2023-04-25,132,4.466,9.3,a
2023-04-26,127,3.021,9.3,a
2023-04-27,124,2.276,10,a
2023-04-28,122,1.949,9.9,a
2023-04-29,122,1.884,10.6,a
2023-04-30,126,2.881,11.2,a
2023-05-01,126,2.793,9.9,a
2023-05-02,127,3.001,9.5,a
2023-05-03,133,4.838,9.1,a
2023-05-04,130,3.951,9.5,a
2023-05-05,128,3.384,10.4,a
2023-05-06,130,3.946,10.8,a
2023-05-07,132,4.464,10.6,a
2023-05-08,135,5.345,9.7,a
2023-05-09,135,5.294,9.2,a
2023-05-10,132,4.439,8.8,a
2023-05-11,144,9.346,8.8,a
2023-05-12,153,12.769,8.6,a
2023-05-13,163,18.566,9,a
2023-05-14,168,20.951,8.9,a
2023-05-15,161,16.948,9.5,a
2023-05-16,155,14.117,9.1,a
2023-05-17,155,13.872,8.7,a
2023-05-18,149,10.866,8.9,a
2023-05-19,144,8.694,9.2,a
2023-05-20,142,7.885,9.9,a
2023-05-21,144,8.606,10.3,a
2023-05-22,143,8.245,10.3,a
2023-05-23,141,7.584,10.1,a
2023-05-24,142,7.937,9.7,a
2023-05-25,140,7.056,10.3,a
2023-05-26,138,6.497,10.3,a
2023-05-27,137,6.161,10.5,a
2023-05-28,136,5.749,10.4,a
2023-05-29,133,4.761,10.7,a
2023-05-30,131,4.24,10.7,a
2023-05-31,130,3.944,9.9,a
2023-06-01,129,3.496,10.6,a
2023-06-02,129,3.558,11,a
2023-06-03,141,7.699,11.2,a
2023-06-04,134,5.185,10.5,a
2023-06-05,142,8.332,10.2,a
2023-06-06,162,17.813,10.2,a
2023-06-07,158,15.691,10.3,a
2023-06-08,155,13.686,10.3,a
2023-06-09,150,11.353,10.6,a
2023-06-10,148,10.438,10.5,a
2023-06-11,146,9.394,10.3,a
2023-06-12,142,7.983,10.5,a
2023-06-13,139,6.875,10.5,a
2023-06-14,136,5.734,10.6,a
2023-06-15,133,4.903,11,a
2023-06-16,132,4.375,10.8,a
2023-06-17,130,3.897,10.9,a
2023-06-18,128,3.385,11.6,a
2023-06-19,127,3.051,12.4,a
2023-06-20,127,2.996,12.8,a
2023-06-21,127,3.007,13,a
2023-06-22,127,3.192,12.8,a
2023-06-23,128,3.422,12.5,a
2023-06-24,128,3.233,11.8,a
2023-06-25,125,2.488,12.4,a
2023-06-26,122,1.887,13.4,a
2023-06-27,127,3.387,12.9,a
2023-06-28,137,6.137,12.3,a
2023-06-29,129,3.76,11.6,a
2023-06-30,125,2.448,12.6,a
2023-07-01,124,2.234,12.6,a
2023-07-02,124,2.299,12.9,a
2023-07-03,126,3.099,12.2,a
2023-07-04,141,7.739,12,a
2023-07-05,133,4.789,11.6,a
2023-07-06,127,3.145,11.6,a
2023-07-07,124,2.314,12.5,a
2023-07-08,122,1.878,13.1,a
2023-07-09,120,1.449,14.3,a
2023-07-10,119,1.252,14.9,a
2023-07-11,118,1.152,15.5,a
2023-07-12,118,1.178,15.2,a
2023-07-13,143,9.524,14.5,a
2023-07-14,143,8.622,13.3,a
2023-07-15,131,4.098,13.1,a
2023-07-16,125,2.591,14.1,a
2023-07-17,121,1.712,15,a
2023-07-18,119,1.249,15.6,a
2023-07-19,127,3.308,15.1,a
2023-07-20,129,3.907,15,a
2023-07-21,189,38.757,13.2,a
2023-07-22,168,21.33,11.4,a
2023-07-23,151,12.097,11.8,a
2023-07-24,142,7.866,11.9,a
2023-07-25,188,43.601,12.9,a
2023-07-26,195,44.832,12,a
2023-07-27,166,20.379,11.2,a
2023-07-28,153,12.942,11.5,a
2023-07-29,145,9.3,12.1,a
2023-07-30,152,12.562,13,a
2023-07-31,145,8.979,12.4,a
2023-08-01,146,10.106,12,a
2023-08-02,158,15.544,12.7,a
2023-08-03,148,11.476,12.4,a
2023-08-04,311,247.737,13.5,a
2023-08-05,311,243.183,12.1,a
2023-08-06,259,140.88,11.3,a
2023-08-07,224,81.717,10.6,a
2023-08-08,206,56.782,10.3,a
2023-08-09,189,37.852,10.2,a
2023-08-10,175,25.648,10.6,a
2023-08-11,166,19.417,11.1,a
2023-08-12,160,15.72,11.7,a
2023-08-13,155,12.944,12.2,a
2023-08-14,151,10.724,12.8,a
2023-08-15,148,9.352,12.8,a
2023-08-16,145,8.227,12.8,a
2023-08-17,142,7.221,13.2,a
2023-08-18,143,7.474,13.4,a
2023-08-19,139,5.961,13.5,a
2023-08-20,136,4.871,13.8,a
2023-08-21,133,4.137,14,a
2023-08-22,132,3.688,14.2,a
2023-08-23,131,3.453,14.2,a
2023-08-24,130,3.161,14.5,a
2023-08-25,129,2.907,14.9,a
2023-08-26,128,2.684,14.9,a
2023-08-27,127,2.467,14.9,a
2023-08-28,137,6.981,14.7,a
2023-08-29,165,19.22,14.7,a
2023-08-30,157,13.699,12.8,a
2023-08-31,151,11.002,12.4,a
2023-09-01,144,7.654,12.6,a
2023-09-02,139,5.862,13,a
2023-09-03,136,4.841,13.2,a
2023-09-04,134,4.425,13.4,a
2023-09-05,133,4.019,13.2,a
2023-09-06,133,3.879,13.1,a
2023-09-07,132,3.594,13.2,a
2023-09-08,131,3.419,13.3,a
2023-09-09,130,3.205,13.4,a
2023-09-10,129,3.007,13.5,a
2023-09-11,129,2.863,13.5,a
2023-09-12,128,2.694,13.6,a
2023-09-13,128,2.649,13.7,a
2023-09-14,129,2.979,13.5,a
2023-09-15,128,2.631,13.7,a
2023-09-16,127,2.392,13.6,a
2023-09-17,127,2.335,13.9,a
2023-09-18,126,2.154,13.9,a
2023-09-19,132,3.914,14,a
2023-09-20,131,3.598,12.6,a
2023-09-21,130,3.286,13.1,a
2023-09-22,130,3.285,13.5,a
2023-09-23,142,7.231,13,a
2023-09-24,143,7.311,11.2,a
2023-09-25,140,6.276,10.9,a
2023-09-26,135,4.742,11.5,a
2023-09-27,132,3.761,12.1,a
2023-09-28,131,3.329,12.1,a
2023-09-29,129,3.007,12.1,a
2023-09-30,129,3.018,11.8,a
2023-10-01,130,3.061,12.4,a
2023-10-02,129,2.908,12.7,a
2023-10-03,129,2.795,13.1,a
2023-10-04,128,2.649,12.7,a
2023-10-05,128,2.628,12.3,a
2023-10-06,128,2.649,12.7,a
2023-10-07,128,2.542,12.2,a
2023-10-08,127,2.362,12.9,a
2023-10-09,127,2.303,12.8,a
2023-10-10,125,1.933,12.7,a
2023-10-11,124,1.81,12.9,a
2023-10-12,123,1.522,12.9,a
2023-10-13,123,1.512,12.9,a
2023-10-14,122,1.363,13,a
2023-10-15,136,5.411,13,a
2023-10-16,132,3.808,11.2,a
2023-10-17,126,2.108,9.5,a
2023-10-18,124,1.725,9.9,a
2023-10-19,128,2.848,10.5,a
2023-10-20,166,19.337,11,a
2023-10-21,160,15.6,10.5,a
2023-10-22,154,12.438,10.6,a
2023-10-23,142,6.911,10.2,a
2023-10-24,141,6.789,10.3,a
2023-10-25,203,54.241,10.1,a
2023-10-26,177,26.637,8.9,a
2023-10-27,246,123.912,10.6,a
2023-10-28,214,69.043,9.6,a
2023-10-29,188,36.423,8.8,a
2023-10-30,178,27.623,9,a
2023-10-31,211,66.069,9.8,a
2023-11-01,202,51.955,8.9,a
2023-11-02,187,35.269,8.8,a
2023-11-03,232,96.131,9.5,a
2023-11-04,206,57.666,8.6,a
2023-11-05,237,105.146,9.3,a
2023-11-06,203,53.07,9,a
2023-11-07,186,34.651,8.5,a
2023-11-08,178,27.273,8.2,a
2023-11-09,169,21.217,7.9,a
2023-11-10,176,26.31,8.6,a
2023-11-11,171,22.225,8.7,a
2023-11-12,163,17.083,7.7,a
2023-11-13,157,14.117,7.8,a
2023-11-14,154,12.548,8.7,a
2023-11-15,159,14.715,9,a
2023-11-16,154,12.477,7.8,a
2023-11-17,151,11.039,8.3,a
2023-11-18,149,9.727,7.1,a
2023-11-19,146,8.697,6.9,a
2023-11-20,144,7.871,6.8,a
2023-11-21,145,8.023,7.8,a
2023-11-22,143,7.337,7.5,a
2023-11-23,140,6.397,6.9,a
2023-11-24,140,6.4,6.3,a
2023-11-25,141,6.526,6.4,a
2023-11-26,138,5.496,5.5,a
2023-11-27,136,5.083,5.3,a
2023-11-28,136,4.946,6.9,a
2023-11-29,135,4.527,6.2,a
2023-11-30,145,9.498,5.3,a
2023-12-01,199,54.007,7.1,a
2023-12-02,211,65.061,7.9,a
2023-12-03,195,44.259,6.8,a
2023-12-04,180,28.922,6,a
2023-12-05,171,22.137,6.3,a
2023-12-06,163,17.334,6.6,a
2023-12-07,156,13.341,6.4,a
2023-12-08,152,11.472,5.9,a
2023-12-09,150,10.336,6.1,a
2023-12-10,149,9.809,6.2,a
2023-12-11,146,8.596,6.1,a
2023-12-12,143,7.543,6.5,a
2023-12-13,183,42.349,7.2,a
2023-12-14,191,41.141,7.4,a
2023-12-15,166,19.03,7,a
2023-12-16,156,13.442,6.3,a
2023-12-17,151,10.843,5.7,a
2023-12-18,148,9.479,5.7,a
2023-12-19,148,9.295,5.6,a
2023-12-20,147,9.192,5.6,a
2023-12-21,143,7.397,5.6,a
2023-12-22,142,6.857,6.2,a
2023-12-23,140,6.144,5.9,a
2023-12-24,138,5.496,5.8,a
2023-12-25,136,4.988,6.7,a
2023-12-26,135,4.603,6.9,a
2023-12-27,134,4.223,6.6,a
2023-12-28,133,4.011,7.3,a
2023-12-29,132,3.758,6.9,a
2023-12-30,131,3.477,7,a
2023-12-31,130,3.193,6.8,a
2024-01-01,146,8.966,7.4,a
2024-01-02,140,6.409,6.1,a
2024-01-03,137,5.247,7.1,a
2024-01-04,135,4.67,7.2,a
2024-01-05,134,4.247,6.2,a
2024-01-06,159,16.485,7.3,a
2024-01-07,169,21.127,7.1,a
2024-01-08,154,12.398,6,a
2024-01-09,147,8.914,5,a
2024-01-10,142,7.177,4.3,a
2024-01-11,140,6.205,3.7,a
2024-01-12,138,5.496,3.8,a
2024-01-13,136,5.014,4.4,a
2024-01-14,135,4.682,4.2,a
2024-01-15,134,4.288,5.7,a
2024-01-16,132,3.642,5.5,a
2024-01-17,132,3.776,5,a
2024-01-18,155,14.059,6.6,a
2024-01-19,167,20.055,5.4,a
2024-01-20,154,12.569,3.9,a
2024-01-21,147,9.213,3.3,a
2024-01-22,144,7.757,3.3,a
2024-01-23,142,6.938,4.3,a
2024-01-24,140,6.263,4.7,a
2024-01-25,139,6.115,5.4,a
2024-01-26,140,6.159,5.3,a
2024-01-27,139,5.838,5,a
2024-01-28,137,5.165,4.3,a
2024-01-29,135,4.721,3.9,a
2024-01-30,134,4.298,3.7,a
2024-01-31,133,3.999,3.9,a
2024-02-01,133,3.951,4.1,a
2024-02-02,132,3.64,5.3,a
2024-02-03,131,3.442,5.1,a
2024-02-04,130,3.171,5.6,a
2024-02-05,130,3.182,5.8,a
2024-02-06,130,3.194,6.2,a
2024-02-07,131,3.453,7.2,a
2024-02-08,130,3.25,7.4,a
2024-02-09,131,3.36,8.2,a
2024-02-10,141,6.851,8.1,a
2024-02-11,166,19.536,8,a
2024-02-12,162,17.027,8,a
2024-02-13,150,10.332,7.6,a
2024-02-14,145,8.095,6.5,a
2024-02-15,142,6.954,6.7,a
2024-02-16,140,6.235,7,a
2024-02-17,138,5.441,7.3,a
2024-02-18,136,5.028,8.3,a
2024-02-19,135,4.671,7.4,a
2024-02-20,134,4.198,7.6,a
2024-02-21,133,3.928,7.5,a
2024-02-22,132,3.734,7.2,a
2024-02-23,139,6.629,7.5,a
2024-02-24,172,24.055,7.8,a
2024-02-25,152,11.359,7.7,a
2024-02-26,147,9.064,7.4,a
2024-02-27,144,8.007,7.7,a
2024-02-28,145,8.023,8.5,a
2024-02-29,143,7.443,8,a
2024-03-01,143,7.6,8,a
2024-03-02,145,8.264,8.3,a
2024-03-03,146,8.8,8.7,a
2024-03-04,144,7.973,8.2,a
2024-03-05,143,7.468,8.7,a
2024-03-06,148,9.309,8.4,a
2024-03-07,146,8.536,8,a
2024-03-08,150,10.419,7.1,a
2024-03-09,151,10.656,7.1,a
2024-03-10,156,13.512,7.6,a
2024-03-11,180,30.028,7.9,a
2024-03-12,170,21.798,8.4,a
2024-03-13,163,17.516,8.1,a
2024-03-14,158,14.409,8.3,a
2024-03-15,160,15.774,8.8,a
2024-03-16,155,12.93,9.2,a
2024-03-17,151,10.998,9.2,a
2024-03-18,152,11.438,9.1,a
2024-03-19,149,9.908,8.6,a
2024-03-20,143,7.377,8.6,a
2024-03-21,141,6.822,8.8,a
2024-03-22,142,6.907,9.7,a
2024-03-23,142,7.187,9.2,a
2024-03-24,153,12.134,8.1,a
2024-03-25,144,7.82,7.9,a
2024-03-26,141,6.81,7.7,a
2024-03-27,143,7.505,8.7,a
2024-03-28,169,23.091,7.9,a
2024-03-29,180,30.387,8.6,a
2024-03-30,165,18.406,9.2,a
2024-03-31,160,15.76,8.7,a
2024-04-01,164,17.64,9,a
2024-04-02,167,19.538,8.6,a
2024-04-03,158,14.554,7.8,a
2024-04-04,153,11.726,9.4,a
2024-04-05,149,9.723,10,a
2024-04-06,147,9.135,10.7,a
2024-04-07,148,9.313,10.8,a
2024-04-08,148,9.684,11,a
2024-04-09,149,9.901,10.6,a
2024-04-10,149,9.959,9.9,a
2024-04-11,146,8.749,10.1,a
2024-04-12,145,8.295,10.8,a
2024-04-13,145,8.161,11.1,a
2024-04-14,146,8.448,11.3,a
2024-04-15,147,8.937,11.1,a
2024-04-16,149,9.927,8.6,a
2024-04-17,146,8.734,7.9,a
2024-04-18,141,6.74,8.1,a
2024-04-19,138,5.709,9,a
2024-04-20,137,5.137,8.9,a
2024-04-21,135,4.646,8.7,a
2024-04-22,134,4.323,8.7,a
2024-04-23,136,4.988,7.7,a
2024-04-24,141,6.529,7.9,a
2024-04-25,140,6.138,8.2,a
2024-04-26,136,5.031,9.3,a
2024-04-27,135,4.592,9.5,a
2024-04-28,135,4.502,11.2,a
2024-04-29,136,4.908,11.8,a
2024-04-30,137,5.164,12.1,a
2024-05-01,138,5.482,11.1,a
2024-05-02,142,7.133,10.2,a
2024-05-03,152,11.402,8.4,a
2024-05-04,153,11.834,9.7,a
2024-05-05,148,9.592,9.7,a
2024-05-06,145,8.33,9.6,a
2024-05-07,143,7.332,9.4,a
2024-05-08,153,12.08,10.1,a
2024-05-09,151,10.638,10.6,a
2024-05-10,145,8.406,10.6,a
2024-05-11,142,7.085,11.1,a
2024-05-12,140,6.131,11.5,a
2024-05-13,141,6.636,10.6,a
2024-05-14,143,7.462,10.6,a
2024-05-15,142,6.904,10.8,a
2024-05-16,141,6.569,10.6,a
2024-05-17,167,20.452,10.4,a
2024-05-18,155,12.914,10.1,a
2024-05-19,149,10.024,10.3,a
2024-05-20,147,9.224,10.6,a
2024-05-21,154,13.077,10.4,a
2024-05-22,163,17.552,10.2,a
2024-05-23,159,14.887,9.9,a
2024-05-24,155,12.634,10.5,a
2024-05-25,149,9.89,10.2,a
2024-05-26,145,8.145,10.6,a
2024-05-27,142,7.047,11.2,a
2024-05-28,143,7.404,11.4,a
2024-05-29,144,7.976,11.1,a
2024-05-30,142,7.22,10.7,a
2024-05-31,172,28.861,10.7,a
2024-06-01,179,28.826,9.8,a
2024-06-02,163,17.151,10.4,a
2024-06-03,174,25.46,10.6,a
2024-06-04,173,24.153,10.4,a
2024-06-05,162,16.801,10.8,a
2024-06-06,156,13.395,11.4,a
2024-06-07,152,11.238,11.9,a
2024-06-08,150,10.452,12,a
2024-06-09,148,9.625,11.9,a
2024-06-10,147,9.15,11.1,a
2024-06-11,166,19.33,10.9,a
2024-06-12,165,18.382,9.6,a
2024-06-13,160,15.556,9.2,a
2024-06-14,154,12.556,10.2,a
2024-06-15,150,10.304,11,a
2024-06-16,147,9.064,11.4,a
2024-06-17,145,8.385,12.1,a
2024-06-18,143,7.305,12.9,a
2024-06-19,141,6.534,13.5,a
2024-06-20,140,6.203,13.2,a
2024-06-21,139,5.909,12.7,a
2024-06-22,138,5.739,13.9,a
2024-06-23,137,5.348,13.6,a
2024-06-24,135,4.57,13,a
2024-06-25,134,4.249,13.1,a
2024-06-26,137,5.155,13.9,a
2024-06-27,134,4.23,13.9,a
2024-06-28,130,3.226,14.9,a
2024-06-29,128,2.597,16,a
2024-06-30,127,2.417,16.2,a
2024-07-01,141,7.912,14.7,a
2024-07-02,144,8.091,14.2,a
2024-07-03,133,4.143,13.2,a
2024-07-04,129,2.797,14.1,a
2024-07-05,126,2.081,15.3,a
2024-07-06,125,1.861,16.3,a
2024-07-07,124,1.819,15.9,a
2024-07-08,125,1.84,16.3,a
2024-07-09,123,1.508,17.8,a
2024-07-10,122,1.408,18.2,a
2024-07-11,121,1.225,18.9,a
2024-07-12,123,1.725,18.9,a
2024-07-13,124,1.704,18.1,a
2024-07-14,121,1.282,18.4,a
2024-07-15,120,0.996,19,a
2024-07-16,120,0.99,19.3,a
2024-07-17,119,0.956,19.1,a
2024-07-18,119,0.951,19.7,a
2024-07-19,121,1.533,19.8,a
2024-07-20,163,17.483,13.1,a
2024-07-21,145,8.311,12.4,a
2024-07-22,136,4.855,13.2,a
2024-07-23,131,3.534,14.1,a
2024-07-24,131,3.48,13.3,a
2024-07-25,129,2.785,14.3,a
2024-07-26,126,2.182,15.5,a
2024-07-27,124,1.636,17,a
2024-07-28,127,2.967,17.2,a
2024-07-29,139,5.979,14.3,a
2024-07-30,132,3.818,13.9,a
2024-07-31,126,2.252,15.4,a
2024-08-01,124,1.836,15.6,a
2024-08-02,126,2.161,16.8,a
2024-08-03,122,1.319,15.5,a
2024-08-04,121,1.254,15.7,a
2024-08-05,122,1.294,16,a
2024-08-06,120,1.106,17.4,a
2024-08-07,122,1.602,17.8,a
2024-08-08,136,4.986,17.2,a
2024-08-09,132,3.921,17.4,a
2024-08-10,122,1.292,17.8,a
2024-08-11,120,1.081,18.3,a
2024-08-12,121,1.244,18.4,a
2024-08-13,121,1.171,18.9,a
2024-08-14,121,1.297,17.8,a
2024-08-15,119,0.976,17.7,a
2024-08-16,118,0.787,18.6,a
2024-08-17,119,0.993,18.4,a
2024-08-18,121,1.378,18,a
2024-08-19,120,1.114,17.8,a
2024-08-20,128,2.771,18.4,a
2024-08-21,119,0.972,18.2,a
2024-08-22,118,0.753,18.2,a
2024-08-23,117,0.731,18.5,a
2024-08-24,117,0.674,19.4,a
2024-08-25,117,0.645,19.6,a
2024-08-26,117,0.645,19.4,a
2024-08-27,117,0.719,18.1,a
2024-08-28,117,0.662,18.7,a
2024-08-29,117,0.649,19.4,a
2024-08-30,117,0.671,19.2,a
2024-08-31,116,0.605,19.2,a
2024-09-01,116,0.596,19.1,a
2024-09-02,116,0.6,18.6,a
2024-09-03,117,0.653,18.3,a
2024-09-04,117,0.699,18.5,a
2024-09-05,118,0.754,17.9,a
2024-09-06,125,2.068,16.8,a
2024-09-07,118,0.765,16.7,a
2024-09-08,117,0.751,17,a
2024-09-09,157,15.617,14.6,a
2024-09-10,155,13.205,10.5,a
2024-09-11,143,7.499,10.5,a
2024-09-12,179,40.062,11.9,a
2024-09-13,190,39.286,10.9,a
2024-09-14,161,16.255,9.7,a
2024-09-15,155,12.957,9.7,a
2024-09-16,148,9.561,9.6,a
2024-09-17,152,11.176,9.9,a
2024-09-18,147,9.04,9.9,a
2024-09-19,145,8.142,10.3,a
2024-09-20,142,6.864,10.6,a
2024-09-21,138,5.486,10.7,a
2024-09-22,135,4.492,10.6,a
2024-09-23,132,3.666,11.1,a
2024-09-24,138,5.797,11.8,a
2024-09-25,141,6.662,11.2,a
2024-09-26,136,5.047,10.6,a
2024-09-27,172,24.528,10,a
2024-09-28,172,23.104,8.8,a
2024-09-29,167,20.006,8.6,a
2024-09-30,160,15.66,8.2,a
2024-10-01,154,12.285,8.4,a
2024-10-02,177,36.935,9.4,a
2024-10-03,209,61.108,9.7,a
2024-10-04,202,52.539,9.4,a
2024-10-05,181,29.801,9.1,a
2024-10-06,173,23.914,9.2,a
2024-10-07,163,17.248,9.1,a
2024-10-08,157,13.689,9.6,a
2024-10-09,170,21.756,10.1,a
2024-10-10,179,33.009,9.7,a
2024-10-11,206,58.677,10.2,a
2024-10-12,182,30.844,9.5,a
2024-10-13,170,21.997,9.1,a
2024-10-14,162,16.428,9,a
2024-10-15,154,12.428,9.6,a
2024-10-16,148,9.566,9.7,a
2024-10-17,145,8.212,9.6,a
2024-10-18,144,7.677,9.6,a
2024-10-19,146,8.47,9.5,a
2024-10-20,142,6.958,10,a
2024-10-21,137,5.435,9.4,a
2024-10-22,135,4.581,9.8,a
2024-10-23,133,4.028,10.2,a
2024-10-24,151,11.214,10.9,a
2024-10-25,146,8.616,10.5,a
2024-10-26,142,6.927,10.8,a
2024-10-27,139,6.06,10.9,a
2024-10-28,135,4.664,10.5,a
2024-10-29,135,4.496,10.6,a
2024-10-30,133,3.975,10,a
2024-10-31,133,3.887,9.8,a
2024-11-01,131,3.385,9.5,a
2024-11-02,130,3.277,9.2,a
2024-11-03,129,2.852,9.3,a
2024-11-04,128,2.595,8,a
2024-11-05,127,2.392,7.5,a
2024-11-06,127,2.337,7.1,a
2024-11-07,126,2.108,7.2,a
2024-11-08,125,1.951,7.2,a
2024-11-09,124,1.77,7.2,a
2024-11-10,124,1.68,7,a
2024-11-11,122,1.368,7.1,a
2024-11-12,119,0.923,6.8,a
2024-11-13,119,0.903,6.4,a
2024-11-14,118,0.813,6,a
2024-11-15,118,0.776,5.7,a
2024-11-16,118,0.758,5.8,a
2024-11-17,117,0.735,5.3,a
2024-11-18,117,0.694,6,a
2024-11-19,116,0.641,7.3,a
2024-11-20,128,3.424,8.1,a
2024-11-21,125,2.055,6.4,a
2024-11-22,127,2.326,4.4,a
2024-11-23,124,1.818,4.4,a
2024-11-24,121,1.22,4.4,a
2024-11-25,121,1.151,5.3,a
2024-11-26,127,2.374,7,a
2024-11-27,149,10.962,7.7,a
2024-11-28,145,8.405,8.1,a
2024-11-29,136,4.912,7.1,a
2024-11-30,131,3.412,6.5,a
2024-12-01,128,2.73,5.8,a
2024-12-02,125,1.97,6,a
2024-12-03,123,1.545,5.7,a
2024-12-04,122,1.392,6.3,a
2024-12-05,122,1.286,6,a
2024-12-06,120,1.056,4.7,a
2024-12-07,119,0.974,4.4,a
2024-12-08,119,0.904,4.9,a
2024-12-09,117,0.741,5.5,a
2024-12-10,116,0.574,5.7,a
2024-12-11,115,0.52,5.4,a
2024-12-12,116,0.578,5.8,a
2024-12-13,115,0.513,5.4,a
2024-12-14,115,0.509,4.9,a
2024-12-15,115,0.509,4.1,a
2024-12-16,115,0.512,4.5,a
2024-12-17,114,0.461,4.3,a
2024-12-18,115,0.506,4.5,a
2024-12-19,115,0.509,4.7,a
2024-12-20,134,4.98,5.9,a
2024-12-21,123,1.6,4.5,a
2024-12-22,120,1.002,3.3,a
2024-12-23,122,1.319,3.7,a
2024-12-24,119,0.891,3.6,a
2024-12-25,118,0.762,4,a
2024-12-26,117,0.67,2.8,a
2024-12-27,116,0.596,2.4,a
2024-12-28,116,0.596,2.5,a
2024-12-29,116,0.596,2.7,a
2024-12-30,116,0.584,2.8,a
2024-12-31,114,0.432,2.6,a
