date,level,flow,temp,src
2005-01-01,60,,,a
2005-01-02,60,,,a
2005-01-03,61,,,a
2005-01-04,60,,,a
2005-01-05,58,,,a
2005-01-06,54,,,a
2005-01-07,60,,,a
2005-01-08,68,,,a
2005-01-09,60,,,a
2005-01-10,50,,,a
2005-01-11,58,,,a
2005-01-12,55,,,a
2005-01-13,50,,,a
2005-01-14,50,,,a
2005-01-15,49,,,a
2005-01-16,50,,,a
2005-01-17,48,,,a
2005-01-18,40,,,a
2005-01-19,38,,,a
2005-01-20,35,,,a
2005-01-21,38,,,a
2005-01-22,38,,,a
2005-01-23,37,,,a
2005-01-24,39,,,a
2005-01-25,39,,,a
2005-01-26,40,,,a
2005-01-27,40,,,a
2005-01-28,41,,,a
2005-01-29,40,,,a
2005-01-30,39,,,a
2005-01-31,40,,,a
2005-02-01,40,,,a
2005-02-02,40,,,a
2005-02-03,41,,,a
2005-02-04,41,,,a
2005-02-05,42,,,a
2005-02-06,43,,,a
2005-02-07,43,,,a
2005-02-08,44,,,a
2005-02-09,45,,,a
2005-02-10,46,,,a
2005-02-11,46,,,a
2005-02-12,44,,,a
2005-02-13,45,,,a
2005-02-14,46,,,a
2005-02-15,45,,,a
2005-02-16,46,,,a
2005-02-17,45,,,a
2005-02-18,43,,,a
2005-02-19,41,,,a
2005-02-20,39,,,a
2005-02-21,40,,,a
2005-02-22,39,,,a
2005-02-23,39,,,a
2005-02-24,40,,,a
2005-02-25,39,,,a
2005-02-26,40,,,a
2005-02-27,39,,,a
2005-02-28,39,,,a
2005-03-01,39,,,a
2005-03-02,40,,,a
2005-03-03,39,,,a
2005-03-04,40,,,a
2005-03-05,41,,,a
2005-03-06,40,,,a
2005-03-07,39,,,a
2005-03-08,39,,,a
2005-03-09,40,,,a
2005-03-10,39,,,a
2005-03-11,40,,,a
2005-03-12,41,,,a
2005-03-13,41,,,a
2005-03-14,48,,,a
2005-03-15,52,,,a
2005-03-16,55,,,a
2005-03-17,60,,,a
2005-03-18,61,,,a
2005-03-19,58,,,a
2005-03-20,50,,,a
2005-03-21,51,,,a
2005-03-22,50,,,a
2005-03-23,51,,,a
2005-03-24,50,,,a
2005-03-25,51,,,a
2005-03-26,51,,,a
2005-03-27,53,,,a
2005-03-28,53,,,a
2005-03-29,54,,,a
2005-03-30,48,,,a
2005-03-31,47,,,a
2005-04-01,48,,,a
2005-04-02,49,,,a
2005-04-03,50,,,a
2005-04-04,49,,,a
2005-04-05,50,,,a
2005-04-06,51,,,a
2005-04-07,50,,,a
2005-04-08,55,,,a
2005-04-09,57,,,a
2005-04-10,60,,,a
2005-04-11,71,,,a
2005-04-12,70,,,a
2005-04-13,69,,,a
2005-04-14,60,,,a
2005-04-15,59,,,a
2005-04-16,56,,,a
2005-04-17,50,,,a
2005-04-18,49,,,a
2005-04-19,52,,,a
2005-04-20,58,,,a
2005-04-21,60,,,a
2005-04-22,62,,,a
2005-04-23,59,,,a
2005-04-24,57,,,a
2005-04-25,58,,,a
2005-04-26,60,,,a
2005-04-27,62,,,a
2005-04-28,64,,,a
2005-04-29,65,,,a
2005-04-30,66,,,a
2005-05-01,50,,,a
2005-05-02,52,,,a
2005-05-03,54,,,a
2005-05-04,55,,,a
2005-05-05,87,,,a
2005-05-06,82,,,a
2005-05-07,80,,,a
2005-05-08,80,,,a
2005-05-09,73,,,a
2005-05-10,69,,,a
2005-05-11,67,,,a
2005-05-12,60,,,a
2005-05-13,60,,,a
2005-05-14,59,,,a
2005-05-15,58,,,a
2005-05-16,57,,,a
2005-05-17,50,,,a
2005-05-18,68,,,a
2005-05-19,95,,,a
2005-05-20,84,,,a
2005-05-21,70,,,a
2005-05-22,68,,,a
2005-05-23,60,,,a
2005-05-24,59,,,a
2005-05-25,58,,,a
2005-05-26,57,,,a
2005-05-27,54,,,a
2005-05-28,50,,,a
2005-05-29,50,,,a
2005-05-30,51,,,a
2005-05-31,50,,,a
2005-06-01,50,,,a
2005-06-02,40,,,a
2005-06-03,39,,,a
2005-06-04,48,,,a
2005-06-05,49,,,a
2005-06-06,48,,,a
2005-06-07,48,,,a
2005-06-08,47,,,a
2005-06-09,48,,,a
2005-06-10,47,,,a
2005-06-11,48,,,a
2005-06-12,48,,,a
2005-06-13,47,,,a
2005-06-14,46,,,a
2005-06-15,46,,,a
2005-06-16,40,,,a
2005-06-17,40,,,a
2005-06-18,39,,,a
2005-06-19,40,,,a
2005-06-20,40,,,a
2005-06-21,42,,,a
2005-06-22,43,,,a
2005-06-23,42,,,a
2005-06-24,43,,,a
2005-06-25,44,,,a
2005-06-26,44,,,a
2005-06-27,47,,,a
2005-06-28,49,,,a
2005-06-29,52,,,a
2005-06-30,58,,,a
2005-07-01,73,,,a
2005-07-02,90,,,a
2005-07-03,58,,,a
2005-07-04,58,,,a
2005-07-05,50,,,a
2005-07-06,57,,,a
2005-07-07,68,,,a
2005-07-08,70,,,a
2005-07-09,73,,,a
2005-07-10,70,,,a
2005-07-11,65,,,a
2005-07-12,60,,,a
2005-07-13,59,,,a
2005-07-14,55,,,a
2005-07-15,50,,,a
2005-07-16,45,,,a
2005-07-17,46,,,a
2005-07-18,45,,,a
2005-07-19,44,,,a
2005-07-20,45,,,a
2005-07-21,45,,,a
2005-07-22,47,,,a
2005-07-23,48,,,a
2005-07-24,47,,,a
2005-07-25,46,,,a
2005-07-26,47,,,a
2005-07-27,46,,,a
2005-07-28,48,,,a
2005-07-29,49,,,a
2005-07-30,48,,,a
2005-07-31,44,,,a
2005-08-01,40,,,a
2005-08-02,40,,,a
2005-08-03,45,,,a
2005-08-04,48,,,a
2005-08-05,52,,,a
2005-08-06,50,,,a
2005-08-07,73,,,a
2005-08-08,80,,,a
2005-08-09,83,,,a
2005-08-10,88,,,a
2005-08-11,90,,,a
2005-08-12,93,,,a
2005-08-13,89,,,a
2005-08-14,90,,,a
2005-08-15,98,,,a
2005-08-16,95,,,a
2005-08-17,90,,,a
2005-08-18,85,,,a
2005-08-19,80,,,a
2005-08-20,70,,,a
2005-08-21,83,,,a
2005-08-22,100,,,a
2005-08-23,98,,,a
2005-08-24,80,,,a
2005-08-25,70,,,a
2005-08-26,69,,,a
2005-08-27,70,,,a
2005-08-28,69,,,a
2005-08-29,66,,,a
2005-08-30,60,,,a
2005-08-31,61,,,a
2005-09-01,60,,,a
2005-09-02,62,,,a
2005-09-03,97,,,a
2005-09-04,110,,,a
2005-09-05,88,,,a
2005-09-06,77,,,a
2005-09-07,60,,,a
2005-09-08,59,,,a
2005-09-09,60,,,a
2005-09-10,58,,,a
2005-09-11,60,,,a
2005-09-12,61,,,a
2005-09-13,62,,,a
2005-09-14,61,,,a
2005-09-15,60,,,a
2005-09-16,59,,,a
2005-09-17,58,,,a
2005-09-18,65,,,a
2005-09-19,81,,,a
2005-09-20,87,,,a
2005-09-21,80,,,a
2005-09-22,75,,,a
2005-09-23,70,,,a
2005-09-24,71,,,a
2005-09-25,68,,,a
2005-09-26,70,,,a
2005-09-27,69,,,a
2005-09-28,70,,,a
2005-09-29,82,,,a
2005-09-30,120,,,a
2005-10-01,115,,,a
2005-10-02,80,,,a
2005-10-03,75,,,a
2005-10-04,74,,,a
2005-10-05,100,,,a
2005-10-06,115,,,a
2005-10-07,99,,,a
2005-10-08,79,,,a
2005-10-09,75,,,a
2005-10-10,70,,,a
2005-10-11,69,,,a
2005-10-12,68,,,a
2005-10-13,68,,,a
2005-10-14,67,,,a
2005-10-15,62,,,a
2005-10-16,57,,,a
2005-10-17,54,,,a
2005-10-18,49,,,a
2005-10-19,49,,,a
2005-10-20,48,,,a
2005-10-21,47,,,a
2005-10-22,45,,,a
2005-10-23,46,,,a
2005-10-24,45,,,a
2005-10-25,48,,,a
2005-10-26,49,,,a
2005-10-27,48,,,a
2005-10-28,47,,,a
2005-10-29,48,,,a
2005-10-30,45,,,a
2005-10-31,44,,,a
2005-11-01,45,,,a
2005-11-02,46,,,a
2005-11-03,43,,,a
2005-11-04,40,,,a
2005-11-05,41,,,a
2005-11-06,42,,,a
2005-11-07,43,,,a
2005-11-08,43,,,a
2005-11-09,44,,,a
2005-11-10,45,,,a
2005-11-11,44,,,a
2005-11-12,45,,,a
2005-11-13,43,,,a
2005-11-14,39,,,a
2005-11-15,40,,,a
2005-11-16,40,,,a
2005-11-17,41,,,a
2005-11-18,42,,,a
2005-11-19,44,,,a
2005-11-20,45,,,a
2005-11-21,44,,,a
2005-11-22,41,,,a
2005-11-23,40,,,a
2005-11-24,49,,,a
2005-11-25,64,,,a
2005-11-26,99,,,a
2005-11-27,175,,,a
2005-11-28,99,,,a
2005-11-29,80,,,a
2005-11-30,95,,,a
2005-12-01,100,,,a
2005-12-02,90,,,a
2005-12-03,95,,,a
2005-12-04,148,,,a
2005-12-05,152,,,a
2005-12-06,155,,,a
2005-12-07,130,,,a
2005-12-08,95,,,a
2005-12-09,80,,,a
2005-12-10,69,,,a
2005-12-11,60,,,a
2005-12-12,60,,,a
2005-12-13,62,,,a
2005-12-14,63,,,a
2005-12-15,62,,,a
2005-12-16,64,,,a
2005-12-17,67,,,a
2005-12-18,65,,,a
2005-12-19,64,,,a
2005-12-20,64,,,a
2005-12-21,65,,,a
2005-12-22,63,,,a
2005-12-23,62,,,a
2005-12-24,59,,,a
2005-12-25,56,,,a
2005-12-26,50,,,a
2005-12-27,51,,,a
2005-12-28,52,,,a
2005-12-29,55,,,a
2005-12-30,58,,,a
2005-12-31,60,,,a
2006-01-01,68,2.768,,a
2006-01-02,69,2.898,,a
2006-01-03,70,3.031,,a
2006-01-04,70,3.031,,a
2006-01-05,69,2.898,,a
2006-01-06,65,2.407,,a
2006-01-07,60,1.895,,a
2006-01-08,60,1.895,,a
2006-01-09,60,1.895,,a
2006-01-10,59,1.796,,a
2006-01-11,53,1.36,,a
2006-01-12,50,1.193,,a
2006-01-13,50,1.193,,a
2006-01-14,51,1.246,,a
2006-01-15,49,1.144,,a
2006-01-16,49,1.144,,a
2006-01-17,48,1.098,,a
2006-01-18,47,1.055,,a
2006-01-19,51,1.246,,a
2006-01-20,43,0.91,,a
2006-01-21,43,0.91,,a
2006-01-22,42,0.88,,a
2006-01-23,43,0.91,,a
2006-01-24,43,0.91,,a
2006-01-25,44,0.943,,a
2006-01-26,45,0.978,,a
2006-01-27,46,1.015,,a
2006-01-28,45,0.978,,a
2006-01-29,47,1.055,,a
2006-01-30,46,1.015,,a
2006-01-31,49,1.144,,a
2006-02-01,48,1.098,,a
2006-02-02,49,1.144,,a
2006-02-03,48,1.098,,a
2006-02-04,47,1.055,,a
2006-02-05,48,1.098,,a
2006-02-06,45,0.978,,a
2006-02-07,44,0.943,,a
2006-02-08,45,0.978,,a
2006-02-09,44,0.943,,a
2006-02-10,45,0.978,,a
2006-02-11,48,1.098,,a
2006-02-12,48,1.098,,a
2006-02-13,49,1.144,,a
2006-02-14,48,1.098,,a
2006-02-15,47,1.055,,a
2006-02-16,48,1.098,,a
2006-02-17,60,1.895,,a
2006-02-18,69,2.898,,a
2006-02-19,80,4.597,,a
2006-02-20,87,5.898,,a
2006-02-21,85,4.714,,a
2006-02-22,80,4.003,,a
2006-02-23,70,2.851,,a
2006-02-24,69,2.753,,a
2006-02-25,55,1.501,,a
2006-02-26,50,1.123,,a
2006-02-27,50,1.123,,a
2006-02-28,57,1.665,,a
2006-03-01,50,1.123,,a
2006-03-02,51,1.194,,a
2006-03-03,52,1.268,,a
2006-03-04,63,2.192,,a
2006-03-05,92,5.854,,a
2006-03-06,95,6.391,,a
2006-03-07,90,5.512,,a
2006-03-08,95,6.391,,a
2006-03-09,90,5.512,,a
2006-03-10,80,4.003,,a
2006-03-11,97,6.765,,a
2006-03-12,100,7.348,,a
2006-03-13,98,6.956,,a
2006-03-14,90,5.512,,a
2006-03-15,84,4.565,,a
2006-03-16,70,2.851,,a
2006-03-17,60,1.923,,a
2006-03-18,61,2.011,,a
2006-03-19,60,1.923,,a
2006-03-20,59,1.835,,a
2006-03-21,60,1.923,,a
2006-03-22,68,2.658,,a
2006-03-23,60,1.923,,a
2006-03-24,57,1.665,,a
2006-03-25,60,1.923,,a
2006-03-26,59,1.835,,a
2006-03-27,59,1.835,,a
2006-03-28,60,1.923,,a
2006-03-29,68,2.658,,a
2006-03-30,60,1.923,,a
2006-03-31,58,1.749,,a
2006-04-01,70,2.851,,a
2006-04-02,75,3.38,,a
2006-04-03,80,4.003,,a
2006-04-04,85,4.714,,a
2006-04-05,79,3.871,,a
2006-04-06,70,2.851,,a
2006-04-07,69,2.753,,a
2006-04-08,70,2.851,,a
2006-04-09,70,2.851,,a
2006-04-10,74,3.267,,a
2006-04-11,75,3.38,,a
2006-04-12,70,2.851,,a
2006-04-13,60,1.923,,a
2006-04-14,54,1.421,,a
2006-04-15,54,1.421,,a
2006-04-16,50,1.123,,a
2006-04-17,50,1.123,,a
2006-04-18,54,1.421,,a
2006-04-19,59,1.835,,a
2006-04-20,50,1.123,,a
2006-04-21,58,1.749,,a
2006-04-22,50,1.123,,a
2006-04-23,49,1.054,,a
2006-04-24,52,1.268,,a
2006-04-25,50,1.123,,a
2006-04-26,54,1.421,,a
2006-04-27,57,1.665,,a
2006-04-28,60,1.923,,a
2006-04-29,59,1.835,,a
2006-04-30,63,2.192,,a
2006-05-01,54,1.421,,a
2006-05-02,40,0.55,,a
2006-05-03,54,1.421,,a
2006-05-04,52,1.268,,a
2006-05-05,55,1.501,,a
2006-05-06,52,1.268,,a
2006-05-07,50,1.123,,a
2006-05-08,52,1.268,,a
2006-05-09,53,1.344,,a
2006-05-10,53,1.344,,a
2006-05-11,54,1.421,,a
2006-05-12,55,1.501,,a
2006-05-13,54,1.421,,a
2006-05-14,53,1.344,,a
2006-05-15,54,1.421,,a
2006-05-16,56,1.582,,a
2006-05-17,52,1.268,,a
2006-05-18,51,1.194,,a
2006-05-19,50,1.123,,a
2006-05-20,48,0.987,,a
2006-05-21,44,0.746,,a
2006-05-22,44,0.746,,a
2006-05-23,46,0.861,,a
2006-05-24,95,6.391,,a
2006-05-25,81,4.138,,a
2006-05-26,67,2.564,,a
2006-05-27,48,0.987,,a
2006-05-28,47,0.923,,a
2006-05-29,101,7.549,,a
2006-05-30,173,29.038,,a
2006-05-31,150,20.415,,a
2006-06-01,111,9.709,,a
2006-06-02,78,3.743,,a
2006-06-03,59,1.835,,a
2006-06-04,50,1.123,,a
2006-06-05,50,1.123,,a
2006-06-06,39,0.521,,a
2006-06-07,39,0.521,,a
2006-06-08,37,0.469,,a
2006-06-09,35,0.427,,a
2006-06-10,37,0.469,,a
2006-06-11,36,0.447,,a
2006-06-12,37,0.469,,a
2006-06-13,37,0.469,,a
2006-06-14,36,0.447,,a
2006-06-15,38,0.494,,a
2006-06-16,37,0.469,,a
2006-06-17,36,0.447,,a
2006-06-18,37,0.469,,a
2006-06-19,37,0.469,,a
2006-06-20,36,0.447,,a
2006-06-21,29,0.341,,a
2006-06-22,28,0.33,,a
2006-06-23,27,0.32,,a
2006-06-24,27,0.32,,a
2006-06-25,29,0.341,,a
2006-06-26,28,0.33,,a
2006-06-27,27,0.32,,a
2006-06-28,29,0.341,,a
2006-06-29,29,0.341,,a
2006-06-30,48,0.987,,a
2006-07-01,30,0.352,,a
2006-07-02,28,0.33,,a
2006-07-03,29,0.341,,a
2006-07-04,28,0.33,,a
2006-07-05,29,0.341,,a
2006-07-06,28,0.33,,a
2006-07-07,28,0.33,,a
2006-07-08,28,0.33,,a
2006-07-09,29,0.341,,a
2006-07-10,27,0.32,,a
2006-07-11,27,0.32,,a
2006-07-12,28,0.33,,a
2006-07-13,28,0.33,,a
2006-07-14,29,0.341,,a
2006-07-15,31,0.365,,a
2006-07-16,33,0.393,,a
2006-07-17,34,0.409,,a
2006-07-18,35,0.427,,a
2006-07-19,36,0.447,,a
2006-07-20,38,0.494,,a
2006-07-21,35,0.427,,a
2006-07-22,37,0.469,,a
2006-07-23,38,0.494,,a
2006-07-24,38,0.494,,a
2006-07-25,36,0.447,,a
2006-07-26,38,0.494,,a
2006-07-27,39,0.521,,a
2006-07-28,37,0.469,,a
2006-07-29,35,0.427,,a
2006-07-30,36,0.447,,a
2006-07-31,38,0.494,,a
2006-08-01,30,0.352,,a
2006-08-02,28,0.33,,a
2006-08-03,29,0.341,,a
2006-08-04,28,0.33,,a
2006-08-05,29,0.341,,a
2006-08-06,28,0.33,,a
2006-08-07,28,0.33,,a
2006-08-08,28,0.33,,a
2006-08-09,29,0.341,,a
2006-08-10,27,0.32,,a
2006-08-11,27,0.32,,a
2006-08-12,28,0.33,,a
2006-08-13,28,0.33,,a
2006-08-14,29,0.341,,a
2006-08-15,29,0.341,,a
2006-08-16,33,0.393,,a
2006-08-17,34,0.409,,a
2006-08-18,35,0.427,,a
2006-08-19,36,0.447,,a
2006-08-20,38,0.494,,a
2006-08-21,35,0.427,,a
2006-08-22,37,0.469,,a
2006-08-23,38,0.494,,a
2006-08-24,38,0.494,,a
2006-08-25,36,0.447,,a
2006-08-26,38,0.494,,a
2006-08-27,39,0.521,,a
2006-08-28,37,0.469,,a
2006-08-29,35,0.427,,a
2006-08-30,36,0.447,,a
2006-08-31,38,0.494,,a
2006-09-01,50,1.123,,a
2006-09-02,50,1.123,,a
2006-09-03,48,0.987,,a
2006-09-04,47,0.923,,a
2006-09-05,48,0.987,,a
2006-09-06,49,1.054,,a
2006-09-07,47,0.923,,a
2006-09-08,46,0.861,,a
2006-09-09,46,0.861,,a
2006-09-10,44,0.746,,a
2006-09-11,44,0.746,,a
2006-09-12,42,0.642,,a
2006-09-13,42,0.642,,a
2006-09-14,39,0.521,,a
2006-09-15,37,0.469,,a
2006-09-16,55,1.501,,a
2006-09-17,82,4.277,,a
2006-09-18,83,4.419,,a
2006-09-19,58,1.749,,a
2006-09-20,50,1.123,,a
2006-09-21,48,0.987,,a
2006-09-22,46,0.861,,a
2006-09-23,46,0.861,,a
2006-09-24,44,0.746,,a
2006-09-25,43,0.692,,a
2006-09-26,41,0.595,,a
2006-09-27,42,0.642,,a
2006-09-28,43,0.692,,a
2006-09-29,41,0.595,,a
2006-09-30,40,0.55,,a
2006-10-01,38,0.494,,a
2006-10-02,39,0.521,,a
2006-10-03,39,0.521,,a
2006-10-04,40,0.55,,a
2006-10-05,40,0.55,,a
2006-10-06,39,0.521,,a
2006-10-07,38,0.494,,a
2006-10-08,37,0.469,,a
2006-10-09,38,0.494,,a
2006-10-10,39,0.521,,a
2006-10-11,38,0.494,,a
2006-10-12,37,0.469,,a
2006-10-13,39,0.521,,a
2006-10-14,40,0.55,,a
2006-10-15,42,0.642,,a
2006-10-16,42,0.642,,a
2006-10-17,43,0.692,,a
2006-10-18,40,0.55,,a
2006-10-19,40,0.55,,a
2006-10-20,39,0.521,,a
2006-10-21,37,0.469,,a
2006-10-22,38,0.494,,a
2006-10-23,39,0.521,,a
2006-10-24,39,0.521,,a
2006-10-25,40,0.55,,a
2006-10-26,38,0.494,,a
2006-10-27,39,0.521,,a
2006-10-28,38,0.494,,a
2006-10-29,38,0.494,,a
2006-10-30,38,0.494,,a
2006-10-31,39,0.521,,a
2006-11-01,37,0.469,,a
2006-11-02,38,0.494,,a
2006-11-03,37,0.469,,a
2006-11-04,36,0.447,,a
2006-11-05,36,0.447,,a
2006-11-06,37,0.469,,a
2006-11-07,36,0.447,,a
2006-11-08,37,0.469,,a
2006-11-09,38,0.494,,a
2006-11-10,37,0.469,,a
2006-11-11,36,0.447,,a
2006-11-12,34,0.409,,a
2006-11-13,35,0.427,,a
2006-11-14,34,0.409,,a
2006-11-15,34,0.409,,a
2006-11-16,35,0.427,,a
2006-11-17,36,0.447,,a
2006-11-18,36,0.447,,a
2006-11-19,38,0.494,,a
2006-11-20,38,0.494,,a
2006-11-21,38,0.494,,a
2006-11-22,39,0.521,,a
2006-11-23,39,0.521,,a
2006-11-24,39,0.521,,a
2006-11-25,38,0.494,,a
2006-11-26,37,0.469,,a
2006-11-27,37,0.469,,a
2006-11-28,36,0.447,,a
2006-11-29,37,0.469,,a
2006-11-30,36,0.447,,a
2006-12-01,36,0.447,,a
2006-12-02,38,0.494,,a
2006-12-03,37,0.469,,a
2006-12-04,36,0.447,,a
2006-12-05,37,0.469,,a
2006-12-06,39,0.521,,a
2006-12-07,40,0.55,,a
2006-12-08,41,0.595,,a
2006-12-09,42,0.642,,a
2006-12-10,64,2.284,,a
2006-12-11,50,1.123,,a
2006-12-12,50,1.123,,a
2006-12-13,49,1.054,,a
2006-12-14,48,0.987,,a
2006-12-15,49,1.054,,a
2006-12-16,48,0.987,,a
2006-12-17,49,1.054,,a
2006-12-18,51,1.194,,a
2006-12-19,50,1.123,,a
2006-12-20,48,0.987,,a
2006-12-21,46,0.861,,a
2006-12-22,47,0.923,,a
2006-12-23,47,0.923,,a
2006-12-24,43,0.692,,a
2006-12-25,39,0.521,,a
2006-12-26,39,0.521,,a
2006-12-27,38,0.494,,a
2006-12-28,39,0.521,,a
2006-12-29,38,0.494,,a
2006-12-30,39,0.521,,a
2006-12-31,39,0.521,,a
2007-01-01,40,0.55,,a
2007-01-02,42,0.642,,a
2007-01-03,43,0.692,,a
2007-01-04,45,0.802,,a
2007-01-05,40,0.55,,a
2007-01-06,39,0.521,,a
2007-01-07,38,0.494,,a
2007-01-08,37,0.469,,a
2007-01-09,38,0.494,,a
2007-01-10,39,0.521,,a
2007-01-11,40,0.55,,a
2007-01-12,42,0.642,,a
2007-01-13,43,0.692,,a
2007-01-14,42,0.642,,a
2007-01-15,40,0.55,,a
2007-01-16,39,0.521,,a
2007-01-17,40,0.55,,a
2007-01-18,38,0.494,,a
2007-01-19,37,0.469,,a
2007-01-20,38,0.494,,a
2007-01-21,39,0.521,,a
2007-01-22,38,0.494,,a
2007-01-23,137,16.471,,a
2007-01-24,180,31.846,,a
2007-01-25,98,6.956,,a
2007-01-26,80,4.003,,a
2007-01-27,77,3.618,,a
2007-01-28,52,1.268,,a
2007-01-29,50,1.123,,a
2007-01-30,49,1.054,,a
2007-01-31,40,0.55,,a
2007-02-01,45,0.802,,a
2007-02-02,46,0.861,,a
2007-02-03,45,0.802,,a
2007-02-04,47,0.923,,a
2007-02-05,45,0.802,,a
2007-02-06,47,0.923,,a
2007-02-07,48,0.987,,a
2007-02-08,49,1.054,,a
2007-02-09,52,1.268,,a
2007-02-10,62,2.101,,a
2007-02-11,68,2.658,,a
2007-02-12,78,3.743,,a
2007-02-13,100,7.348,,a
2007-02-14,94,6.209,,a
2007-02-15,88,5.183,,a
2007-02-16,71,2.949,,a
2007-02-17,69,2.753,,a
2007-02-18,50,1.123,,a
2007-02-19,50,1.123,,a
2007-02-20,51,1.194,,a
2007-02-21,52,1.268,,a
2007-02-22,51,1.194,,a
2007-02-23,51,1.194,,a
2007-02-24,68,2.658,,a
2007-02-25,88,5.183,,a
2007-02-26,78,3.743,,a
2007-02-27,70,2.851,,a
2007-02-28,69,2.753,,a
2007-03-01,58,1.749,,a
2007-03-02,58,1.749,,a
2007-03-03,57,1.665,,a
2007-03-04,55,1.501,,a
2007-03-05,56,1.582,,a
2007-03-06,55,1.501,,a
2007-03-07,57,1.665,,a
2007-03-08,60,1.923,,a
2007-03-09,68,2.658,,a
2007-03-10,68,2.658,,a
2007-03-11,59,1.835,,a
2007-03-12,55,1.501,,a
2007-03-13,58,1.749,,a
2007-03-14,53,1.344,,a
2007-03-15,50,1.123,,a
2007-03-16,49,1.054,,a
2007-03-17,40,0.55,,a
2007-03-18,40,0.55,,a
2007-03-19,52,1.268,,a
2007-03-20,62,2.101,,a
2007-03-21,68,2.658,,a
2007-03-22,78,3.743,,a
2007-03-23,70,2.851,,a
2007-03-24,69,2.753,,a
2007-03-25,70,2.851,,a
2007-03-26,68,2.658,,a
2007-03-27,69,2.753,,a
2007-03-28,68,2.658,,a
2007-03-29,65,2.376,,a
2007-03-30,68,2.658,,a
2007-03-31,70,2.851,,a
2007-04-01,73,3.157,,a
2007-04-02,47,0.923,,a
2007-04-03,48,0.987,,a
2007-04-04,39,0.521,,a
2007-04-05,38,0.494,,a
2007-04-06,37,0.469,,a
2007-04-07,38,0.494,,a
2007-04-08,38,0.494,,a
2007-04-09,39,0.521,,a
2007-04-10,30,0.352,,a
2007-04-11,37,0.469,,a
2007-04-12,38,0.494,,a
2007-04-13,39,0.521,,a
2007-04-14,40,0.55,,a
2007-04-15,45,0.802,,a
2007-04-16,47,0.923,,a
2007-04-17,48,0.987,,a
2007-04-18,40,0.55,,a
2007-04-19,39,0.521,,a
2007-04-20,40,0.55,,a
2007-04-21,45,0.802,,a
2007-04-22,47,0.923,,a
2007-04-23,49,1.054,,a
2007-04-24,48,0.987,,a
2007-04-25,47,0.923,,a
2007-04-26,44,0.746,,a
2007-04-27,40,0.55,,a
2007-04-28,39,0.521,,a
2007-04-29,40,0.55,,a
2007-04-30,41,0.595,,a
2007-05-01,39,0.521,,a
2007-05-02,40,0.55,,a
2007-05-03,42,0.642,,a
2007-05-04,43,0.692,,a
2007-05-05,40,0.55,,a
2007-05-06,42,0.642,,a
2007-05-07,43,0.692,,a
2007-05-08,41,0.595,,a
2007-05-09,40,0.55,,a
2007-05-10,39,0.521,,a
2007-05-11,40,0.55,,a
2007-05-12,41,0.595,,a
2007-05-13,40,0.55,,a
2007-05-14,42,0.642,,a
2007-05-15,48,0.987,,a
2007-05-16,49,1.054,,a
2007-05-17,50,1.123,,a
2007-05-18,52,1.268,,a
2007-05-19,46,0.861,,a
2007-05-20,47,0.923,,a
2007-05-21,49,1.054,,a
2007-05-22,47,0.923,,a
2007-05-23,45,0.802,,a
2007-05-24,50,1.123,,a
2007-05-25,45,0.802,,a
2007-05-26,47,0.923,,a
2007-05-27,49,1.054,,a
2007-05-28,54,1.421,,a
2007-05-29,50,1.123,,a
2007-05-30,49,1.054,,a
2007-05-31,47,0.923,,a
2007-06-01,38,0.494,,a
2007-06-02,37,0.469,,a
2007-06-03,36,0.447,,a
2007-06-04,37,0.469,,a
2007-06-05,37,0.469,,a
2007-06-06,38,0.494,,a
2007-06-07,40,0.55,,a
2007-06-08,39,0.521,,a
2007-06-09,41,0.595,,a
2007-06-10,40,0.55,,a
2007-06-11,38,0.494,,a
2007-06-12,39,0.521,,a
2007-06-13,40,0.55,,a
2007-06-14,40,0.55,,a
2007-06-15,38,0.494,,a
2007-06-16,39,0.521,,a
2007-06-17,40,0.55,,a
2007-06-18,38,0.494,,a
2007-06-19,39,0.521,,a
2007-06-20,37,0.469,,a
2007-06-21,36,0.447,,a
2007-06-22,37,0.469,,a
2007-06-23,39,0.521,,a
2007-06-24,38,0.494,,a
2007-06-25,39,0.521,,a
2007-06-26,40,0.55,,a
2007-06-27,50,1.123,,a
2007-06-28,52,1.268,,a
2007-06-29,48,0.987,,a
2007-06-30,42,0.642,,a
2007-07-01,40,0.55,,a
2007-07-02,43,0.692,,a
2007-07-03,45,0.802,,a
2007-07-04,75,3.38,,a
2007-07-05,75,3.38,,a
2007-07-06,65,2.376,,a
2007-07-07,50,1.123,,a
2007-07-08,48,0.987,,a
2007-07-09,45,0.802,,a
2007-07-10,42,0.642,,a
2007-07-11,40,0.55,,a
2007-07-12,39,0.521,,a
2007-07-13,39,0.521,,a
2007-07-14,38,0.494,,a
2007-07-15,38,0.494,,a
2007-07-16,39,0.521,,a
2007-07-17,40,0.55,,a
2007-07-18,39,0.521,,a
2007-07-19,39,0.521,,a
2007-07-20,40,0.55,,a
2007-07-21,38,0.494,,a
2007-07-22,38,0.494,,a
2007-07-23,39,0.521,,a
2007-07-24,40,0.55,,a
2007-07-25,39,0.521,,a
2007-07-26,37,0.469,,a
2007-07-27,38,0.494,,a
2007-07-28,38,0.494,,a
2007-07-29,39,0.521,,a
2007-07-30,40,0.55,,a
2007-07-31,39,0.521,,a
2007-08-01,38,0.494,,a
2007-08-02,37,0.469,,a
2007-08-03,35,0.427,,a
2007-08-04,37,0.469,,a
2007-08-05,38,0.494,,a
2007-08-06,39,0.521,,a
2007-08-07,38,0.494,,a
2007-08-08,36,0.447,,a
2007-08-09,37,0.469,,a
2007-08-10,38,0.494,,a
2007-08-11,36,0.447,,a
2007-08-12,38,0.494,,a
2007-08-13,39,0.521,,a
2007-08-14,35,0.427,,a
2007-08-15,39,0.521,,a
2007-08-16,40,0.55,,a
2007-08-17,43,0.692,,a
2007-08-18,44,0.746,,a
2007-08-19,45,0.802,,a
2007-08-20,49,1.054,,a
2007-08-21,40,0.55,,a
2007-08-22,41,0.595,,a
2007-08-23,39,0.521,,a
2007-08-24,37,0.469,,a
2007-08-25,39,0.521,,a
2007-08-26,39,0.521,,a
2007-08-27,40,0.55,,a
2007-08-28,41,0.595,,a
2007-08-29,40,0.55,,a
2007-08-30,38,0.494,,a
2007-08-31,37,0.469,,a
2007-09-01,74,3.267,,a
2007-09-02,85,4.714,,a
2007-09-03,94,6.209,,a
2007-09-04,100,7.348,,a
2007-09-05,70,2.851,,a
2007-09-06,65,2.376,,a
2007-09-07,60,1.923,,a
2007-09-08,52,1.268,,a
2007-09-09,49,1.054,,a
2007-09-10,48,0.987,,a
2007-09-11,49,1.054,,a
2007-09-12,47,0.923,,a
2007-09-13,48,0.987,,a
2007-09-14,50,1.123,,a
2007-09-15,49,1.054,,a
2007-09-16,48,0.987,,a
2007-09-17,50,1.123,,a
2007-09-18,229,53.385,,a
2007-09-19,290,82.922,,a
2007-09-20,200,40.277,,a
2007-09-21,139,17.049,,a
2007-09-22,98,6.956,,a
2007-09-23,78,3.743,,a
2007-09-24,68,2.658,,a
2007-09-25,55,1.501,,a
2007-09-26,68,2.658,,a
2007-09-27,75,3.38,,a
2007-09-28,100,7.348,,a
2007-09-29,99,7.151,,a
2007-09-30,65,2.376,,a
2007-10-01,60,1.923,,a
2007-10-02,58,1.749,,a
2007-10-03,59,1.835,,a
2007-10-04,60,1.923,,a
2007-10-05,65,2.376,,a
2007-10-06,157,22.935,,a
2007-10-07,126,13.429,,a
2007-10-08,88,5.183,,a
2007-10-09,70,2.851,,a
2007-10-10,65,2.376,,a
2007-10-11,59,1.835,,a
2007-10-12,59,1.835,,a
2007-10-13,60,1.923,,a
2007-10-14,62,2.101,,a
2007-10-15,60,1.923,,a
2007-10-16,59,1.835,,a
2007-10-17,59,1.835,,a
2007-10-18,58,1.749,,a
2007-10-19,60,1.923,,a
2007-10-20,59,1.835,,a
2007-10-21,60,1.923,,a
2007-10-22,60,1.923,,a
2007-10-23,59,1.835,,a
2007-10-24,58,1.749,,a
2007-10-25,59,1.835,,a
2007-10-26,53,1.344,,a
2007-10-27,59,1.835,,a
2007-10-28,80,4.003,,a
2007-10-29,84,4.565,,a
2007-10-30,83,4.419,,a
2007-10-31,82,4.277,,a
2007-11-01,68,2.658,,a
2007-11-02,65,2.376,,a
2007-11-03,60,1.923,,a
2007-11-04,59,1.835,,a
2007-11-05,50,1.123,,a
2007-11-06,59,1.835,,a
2007-11-07,58,1.749,,a
2007-11-08,56,1.582,,a
2007-11-09,54,1.421,,a
2007-11-10,55,1.501,,a
2007-11-11,57,1.665,,a
2007-11-12,50,1.123,,a
2007-11-13,49,1.054,,a
2007-11-14,48,0.987,,a
2007-11-15,46,0.861,,a
2007-11-16,48,0.987,,a
2007-11-17,49,1.054,,a
2007-11-18,56,1.582,,a
2007-11-19,54,1.421,,a
2007-11-20,50,1.123,,a
2007-11-21,49,1.054,,a
2007-11-22,48,0.987,,a
2007-11-23,50,1.123,,a
2007-11-24,53,1.344,,a
2007-11-25,55,1.501,,a
2007-11-26,60,1.923,,a
2007-11-27,58,1.749,,a
2007-11-28,57,1.665,,a
2007-11-29,58,1.749,,a
2007-11-30,50,1.123,,a
2007-12-01,52,1.268,,a
2007-12-02,51,1.194,,a
2007-12-03,61,2.011,,a
2007-12-04,57,1.665,,a
2007-12-05,63,2.192,,a
2007-12-06,82,4.277,,a
2007-12-07,98,6.956,,a
2007-12-08,100,7.348,,a
2007-12-09,88,5.183,,a
2007-12-10,49,1.054,,a
2007-12-11,48,0.987,,a
2007-12-12,49,1.054,,a
2007-12-13,50,1.123,,a
2007-12-14,50,1.123,,a
2007-12-15,49,1.054,,a
2007-12-16,48,0.987,,a
2007-12-17,47,0.923,,a
2007-12-18,49,1.054,,a
2007-12-19,48,0.987,,a
2007-12-20,50,1.123,,a
2007-12-21,48,0.987,,a
2007-12-22,48,0.987,,a
2007-12-23,49,1.054,,a
2007-12-24,50,1.123,,a
2007-12-25,51,1.194,,a
2007-12-26,50,1.123,,a
2007-12-27,51,1.194,,a
2007-12-28,50,1.123,,a
2007-12-29,51,1.194,,a
2007-12-30,50,1.123,,a
2007-12-31,50,1.123,,a
2008-01-01,50,1.107,,a
2008-01-02,49,1.074,,a
2008-01-03,50,1.154,,a
2008-01-04,52,1.244,,a
2008-01-05,51,1.164,,a
2008-01-06,49,1.077,,a
2008-01-07,50,1.154,,a
2008-01-08,52,1.261,,a
2008-01-09,52,1.234,,a
2008-01-10,51,1.182,,a
2008-01-11,53,1.37,,a
2008-01-12,56,1.593,,a
2008-01-13,60,1.945,,a
2008-01-14,62,2.05,,a
2008-01-15,60,1.952,,a
2008-01-16,61,1.986,,a
2008-01-17,61,2.012,,a
2008-01-18,63,2.181,,a
2008-01-19,60,1.961,,a
2008-01-20,61,1.986,,a
2008-01-21,60,1.969,,a
2008-01-22,62,2.071,,a
2008-01-23,61,1.995,,a
2008-01-24,60,1.927,,a
2008-01-25,60,1.902,,a
2008-01-26,59,1.86,,a
2008-01-27,60,1.961,,a
2008-01-28,62,2.071,,a
2008-01-29,61,1.995,,a
2008-01-30,60,1.927,,a
2008-01-31,60,1.944,,a
2008-02-01,61,2.028,,a
2008-02-02,63,2.162,,a
2008-02-03,64,2.256,,a
2008-02-04,60,1.966,,a
2008-02-05,61,1.986,,a
2008-02-06,60,1.969,,a
2008-02-07,59,1.861,,a
2008-02-08,51,1.154,,a
2008-02-09,49,1.057,,a
2008-02-10,49,1.07,,a
2008-02-11,50,1.088,,a
2008-02-12,48,1.009,,a
2008-02-13,49,1.051,,a
2008-02-14,49,1.07,,a
2008-02-15,50,1.088,,a
2008-02-16,48,1.009,,a
2008-02-17,49,1.067,,a
2008-02-18,50,1.136,,a
2008-02-19,51,1.174,,a
2008-02-20,50,1.161,,a
2008-02-21,52,1.227,,a
2008-02-22,50,1.13,,a
2008-02-23,50,1.14,,a
2008-02-24,51,1.208,,a
2008-02-25,52,1.282,,a
2008-02-26,52,1.287,,a
2008-02-27,50,1.134,,a
2008-02-28,50,1.107,,a
2008-02-29,49,1.074,,a
2008-03-01,50,1.103,,a
2008-03-02,49,1.042,,a
2008-03-03,48,1.006,,a
2008-03-04,49,1.067,,a
2008-03-05,50,1.154,,a
2008-03-06,52,1.279,,a
2008-03-07,53,1.358,,a
2008-03-08,54,1.399,,a
2008-03-09,53,1.347,,a
2008-03-10,52,1.291,,a
2008-03-11,52,1.242,,a
2008-03-12,56,1.599,,a
2008-03-13,58,1.761,,a
2008-03-14,57,1.663,,a
2008-03-15,51,1.21,,a
2008-03-16,53,1.351,,a
2008-03-17,56,1.536,,a
2008-03-18,61,1.962,,a
2008-03-19,65,2.335,,a
2008-03-20,71,2.944,,a
2008-03-21,77,3.669,,a
2008-03-22,88,5.225,,a
2008-03-23,99,7.079,,a
2008-03-24,103,7.95,,a
2008-03-25,109,9.202,,a
2008-03-26,101,7.428,,a
2008-03-27,96,6.621,,a
2008-03-28,87,4.942,,a
2008-03-29,84,4.554,,a
2008-03-30,80,4.007,,a
2008-03-31,75,3.481,,a
2008-04-01,64,2.317,,a
2008-04-02,64,2.239,,a
2008-04-03,60,1.882,,a
2008-04-04,60,1.898,,a
2008-04-05,59,1.839,,a
2008-04-06,59,1.815,,a
2008-04-07,58,1.753,,a
2008-04-08,58,1.71,,a
2008-04-09,56,1.571,,a
2008-04-10,55,1.505,,a
2008-04-11,55,1.52,,a
2008-04-12,64,2.357,,a
2008-04-13,96,6.588,,a
2008-04-14,98,6.911,,a
2008-04-15,97,6.73,,a
2008-04-16,96,6.499,,a
2008-04-17,88,5.434,,a
2008-04-18,73,3.167,,a
2008-04-19,77,3.585,,a
2008-04-20,84,4.722,,a
2008-04-21,101,7.548,,a
2008-04-22,107,8.863,,a
2008-04-23,96,6.662,,a
2008-04-24,80,3.992,,a
2008-04-25,73,3.181,,a
2008-04-26,68,2.689,,a
2008-04-27,64,2.287,,a
2008-04-28,60,1.966,,a
2008-04-29,61,1.986,,a
2008-04-30,60,1.927,,a
2008-05-01,60,1.944,,a
2008-05-02,61,1.986,,a
2008-05-03,60,1.907,,a
2008-05-04,59,1.86,,a
2008-05-05,60,1.961,,a
2008-05-06,62,2.05,,a
2008-05-07,61,1.995,,a
2008-05-08,63,2.157,,a
2008-05-09,62,2.063,,a
2008-05-10,60,1.891,,a
2008-05-11,56,1.61,,a
2008-05-12,51,1.188,,a
2008-05-13,52,1.227,,a
2008-05-14,51,1.164,,a
2008-05-15,52,1.297,,a
2008-05-16,55,1.491,,a
2008-05-17,61,1.993,,a
2008-05-18,71,2.95,,a
2008-05-19,77,3.585,,a
2008-05-20,80,3.947,,a
2008-05-21,77,3.637,,a
2008-05-22,70,2.901,,a
2008-05-23,70,2.806,,a
2008-05-24,66,2.494,,a
2008-05-25,60,1.918,,a
2008-05-26,58,1.778,,a
2008-05-27,57,1.663,,a
2008-05-28,51,1.192,,a
2008-05-29,52,1.227,,a
2008-05-30,51,1.164,,a
2008-05-31,53,1.335,,a
2008-06-01,62,2.138,,a
2008-06-02,84,4.675,,a
2008-06-03,108,9.167,,a
2008-06-04,154,22.237,,a
2008-06-05,167,27.197,,a
2008-06-06,125,13.66,,a
2008-06-07,100,7.47,,a
2008-06-08,93,6.042,,a
2008-06-09,79,4.037,,a
2008-06-10,58,1.757,,a
2008-06-11,61,1.966,,a
2008-06-12,63,2.179,,a
2008-06-13,62,2.129,,a
2008-06-14,61,1.978,,a
2008-06-15,62,2.05,,a
2008-06-16,62,2.083,,a
2008-06-17,84,6.022,,a
2008-06-18,127,14.263,,a
2008-06-19,98,7.212,,a
2008-06-20,84,4.643,,a
2008-06-21,77,3.648,,a
2008-06-22,67,2.611,,a
2008-06-23,59,1.864,,a
2008-06-24,54,1.416,,a
2008-06-25,50,1.092,,a
2008-06-26,50,1.136,,a
2008-06-27,51,1.174,,a
2008-06-28,50,1.127,,a
2008-06-29,50,1.14,,a
2008-06-30,51,1.174,,a
2008-07-01,50,1.143,,a
2008-07-02,51,1.174,,a
2008-07-03,50,1.143,,a
2008-07-04,51,1.174,,a
2008-07-05,50,1.143,,a
2008-07-06,51,1.174,,a
2008-07-07,54,1.422,,a
2008-07-08,62,2.109,,a
2008-07-09,56,1.563,,a
2008-07-10,55,1.47,,a
2008-07-11,52,1.293,,a
2008-07-12,60,1.947,,a
2008-07-13,77,3.638,,a
2008-07-14,81,4.21,,a
2008-07-15,70,2.829,,a
2008-07-16,65,2.377,,a
2008-07-17,61,1.991,,a
2008-07-18,68,2.789,,a
2008-07-19,78,3.894,,a
2008-07-20,63,2.244,,a
2008-07-21,60,1.915,,a
2008-07-22,59,1.819,,a
2008-07-23,56,1.605,,a
2008-07-24,51,1.205,,a
2008-07-25,53,1.37,,a
2008-07-26,56,1.552,,a
2008-07-27,58,1.778,,a
2008-07-28,62,2.088,,a
2008-07-29,63,2.26,,a
2008-07-30,51,1.198,,a
2008-07-31,50,1.123,,a
2008-08-01,50,1.14,,a
2008-08-02,51,1.174,,a
2008-08-03,50,1.143,,a
2008-08-04,53,1.363,,a
2008-08-05,58,1.769,,a
2008-08-06,55,1.464,,a
2008-08-07,54,1.408,,a
2008-08-08,51,1.176,,a
2008-08-09,53,1.316,,a
2008-08-10,54,1.4,,a
2008-08-11,50,1.141,,a
2008-08-12,51,1.175,,a
2008-08-13,52,1.28,,a
2008-08-14,51,1.223,,a
2008-08-15,77,5.948,,a
2008-08-16,128,15.501,,a
2008-08-17,76,3.948,,a
2008-08-18,61,2.02,,a
2008-08-19,61,1.986,,a
2008-08-20,61,1.991,,a
2008-08-21,72,3.396,,a
2008-08-22,132,16.634,,a
2008-08-23,184,33.683,,a
2008-08-24,138,17.741,,a
2008-08-25,92,6.013,,a
2008-08-26,83,4.478,,a
2008-08-27,73,3.224,,a
2008-08-28,51,1.219,,a
2008-08-29,49,1.042,,a
2008-08-30,48,1.006,,a
2008-08-31,49,1.067,,a
2008-09-01,52,1.288,,a
2008-09-02,57,1.632,,a
2008-09-03,51,1.174,,a
2008-09-04,51,1.174,,a
2008-09-05,50,1.143,,a
2008-09-06,51,1.174,,a
2008-09-07,50,1.127,,a
2008-09-08,50,1.123,,a
2008-09-09,50,1.107,,a
2008-09-10,49,1.09,,a
2008-09-11,51,1.17,,a
2008-09-12,51,1.178,,a
2008-09-13,52,1.28,,a
2008-09-14,50,1.117,,a
2008-09-15,49,1.025,,a
2008-09-16,49,1.053,,a
2008-09-17,49,1.042,,a
2008-09-18,48,1.006,,a
2008-09-19,47,0.932,,a
2008-09-20,41,0.585,,a
2008-09-21,41,0.582,,a
2008-09-22,40,0.563,,a
2008-09-23,41,0.582,,a
2008-09-24,41,0.586,,a
2008-09-25,42,0.651,,a
2008-09-26,40,0.544,,a
2008-09-27,38,0.503,,a
2008-09-28,39,0.527,,a
2008-09-29,40,0.549,,a
2008-09-30,40,0.561,,a
2008-10-01,41,0.604,,a
2008-10-02,42,0.618,,a
2008-10-03,41,0.576,,a
2008-10-04,42,0.616,,a
2008-10-05,40,0.548,,a
2008-10-06,39,0.529,,a
2008-10-07,40,0.57,,a
2008-10-08,42,0.616,,a
2008-10-09,40,0.554,,a
2008-10-10,40,0.543,,a
2008-10-11,39,0.54,,a
2008-10-12,41,0.581,,a
2008-10-13,40,0.552,,a
2008-10-14,42,0.653,,a
2008-10-15,49,1.05,,a
2008-10-16,57,1.705,,a
2008-10-17,70,2.825,,a
2008-10-18,69,2.786,,a
2008-10-19,70,2.846,,a
2008-10-20,70,2.828,,a
2008-10-21,54,1.553,,a
2008-10-22,42,0.663,,a
2008-10-23,42,0.656,,a
2008-10-24,40,0.557,,a
2008-10-25,40,0.561,,a
2008-10-26,42,0.642,,a
2008-10-27,49,1.077,,a
2008-10-28,60,1.931,,a
2008-10-29,60,1.907,,a
2008-10-30,59,1.839,,a
2008-10-31,59,1.856,,a
2008-11-01,60,1.898,,a
2008-11-02,59,1.86,,a
2008-11-03,68,2.974,,a
2008-11-04,91,5.778,,a
2008-11-05,87,4.984,,a
2008-11-06,90,5.473,,a
2008-11-07,87,5.009,,a
2008-11-08,87,5.21,,a
2008-11-09,70,2.965,,a
2008-11-10,59,1.864,,a
2008-11-11,60,1.919,,a
2008-11-12,60,1.944,,a
2008-11-13,61,2.028,,a
2008-11-14,62,2.055,,a
2008-11-15,60,1.911,,a
2008-11-16,59,1.86,,a
2008-11-17,61,2.026,,a
2008-11-18,65,2.376,,a
2008-11-19,65,2.336,,a
2008-11-20,58,1.761,,a
2008-11-21,51,1.162,,a
2008-11-22,50,1.107,,a
2008-11-23,49,1.074,,a
2008-11-24,56,1.579,,a
2008-11-25,65,2.343,,a
2008-11-26,67,2.613,,a
2008-11-27,87,5.767,,a
2008-11-28,126,13.567,,a
2008-11-29,131,14.837,,a
2008-11-30,131,14.883,,a
2008-12-01,140,18.778,,a
2008-12-02,184,34.207,,a
2008-12-03,139,17.69,,a
2008-12-04,119,14.407,,a
2008-12-05,187,35.128,,a
2008-12-06,162,26.768,,a
2008-12-07,99,7.225,,a
2008-12-08,105,8.394,,a
2008-12-09,121,12.283,,a
2008-12-10,128,14.063,,a
2008-12-11,156,23.541,,a
2008-12-12,149,22.336,,a
2008-12-13,98,6.882,,a
2008-12-14,91,5.664,,a
2008-12-15,91,5.788,,a
2008-12-16,110,10.106,,a
2008-12-17,124,13.576,,a
2008-12-18,96,6.65,,a
2008-12-19,89,5.394,,a
2008-12-20,84,4.585,,a
2008-12-21,80,4.038,,a
2008-12-22,80,3.972,,a
2008-12-23,79,3.847,,a
2008-12-24,78,3.691,,a
2008-12-25,76,3.538,,a
2008-12-26,77,3.556,,a
2008-12-27,74,3.267,,a
2008-12-28,66,2.52,,a
2008-12-29,59,1.88,,a
2008-12-30,60,1.898,,a
2008-12-31,59,1.839,,a
2009-01-01,61,2.018,,a
2009-01-02,60,1.926,,a
2009-01-03,57,1.832,,a
2009-01-04,50,1.153,,a
2009-01-05,49,1.093,,a
2009-01-06,48,1.036,,a
2009-01-07,50,1.153,,a
2009-01-08,50,1.153,,a
2009-01-09,49,1.093,,a
2009-01-10,48,1.036,,a
2009-01-11,49,1.093,,a
2009-01-12,50,1.153,,a
2009-01-13,49,1.093,,a
2009-01-14,48,1.036,,a
2009-01-15,51,1.153,,a
2009-01-16,53,1.35,,a
2009-01-17,54,1.422,,a
2009-01-18,52,1.35,,a
2009-01-19,50,1.153,,a
2009-01-20,56,1.153,,a
2009-01-21,99,3.284,,a
2009-01-22,161,28.731,,a
2009-01-23,101,7.156,,a
2009-01-24,85,4.834,,a
2009-01-25,82,4.154,,a
2009-01-26,89,5.119,,a
2009-01-27,91,6.336,,a
2009-01-28,81,4.154,,a
2009-01-29,79,4.024,,a
2009-01-30,80,4.154,,a
2009-01-31,81,4.024,,a
2009-02-01,89,5.412,,a
2009-02-02,92,5.561,,a
2009-02-03,96,6.822,,a
2009-02-04,89,5.412,,a
2009-02-05,86,4.976,,a
2009-02-06,84,4.834,,a
2009-02-07,80,4.154,,a
2009-02-08,80,4.154,,a
2009-02-09,80,4.154,,a
2009-02-10,82,4.42,,a
2009-02-11,84,4.694,,a
2009-02-12,82,4.42,,a
2009-02-13,80,4.154,,a
2009-02-14,79,4.024,,a
2009-02-15,78,4.024,,a
2009-02-16,76,3.645,,a
2009-02-17,73,3.402,,a
2009-02-18,70,2.94,,a
2009-02-19,69,2.83,,a
2009-02-20,67,2.615,,a
2009-02-21,67,2.615,,a
2009-02-22,65,2.408,,a
2009-02-23,64,2.408,,a
2009-02-24,60,1.926,,a
2009-02-25,58,1.743,,a
2009-02-26,56,1.743,,a
2009-02-27,50,1.153,,a
2009-02-28,50,1.153,,a
2009-03-01,48,1.036,,a
2009-03-02,48,1.036,,a
2009-03-03,52,1.153,,a
2009-03-04,59,1.743,,a
2009-03-05,73,2.408,,a
2009-03-06,97,7.156,,a
2009-03-07,91,6.336,,a
2009-03-08,80,4.024,,a
2009-03-09,78,3.896,,a
2009-03-10,77,3.769,,a
2009-03-11,77,3.769,,a
2009-03-12,74,3.523,,a
2009-03-13,71,2.94,,a
2009-03-14,72,3.167,,a
2009-03-15,71,2.94,,a
2009-03-16,72,3.284,,a
2009-03-17,69,3.053,,a
2009-03-18,66,2.307,,a
2009-03-19,69,2.83,,a
2009-03-20,70,2.94,,a
2009-03-21,71,2.94,,a
2009-03-22,74,3.402,,a
2009-03-23,77,3.645,,a
2009-03-24,81,4.154,,a
2009-03-25,87,4.976,,a
2009-03-26,92,5.561,,a
2009-03-27,98,6.822,,a
2009-03-28,99,6.988,,a
2009-03-29,124,7.156,,a
2009-03-30,193,37.981,,a
2009-03-31,125,11.921,,a
2009-04-01,100,7.156,,a
2009-04-02,96,6.496,,a
2009-04-03,89,6.336,,a
2009-04-04,70,2.94,,a
2009-04-05,64,2.408,,a
2009-04-06,60,1.926,,a
2009-04-07,60,1.926,,a
2009-04-08,59,1.832,,a
2009-04-09,60,1.926,,a
2009-04-10,61,2.018,,a
2009-04-11,60,1.926,,a
2009-04-12,59,1.832,,a
2009-04-13,56,1.743,,a
2009-04-14,51,1.153,,a
2009-04-15,51,1.215,,a
2009-04-16,52,1.153,,a
2009-04-17,59,1.832,,a
2009-04-18,56,1.832,,a
2009-04-19,49,1.036,,a
2009-04-20,49,1.093,,a
2009-04-21,50,1.153,,a
2009-04-22,49,1.093,,a
2009-04-23,50,1.153,,a
2009-04-24,49,1.093,,a
2009-04-25,48,1.036,,a
2009-04-26,47,0.981,,a
2009-04-27,48,1.036,,a
2009-04-28,49,1.093,,a
2009-04-29,50,1.153,,a
2009-04-30,51,1.215,,a
2009-05-01,49,1.093,,a
2009-05-02,49,1.093,,a
2009-05-03,50,1.153,,a
2009-05-04,51,1.215,,a
2009-05-05,49,1.093,,a
2009-05-06,48,1.036,,a
2009-05-07,48,1.036,,a
2009-05-08,50,1.153,,a
2009-05-09,50,1.153,,a
2009-05-10,49,1.093,,a
2009-05-11,50,1.153,,a
2009-05-12,51,1.215,,a
2009-05-13,50,1.153,,a
2009-05-14,49,1.093,,a
2009-05-15,48,1.036,,a
2009-05-16,48,1.036,,a
2009-05-17,50,1.153,,a
2009-05-18,49,1.036,,a
2009-05-19,50,1.153,,a
2009-05-20,51,1.153,,a
2009-05-21,52,1.35,,a
2009-05-22,50,1.153,,a
2009-05-23,50,1.153,,a
2009-05-24,48,1.036,,a
2009-05-25,49,1.093,,a
2009-05-26,50,1.153,,a
2009-05-27,49,1.093,,a
2009-05-28,48,1.036,,a
2009-05-29,50,1.153,,a
2009-05-30,49,1.093,,a
2009-05-31,50,1.153,,a
2009-06-01,50,1.153,,a
2009-06-02,49,1.093,,a
2009-06-03,48,1.036,,a
2009-06-04,48,1.036,,a
2009-06-05,50,1.153,,a
2009-06-06,49,1.093,,a
2009-06-07,67,3.173,,a
2009-06-08,56,1.422,,a
2009-06-09,50,1.153,,a
2009-06-10,48,1.036,,a
2009-06-11,49,1.093,,a
2009-06-12,49,1.093,,a
2009-06-13,50,1.153,,a
2009-06-14,48,1.036,,a
2009-06-15,49,1.093,,a
2009-06-16,50,1.153,,a
2009-06-17,52,1.281,,a
2009-06-18,51,1.153,,a
2009-06-19,75,3.974,,a
2009-06-20,101,9.885,,a
2009-06-21,62,1.926,,a
2009-06-22,59,1.498,,a
2009-06-23,72,2.94,,a
2009-06-24,89,5.748,,a
2009-06-25,74,3.523,,a
2009-06-26,61,1.926,,a
2009-06-27,59,1.832,,a
2009-06-28,61,1.926,,a
2009-06-29,66,2.408,,a
2009-06-30,69,2.94,,a
2009-07-01,64,2.408,,a
2009-07-02,60,1.984,,a
2009-07-03,58,1.743,,a
2009-07-04,56,1.576,,a
2009-07-05,54,1.498,,a
2009-07-06,76,1.153,,a
2009-07-07,164,23.11,,a
2009-07-08,168,29.775,,a
2009-07-09,116,7.156,,a
2009-07-10,136,17.754,,a
2009-07-11,98,7.156,,a
2009-07-12,80,4.154,,a
2009-07-13,77,3.769,,a
2009-07-14,75,3.523,,a
2009-07-15,73,3.284,,a
2009-07-16,71,3.053,,a
2009-07-17,76,2.83,,a
2009-07-18,93,7.156,,a
2009-07-19,73,3.523,,a
2009-07-20,59,1.926,,a
2009-07-21,52,1.281,,a
2009-07-22,50,1.153,,a
2009-07-23,49,1.093,,a
2009-07-24,50,1.153,,a
2009-07-25,50,1.153,,a
2009-07-26,50,1.153,,a
2009-07-27,49,1.093,,a
2009-07-28,48,1.036,,a
2009-07-29,50,1.153,,a
2009-07-30,49,1.093,,a
2009-07-31,49,1.093,,a
2009-08-01,48,1.036,,a
2009-08-02,49,1.093,,a
2009-08-03,59,1.153,,a
2009-08-04,77,4.457,,a
2009-08-05,50,1.036,,a
2009-08-06,48,1.036,,a
2009-08-07,49,1.093,,a
2009-08-08,48,1.036,,a
2009-08-09,49,1.093,,a
2009-08-10,50,1.153,,a
2009-08-11,50,1.153,,a
2009-08-12,49,1.093,,a
2009-08-13,50,1.153,,a
2009-08-14,51,1.215,,a
2009-08-15,50,1.153,,a
2009-08-16,48,1.036,,a
2009-08-17,48,1.036,,a
2009-08-18,48,1.036,,a
2009-08-19,48,1.036,,a
2009-08-20,50,1.153,,a
2009-08-21,49,1.093,,a
2009-08-22,48,1.036,,a
2009-08-23,49,1.153,,a
2009-08-24,47,0.981,,a
2009-08-25,44,0.881,,a
2009-08-26,42,0.751,,a
2009-08-27,42,0.751,,a
2009-08-28,42,0.676,,a
2009-08-29,50,1.093,,a
2009-08-30,51,1.498,,a
2009-08-31,39,0.611,,a
2009-09-01,38,0.611,,a
2009-09-02,40,0.676,,a
2009-09-03,39,0.642,,a
2009-09-04,40,0.676,,a
2009-09-05,41,0.712,,a
2009-09-06,40,0.676,,a
2009-09-07,42,0.751,,a
2009-09-08,43,0.792,,a
2009-09-09,42,0.751,,a
2009-09-10,43,0.792,,a
2009-09-11,45,0.835,,a
2009-09-12,48,1.036,,a
2009-09-13,47,1.153,,a
2009-09-14,39,0.611,,a
2009-09-15,37,0.581,,a
2009-09-16,47,0.611,,a
2009-09-17,47,1.404,,a
2009-09-18,38,0.611,,a
2009-09-19,39,0.642,,a
2009-09-20,39,0.642,,a
2009-09-21,40,0.676,,a
2009-09-22,39,0.642,,a
2009-09-23,38,0.611,,a
2009-09-24,39,0.642,,a
2009-09-25,40,0.676,,a
2009-09-26,41,0.712,,a
2009-09-27,42,0.751,,a
2009-09-28,41,0.712,,a
2009-09-29,40,0.676,,a
2009-09-30,39,0.642,,a
2009-10-01,40,0.676,,a
2009-10-02,42,0.751,,a
2009-10-03,40,0.676,,a
2009-10-04,42,0.642,,a
2009-10-05,50,1.153,,a
2009-10-06,50,1.153,,a
2009-10-07,49,1.093,,a
2009-10-08,48,1.036,,a
2009-10-09,56,1.618,,a
2009-10-10,54,1.498,,a
2009-10-11,50,1.153,,a
2009-10-12,48,1.036,,a
2009-10-13,47,0.981,,a
2009-10-14,46,0.93,,a
2009-10-15,47,0.981,,a
2009-10-16,46,0.93,,a
2009-10-17,47,0.981,,a
2009-10-18,46,0.93,,a
2009-10-19,46,0.93,,a
2009-10-20,47,0.981,,a
2009-10-21,48,1.036,,a
2009-10-22,48,1.036,,a
2009-10-23,49,1.093,,a
2009-10-24,50,1.153,,a
2009-10-25,51,1.215,,a
2009-10-26,50,1.153,,a
2009-10-27,49,1.093,,a
2009-10-28,48,1.036,,a
2009-10-29,47,0.981,,a
2009-10-30,48,1.036,,a
2009-10-31,48,1.036,,a
2009-11-01,50,1.153,,a
2009-11-02,66,1.281,,a
2009-11-03,101,7.861,,a
2009-11-04,98,7.156,,a
2009-11-05,89,5.561,,a
2009-11-06,82,4.694,,a
2009-11-07,74,3.402,,a
2009-11-08,70,2.94,,a
2009-11-09,69,2.94,,a
2009-11-10,64,2.408,,a
2009-11-11,59,1.926,,a
2009-11-12,52,1.498,,a
2009-11-13,41,0.676,,a
2009-11-14,39,0.642,,a
2009-11-15,38,0.611,,a
2009-11-16,36,0.554,,a
2009-11-17,37,0.581,,a
2009-11-18,37,0.581,,a
2009-11-19,38,0.611,,a
2009-11-20,39,0.642,,a
2009-11-21,39,0.642,,a
2009-11-22,39,0.642,,a
2009-11-23,38,0.611,,a
2009-11-24,40,0.676,,a
2009-11-25,39,0.642,,a
2009-11-26,41,0.676,,a
2009-11-27,48,0.881,,a
2009-11-28,60,1.926,,a
2009-11-29,65,2.408,,a
2009-11-30,73,2.408,,a
2009-12-01,96,7.156,,a
2009-12-02,72,3.598,,a
2009-12-03,46,0.881,,a
2009-12-04,46,0.881,,a
2009-12-05,48,1.036,,a
2009-12-06,49,1.093,,a
2009-12-07,51,1.153,,a
2009-12-08,53,1.422,,a
2009-12-09,52,1.281,,a
2009-12-10,50,1.153,,a
2009-12-11,47,1.036,,a
2009-12-12,45,0.792,,a
2009-12-13,50,1.153,,a
2009-12-14,53,1.281,,a
2009-12-15,57,1.658,,a
2009-12-16,58,1.743,,a
2009-12-17,57,1.576,,a
2009-12-18,58,1.743,,a
2009-12-19,61,1.926,,a
2009-12-20,66,2.408,,a
2009-12-21,89,2.94,,a
2009-12-22,156,20.262,,a
2009-12-23,174,29.775,,a
2009-12-24,153,18.158,,a
2009-12-25,178,25.507,,a
2009-12-26,178,26.361,,a
2009-12-27,140,15.375,,a
2009-12-28,88,5.265,,a
2009-12-29,75,3.523,,a
2009-12-30,70,2.94,,a
2009-12-31,70,2.94,,a
2010-01-01,71,3.053,,a
2010-01-02,70,2.94,,a
2010-01-03,69,2.83,,a
2010-01-04,70,2.94,,a
2010-01-05,71,3.053,,a
2010-01-06,69,2.83,,a
2010-01-07,65,2.408,,a
2010-01-08,60,1.926,,a
2010-01-09,65,2.408,,a
2010-01-10,60,1.926,,a
2010-01-11,59,1.832,,a
2010-01-12,58,1.743,,a
2010-01-13,56,1.576,,a
2010-01-14,55,1.498,,a
2010-01-15,55,1.498,,a
2010-01-16,54,1.422,,a
2010-01-17,56,1.576,,a
2010-01-18,54,1.422,,a
2010-01-19,57,1.658,,a
2010-01-20,50,1.153,,a
2010-01-21,49,1.093,,a
2010-01-22,50,1.153,,a
2010-01-23,51,1.215,,a
2010-01-24,50,1.153,,a
2010-01-25,49,1.093,,a
2010-01-26,48,1.036,,a
2010-01-27,48,1.036,,a
2010-01-28,49,1.093,,a
2010-01-29,50,1.153,,a
2010-01-30,53,1.35,,a
2010-01-31,51,1.215,,a
2010-02-01,49,1.093,,a
2010-02-02,47,0.981,,a
2010-02-03,48,1.036,,a
2010-02-04,49,1.093,,a
2010-02-05,49,1.093,,a
2010-02-06,50,1.153,,a
2010-02-07,53,1.35,,a
2010-02-08,52,1.281,,a
2010-02-09,50,1.153,,a
2010-02-10,52,1.281,,a
2010-02-11,59,1.905,,a
2010-02-12,53,1.35,,a
2010-02-13,52,1.281,,a
2010-02-14,50,1.153,,a
2010-02-15,49,1.093,,a
2010-02-16,48,1.036,,a
2010-02-17,49,1.093,,a
2010-02-18,50,1.153,,a
2010-02-19,117,10.444,,a
2010-02-20,191,30.182,,a
2010-02-21,130,13.001,,a
2010-02-22,100,7.156,,a
2010-02-23,93,6.02,,a
2010-02-24,84,4.694,,a
2010-02-25,75,3.523,,a
2010-02-26,100,7.156,,a
2010-02-27,150,17.754,,a
2010-02-28,101,7.326,,a
2010-03-01,100,7.156,,a
2010-03-02,98,6.822,,a
2010-03-03,90,5.561,,a
2010-03-04,85,4.834,,a
2010-03-05,79,4.024,,a
2010-03-06,60,1.926,,a
2010-03-07,58,1.743,,a
2010-03-08,58,1.743,,a
2010-03-09,60,1.926,,a
2010-03-10,63,2.209,,a
2010-03-11,59,1.832,,a
2010-03-12,49,1.093,,a
2010-03-13,43,0.792,,a
2010-03-14,40,0.676,,a
2010-03-15,40,0.676,,a
2010-03-16,39,0.642,,a
2010-03-17,38,0.611,,a
2010-03-18,37,0.581,,a
2010-03-19,39,0.642,,a
2010-03-20,40,0.676,,a
2010-03-21,39,0.642,,a
2010-03-22,43,0.792,,a
2010-03-23,44,0.835,,a
2010-03-24,43,0.792,,a
2010-03-25,45,0.881,,a
2010-03-26,45,0.881,,a
2010-03-27,50,1.153,,a
2010-03-28,50,1.153,,a
2010-03-29,49,1.093,,a
2010-03-30,50,1.153,,a
2010-03-31,53,1.35,,a
2010-04-01,55,1.498,,a
2010-04-02,53,1.35,,a
2010-04-03,50,1.153,,a
2010-04-04,49,1.093,,a
2010-04-05,50,1.153,,a
2010-04-06,51,1.215,,a
2010-04-07,50,1.153,,a
2010-04-08,49,1.093,,a
2010-04-09,48,1.036,,a
2010-04-10,48,1.036,,a
2010-04-11,49,1.093,,a
2010-04-12,50,1.153,,a
2010-04-13,52,1.281,,a
2010-04-14,51,1.215,,a
2010-04-15,50,1.153,,a
2010-04-16,48,1.036,,a
2010-04-17,48,1.036,,a
2010-04-18,49,1.093,,a
2010-04-19,52,1.281,,a
2010-04-20,50,1.153,,a
2010-04-21,49,1.093,,a
2010-04-22,49,1.093,,a
2010-04-23,50,1.153,,a
2010-04-24,49,1.093,,a
2010-04-25,48,1.036,,a
2010-04-26,48,1.036,,a
2010-04-27,50,1.153,,a
2010-04-28,48,1.036,,a
2010-04-29,48,1.036,,a
2010-04-30,47,0.981,,a
2010-05-01,48,1.036,,a
2010-05-02,50,1.153,,a
2010-05-03,51,1.215,,a
2010-05-04,50,1.153,,a
2010-05-05,51,1.215,,a
2010-05-06,50,1.153,,a
2010-05-07,51,1.215,,a
2010-05-08,50,1.153,,a
2010-05-09,49,1.093,,a
2010-05-10,51,1.215,,a
2010-05-11,53,1.35,,a
2010-05-12,52,1.281,,a
2010-05-13,52,1.281,,a
2010-05-14,58,1.743,,a
2010-05-15,59,1.832,,a
2010-05-16,59,1.832,,a
2010-05-17,59,1.832,,a
2010-05-18,50,1.153,,a
2010-05-19,49,1.093,,a
2010-05-20,49,1.093,,a
2010-05-21,47,0.981,,a
2010-05-22,46,0.93,,a
2010-05-23,45,0.881,,a
2010-05-24,43,0.792,,a
2010-05-25,43,0.792,,a
2010-05-26,40,0.676,,a
2010-05-27,39,0.642,,a
2010-05-28,41,0.712,,a
2010-05-29,40,0.676,,a
2010-05-30,41,0.712,,a
2010-05-31,40,0.676,,a
2010-06-01,39,0.642,,a
2010-06-02,40,0.676,,a
2010-06-03,39,0.642,,a
2010-06-04,36,0.554,,a
2010-06-05,38,0.611,,a
2010-06-06,39,0.642,,a
2010-06-07,50,1.153,,a
2010-06-08,49,1.093,,a
2010-06-09,48,1.036,,a
2010-06-10,47,0.981,,a
2010-06-11,46,0.93,,a
2010-06-12,47,0.981,,a
2010-06-13,47,0.981,,a
2010-06-14,46,0.93,,a
2010-06-15,47,0.981,,a
2010-06-16,48,1.036,,a
2010-06-17,47,0.981,,a
2010-06-18,49,1.093,,a
2010-06-19,50,1.153,,a
2010-06-20,51,1.215,,a
2010-06-21,50,1.153,,a
2010-06-22,49,1.093,,a
2010-06-23,49,1.093,,a
2010-06-24,48,1.036,,a
2010-06-25,48,1.036,,a
2010-06-26,46,0.93,,a
2010-06-27,44,0.835,,a
2010-06-28,44,0.835,,a
2010-06-29,43,0.792,,a
2010-06-30,45,0.881,,a
2010-07-01,43,0.792,,a
2010-07-02,42,0.751,,a
2010-07-03,43,0.792,,a
2010-07-04,45,0.881,,a
2010-07-05,42,0.751,,a
2010-07-06,45,0.881,,a
2010-07-07,40,0.676,,a
2010-07-08,40,0.676,,a
2010-07-09,39,0.642,,a
2010-07-10,38,0.611,,a
2010-07-11,39,0.642,,a
2010-07-12,39,0.642,,a
2010-07-13,38,0.611,,a
2010-07-14,39,0.642,,a
2010-07-15,38,0.611,,a
2010-07-16,39,0.642,,a
2010-07-17,38,0.611,,a
2010-07-18,37,0.581,,a
2010-07-19,35,0.529,,a
2010-07-20,35,0.529,,a
2010-07-21,34,0.506,,a
2010-07-22,35,0.529,,a
2010-07-23,35,0.529,,a
2010-07-24,32,0.466,,a
2010-07-25,30,0.433,,a
2010-07-26,38,0.611,,a
2010-07-27,37,0.581,,a
2010-07-28,36,0.554,,a
2010-07-29,35,0.529,,a
2010-07-30,40,0.676,,a
2010-07-31,70,3.3,,a
2010-08-01,45,0.881,,a
2010-08-02,40,0.676,,a
2010-08-03,39,0.642,,a
2010-08-04,40,0.676,,a
2010-08-05,47,1.003,,a
2010-08-06,75,3.523,,a
2010-08-07,60,1.926,,a
2010-08-08,59,1.832,,a
2010-08-09,56,1.576,,a
2010-08-10,54,1.422,,a
2010-08-11,54,1.422,,a
2010-08-12,50,1.153,,a
2010-08-13,52,1.281,,a
2010-08-14,50,1.153,,a
2010-08-15,52,1.281,,a
2010-08-16,50,1.153,,a
2010-08-17,48,1.036,,a
2010-08-18,46,0.93,,a
2010-08-19,45,0.881,,a
2010-08-20,43,0.792,,a
2010-08-21,42,0.751,,a
2010-08-22,40,0.676,,a
2010-08-23,40,0.676,,a
2010-08-24,44,0.835,,a
2010-08-25,44,0.835,,a
2010-08-26,40,0.676,,a
2010-08-27,39,0.642,,a
2010-08-28,42,0.751,,a
2010-08-29,40,0.676,,a
2010-08-30,45,0.881,,a
2010-08-31,40,0.676,,a
2010-09-01,38,0.611,,a
2010-09-02,36,0.554,,a
2010-09-03,36,0.554,,a
2010-09-04,37,0.581,,a
2010-09-05,36,0.554,,a
2010-09-06,47,0.981,,a
2010-09-07,49,1.093,,a
2010-09-08,50,1.153,,a
2010-09-09,77,5.318,,a
2010-09-10,50,1.153,,a
2010-09-11,53,1.35,,a
2010-09-12,55,1.498,,a
2010-09-13,50,1.153,,a
2010-09-14,49,1.093,,a
2010-09-15,46,0.93,,a
2010-09-16,64,2.428,,a
2010-09-17,199,34.614,,a
2010-09-18,280,68.241,,a
2010-09-19,297,76.076,,a
2010-09-20,220,41.253,,a
2010-09-21,157,19.906,,a
2010-09-22,100,7.156,,a
2010-09-23,80,4.154,,a
2010-09-24,75,3.523,,a
2010-09-25,95,6.911,,a
2010-09-26,100,7.156,,a
2010-09-27,90,5.561,,a
2010-09-28,88,5.265,,a
2010-09-29,80,4.154,,a
2010-09-30,78,3.896,,a
2010-10-01,70,2.94,,a
2010-10-02,69,2.83,,a
2010-10-03,64,2.307,,a
2010-10-04,60,1.926,,a
2010-10-05,58,1.743,,a
2010-10-06,56,1.576,,a
2010-10-07,56,1.576,,a
2010-10-08,54,1.422,,a
2010-10-09,53,1.35,,a
2010-10-10,54,1.422,,a
2010-10-11,60,1.926,,a
2010-10-12,58,1.743,,a
2010-10-13,56,1.576,,a
2010-10-14,55,1.498,,a
2010-10-15,55,1.498,,a
2010-10-16,57,1.658,,a
2010-10-17,58,1.743,,a
2010-10-18,60,1.926,,a
2010-10-19,61,2.018,,a
2010-10-20,58,1.743,,a
2010-10-21,56,1.576,,a
2010-10-22,55,1.498,,a
2010-10-23,58,1.736,,a
2010-10-24,84,4.694,,a
2010-10-25,105,8.022,,a
2010-10-26,95,6.336,,a
2010-10-27,88,5.265,,a
2010-10-28,79,4.024,,a
2010-10-29,63,2.209,,a
2010-10-30,60,1.926,,a
2010-10-31,59,1.832,,a
2010-11-01,69,2.83,,a
2010-11-02,63,2.209,,a
2010-11-03,60,1.926,,a
2010-11-04,63,2.209,,a
2010-11-05,58,1.743,,a
2010-11-06,50,1.153,,a
2010-11-07,58,1.743,,a
2010-11-08,75,3.807,,a
2010-11-09,100,7.156,,a
2010-11-10,90,5.561,,a
2010-11-11,84,4.694,,a
2010-11-12,84,4.694,,a
2010-11-13,70,2.94,,a
2010-11-14,68,2.721,,a
2010-11-15,69,2.83,,a
2010-11-16,70,2.94,,a
2010-11-17,83,4.687,,a
2010-11-18,68,2.721,,a
2010-11-19,67,2.615,,a
2010-11-20,65,2.408,,a
2010-11-21,63,2.209,,a
2010-11-22,65,2.408,,a
2010-11-23,68,2.721,,a
2010-11-24,66,2.51,,a
2010-11-25,60,1.926,,a
2010-11-26,63,2.209,,a
2010-11-27,68,2.718,,a
2010-11-28,75,3.523,,a
2010-11-29,80,4.154,,a
2010-11-30,79,4.024,,a
2010-12-01,76,3.645,,a
2010-12-02,70,2.94,,a
2010-12-03,68,2.721,,a
2010-12-04,66,2.51,,a
2010-12-05,65,2.408,,a
2010-12-06,80,4.154,,a
2010-12-07,162,21.032,,a
2010-12-08,191,30.041,,a
2010-12-09,166,22.425,,a
2010-12-10,100,7.156,,a
2010-12-11,85,4.834,,a
2010-12-12,75,3.523,,a
2010-12-13,71,3.053,,a
2010-12-14,69,2.83,,a
2010-12-15,65,2.408,,a
2010-12-16,63,2.209,,a
2010-12-17,60,1.926,,a
2010-12-18,61,2.018,,a
2010-12-19,65,2.408,,a
2010-12-20,62,2.113,,a
2010-12-21,60,1.926,,a
2010-12-22,55,1.498,,a
2010-12-23,90,5.561,,a
2010-12-24,136,14.332,,a
2010-12-25,140,15.669,,a
2010-12-26,100,7.156,,a
2010-12-27,90,5.561,,a
2010-12-28,85,4.834,,a
2010-12-29,80,4.154,,a
2010-12-30,76,3.645,,a
2010-12-31,70,2.94,,a
2011-01-01,69,2.83,,a
2011-01-02,65,2.408,,a
2011-01-03,65,2.408,,a
2011-01-04,60,1.926,,a
2011-01-05,60,1.926,,a
2011-01-06,68,2.721,,a
2011-01-07,60,1.926,,a
2011-01-08,61,2.018,,a
2011-01-09,60,1.926,,a
2011-01-10,60,1.926,,a
2011-01-11,66,2.544,,a
2011-01-12,80,4.154,,a
2011-01-13,78,3.854,,a
2011-01-14,76,3.645,,a
2011-01-15,74,3.402,,a
2011-01-16,70,2.94,,a
2011-01-17,69,2.83,,a
2011-01-18,67,2.615,,a
2011-01-19,68,2.721,,a
2011-01-20,67,2.615,,a
2011-01-21,66,2.51,,a
2011-01-22,64,2.307,,a
2011-01-23,62,2.113,,a
2011-01-24,60,1.926,,a
2011-01-25,59,1.832,,a
2011-01-26,58,1.743,,a
2011-01-27,58,1.743,,a
2011-01-28,56,1.576,,a
2011-01-29,57,1.658,,a
2011-01-30,55,1.498,,a
2011-01-31,55,1.498,,a
2011-02-01,55,1.498,,a
2011-02-02,54,1.422,,a
2011-02-03,54,1.422,,a
2011-02-04,53,1.35,,a
2011-02-05,54,1.422,,a
2011-02-06,53,1.35,,a
2011-02-07,52,1.281,,a
2011-02-08,50,1.153,,a
2011-02-09,48,1.036,,a
2011-02-10,47,0.981,,a
2011-02-11,45,0.881,,a
2011-02-12,43,0.792,,a
2011-02-13,43,0.792,,a
2011-02-14,42,0.751,,a
2011-02-15,42,0.751,,a
2011-02-16,43,0.792,,a
2011-02-17,44,0.835,,a
2011-02-18,45,0.881,,a
2011-02-19,47,0.981,,a
2011-02-20,49,1.093,,a
2011-02-21,50,1.153,,a
2011-02-22,49,1.093,,a
2011-02-23,48,1.036,,a
2011-02-24,50,1.153,,a
2011-02-25,50,1.153,,a
2011-02-26,49,1.093,,a
2011-02-27,48,1.036,,a
2011-02-28,48,1.036,,a
2011-03-01,48,1.036,,a
2011-03-02,47,0.981,,a
2011-03-03,48,1.036,,a
2011-03-04,48,1.036,,a
2011-03-05,47,0.981,,a
2011-03-06,48,1.036,,a
2011-03-07,49,1.093,,a
2011-03-08,49,1.093,,a
2011-03-09,50,1.153,,a
2011-03-10,49,1.093,,a
2011-03-11,48,1.036,,a
2011-03-12,50,1.153,,a
2011-03-13,52,1.281,,a
2011-03-14,52,1.281,,a
2011-03-15,50,1.153,,a
2011-03-16,50,1.153,,a
2011-03-17,109,8.798,,a
2011-03-18,99,6.988,,a
2011-03-19,98,6.822,,a
2011-03-20,66,2.51,,a
2011-03-21,63,2.209,,a
2011-03-22,61,2.018,,a
2011-03-23,60,1.926,,a
2011-03-24,56,1.576,,a
2011-03-25,53,1.35,,a
2011-03-26,57,1.658,,a
2011-03-27,57,1.658,,a
2011-03-28,58,1.743,,a
2011-03-29,55,1.498,,a
2011-03-30,50,1.153,,a
2011-03-31,48,1.036,,a
2011-04-01,49,1.093,,a
2011-04-02,50,1.153,,a
2011-04-03,49,1.093,,a
2011-04-04,49,1.093,,a
2011-04-05,50,1.153,,a
2011-04-06,49,1.093,,a
2011-04-07,48,1.036,,a
2011-04-08,47,0.981,,a
2011-04-09,48,1.036,,a
2011-04-10,49,1.093,,a
2011-04-11,48,1.036,,a
2011-04-12,50,1.153,,a
2011-04-13,50,1.153,,a
2011-04-14,49,1.093,,a
2011-04-15,48,1.036,,a
2011-04-16,47,0.981,,a
2011-04-17,48,1.036,,a
2011-04-18,47,0.981,,a
2011-04-19,46,0.93,,a
2011-04-20,46,0.93,,a
2011-04-21,44,0.835,,a
2011-04-22,43,0.792,,a
2011-04-23,40,0.676,,a
2011-04-24,40,0.676,,a
2011-04-25,41,0.712,,a
2011-04-26,45,0.881,,a
2011-04-27,49,1.093,,a
2011-04-28,48,1.036,,a
2011-04-29,49,1.093,,a
2011-04-30,49,1.093,,a
2011-05-01,40,0.676,,a
2011-05-02,39,0.642,,a
2011-05-03,38,0.611,,a
2011-05-04,41,0.712,,a
2011-05-05,40,0.676,,a
2011-05-06,42,0.751,,a
2011-05-07,40,0.676,,a
2011-05-08,39,0.642,,a
2011-05-09,40,0.676,,a
2011-05-10,41,0.712,,a
2011-05-11,40,0.676,,a
2011-05-12,39,0.642,,a
2011-05-13,40,0.676,,a
2011-05-14,41,0.712,,a
2011-05-15,42,0.751,,a
2011-05-16,45,0.881,,a
2011-05-17,42,0.751,,a
2011-05-18,40,0.676,,a
2011-05-19,40,0.676,,a
2011-05-20,39,0.642,,a
2011-05-21,38,0.611,,a
2011-05-22,39,0.642,,a
2011-05-23,40,0.676,,a
2011-05-24,39,0.642,,a
2011-05-25,39,0.642,,a
2011-05-26,38,0.611,,a
2011-05-27,44,0.876,,a
2011-05-28,70,2.94,,a
2011-05-29,50,1.153,,a
2011-05-30,49,1.093,,a
2011-05-31,50,1.153,,a
2011-06-01,50,1.153,,a
2011-06-02,49,1.093,,a
2011-06-03,50,1.153,,a
2011-06-04,52,1.281,,a
2011-06-05,50,1.153,,a
2011-06-06,55,1.498,,a
2011-06-07,71,3.259,,a
2011-06-08,100,7.156,,a
2011-06-09,60,1.926,,a
2011-06-10,58,1.745,,a
2011-06-11,50,1.131,,a
2011-06-12,49,1.067,,a
2011-06-13,49,1.067,,a
2011-06-14,50,1.131,,a
2011-06-15,49,1.067,,a
2011-06-16,50,1.131,,a
2011-06-17,50,1.131,,a
2011-06-18,49,1.067,,a
2011-06-19,50,1.131,,a
2011-06-20,50,1.131,,a
2011-06-21,49,1.067,,a
2011-06-22,48,1.005,,a
2011-06-23,48,1.005,,a
2011-06-24,50,1.131,,a
2011-06-25,49,1.067,,a
2011-06-26,50,1.131,,a
2011-06-27,49,1.067,,a
2011-06-28,49,1.067,,a
2011-06-29,48,1.005,,a
2011-06-30,47,0.946,,a
2011-07-01,47,0.946,,a
2011-07-02,46,0.89,,a
2011-07-03,46,0.89,,a
2011-07-04,47,0.946,,a
2011-07-05,40,0.607,,a
2011-07-06,39,0.569,,a
2011-07-07,40,0.607,,a
2011-07-08,39,0.569,,a
2011-07-09,40,0.607,,a
2011-07-10,39,0.569,,a
2011-07-11,40,0.607,,a
2011-07-12,48,1.005,,a
2011-07-13,49,1.067,,a
2011-07-14,45,0.867,,a
2011-07-15,47,0.946,,a
2011-07-16,48,1.005,,a
2011-07-17,49,1.067,,a
2011-07-18,49,1.073,,a
2011-07-19,50,1.131,,a
2011-07-20,49,1.067,,a
2011-07-21,48,1.005,,a
2011-07-22,48,1.005,,a
2011-07-23,50,1.131,,a
2011-07-24,83,4.627,,a
2011-07-25,60,1.926,,a
2011-07-26,58,1.745,,a
2011-07-27,50,1.131,,a
2011-07-28,49,1.067,,a
2011-07-29,48,1.005,,a
2011-07-30,50,1.131,,a
2011-07-31,48,1.005,,a
2011-08-01,47,0.946,,a
2011-08-02,45,0.836,,a
2011-08-03,40,0.607,,a
2011-08-04,39,0.569,,a
2011-08-05,39,0.569,,a
2011-08-06,40,0.607,,a
2011-08-07,40,0.607,,a
2011-08-08,47,0.955,,a
2011-08-09,50,1.131,,a
2011-08-10,49,1.067,,a
2011-08-11,49,1.067,,a
2011-08-12,48,1.005,,a
2011-08-13,48,1.005,,a
2011-08-14,46,0.89,,a
2011-08-15,45,0.836,,a
2011-08-16,43,0.736,,a
2011-08-17,40,0.607,,a
2011-08-18,39,0.569,,a
2011-08-19,40,0.607,,a
2011-08-20,40,0.607,,a
2011-08-21,39,0.569,,a
2011-08-22,39,0.569,,a
2011-08-23,38,0.533,,a
2011-08-24,38,0.533,,a
2011-08-25,39,0.569,,a
2011-08-26,38,0.533,,a
2011-08-27,39,0.569,,a
2011-08-28,40,0.607,,a
2011-08-29,39,0.569,,a
2011-08-30,38,0.533,,a
2011-08-31,39,0.569,,a
2011-09-01,40,0.607,,a
2011-09-02,40,0.607,,a
2011-09-03,39,0.569,,a
2011-09-04,38,0.533,,a
2011-09-05,39,0.569,,a
2011-09-06,38,0.533,,a
2011-09-07,39,0.569,,a
2011-09-08,38,0.533,,a
2011-09-09,37,0.5,,a
2011-09-10,37,0.5,,a
2011-09-11,36,0.47,,a
2011-09-12,37,0.5,,a
2011-09-13,38,0.533,,a
2011-09-14,37,0.5,,a
2011-09-15,38,0.533,,a
2011-09-16,39,0.569,,a
2011-09-17,38,0.533,,a
2011-09-18,42,0.712,,a
2011-09-19,51,1.194,,a
2011-09-20,49,1.067,,a
2011-09-21,49,1.067,,a
2011-09-22,46,0.901,,a
2011-09-23,49,1.067,,a
2011-09-24,50,1.131,,a
2011-09-25,49,1.067,,a
2011-09-26,48,1.005,,a
2011-09-27,47,0.946,,a
2011-09-28,46,0.89,,a
2011-09-29,45,0.836,,a
2011-09-30,43,0.736,,a
2011-10-01,48,1.005,,a
2011-10-02,47,0.946,,a
2011-10-03,48,1.005,,a
2011-10-04,46,0.89,,a
2011-10-05,47,0.946,,a
2011-10-06,48,1.005,,a
2011-10-07,77,4.672,,a
2011-10-08,50,1.131,,a
2011-10-09,51,1.199,,a
2011-10-10,50,1.131,,a
2011-10-11,49,1.067,,a
2011-10-12,48,1.005,,a
2011-10-13,48,1.005,,a
2011-10-14,40,0.607,,a
2011-10-15,39,0.569,,a
2011-10-16,38,0.533,,a
2011-10-17,40,0.607,,a
2011-10-18,38,0.533,,a
2011-10-19,40,0.607,,a
2011-10-20,48,1.034,,a
2011-10-21,50,1.131,,a
2011-10-22,52,1.268,,a
2011-10-23,55,1.494,,a
2011-10-24,50,1.131,,a
2011-10-25,62,2.113,,a
2011-10-26,86,5.188,,a
2011-10-27,110,8.932,,a
2011-10-28,100,7.156,,a
2011-10-29,90,5.561,,a
2011-10-30,82,4.463,,a
2011-10-31,70,2.94,,a
2011-11-01,52,1.268,,a
2011-11-02,49,1.067,,a
2011-11-03,48,1.005,,a
2011-11-04,49,1.067,,a
2011-11-05,48,1.005,,a
2011-11-06,49,1.067,,a
2011-11-07,48,1.005,,a
2011-11-08,48,1.005,,a
2011-11-09,49,1.067,,a
2011-11-10,49,1.067,,a
2011-11-11,48,1.005,,a
2011-11-12,48,1.005,,a
2011-11-13,49,1.067,,a
2011-11-14,50,1.131,,a
2011-11-15,49,1.067,,a
2011-11-16,48,1.005,,a
2011-11-17,47,0.946,,a
2011-11-18,47,0.946,,a
2011-11-19,48,1.005,,a
2011-11-20,48,1.005,,a
2011-11-21,47,0.946,,a
2011-11-22,46,0.89,,a
2011-11-23,46,0.89,,a
2011-11-24,45,0.836,,a
2011-11-25,46,0.89,,a
2011-11-26,45,0.836,,a
2011-11-27,46,0.89,,a
2011-11-28,46,0.89,,a
2011-11-29,45,0.836,,a
2011-11-30,45,0.836,,a
2011-12-01,40,0.607,,a
2011-12-02,39,0.557,,a
2011-12-03,40,0.607,,a
2011-12-04,43,0.736,,a
2011-12-05,41,0.647,,a
2011-12-06,40,0.607,,a
2011-12-07,39,0.569,,a
2011-12-08,38,0.533,,a
2011-12-09,39,0.569,,a
2011-12-10,40,0.607,,a
2011-12-11,39,0.569,,a
2011-12-12,40,0.607,,a
2011-12-13,41,0.647,,a
2011-12-14,43,0.736,,a
2011-12-15,69,3.069,,a
2011-12-16,126,12.676,,a
2011-12-17,170,23.227,,a
2011-12-18,100,7.156,,a
2011-12-19,80,4.154,,a
2011-12-20,70,2.94,,a
2011-12-21,65,2.408,,a
2011-12-22,60,1.926,,a
2011-12-23,55,1.494,,a
2011-12-24,50,1.131,,a
2011-12-25,48,1.005,,a
2011-12-26,45,0.836,,a
2011-12-27,40,0.607,,a
2011-12-28,38,0.533,,a
2011-12-29,37,0.5,,a
2011-12-30,30,0.343,,a
2011-12-31,31,0.358,,a
2012-01-01,30,0.343,,a
2012-01-02,32,0.375,,a
2012-01-03,79,3.975,,a
2012-01-04,80,4.154,,a
2012-01-05,78,3.896,,a
2012-01-06,75,3.523,,a
2012-01-07,70,2.94,,a
2012-01-08,62,2.09,,a
2012-01-09,49,1.067,,a
2012-01-10,40,0.607,,a
2012-01-11,39,0.569,,a
2012-01-12,38,0.533,,a
2012-01-13,37,0.5,,a
2012-01-14,38,0.533,,a
2012-01-15,37,0.5,,a
2012-01-16,36,0.47,,a
2012-01-17,37,0.5,,a
2012-01-18,37,0.5,,a
2012-01-19,38,0.533,,a
2012-01-20,38,0.533,,a
2012-01-21,39,0.569,,a
2012-01-22,38,0.533,,a
2012-01-23,38,0.533,,a
2012-01-24,39,0.569,,a
2012-01-25,40,0.607,,a
2012-01-26,38,0.533,,a
2012-01-27,37,0.5,,a
2012-01-28,38,0.533,,a
2012-01-29,37,0.5,,a
2012-01-30,36,0.47,,a
2012-01-31,37,0.5,,a
2012-02-01,38,0.533,,a
2012-02-02,37,0.5,,a
2012-02-03,38,0.533,,a
2012-02-04,37,0.5,,a
2012-02-05,38,0.533,,a
2012-02-06,38,0.533,,a
2012-02-07,37,0.5,,a
2012-02-08,36,0.47,,a
2012-02-09,36,0.47,,a
2012-02-10,35,0.443,,a
2012-02-11,34,0.417,,a
2012-02-12,33,0.395,,a
2012-02-13,32,0.375,,a
2012-02-14,35,0.443,,a
2012-02-15,35,0.443,,a
2012-02-16,38,0.561,,a
2012-02-17,33,0.395,,a
2012-02-18,34,0.417,,a
2012-02-19,37,0.5,,a
2012-02-20,39,0.569,,a
2012-02-21,40,0.607,,a
2012-02-22,41,0.647,,a
2012-02-23,40,0.607,,a
2012-02-24,39,0.569,,a
2012-02-25,38,0.533,,a
2012-02-26,38,0.533,,a
2012-02-27,37,0.5,,a
2012-02-28,38,0.533,,a
2012-02-29,37,0.5,,a
2012-03-01,37,0.5,,a
2012-03-02,38,0.533,,a
2012-03-03,38,0.533,,a
2012-03-04,39,0.569,,a
2012-03-05,40,0.607,,a
2012-03-06,39,0.569,,a
2012-03-07,38,0.533,,a
2012-03-08,38,0.533,,a
2012-03-09,37,0.5,,a
2012-03-10,38,0.533,,a
2012-03-11,37,0.5,,a
2012-03-12,38,0.533,,a
2012-03-13,37,0.5,,a
2012-03-14,36,0.47,,a
2012-03-15,37,0.5,,a
2012-03-16,38,0.533,,a
2012-03-17,37,0.5,,a
2012-03-18,38,0.533,,a
2012-03-19,39,0.569,,a
2012-03-20,38,0.533,,a
2012-03-21,37,0.5,,a
2012-03-22,36,0.47,,a
2012-03-23,36,0.47,,a
2012-03-24,35,0.443,,a
2012-03-25,34,0.417,,a
2012-03-26,35,0.443,,a
2012-03-27,34,0.417,,a
2012-03-28,32,0.375,,a
2012-03-29,30,0.343,,a
2012-03-30,31,0.358,,a
2012-03-31,30,0.343,,a
2012-04-01,30,0.343,,a
2012-04-02,31,0.358,,a
2012-04-03,30,0.343,,a
2012-04-04,30,0.343,,a
2012-04-05,31,0.358,,a
2012-04-06,30,0.343,,a
2012-04-07,59,1.96,,a
2012-04-08,100,7.156,,a
2012-04-09,85,4.834,,a
2012-04-10,63,2.397,,a
2012-04-11,50,1.131,,a
2012-04-12,51,1.199,,a
2012-04-13,49,1.067,,a
2012-04-14,51,1.199,,a
2012-04-15,68,2.721,,a
2012-04-16,60,1.926,,a
2012-04-17,57,1.71,,a
2012-04-18,55,1.494,,a
2012-04-19,50,1.131,,a
2012-04-20,53,1.341,,a
2012-04-21,50,1.131,,a
2012-04-22,56,1.648,,a
2012-04-23,80,4.154,,a
2012-04-24,79,4.024,,a
2012-04-25,95,6.336,,a
2012-04-26,69,2.83,,a
2012-04-27,65,2.408,,a
2012-04-28,60,1.926,,a
2012-04-29,55,1.494,,a
2012-04-30,50,1.131,,a
2012-05-01,48,1.005,,a
2012-05-02,50,1.131,,a
2012-05-03,48,1.005,,a
2012-05-04,47,0.946,,a
2012-05-05,48,1.005,,a
2012-05-06,48,1.005,,a
2012-05-07,48,1.005,,a
2012-05-08,47,0.946,,a
2012-05-09,47,0.946,,a
2012-05-10,47,0.946,,a
2012-05-11,48,1.005,,a
2012-05-12,61,2.227,,a
2012-05-13,100,7.156,,a
2012-05-14,85,4.857,,a
2012-05-15,55,1.494,,a
2012-05-16,58,1.745,,a
2012-05-17,54,1.416,,a
2012-05-18,50,1.131,,a
2012-05-19,45,0.836,,a
2012-05-20,48,1.005,,a
2012-05-21,50,1.131,,a
2012-05-22,48,1.005,,a
2012-05-23,50,1.131,,a
2012-05-24,49,1.067,,a
2012-05-25,48,1.005,,a
2012-05-26,49,1.067,,a
2012-05-27,48,1.005,,a
2012-05-28,47,0.946,,a
2012-05-29,48,1.005,,a
2012-05-30,47,0.946,,a
2012-05-31,48,1.005,,a
2012-06-01,49,1.067,,a
2012-06-02,49,1.067,,a
2012-06-03,48,1.005,,a
2012-06-04,50,1.131,,a
2012-06-05,80,4.154,,a
2012-06-06,75,3.523,,a
2012-06-07,65,2.433,,a
2012-06-08,50,1.131,,a
2012-06-09,52,1.268,,a
2012-06-10,60,1.914,,a
2012-06-11,71,3.089,,a
2012-06-12,107,9.184,,a
2012-06-13,120,10.882,,a
2012-06-14,100,7.156,,a
2012-06-15,95,6.336,,a
2012-06-16,90,5.561,,a
2012-06-17,85,4.834,,a
2012-06-18,80,4.154,,a
2012-06-19,74,3.402,,a
2012-06-20,70,2.94,,a
2012-06-21,56,1.636,,a
2012-06-22,52,1.268,,a
2012-06-23,49,1.067,,a
2012-06-24,48,1.005,,a
2012-06-25,48,1.005,,a
2012-06-26,50,1.131,,a
2012-06-27,48,1.005,,a
2012-06-28,47,0.946,,a
2012-06-29,47,0.946,,a
2012-06-30,46,0.89,,a
2012-07-01,40,0.607,,a
2012-07-02,41,0.647,,a
2012-07-03,40,0.607,,a
2012-07-04,39,0.569,,a
2012-07-05,40,0.607,,a
2012-07-06,40,0.607,,a
2012-07-07,41,0.647,,a
2012-07-08,40,0.607,,a
2012-07-09,39,0.569,,a
2012-07-10,40,0.607,,a
2012-07-11,41,0.647,,a
2012-07-12,40,0.607,,a
2012-07-13,39,0.569,,a
2012-07-14,38,0.533,,a
2012-07-15,40,0.607,,a
2012-07-16,42,0.69,,a
2012-07-17,40,0.607,,a
2012-07-18,38,0.533,,a
2012-07-19,39,0.569,,a
2012-07-20,39,0.569,,a
2012-07-21,40,0.607,,a
2012-07-22,40,0.607,,a
2012-07-23,39,0.569,,a
2012-07-24,40,0.607,,a
2012-07-25,39,0.569,,a
2012-07-26,38,0.533,,a
2012-07-27,37,0.5,,a
2012-07-28,37,0.5,,a
2012-07-29,36,0.47,,a
2012-07-30,37,0.5,,a
2012-07-31,36,0.47,,a
2012-08-01,36,0.47,,a
2012-08-02,37,0.5,,a
2012-08-03,36,0.47,,a
2012-08-04,35,0.443,,a
2012-08-05,36,0.47,,a
2012-08-06,35,0.443,,a
2012-08-07,30,0.343,,a
2012-08-08,29,0.33,,a
2012-08-09,30,0.343,,a
2012-08-10,30,0.343,,a
2012-08-11,30,0.343,,a
2012-08-12,30,0.343,,a
2012-08-13,29,0.33,,a
2012-08-14,30,0.343,,a
2012-08-15,29,0.33,,a
2012-08-16,30,0.343,,a
2012-08-17,30,0.343,,a
2012-08-18,29,0.33,,a
2012-08-19,30,0.343,,a
2012-08-20,29,0.33,,a
2012-08-21,30,0.343,,a
2012-08-22,30,0.343,,a
2012-08-23,29,0.33,,a
2012-08-24,30,0.343,,a
2012-08-25,30,0.343,,a
2012-08-26,38,0.533,,a
2012-08-27,45,0.836,,a
2012-08-28,40,0.607,,a
2012-08-29,42,0.693,,a
2012-08-30,39,0.569,,a
2012-08-31,52,1.297,,a
2012-09-01,93,6.092,,a
2012-09-02,63,2.277,,a
2012-09-03,49,1.067,,a
2012-09-04,42,0.69,,a
2012-09-05,43,0.736,,a
2012-09-06,48,1.005,,a
2012-09-07,41,0.647,,a
2012-09-08,39,0.569,,a
2012-09-09,39,0.569,,a
2012-09-10,40,0.607,,a
2012-09-11,45,0.836,,a
2012-09-12,45,0.836,,a
2012-09-13,133,14.45,,a
2012-09-14,80,4.154,,a
2012-09-15,75,3.523,,a
2012-09-16,70,2.94,,a
2012-09-17,60,1.926,,a
2012-09-18,55,1.494,,a
2012-09-19,47,0.971,,a
2012-09-20,50,1.131,,a
2012-09-21,49,1.067,,a
2012-09-22,48,1.005,,a
2012-09-23,48,1.005,,a
2012-09-24,49,1.067,,a
2012-09-25,70,2.94,,a
2012-09-26,65,2.408,,a
2012-09-27,60,1.926,,a
2012-09-28,59,1.834,,a
2012-09-29,59,1.834,,a
2012-09-30,55,1.494,,a
2012-10-01,50,1.131,,a
2012-10-02,50,1.131,,a
2012-10-03,49,1.067,,a
2012-10-04,50,1.131,,a
2012-10-05,49,1.067,,a
2012-10-06,49,1.067,,a
2012-10-07,50,1.131,,a
2012-10-08,52,1.268,,a
2012-10-09,50,1.131,,a
2012-10-10,49,1.067,,a
2012-10-11,48,1.005,,a
2012-10-12,49,1.067,,a
2012-10-13,50,1.131,,a
2012-10-14,49,1.067,,a
2012-10-15,81,4.584,,a
2012-10-16,178,26.456,,a
2012-10-17,110,8.932,,a
2012-10-18,100,7.156,,a
2012-10-19,95,6.336,,a
2012-10-20,90,5.561,,a
2012-10-21,83,4.556,,a
2012-10-22,73,3.284,,a
2012-10-23,60,1.926,,a
2012-10-24,58,1.745,,a
2012-10-25,55,1.494,,a
2012-10-26,50,1.131,,a
2012-10-27,197,32.404,,a
2012-10-28,230,45.438,,a
2012-10-29,151,17.891,,a
2012-10-30,130,13.001,,a
2012-10-31,150,17.754,,a
2012-11-01,142,15.833,,a
2012-11-02,129,12.827,,a
2012-11-03,95,6.336,,a
2012-11-04,87,5.152,,a
2012-11-05,146,17.223,,a
2012-11-06,155,19.013,,a
2012-11-07,110,8.932,,a
2012-11-08,99,6.988,,a
2012-11-09,81,4.286,,a
2012-11-10,71,3.053,,a
2012-11-11,70,2.94,,a
2012-11-12,69,2.83,,a
2012-11-13,59,1.834,,a
2012-11-14,55,1.494,,a
2012-11-15,55,1.494,,a
2012-11-16,50,1.131,,a
2012-11-17,49,1.067,,a
2012-11-18,49,1.067,,a
2012-11-19,50,1.131,,a
2012-11-20,49,1.067,,a
2012-11-21,50,1.131,,a
2012-11-22,50,1.131,,a
2012-11-23,55,1.494,,a
2012-11-24,60,1.926,,a
2012-11-25,63,2.209,,a
2012-11-26,73,3.284,,a
2012-11-27,100,7.156,,a
2012-11-28,122,11.418,,a
2012-11-29,124,11.743,,a
2012-11-30,99,6.988,,a
2012-12-01,80,4.154,,a
2012-12-02,99,6.988,,a
2012-12-03,79,4.024,,a
2012-12-04,70,2.94,,a
2012-12-05,69,2.83,,a
2012-12-06,68,2.721,,a
2012-12-07,69,2.83,,a
2012-12-08,70,2.94,,a
2012-12-09,69,2.83,,a
2012-12-10,67,2.615,,a
2012-12-11,68,2.721,,a
2012-12-12,68,2.721,,a
2012-12-13,69,2.83,,a
2012-12-14,69,2.83,,a
2012-12-15,70,2.94,,a
2012-12-16,120,10.882,,a
2012-12-17,100,7.156,,a
2012-12-18,95,6.336,,a
2012-12-19,83,4.556,,a
2012-12-20,80,4.154,,a
2012-12-21,79,4.024,,a
2012-12-22,79,4.024,,a
2012-12-23,78,3.896,,a
2012-12-24,78,3.896,,a
2012-12-25,80,4.154,,a
2012-12-26,85,4.834,,a
2012-12-27,90,5.561,,a
2012-12-28,85,4.834,,a
2012-12-29,80,4.154,,a
2012-12-30,72,3.167,,a
2012-12-31,70,2.94,,a
2013-01-01,60,2.045,,a
2013-01-02,59,1.948,,a
2013-01-03,60,2.045,,a
2013-01-04,60,2.045,,a
2013-01-05,59,1.948,,a
2013-01-06,60,2.045,,a
2013-01-07,60,2.045,,a
2013-01-08,62,2.241,,a
2013-01-09,62,2.241,,a
2013-01-10,60,2.045,,a
2013-01-11,59,1.948,,a
2013-01-12,59,1.948,,a
2013-01-13,60,2.045,,a
2013-01-14,63,2.342,,a
2013-01-15,60,2.045,,a
2013-01-16,63,2.342,,a
2013-01-17,60,2.045,,a
2013-01-18,58,1.855,,a
2013-01-19,58,1.855,,a
2013-01-20,67,2.801,,a
2013-01-21,90,5.728,,a
2013-01-22,84,4.871,,a
2013-01-23,80,4.331,,a
2013-01-24,77,3.943,,a
2013-01-25,70,3.099,,a
2013-01-26,68,2.873,,a
2013-01-27,68,2.873,,a
2013-01-28,60,2.045,,a
2013-01-29,59,1.948,,a
2013-01-30,58,1.855,,a
2013-01-31,58,1.855,,a
2013-02-01,60,2.045,,a
2013-02-02,140,16.237,,a
2013-02-03,131,12.923,,a
2013-02-04,100,7.278,,a
2013-02-05,90,5.728,,a
2013-02-06,100,7.278,,a
2013-02-07,70,3.099,,a
2013-02-08,80,4.331,,a
2013-02-09,73,3.421,,a
2013-02-10,68,2.873,,a
2013-02-11,69,2.985,,a
2013-02-12,70,3.099,,a
2013-02-13,69,2.985,,a
2013-02-14,69,2.985,,a
2013-02-15,68,2.873,,a
2013-02-16,65,2.549,,a
2013-02-17,60,2.045,,a
2013-02-18,59,1.948,,a
2013-02-19,58,1.855,,a
2013-02-20,59,1.948,,a
2013-02-21,59,1.948,,a
2013-02-22,60,2.045,,a
2013-02-23,60,2.045,,a
2013-02-24,63,2.342,,a
2013-02-25,62,2.241,,a
2013-02-26,60,2.045,,a
2013-02-27,60,2.045,,a
2013-02-28,59,1.948,,a
2013-03-01,79,4.2,,a
2013-03-02,78,4.071,,a
2013-03-03,75,3.693,,a
2013-03-04,70,3.099,,a
2013-03-05,67,2.763,,a
2013-03-06,60,2.045,,a
2013-03-07,65,2.549,,a
2013-03-08,69,2.977,,a
2013-03-09,100,7.278,,a
2013-03-10,130,12.709,,a
2013-03-11,110,8.967,,a
2013-03-12,108,8.713,,a
2013-03-13,100,7.278,,a
2013-03-14,90,5.728,,a
2013-03-15,100,7.278,,a
2013-03-16,110,8.967,,a
2013-03-17,127,12.18,,a
2013-03-18,160,19.207,,a
2013-03-19,149,16.712,,a
2013-03-20,100,7.278,,a
2013-03-21,90,5.728,,a
2013-03-22,85,5.01,,a
2013-03-23,78,4.071,,a
2013-03-24,63,2.342,,a
2013-03-25,62,2.241,,a
2013-03-26,69,2.985,,a
2013-03-27,70,3.099,,a
2013-03-28,69,2.985,,a
2013-03-29,79,4.304,,a
2013-03-30,144,15.587,,a
2013-03-31,168,21.036,,a
2013-04-01,140,14.735,,a
2013-04-02,110,8.967,,a
2013-04-03,100,7.278,,a
2013-04-04,80,4.331,,a
2013-04-05,75,3.693,,a
2013-04-06,70,3.099,,a
2013-04-07,78,4.071,,a
2013-04-08,70,3.099,,a
2013-04-09,69,2.985,,a
2013-04-10,65,2.549,,a
2013-04-11,70,3.099,,a
2013-04-12,85,5.01,,a
2013-04-13,106,8.465,,a
2013-04-14,79,4.2,,a
2013-04-15,69,2.985,,a
2013-04-16,65,2.549,,a
2013-04-17,60,2.045,,a
2013-04-18,58,1.855,,a
2013-04-19,58,1.855,,a
2013-04-20,54,1.508,,a
2013-04-21,58,1.855,,a
2013-04-22,59,1.948,,a
2013-04-23,61,2.142,,a
2013-04-24,60,2.045,,a
2013-04-25,60,2.045,,a
2013-04-26,59,1.948,,a
2013-04-27,58,1.855,,a
2013-04-28,58,1.855,,a
2013-04-29,55,1.591,,a
2013-04-30,50,1.202,,a
2013-05-01,50,1.202,,a
2013-05-02,52,1.349,,a
2013-05-03,50,1.202,,a
2013-05-04,49,1.132,,a
2013-05-05,52,1.349,,a
2013-05-06,70,3.099,,a
2013-05-07,65,2.549,,a
2013-05-08,60,2.045,,a
2013-05-09,58,1.855,,a
2013-05-10,57,1.734,,a
2013-05-11,95,6.438,,a
2013-05-12,82,4.597,,a
2013-05-13,79,4.2,,a
2013-05-14,75,3.693,,a
2013-05-15,62,2.254,,a
2013-05-16,65,2.549,,a
2013-05-17,73,3.45,,a
2013-05-18,79,4.2,,a
2013-05-19,70,3.099,,a
2013-05-20,68,2.873,,a
2013-05-21,60,2.045,,a
2013-05-22,58,1.855,,a
2013-05-23,58,1.855,,a
2013-05-24,67,2.795,,a
2013-05-25,81,4.463,,a
2013-05-26,79,4.2,,a
2013-05-27,75,3.693,,a
2013-05-28,70,3.099,,a
2013-05-29,60,2.045,,a
2013-05-30,75,3.693,,a
2013-05-31,80,4.331,,a
2013-06-01,75,3.693,,a
2013-06-02,70,3.099,,a
2013-06-03,70,3.099,,a
2013-06-04,69,2.985,,a
2013-06-05,68,2.873,,a
2013-06-06,66,2.655,,a
2013-06-07,68,2.873,,a
2013-06-08,81,4.51,,a
2013-06-09,80,4.331,,a
2013-06-10,73,3.45,,a
2013-06-11,67,2.799,,a
2013-06-12,59,1.948,,a
2013-06-13,58,1.855,,a
2013-06-14,55,1.591,,a
2013-06-15,55,1.591,,a
2013-06-16,51,1.274,,a
2013-06-17,50,1.202,,a
2013-06-18,49,1.132,,a
2013-06-19,47,1,,a
2013-06-20,45,0.88,,a
2013-06-21,43,0.77,,a
2013-06-22,40,0.627,,a
2013-06-23,41,0.672,,a
2013-06-24,45,0.88,,a
2013-06-25,47,1,,a
2013-06-26,50,1.202,,a
2013-06-27,59,1.948,,a
2013-06-28,57,1.764,,a
2013-06-29,55,1.591,,a
2013-06-30,50,1.202,,a
2013-07-01,49,1.132,,a
2013-07-02,48,1.065,,a
2013-07-03,49,1.132,,a
2013-07-04,48,1.065,,a
2013-07-05,40,0.627,,a
2013-07-06,41,0.672,,a
2013-07-07,40,0.627,,a
2013-07-08,40,0.627,,a
2013-07-09,41,0.672,,a
2013-07-10,47,1,,a
2013-07-11,50,1.202,,a
2013-07-12,53,1.427,,a
2013-07-13,48,1.065,,a
2013-07-14,49,1.132,,a
2013-07-15,48,1.065,,a
2013-07-16,49,1.132,,a
2013-07-17,48,1.065,,a
2013-07-18,47,1,,a
2013-07-19,45,0.88,,a
2013-07-20,44,0.824,,a
2013-07-21,40,0.627,,a
2013-07-22,39,0.585,,a
2013-07-23,38,0.546,,a
2013-07-24,37,0.51,,a
2013-07-25,38,0.546,,a
2013-07-26,38,0.546,,a
2013-07-27,37,0.51,,a
2013-07-28,38,0.546,,a
2013-07-29,30,0.339,,a
2013-07-30,30,0.339,,a
2013-07-31,31,0.354,,a
2013-08-01,31,0.354,,a
2013-08-02,30,0.339,,a
2013-08-03,29,0.326,,a
2013-08-04,29,0.326,,a
2013-08-05,29,0.326,,a
2013-08-06,28,0.317,,a
2013-08-07,29,0.326,,a
2013-08-08,28,0.317,,a
2013-08-09,28,0.317,,a
2013-08-10,28,0.317,,a
2013-08-11,29,0.326,,a
2013-08-12,29,0.326,,a
2013-08-13,30,0.339,,a
2013-08-14,29,0.326,,a
2013-08-15,30,0.339,,a
2013-08-16,29,0.326,,a
2013-08-17,28,0.317,,a
2013-08-18,29,0.326,,a
2013-08-19,29,0.326,,a
2013-08-20,30,0.339,,a
2013-08-21,29,0.326,,a
2013-08-22,29,0.326,,a
2013-08-23,28,0.317,,a
2013-08-24,32,0.373,,a
2013-08-25,35,0.446,,a
2013-08-26,40,0.627,,a
2013-08-27,40,0.627,,a
2013-08-28,41,0.672,,a
2013-08-29,41,0.672,,a
2013-08-30,40,0.627,,a
2013-08-31,39,0.585,,a
2013-09-01,40,0.627,,a
2013-09-02,39,0.585,,a
2013-09-03,39,0.585,,a
2013-09-04,38,0.546,,a
2013-09-05,38,0.546,,a
2013-09-06,39,0.585,,a
2013-09-07,40,0.627,,a
2013-09-08,39,0.585,,a
2013-09-09,40,0.627,,a
2013-09-10,54,1.55,,a
2013-09-11,85,5.088,,a
2013-09-12,50,1.202,,a
2013-09-13,49,1.132,,a
2013-09-14,45,0.88,,a
2013-09-15,40,0.627,,a
2013-09-16,55,1.591,,a
2013-09-17,83,4.81,,a
2013-09-18,68,2.873,,a
2013-09-19,52,1.366,,a
2013-09-20,50,1.202,,a
2013-09-21,48,1.065,,a
2013-09-22,48,1.065,,a
2013-09-23,47,1,,a
2013-09-24,47,1,,a
2013-09-25,48,1.065,,a
2013-09-26,49,1.132,,a
2013-09-27,50,1.202,,a
2013-09-28,49,1.132,,a
2013-09-29,56,1.71,,a
2013-09-30,80,4.406,,a
2013-10-01,65,2.549,,a
2013-10-02,60,2.045,,a
2013-10-03,55,1.591,,a
2013-10-04,53,1.427,,a
2013-10-05,50,1.202,,a
2013-10-06,49,1.132,,a
2013-10-07,47,1,,a
2013-10-08,40,0.627,,a
2013-10-09,40,0.627,,a
2013-10-10,39,0.585,,a
2013-10-11,88,5.436,,a
2013-10-12,80,4.331,,a
2013-10-13,75,3.693,,a
2013-10-14,69,2.985,,a
2013-10-15,60,2.045,,a
2013-10-16,50,1.202,,a
2013-10-17,51,1.274,,a
2013-10-18,50,1.202,,a
2013-10-19,49,1.132,,a
2013-10-20,49,1.132,,a
2013-10-21,49,1.132,,a
2013-10-22,48,1.065,,a
2013-10-23,48,1.065,,a
2013-10-24,47,1,,a
2013-10-25,48,1.065,,a
2013-10-26,47,1,,a
2013-10-27,48,1.065,,a
2013-10-28,47,1,,a
2013-10-29,45,0.88,,a
2013-10-30,46,0.939,,a
2013-10-31,47,1,,a
2013-11-01,48,1.065,,a
2013-11-02,47,1,,a
2013-11-03,65,2.549,,a
2013-11-04,72,3.703,,a
2013-11-05,135,13.745,,a
2013-11-06,85,5.01,,a
2013-11-07,80,4.331,,a
2013-11-08,80,4.331,,a
2013-11-09,87,5.339,,a
2013-11-10,104,7.878,,a
2013-11-11,131,13.12,,a
2013-11-12,76,3.819,,a
2013-11-13,63,2.346,,a
2013-11-14,63,2.342,,a
2013-11-15,53,1.427,,a
2013-11-16,50,1.202,,a
2013-11-17,50,1.202,,a
2013-11-18,53,1.427,,a
2013-11-19,58,1.855,,a
2013-11-20,60,2.045,,a
2013-11-21,59,1.948,,a
2013-11-22,66,2.689,,a
2013-11-23,121,11.176,,a
2013-11-24,157,18.705,,a
2013-11-25,110,8.967,,a
2013-11-26,96,6.641,,a
2013-11-27,96,6.641,,a
2013-11-28,88,5.436,,a
2013-11-29,69,2.995,,a
2013-11-30,60,2.045,,a
2013-12-01,59,1.948,,a
2013-12-02,53,1.427,,a
2013-12-03,50,1.202,,a
2013-12-04,49,1.132,,a
2013-12-05,48,1.065,,a
2013-12-06,49,1.132,,a
2013-12-07,49,1.132,,a
2013-12-08,48,1.065,,a
2013-12-09,47,1,,a
2013-12-10,48,1.065,,a
2013-12-11,48,1.065,,a
2013-12-12,47,1,,a
2013-12-13,49,1.132,,a
2013-12-14,49,1.132,,a
2013-12-15,48,1.065,,a
2013-12-16,49,1.132,,a
2013-12-17,48,1.065,,a
2013-12-18,48,1.065,,a
2013-12-19,48,1.065,,a
2013-12-20,49,1.132,,a
2013-12-21,48,1.065,,a
2013-12-22,49,1.132,,a
2013-12-23,48,1.065,,a
2013-12-24,49,1.132,,a
2013-12-25,50,1.202,,a
2013-12-26,50,1.202,,a
2013-12-27,50,1.202,,a
2013-12-28,49,1.132,,a
2013-12-29,52,1.38,,a
2013-12-30,73,3.443,,a
2013-12-31,60,2.045,,a
2014-01-01,59,1.948,,a
2014-01-02,52,1.349,,a
2014-01-03,50,1.202,,a
2014-01-04,55,1.64,,a
2014-01-05,126,12.239,,a
2014-01-06,116,10.113,,a
2014-01-07,82,4.639,,a
2014-01-08,73,3.45,,a
2014-01-09,70,3.099,,a
2014-01-10,69,2.985,,a
2014-01-11,69,2.985,,a
2014-01-12,68,2.873,,a
2014-01-13,60,2.045,,a
2014-01-14,60,2.045,,a
2014-01-15,65,2.549,,a
2014-01-16,69,2.985,,a
2014-01-17,70,3.099,,a
2014-01-18,75,3.693,,a
2014-01-19,82,4.659,,a
2014-01-20,183,24.444,,a
2014-01-21,110,8.967,,a
2014-01-22,118,10.409,,a
2014-01-23,100,7.278,,a
2014-01-24,89,5.581,,a
2014-01-25,80,4.331,,a
2014-01-26,76,3.817,,a
2014-01-27,70,3.099,,a
2014-01-28,75,3.693,,a
2014-01-29,73,3.45,,a
2014-01-30,78,4.053,,a
2014-01-31,78,4.071,,a
2014-02-01,95,6.485,,a
2014-02-02,100,7.278,,a
2014-02-03,96,6.641,,a
2014-02-04,91,5.877,,a
2014-02-05,86,5.15,,a
2014-02-06,88,5.436,,a
2014-02-07,93,6.178,,a
2014-02-08,158,18.78,,a
2014-02-09,173,22.232,,a
2014-02-10,169,21.18,,a
2014-02-11,193,26.496,,a
2014-02-12,188,25.527,,a
2014-02-13,146,15.917,,a
2014-02-14,135,13.71,,a
2014-02-15,100,7.278,,a
2014-02-16,136,14.072,,a
2014-02-17,169,21.255,,a
2014-02-18,135,13.71,,a
2014-02-19,130,12.709,,a
2014-02-20,110,8.967,,a
2014-02-21,100,7.278,,a
2014-02-22,118,10.409,,a
2014-02-23,130,12.709,,a
2014-02-24,95,6.485,,a
2014-02-25,88,5.436,,a
2014-02-26,79,4.2,,a
2014-02-27,75,3.693,,a
2014-02-28,73,3.45,,a
2014-03-01,70,3.099,,a
2014-03-02,65,2.549,,a
2014-03-03,60,2.045,,a
2014-03-04,60,2.045,,a
2014-03-05,59,1.948,,a
2014-03-06,58,1.855,,a
2014-03-07,58,1.855,,a
2014-03-08,55,1.591,,a
2014-03-09,52,1.349,,a
2014-03-10,50,1.202,,a
2014-03-11,50,1.202,,a
2014-03-12,50,1.202,,a
2014-03-13,49,1.132,,a
2014-03-14,48,1.065,,a
2014-03-15,49,1.132,,a
2014-03-16,49,1.132,,a
2014-03-17,50,1.202,,a
2014-03-18,50,1.202,,a
2014-03-19,49,1.132,,a
2014-03-20,48,1.065,,a
2014-03-21,48,1.065,,a
2014-03-22,49,1.132,,a
2014-03-23,51,1.267,,a
2014-03-24,82,4.715,,a
2014-03-25,59,1.948,,a
2014-03-26,57,1.764,,a
2014-03-27,50,1.202,,a
2014-03-28,48,1.065,,a
2014-03-29,48,1.065,,a
2014-03-30,49,1.132,,a
2014-03-31,48,1.065,,a
2014-04-01,49,1.132,,a
2014-04-02,48,1.065,,a
2014-04-03,48,1.065,,a
2014-04-04,49,1.132,,a
2014-04-05,50,1.202,,a
2014-04-06,49,1.132,,a
2014-04-07,48,1.065,,a
2014-04-08,48,1.065,,a
2014-04-09,50,1.202,,a
2014-04-10,50,1.202,,a
2014-04-11,51,1.274,,a
2014-04-12,50,1.202,,a
2014-04-13,50,1.202,,a
2014-04-14,49,1.132,,a
2014-04-15,50,1.202,,a
2014-04-16,49,1.132,,a
2014-04-17,50,1.202,,a
2014-04-18,48,1.065,,a
2014-04-19,49,1.132,,a
2014-04-20,50,1.202,,a
2014-04-21,55,1.591,,a
2014-04-22,50,1.202,,a
2014-04-23,49,1.132,,a
2014-04-24,48,1.065,,a
2014-04-25,49,1.132,,a
2014-04-26,50,1.202,,a
2014-04-27,51,1.274,,a
2014-04-28,58,1.855,,a
2014-04-29,59,1.948,,a
2014-04-30,50,1.202,,a
2014-05-01,50,1.202,,a
2014-05-02,51,1.274,,a
2014-05-03,50,1.202,,a
2014-05-04,49,1.132,,a
2014-05-05,47,1,,a
2014-05-06,47,1,,a
2014-05-07,46,0.939,,a
2014-05-08,46,0.939,,a
2014-05-09,43,0.77,,a
2014-05-10,40,0.627,,a
2014-05-11,63,2.342,,a
2014-05-12,64,2.425,,a
2014-05-13,73,3.45,,a
2014-05-14,68,2.861,,a
2014-05-15,59,1.954,,a
2014-05-16,50,1.202,,a
2014-05-17,49,1.132,,a
2014-05-18,50,1.202,,a
2014-05-19,49,1.132,,a
2014-05-20,49,1.132,,a
2014-05-21,48,1.065,,a
2014-05-22,48,1.065,,a
2014-05-23,48,1.065,,a
2014-05-24,48,1.065,,a
2014-05-25,49,1.132,,a
2014-05-26,49,1.132,,a
2014-05-27,50,1.202,,a
2014-05-28,49,1.132,,a
2014-05-29,49,1.132,,a
2014-05-30,48,1.065,,a
2014-05-31,49,1.132,,a
2014-06-01,49,1.132,,a
2014-06-02,48,1.065,,a
2014-06-03,49,1.132,,a
2014-06-04,50,1.202,,a
2014-06-05,50,1.202,,a
2014-06-06,49,1.132,,a
2014-06-07,49,1.132,,a
2014-06-08,48,1.065,,a
2014-06-09,48,1.065,,a
2014-06-10,47,1,,a
2014-06-11,47,1,,a
2014-06-12,50,1.202,,a
2014-06-13,50,1.202,,a
2014-06-14,50,1.202,,a
2014-06-15,49,1.132,,a
2014-06-16,48,1.065,,a
2014-06-17,48,1.065,,a
2014-06-18,48,1.065,,a
2014-06-19,48,1.065,,a
2014-06-20,40,0.627,,a
2014-06-21,39,0.585,,a
2014-06-22,39,0.585,,a
2014-06-23,40,0.627,,a
2014-06-24,86,5.336,,a
2014-06-25,122,11.317,,a
2014-06-26,80,4.331,,a
2014-06-27,86,5.189,,a
2014-06-28,100,7.278,,a
2014-06-29,136,14.072,,a
2014-06-30,190,25.792,,a
2014-07-01,100,7.278,,a
2014-07-02,70,3.099,,a
2014-07-03,65,2.549,,a
2014-07-04,58,1.84,,a
2014-07-05,55,1.591,,a
2014-07-06,52,1.349,,a
2014-07-07,50,1.202,,a
2014-07-08,58,1.855,,a
2014-07-09,70,3.099,,a
2014-07-10,65,2.549,,a
2014-07-11,60,2.045,,a
2014-07-12,58,1.855,,a
2014-07-13,55,1.591,,a
2014-07-14,52,1.349,,a
2014-07-15,60,2.045,,a
2014-07-16,60,2.045,,a
2014-07-17,59,1.948,,a
2014-07-18,55,1.601,,a
2014-07-19,58,1.855,,a
2014-07-20,59,1.948,,a
2014-07-21,60,2.082,,a
2014-07-22,74,3.582,,a
2014-07-23,63,2.342,,a
2014-07-24,60,2.045,,a
2014-07-25,58,1.855,,a
2014-07-26,59,1.948,,a
2014-07-27,64,2.444,,a
2014-07-28,54,1.541,,a
2014-07-29,60,2.045,,a
2014-07-30,72,3.366,,a
2014-07-31,75,3.693,,a
2014-08-01,70,3.099,,a
2014-08-02,68,2.873,,a
2014-08-03,40,0.627,,a
2014-08-04,48,1.065,,a
2014-08-05,52,1.349,,a
2014-08-06,65,2.549,,a
2014-08-07,63,2.342,,a
2014-08-08,60,2.045,,a
2014-08-09,59,1.948,,a
2014-08-10,57,1.764,,a
2014-08-11,50,1.202,,a
2014-08-12,50,1.202,,a
2014-08-13,56,1.781,,a
2014-08-14,96,6.746,,a
2014-08-15,68,2.847,,a
2014-08-16,59,1.948,,a
2014-08-17,55,1.591,,a
2014-08-18,60,2.045,,a
2014-08-19,100,7.278,,a
2014-08-20,95,6.485,,a
2014-08-21,110,9.273,,a
2014-08-22,75,3.693,,a
2014-08-23,65,2.549,,a
2014-08-24,70,3.099,,a
2014-08-25,72,3.331,,a
2014-08-26,70,3.099,,a
2014-08-27,72,3.331,,a
2014-08-28,62,2.241,,a
2014-08-29,62,2.241,,a
2014-08-30,65,2.549,,a
2014-08-31,65,2.549,,a
2014-09-01,119,10.762,,a
2014-09-02,75,3.693,,a
2014-09-03,70,3.099,,a
2014-09-04,65,2.549,,a
2014-09-05,70,3.099,,a
2014-09-06,69,2.985,,a
2014-09-07,68,2.873,,a
2014-09-08,68,2.873,,a
2014-09-09,69,2.985,,a
2014-09-10,70,3.099,,a
2014-09-11,82,4.713,,a
2014-09-12,117,10.234,,a
2014-09-13,158,18.88,,a
2014-09-14,188,25.485,,a
2014-09-15,125,11.732,,a
2014-09-16,100,7.278,,a
2014-09-17,95,6.485,,a
2014-09-18,90,5.728,,a
2014-09-19,88,5.436,,a
2014-09-20,83,4.733,,a
2014-09-21,72,3.331,,a
2014-09-22,70,3.099,,a
2014-09-23,85,5.166,13.9,a
2014-09-24,75,3.638,13.6,a
2014-09-25,70,3.052,13.4,a
2014-09-26,66,2.678,13,a
2014-09-27,63,2.385,13.4,a
2014-09-28,61,2.151,14.1,a
2014-09-29,60,2.017,13.7,a
2014-09-30,58,1.863,13.7,a
2014-10-01,57,1.802,14,a
2014-10-02,56,1.709,14.2,a
2014-10-03,56,1.641,13.6,a
2014-10-04,55,1.574,13.5,a
2014-10-05,54,1.536,13.1,a
2014-10-06,53,1.451,13.1,a
2014-10-07,53,1.401,13.2,a
2014-10-08,52,1.349,13.4,a
2014-10-09,52,1.333,14.4,a
2014-10-10,51,1.271,14.6,a
2014-10-11,50,1.202,14.5,a
2014-10-12,50,1.202,14.6,a
2014-10-13,50,1.199,14.8,a
2014-10-14,49,1.161,14.9,a
2014-10-15,52,1.34,14.4,a
2014-10-16,50,1.226,14.7,a
2014-10-17,49,1.164,14.8,a
2014-10-18,49,1.11,14.7,a
2014-10-19,48,1.065,13.6,a
2014-10-20,48,1.065,13.5,a
2014-10-21,47,1.03,13.8,a
2014-10-22,218,32.695,12.8,a
2014-10-23,157,18.392,11.2,a
2014-10-24,127,12.201,11.6,a
2014-10-25,99,7.286,11.4,a
2014-10-26,74,3.606,10.3,a
2014-10-27,68,2.912,10,a
2014-10-28,65,2.554,9.6,a
2014-10-29,63,2.296,8.5,a
2014-10-30,61,2.102,9,a
2014-10-31,58,1.894,8.6,a
2014-11-01,58,1.817,9.3,a
2014-11-02,56,1.705,9.1,a
2014-11-03,56,1.644,9.3,a
2014-11-04,55,1.591,10.6,a
2014-11-05,55,1.55,11.2,a
2014-11-06,120,11.915,11.9,a
2014-11-07,300,54.285,12.1,a
2014-11-08,287,51.347,11.9,a
2014-11-09,176,22.933,11.6,a
2014-11-10,146,16.113,11.9,a
2014-11-11,129,12.444,12,a
2014-11-12,132,13.208,12.2,a
2014-11-13,128,12.402,12.1,a
2014-11-14,122,11.088,11.8,a
2014-11-15,114,9.773,11.7,a
2014-11-16,95,6.451,11.8,a
2014-11-17,85,5.07,11.4,a
2014-11-18,159,19.179,11,a
2014-11-19,132,13.23,10.6,a
2014-11-20,104,7.915,10.1,a
2014-11-21,93,6.175,10,a
2014-11-22,86,5.188,9.9,a
2014-11-23,81,4.404,9.4,a
2014-11-24,77,3.912,9.2,a
2014-11-25,73,3.486,9,a
2014-11-26,71,3.19,8.7,a
2014-11-27,69,2.967,8.4,a
2014-11-28,67,2.809,8.5,a
2014-11-29,66,2.696,8.9,a
2014-11-30,65,2.562,8.9,a
2014-12-01,80,4.634,8.2,a
2014-12-02,91,5.868,7.9,a
2014-12-03,78,4.099,7.9,a
2014-12-04,77,3.959,7.9,a
2014-12-05,75,3.699,8.1,a
2014-12-06,79,4.26,8.2,a
2014-12-07,85,4.958,8.1,a
2014-12-08,81,4.42,8.4,a
2014-12-09,76,3.808,7.8,a
2014-12-10,72,3.312,6.2,a
2014-12-11,70,3.099,6,a
2014-12-12,67,2.809,5.5,a
2014-12-13,66,2.637,6.1,a
2014-12-14,65,2.51,7.9,a
2014-12-15,63,2.368,8.6,a
2014-12-16,62,2.241,8.2,a
2014-12-17,65,2.551,8.2,a
2014-12-18,62,2.225,7.6,a
2014-12-19,60,2.049,7.3,a
2014-12-20,59,1.984,7.7,a
2014-12-21,58,1.855,7,a
2014-12-22,57,1.764,5.7,a
2014-12-23,56,1.683,6.4,a
2014-12-24,56,1.676,7.1,a
2014-12-25,55,1.612,6.9,a
2014-12-26,58,1.884,6.5,a
2014-12-27,56,1.637,4.5,a
2014-12-28,57,1.799,3.4,a
2014-12-29,55,1.557,2.6,a
2014-12-30,53,1.448,1.2,a
2014-12-31,53,1.417,1.3,a
2015-01-01,52,1.375,1.6,a
2015-01-02,53,1.427,2.6,a
2015-01-03,53,1.464,3.1,a
2015-01-04,55,1.606,4,a
2015-01-05,56,1.68,3.6,a
2015-01-06,55,1.591,3.6,a
2015-01-07,54,1.508,3.6,a
2015-01-08,53,1.434,3.4,a
2015-01-09,54,1.505,4.4,a
2015-01-10,59,1.916,5.1,a
2015-01-11,90,6.773,5,a
2015-01-12,104,8.186,5.1,a
2015-01-13,77,3.912,5.1,a
2015-01-14,71,3.23,6.3,a
2015-01-15,67,2.81,6.1,a
2015-01-16,65,2.545,7,a
2015-01-17,66,2.609,7.5,a
2015-01-18,67,2.731,6.8,a
2015-01-19,63,2.347,6.7,a
2015-01-20,61,2.134,5.9,a
2015-01-21,59,1.988,5.9,a
2015-01-22,62,2.231,6.5,a
2015-01-23,61,2.138,6.8,a
2015-01-24,60,2.045,6.7,a
2015-01-25,59,1.925,6.1,a
2015-01-26,57,1.765,5.1,a
2015-01-27,56,1.676,4.4,a
2015-01-28,55,1.602,3.8,a
2015-01-29,55,1.598,3.8,a
2015-01-30,67,2.813,3.5,a
2015-01-31,69,3.015,4.2,a
2015-02-01,65,2.541,4.8,a
2015-02-02,64,2.393,4.9,a
2015-02-03,62,2.229,4,a
2015-02-04,61,2.15,4.4,a
2015-02-05,60,2.065,4.4,a
2015-02-06,60,2.045,4.1,a
2015-02-07,59,1.949,3.9,a
2015-02-08,58,1.844,2.8,a
2015-02-09,57,1.768,3,a
2015-02-10,56,1.716,3.8,a
2015-02-11,58,1.846,4.8,a
2015-02-12,63,2.326,5.2,a
2015-02-13,65,2.545,5.3,a
2015-02-14,66,2.683,5.3,a
2015-02-15,70,3.13,5.8,a
2015-02-16,72,3.343,5.8,a
2015-02-17,68,2.87,5.3,a
2015-02-18,64,2.484,5.5,a
2015-02-19,62,2.254,4.7,a
2015-02-20,61,2.175,4.7,a
2015-02-21,61,2.114,5,a
2015-02-22,75,4.019,5.6,a
2015-02-23,97,6.809,6,a
2015-02-24,103,7.946,6.6,a
2015-02-25,97,6.865,6.6,a
2015-02-26,82,4.644,7,a
2015-02-27,75,3.741,7,a
2015-02-28,71,3.177,6.7,a
2015-03-01,67,2.791,6.7,a
2015-03-02,67,2.811,7.3,a
2015-03-03,67,2.766,7.2,a
2015-03-04,63,2.355,6.8,a
2015-03-05,62,2.251,6.7,a
2015-03-06,59,1.968,6.1,a
2015-03-07,58,1.871,6.1,a
2015-03-08,57,1.802,6.3,a
2015-03-09,57,1.731,6.2,a
2015-03-10,56,1.676,6.4,a
2015-03-11,56,1.637,6.5,a
2015-03-12,55,1.588,6.7,a
2015-03-13,54,1.515,6.8,a
2015-03-14,54,1.471,7,a
2015-03-15,53,1.427,7.2,a
2015-03-16,52,1.369,7.3,a
2015-03-17,52,1.372,8,a
2015-03-18,52,1.324,7.9,a
2015-03-19,51,1.302,8.4,a
2015-03-20,51,1.247,8,a
2015-03-21,50,1.235,8.1,a
2015-03-22,51,1.287,8.7,a
2015-03-23,51,1.247,9.2,a
2015-03-24,50,1.232,8.8,a
2015-03-25,51,1.299,8.4,a
2015-03-26,69,3.091,9,a
2015-03-27,128,13.503,9,a
2015-03-28,103,7.912,9.2,a
2015-03-29,76,3.802,9.1,a
2015-03-30,70,3.053,9.8,a
2015-03-31,65,2.541,9.6,a
2015-04-01,62,2.263,9.4,a
2015-04-02,59,1.937,8,a
2015-04-03,58,1.817,8.5,a
2015-04-04,57,1.739,8.2,a
2015-04-05,56,1.677,8.2,a
2015-04-06,54,1.508,7.6,a
2015-04-07,53,1.427,8,a
2015-04-08,53,1.395,8.6,a
2015-04-09,52,1.382,9.3,a
2015-04-10,52,1.378,10.3,a
2015-04-11,52,1.356,11.1,a
2015-04-12,52,1.337,12.3,a
2015-04-13,51,1.302,12.8,a
2015-04-14,51,1.265,13.2,a
2015-04-15,51,1.25,13.2,a
2015-04-16,50,1.229,13.4,a
2015-04-17,51,1.255,12.7,a
2015-04-18,64,2.501,10.7,a
2015-04-19,60,2.076,10,a
2015-04-20,54,1.515,10.5,a
2015-04-21,53,1.391,11.7,a
2015-04-22,52,1.327,12.5,a
2015-04-23,51,1.293,12.9,a
2015-04-24,50,1.223,13,a
2015-04-25,50,1.179,12.4,a
2015-04-26,50,1.17,12.9,a
2015-04-27,50,1.199,13.4,a
2015-04-28,54,1.592,12.8,a
2015-04-29,55,1.601,12.7,a
2015-04-30,50,1.208,12.4,a
2015-05-01,49,1.138,11.5,a
2015-05-02,53,1.429,12.7,a
2015-05-03,51,1.305,13.3,a
2015-05-04,51,1.253,13.9,a
2015-05-05,50,1.194,15,a
2015-05-06,49,1.116,15.8,a
2015-05-07,48,1.068,16.4,a
2015-05-08,47,1.019,15.8,a
2015-05-09,47,1.001,15.9,a
2015-05-10,47,0.972,16.2,a
2015-05-11,46,0.947,15.9,a
2015-05-12,45,0.902,15.5,a
2015-05-13,45,0.895,16,a
2015-05-14,46,0.93,16.4,a
2015-05-15,61,2.221,15,a
2015-05-16,61,2.144,14.8,a
2015-05-17,54,1.54,15.6,a
2015-05-18,50,1.229,16.1,a
2015-05-19,49,1.112,16.5,a
2015-05-20,48,1.054,16.8,a
2015-05-21,59,1.972,14.9,a
2015-05-22,58,1.891,13.7,a
2015-05-23,121,11.129,12.6,a
2015-05-24,97,7.002,13,a
2015-05-25,71,3.204,13.5,a
2015-05-26,64,2.394,13.8,a
2015-05-27,59,1.971,13.5,a
2015-05-28,56,1.651,13.3,a
2015-05-29,54,1.495,14.1,a
2015-05-30,53,1.408,15,a
2015-05-31,52,1.333,15.6,a
2015-06-01,51,1.265,15.6,a
2015-06-02,50,1.193,16.7,a
2015-06-03,49,1.124,17.6,a
2015-06-04,50,1.195,18.4,a
2015-06-05,48,1.054,18.9,a
2015-06-06,47,0.987,19.2,a
2015-06-07,46,0.942,19.2,a
2015-06-08,46,0.91,18.9,a
2015-06-09,45,0.866,18.6,a
2015-06-10,46,0.964,18.5,a
2015-06-11,45,0.866,18.8,a
2015-06-12,44,0.84,19.1,a
2015-06-13,43,0.788,19.3,a
2015-06-14,43,0.767,18.6,a
2015-06-15,48,1.036,18.2,a
2015-06-16,47,0.989,17.6,a
2015-06-17,59,2.004,16.4,a
2015-06-18,48,1.09,16.2,a
2015-06-19,50,1.257,15.9,a
2015-06-20,54,1.528,15.3,a
2015-06-21,53,1.442,15,a
2015-06-22,48,1.063,15.5,a
2015-06-23,103,10.531,14.8,a
2015-06-24,185,24.644,13.8,a
2015-06-25,117,10.229,14.3,a
2015-06-26,91,6.057,15.3,a
2015-06-27,73,3.579,15.8,a
2015-06-28,81,4.434,15.7,a
2015-06-29,67,2.752,15.9,a
2015-06-30,61,2.188,16.6,a
2015-07-01,58,1.894,17.5,a
2015-07-02,56,1.699,18.3,a
2015-07-03,55,1.567,19.3,a
2015-07-04,53,1.434,19.6,a
2015-07-05,52,1.369,19.8,a
2015-07-06,51,1.281,20.3,a
2015-07-07,50,1.202,20.8,a
2015-07-08,49,1.138,20.9,a
2015-07-09,58,1.911,19.3,a
2015-07-10,51,1.27,18.5,a
2015-07-11,48,1.087,18.3,a
2015-07-12,48,1.033,19.1,a
2015-07-13,47,1,18.9,a
2015-07-14,47,0.992,18.7,a
2015-07-15,47,0.989,19.6,a
2015-07-16,50,1.181,20.1,a
2015-07-17,47,0.975,20.8,a
2015-07-18,45,0.885,20.9,a
2015-07-19,45,0.854,21.2,a
2015-07-20,44,0.838,21.2,a
2015-07-21,44,0.806,21.3,a
2015-07-22,43,0.773,21.4,a
2015-07-23,45,0.876,20.9,a
2015-07-24,45,0.86,20.6,a
2015-07-25,59,1.949,20,a
2015-07-26,89,6.005,18.7,a
2015-07-27,64,2.418,17.4,a
2015-07-28,59,1.943,17.1,a
2015-07-29,55,1.553,16.8,a
2015-07-30,86,5.45,16.1,a
2015-07-31,81,4.475,16.2,a
2015-08-01,63,2.356,16.4,a
2015-08-02,58,1.865,17.5,a
2015-08-03,54,1.526,18.3,a
2015-08-04,52,1.327,18.6,a
2015-08-05,50,1.187,19.5,a
2015-08-06,48,1.09,19.7,a
2015-08-07,47,1.027,19.9,a
2015-08-08,47,0.982,20,a
2015-08-09,46,0.954,19.9,a
2015-08-10,45,0.89,19.4,a
2015-08-11,45,0.854,19.2,a
2015-08-12,44,0.829,18.9,a
2015-08-13,44,0.829,18.9,a
2015-08-14,45,0.866,19.1,a
2015-08-15,45,0.864,19.2,a
2015-08-16,43,0.782,18.6,a
2015-08-17,44,0.819,17.7,a
2015-08-18,44,0.846,17.7,a
2015-08-19,45,0.912,17,a
2015-08-20,65,2.618,17.2,a
2015-08-21,48,1.088,16.8,a
2015-08-22,45,0.88,16.3,a
2015-08-23,44,0.799,16,a
2015-08-24,43,0.768,16,a
2015-08-25,62,2.95,16.7,a
2015-08-26,68,2.976,16.6,a
2015-08-27,52,1.363,16.7,a
2015-08-28,48,1.057,17.1,a
2015-08-29,46,0.932,17.7,a
2015-08-30,45,0.878,18,a
2015-08-31,45,0.852,18.5,a
2015-09-01,43,0.795,18.2,a
2015-09-02,42,0.733,17.5,a
2015-09-03,42,0.73,17.2,a
2015-09-04,47,1.026,16.9,a
2015-09-05,121,11.411,16.5,a
2015-09-06,103,7.88,15.6,a
2015-09-07,69,3.008,14.7,a
2015-09-08,58,1.825,14,a
2015-09-09,53,1.429,14.2,a
2015-09-10,50,1.199,13.8,a
2015-09-11,48,1.096,14,a
2015-09-12,47,1.005,14,a
2015-09-13,46,0.962,14.5,a
2015-09-14,46,0.952,15.3,a
2015-09-15,46,0.934,16.2,a
2015-09-16,47,0.979,15.9,a
2015-09-17,47,0.998,16.7,a
2015-09-18,46,0.917,17.2,a
2015-09-19,44,0.847,16.8,a
2015-09-20,44,0.824,16.1,a
2015-09-21,43,0.755,14.8,a
2015-09-22,42,0.696,13.6,a
2015-09-23,44,0.85,13.6,a
2015-09-24,79,4.265,13.4,a
2015-09-25,66,2.642,13.7,a
2015-09-26,70,3.126,14,a
2015-09-27,57,1.794,13.7,a
2015-09-28,51,1.27,12.7,a
2015-09-29,48,1.052,12.2,a
2015-09-30,46,0.929,12.1,a
2015-10-01,45,0.868,11.8,a
2015-10-02,44,0.824,12.2,a
2015-10-03,45,0.909,12.4,a
2015-10-04,45,0.902,12.9,a
2015-10-05,48,1.06,13.2,a
2015-10-06,46,0.915,12.9,a
2015-10-07,93,6.911,13.4,a
2015-10-08,93,6.229,13.6,a
2015-10-09,74,3.572,13.5,a
2015-10-10,62,2.227,13,a
2015-10-11,70,3.162,12.3,a
2015-10-12,69,3.039,11.9,a
2015-10-13,65,2.522,11.6,a
2015-10-14,102,8.066,11.6,a
2015-10-15,162,19.592,11.6,a
2015-10-16,125,11.75,12,a
2015-10-17,99,7.177,11.2,a
2015-10-18,88,5.505,11.4,a
2015-10-19,105,8.294,11.3,a
2015-10-20,99,7.068,10.8,a
2015-10-21,102,8.053,10.5,a
2015-10-22,73,3.427,10.2,a
2015-10-23,65,2.577,10,a
2015-10-24,62,2.221,10.7,a
2015-10-25,59,1.918,9.9,a
2015-10-26,56,1.713,9.7,a
2015-10-27,55,1.581,10.3,a
2015-10-28,54,1.508,10.5,a
2015-10-29,54,1.501,11.1,a
2015-10-30,53,1.424,11.3,a
2015-10-31,51,1.241,10,a
2015-11-01,49,1.135,9.3,a
2015-11-02,48,1.043,7.9,a
2015-11-03,47,1,7.3,a
2015-11-04,47,1.014,7.7,a
2015-11-05,47,1.005,8.7,a
2015-11-06,47,0.975,8.7,a
2015-11-07,46,0.944,8.5,a
2015-11-08,46,0.939,8.9,a
2015-11-09,45,0.907,9,a
2015-11-10,45,0.882,9.2,a
2015-11-11,45,0.868,9.1,a
2015-11-12,44,0.829,8.9,a
2015-11-13,44,0.824,8.7,a
2015-11-14,44,0.799,8.4,a
2015-11-15,44,0.824,9.2,a
2015-11-16,43,0.784,8.7,a
2015-11-17,43,0.747,8.1,a
2015-11-18,43,0.747,8.5,a
2015-11-19,42,0.716,8,a
2015-11-20,43,0.749,9.2,a
2015-11-21,78,5.078,9,a
2015-11-22,87,5.327,7.6,a
2015-11-23,70,3.117,7.3,a
2015-11-24,62,2.222,6.7,a
2015-11-25,58,1.898,6.4,a
2015-11-26,57,1.72,6,a
2015-11-27,54,1.498,5.6,a
2015-11-28,53,1.427,6.1,a
2015-11-29,52,1.334,5.6,a
2015-11-30,50,1.214,5.1,a
2015-12-01,51,1.238,6.3,a
2015-12-02,51,1.253,7.1,a
2015-12-03,50,1.17,6.5,a
2015-12-04,49,1.15,7.2,a
2015-12-05,48,1.073,6.5,a
2015-12-06,48,1.065,6.1,a
2015-12-07,47,1.005,5.7,a
2015-12-08,46,0.939,5.1,a
2015-12-09,46,0.952,5.6,a
2015-12-10,46,0.942,5.9,a
2015-12-11,45,0.887,4.9,a
2015-12-12,45,0.88,4.5,a
2015-12-13,45,0.88,4.2,a
2015-12-14,45,0.854,4.3,a
2015-12-15,45,0.878,5.4,a
2015-12-16,44,0.824,5.1,a
2015-12-17,44,0.824,4.9,a
2015-12-18,44,0.824,4.9,a
2015-12-19,44,0.824,5,a
2015-12-20,43,0.79,4.7,a
2015-12-21,43,0.77,4.7,a
2015-12-22,43,0.775,5.6,a
2015-12-23,43,0.77,5.1,a
2015-12-24,43,0.766,4.8,a
2015-12-25,42,0.726,4.5,a
2015-12-26,42,0.72,4.2,a
2015-12-27,41,0.69,3.7,a
2015-12-28,41,0.674,3.4,a
2015-12-29,41,0.69,3.5,a
2015-12-30,42,0.716,4.3,a
2015-12-31,41,0.663,3.3,a
2016-01-01,40,0.644,2.8,a
2016-01-02,41,0.679,2.4,a
2016-01-03,42,0.724,2.2,a
2016-01-04,43,0.747,2.1,a
2016-01-05,43,0.777,2.3,a
2016-01-06,44,0.84,3.1,a
2016-01-07,44,0.824,3.8,a
2016-01-08,44,0.831,3.7,a
2016-01-09,52,1.354,4.1,a
2016-01-10,113,9.574,5.1,a
2016-01-11,104,8.306,6.2,a
2016-01-12,134,13.656,6.4,a
2016-01-13,88,5.486,5.6,a
2016-01-14,73,3.5,4.8,a
2016-01-15,71,3.18,5,a
2016-01-16,66,2.702,4.6,a
2016-01-17,62,2.213,3.5,a
2016-01-18,58,1.895,2.7,a
2016-01-19,56,1.641,2.1,a
2016-01-20,55,1.553,2.2,a
2016-01-21,53,1.458,2.3,a
2016-01-22,52,1.356,2.7,a
2016-01-23,51,1.244,2.1,a
2016-01-24,50,1.203,2,a
2016-01-25,51,1.253,3.5,a
2016-01-26,51,1.268,3.9,a
2016-01-27,51,1.238,4.2,a
2016-01-28,51,1.277,5.3,a
2016-01-29,51,1.238,5.4,a
2016-01-30,50,1.214,5.3,a
2016-01-31,53,1.447,6.4,a
2016-02-01,54,1.495,6.9,a
2016-02-02,52,1.34,6.9,a
2016-02-03,63,2.64,7.5,a
2016-02-04,97,6.984,6,a
2016-02-05,71,3.195,5.3,a
2016-02-06,64,2.407,5.2,a
2016-02-07,62,2.245,6.2,a
2016-02-08,65,2.599,7.1,a
2016-02-09,72,3.381,7.6,a
2016-02-10,169,21.561,7.3,a
2016-02-11,129,12.482,6.4,a
2016-02-12,97,6.834,5.5,a
2016-02-13,99,7.101,5.4,a
2016-02-14,129,12.899,6,a
2016-02-15,158,18.681,6.5,a
2016-02-16,158,18.862,6.3,a
2016-02-17,142,15.232,6.2,a
2016-02-18,142,15.247,6.4,a
2016-02-19,155,18.079,6.9,a
2016-02-20,139,14.62,7,a
2016-02-21,122,11.196,6.7,a
2016-02-22,101,7.469,7.4,a
2016-02-23,93,6.141,8.2,a
2016-02-24,89,5.584,7.9,a
2016-02-25,83,4.694,6.8,a
2016-02-26,79,4.25,6.6,a
2016-02-27,75,3.74,5.9,a
2016-02-28,75,3.716,6.3,a
2016-02-29,102,7.797,7.2,a
2016-03-01,102,7.649,7.7,a
2016-03-02,92,6.011,7.2,a
2016-03-03,107,8.577,7.1,a
2016-03-04,102,7.694,7.2,a
2016-03-05,90,5.774,6.7,a
2016-03-06,109,8.804,7.5,a
2016-03-07,157,18.608,7.1,a
2016-03-08,133,13.28,7.2,a
2016-03-09,110,8.977,7.2,a
2016-03-10,98,7.002,7.7,a
2016-03-11,89,5.652,8,a
2016-03-12,83,4.752,8.1,a
2016-03-13,79,4.152,7.5,a
2016-03-14,75,3.694,7.6,a
2016-03-15,72,3.346,6.6,a
2016-03-16,70,3.095,6.2,a
2016-03-17,69,2.981,7.4,a
2016-03-18,68,2.841,7.4,a
2016-03-19,67,2.732,7.9,a
2016-03-20,66,2.611,8.5,a
2016-03-21,64,2.479,8.4,a
2016-03-22,64,2.44,9,a
2016-03-23,60,2.031,8,a
2016-03-24,58,1.832,7.4,a
2016-03-25,56,1.698,7.7,a
2016-03-26,56,1.658,8.5,a
2016-03-27,55,1.591,8.4,a
2016-03-28,55,1.591,8.4,a
2016-03-29,54,1.539,9.3,a
2016-03-30,54,1.471,9.6,a
2016-03-31,53,1.427,10.8,a
2016-04-01,53,1.421,11.8,a
2016-04-02,52,1.346,11.8,a
2016-04-03,52,1.318,11.1,a
2016-04-04,51,1.287,11.8,a
2016-04-05,51,1.271,12.2,a
2016-04-06,50,1.229,12.4,a
2016-04-07,50,1.202,13.2,a
2016-04-08,51,1.239,12.7,a
2016-04-09,54,1.543,11.7,a
2016-04-10,53,1.431,11.9,a
2016-04-11,51,1.265,12.7,a
2016-04-12,50,1.193,12.9,a
2016-04-13,49,1.135,13.2,a
2016-04-14,80,4.9,12.4,a
2016-04-15,70,3.091,12.1,a
2016-04-16,60,2.038,12.9,a
2016-04-17,57,1.742,13.5,a
2016-04-18,55,1.627,13.4,a
2016-04-19,54,1.508,12.5,a
2016-04-20,53,1.424,11.7,a
2016-04-21,52,1.349,12,a
2016-04-22,52,1.349,12.7,a
2016-04-23,51,1.308,12.5,a
2016-04-24,52,1.321,11.8,a
2016-04-25,51,1.265,10.3,a
2016-04-26,50,1.214,9.5,a
2016-04-27,55,1.585,9,a
2016-04-28,67,2.766,6.3,a
2016-04-29,79,4.199,8.6,a
2016-04-30,74,3.656,10,a
2016-05-01,74,3.703,10.8,a
2016-05-02,103,7.841,10.5,a
2016-05-03,85,5.091,11.3,a
2016-05-04,72,3.38,11.7,a
2016-05-05,67,2.741,12.4,a
2016-05-06,64,2.406,12.9,a
2016-05-07,61,2.155,13.3,a
2016-05-08,66,2.729,12.9,a
2016-05-09,65,2.584,12.5,a
2016-05-10,58,1.878,12.8,a
2016-05-11,58,1.814,12.5,a
2016-05-12,86,5.572,12.5,a
2016-05-13,90,5.723,12.3,a
2016-05-14,96,6.864,12.4,a
2016-05-15,179,23.459,11.7,a
2016-05-16,121,11.211,11.4,a
2016-05-17,90,5.751,11.4,a
2016-05-18,79,4.139,11.7,a
2016-05-19,74,3.571,11.4,a
2016-05-20,70,3.091,12.3,a
2016-05-21,66,2.62,13.2,a
2016-05-22,63,2.372,14.5,a
2016-05-23,62,2.192,14.7,a
2016-05-24,63,2.323,13.6,a
2016-05-25,60,2.009,13.9,a
2016-05-26,58,1.828,15.5,a
2016-05-27,57,1.807,16.1,a
2016-05-28,55,1.623,16.5,a
2016-05-29,54,1.495,16.6,a
2016-05-30,57,1.789,15.8,a
2016-05-31,57,1.783,15.2,a
2016-06-01,59,1.923,14.7,a
2016-06-02,59,1.928,15,a
2016-06-03,55,1.649,15.7,a
2016-06-04,57,1.736,16,a
2016-06-05,53,1.398,16.5,a
2016-06-06,52,1.33,16.5,a
2016-06-07,53,1.479,16.5,a
2016-06-08,80,5.468,16.5,a
2016-06-09,104,8.254,15.5,a
2016-06-10,108,8.635,14.6,a
2016-06-11,86,5.143,14.8,a
2016-06-12,102,7.665,14.8,a
2016-06-13,90,5.808,14.9,a
2016-06-14,77,4.002,15,a
2016-06-15,192,26.545,14.7,a
2016-06-16,142,15.201,14.5,a
2016-06-17,100,7.421,15.6,a
2016-06-18,80,4.35,15.4,a
2016-06-19,73,3.422,14.6,a
2016-06-20,76,3.779,14.5,a
2016-06-21,70,3.059,15.4,a
2016-06-22,65,2.594,16.7,a
2016-06-23,62,2.284,17.6,a
2016-06-24,60,2.085,18.4,a
2016-06-25,59,1.968,18.6,a
2016-06-26,75,3.972,17.9,a
2016-06-27,75,3.727,17.6,a
2016-06-28,64,2.458,16.5,a
2016-06-29,59,1.938,17.4,a
2016-06-30,56,1.713,17.9,a
2016-07-01,55,1.574,18.4,a
2016-07-02,54,1.471,18.8,a
2016-07-03,68,2.953,17.9,a
2016-07-04,62,2.259,17.3,a
2016-07-05,57,1.869,17.6,a
2016-07-06,110,9.207,17.8,a
2016-07-07,68,2.851,18,a
2016-07-08,60,2.062,17.6,a
2016-07-09,57,1.799,18.1,a
2016-07-10,55,1.623,18.7,a
2016-07-11,54,1.475,19.4,a
2016-07-12,52,1.346,19.6,a
2016-07-13,53,1.425,19.4,a
2016-07-14,68,2.983,18,a
2016-07-15,57,1.747,16.5,a
2016-07-16,53,1.405,15.2,a
2016-07-17,52,1.321,15.3,a
2016-07-18,52,1.341,16.7,a
2016-07-19,57,1.795,17.6,a
2016-07-20,51,1.263,18.4,a
2016-07-21,49,1.136,18.9,a
2016-07-22,50,1.191,19.3,a
2016-07-23,50,1.182,19.6,a
2016-07-24,48,1.046,19.3,a
2016-07-25,47,0.987,19.6,a
2016-07-26,47,0.97,19.2,a
2016-07-27,46,0.959,19.2,a
2016-07-28,50,1.188,18.7,a
2016-07-29,51,1.255,19.1,a
2016-07-30,47,0.996,19.5,a
2016-07-31,46,0.939,19.7,a
2016-08-01,59,2.113,18.7,a
2016-08-02,56,1.717,18.4,a
2016-08-03,49,1.139,18.2,a
2016-08-04,47,0.985,18.6,a
2016-08-05,46,0.927,18.8,a
2016-08-06,49,1.126,18.2,a
2016-08-07,46,0.915,17.7,a
2016-08-08,44,0.833,17.4,a
2016-08-09,44,0.804,17.5,a
2016-08-10,52,1.508,16.9,a
2016-08-11,54,1.483,15.8,a
2016-08-12,47,1.009,14.9,a
2016-08-13,45,0.902,15.8,a
2016-08-14,45,0.857,16.6,a
2016-08-15,49,1.371,17.8,a
2016-08-16,79,4.371,19.3,a
2016-08-17,55,1.594,18.8,a
2016-08-18,57,1.781,17.7,a
2016-08-19,61,2.357,18,a
2016-08-20,68,2.931,17.5,a
2016-08-21,87,5.561,18.1,a
2016-08-22,96,6.794,16.5,a
2016-08-23,65,2.542,16,a
2016-08-24,56,1.708,16.6,a
2016-08-25,53,1.422,17,a
2016-08-26,51,1.247,17,a
2016-08-27,49,1.13,17.1,a
2016-08-28,48,1.071,17.5,a
2016-08-29,47,1.014,17.9,a
2016-08-30,47,1.022,18.2,a
2016-08-31,46,0.924,17.7,a
2016-09-01,46,0.937,17.2,a
2016-09-02,47,1.004,17.7,a
2016-09-03,45,0.878,17.5,a
2016-09-04,44,0.84,17.6,a
2016-09-05,46,0.915,17.5,a
2016-09-06,45,0.868,16.3,a
2016-09-07,44,0.817,16.1,a
2016-09-08,43,0.77,16.6,a
2016-09-09,43,0.745,16.7,a
2016-09-10,42,0.72,16.9,a
2016-09-11,42,0.72,17.1,a
2016-09-12,42,0.718,17.1,a
2016-09-13,42,0.696,17.2,a
2016-09-14,41,0.672,16.9,a
2016-09-15,41,0.672,16.9,a
2016-09-16,43,0.769,16.5,a
2016-09-17,59,1.952,16.9,a
2016-09-18,48,1.097,16.8,a
2016-09-19,46,0.934,16.2,a
2016-09-20,43,0.793,15.7,a
2016-09-21,45,0.867,15,a
2016-09-22,43,0.77,13.5,a
2016-09-23,42,0.726,13.3,a
2016-09-24,42,0.716,13.7,a
2016-09-25,41,0.694,13.5,a
2016-09-26,41,0.672,13.4,a
2016-09-27,41,0.674,13.7,a
2016-09-28,41,0.676,13.2,a
2016-09-29,40,0.635,13.4,a
2016-09-30,40,0.627,13.8,a
2016-10-01,40,0.633,14.2,a
2016-10-02,42,0.734,13.8,a
2016-10-03,49,1.155,13.8,a
2016-10-04,46,0.927,12.6,a
2016-10-05,43,0.767,11.6,a
2016-10-06,42,0.706,10.2,a
2016-10-07,41,0.692,10.2,a
2016-10-08,41,0.672,10.5,a
2016-10-09,41,0.672,10.8,a
2016-10-10,41,0.682,10,a
2016-10-11,42,0.718,9.7,a
2016-10-12,41,0.651,9.2,a
2016-10-13,40,0.627,8.6,a
2016-10-14,40,0.642,9.7,a
2016-10-15,45,0.921,10.9,a
2016-10-16,45,0.886,11.9,a
2016-10-17,43,0.751,11.9,a
2016-10-18,42,0.718,12.1,a
2016-10-19,43,0.753,11.6,a
2016-10-20,70,3.426,10.9,a
2016-10-21,88,5.445,10.5,a
2016-10-22,63,2.361,9.8,a
2016-10-23,53,1.46,9.8,a
2016-10-24,50,1.185,10.9,a
2016-10-25,49,1.123,12,a
2016-10-26,129,12.937,12.3,a
2016-10-27,74,3.631,11.7,a
2016-10-28,60,2.052,10.3,a
2016-10-29,55,1.613,9.7,a
2016-10-30,53,1.401,9.5,a
2016-10-31,51,1.253,10,a
2016-11-01,49,1.161,9,a
2016-11-02,49,1.115,9.2,a
2016-11-03,48,1.062,9.4,a
2016-11-04,47,1,7.9,a
2016-11-05,48,1.054,7.8,a
2016-11-06,149,17.474,10.4,a
2016-11-07,203,28.654,9.7,a
2016-11-08,137,14.103,9,a
2016-11-09,125,11.777,8.6,a
2016-11-10,123,11.262,8.4,a
2016-11-11,87,5.327,8.1,a
2016-11-12,116,10.052,8.3,a
2016-11-13,92,6.084,7.3,a
2016-11-14,75,3.648,7.1,a
2016-11-15,68,2.925,6,a
2016-11-16,67,2.77,6.3,a
2016-11-17,69,2.929,7.4,a
2016-11-18,68,2.892,8.6,a
2016-11-19,138,16.04,9.4,a
2016-11-20,156,18.251,9.3,a
2016-11-21,114,9.744,9.6,a
2016-11-22,88,5.414,10.3,a
2016-11-23,78,4.085,10.3,a
2016-11-24,73,3.486,10.6,a
2016-11-25,70,3.1,11,a
2016-11-26,68,2.833,10.5,a
2016-11-27,65,2.571,10.2,a
2016-11-28,63,2.338,8.9,a
2016-11-29,60,2.021,5.9,a
2016-11-30,58,1.855,4.5,a
2016-12-01,58,1.821,4.3,a
2016-12-02,57,1.76,4.5,a
2016-12-03,56,1.648,5,a
2016-12-04,54,1.543,4.5,a
2016-12-05,54,1.488,5,a
2016-12-06,53,1.427,4,a
2016-12-07,52,1.349,3.7,a
2016-12-08,51,1.28,3.4,a
2016-12-09,51,1.274,3.3,a
2016-12-10,51,1.259,3.3,a
2016-12-11,50,1.202,3.4,a
2016-12-12,50,1.202,4.2,a
2016-12-13,49,1.158,4.2,a
2016-12-14,49,1.132,4.1,a
2016-12-15,49,1.132,4.2,a
2016-12-16,48,1.065,5.1,a
2016-12-17,48,1.065,3.9,a
2016-12-18,48,1.065,2.8,a
2016-12-19,48,1.033,3.1,a
2016-12-20,47,1,3.9,a
2016-12-21,47,1,3.7,a
2016-12-22,47,0.995,3.4,a
2016-12-23,46,0.944,3.3,a
2016-12-24,46,0.939,2.8,a
2016-12-25,46,0.939,3.1,a
2016-12-26,46,0.939,3.4,a
2016-12-27,46,0.939,3.7,a
2016-12-28,46,0.922,4.1,a
2016-12-29,46,0.912,4.1,a
2016-12-30,45,0.88,2.4,a
2016-12-31,44,0.847,1.6,a
2017-01-01,44,0.823,1.2,a
2017-01-02,44,0.846,1.4,a
2017-01-03,45,0.868,2.9,a
2017-01-04,44,0.831,2.3,a
2017-01-05,44,0.824,2,a
2017-01-06,42,0.717,0.9,a
2017-01-07,40,0.653,0.5,a
2017-01-08,42,0.735,0.9,a
2017-01-09,41,0.693,0.9,a
2017-01-10,42,0.722,1.1,a
2017-01-11,40,0.642,0.5,a
2017-01-12,42,0.698,1,a
2017-01-13,75,4.559,1.3,a
2017-01-14,67,2.901,2.5,a
2017-01-15,52,1.366,2.5,a
2017-01-16,49,1.107,2.1,a
2017-01-17,47,0.998,2.1,a
2017-01-18,46,0.939,2.2,a
2017-01-19,45,0.885,2.3,a
2017-01-20,44,0.838,1.4,a
2017-01-21,43,0.792,1,a
2017-01-22,43,0.789,0.9,a
2017-01-23,43,0.77,1.3,a
2017-01-24,43,0.762,1.3,a
2017-01-25,43,0.766,1.7,a
2017-01-26,43,0.768,2.3,a
2017-01-27,43,0.76,2.6,a
2017-01-28,42,0.729,1.6,a
2017-01-29,42,0.72,1.5,a
2017-01-30,42,0.72,1.9,a
2017-01-31,42,0.735,2.3,a
2017-02-01,91,6.689,2.7,a
2017-02-02,95,6.603,3.7,a
2017-02-03,90,5.743,4.2,a
2017-02-04,106,8.235,4.7,a
2017-02-05,119,10.748,4.8,a
2017-02-06,131,12.996,5,a
2017-02-07,105,8.178,5.1,a
2017-02-08,84,4.837,5.1,a
2017-02-09,73,3.46,4.3,a
2017-02-10,67,2.801,4.3,a
2017-02-11,64,2.432,4.6,a
2017-02-12,62,2.196,4.8,a
2017-02-13,60,2.009,4.9,a
2017-02-14,58,1.833,4.7,a
2017-02-15,56,1.702,4.1,a
2017-02-16,55,1.619,4.2,a
2017-02-17,56,1.644,4.6,a
2017-02-18,56,1.691,5.9,a
2017-02-19,55,1.605,6.1,a
2017-02-20,54,1.518,5.4,a
2017-02-21,53,1.427,5.4,a
2017-02-22,53,1.408,5.8,a
2017-02-23,52,1.349,6.7,a
2017-02-24,61,2.394,7.2,a
2017-02-25,103,7.785,5.8,a
2017-02-26,77,3.968,5.5,a
2017-02-27,68,2.922,6,a
2017-02-28,65,2.527,6.8,a
2017-03-01,92,6.27,6.7,a
2017-03-02,84,4.921,6.2,a
2017-03-03,73,3.479,7.1,a
2017-03-04,70,3.058,7.8,a
2017-03-05,88,5.502,7.7,a
2017-03-06,78,4.008,7.7,a
2017-03-07,74,3.609,7.8,a
2017-03-08,68,2.875,7.5,a
2017-03-09,65,2.501,7.6,a
2017-03-10,63,2.305,7.7,a
2017-03-11,60,1.974,7.1,a
2017-03-12,59,1.833,7,a
2017-03-13,57,1.699,7.2,a
2017-03-14,56,1.531,7.3,a
2017-03-15,55,1.452,8,a
2017-03-16,54,1.396,8.2,a
2017-03-17,53,1.346,8.7,a
2017-03-18,53,1.316,8.8,a
2017-03-19,52,1.245,8.9,a
2017-03-20,52,1.236,10.2,a
2017-03-21,51,1.166,10.7,a
2017-03-22,51,1.146,10.4,a
2017-03-23,50,1.096,10.8,a
2017-03-24,49,1.04,11,a
2017-03-25,49,1.029,11.2,a
2017-03-26,48,0.992,9.3,a
2017-03-27,48,0.974,8.4,a
2017-03-28,48,0.964,8.9,a
2017-03-29,47,0.931,10.1,a
2017-03-30,47,0.921,11.2,a
2017-03-31,47,0.906,11.8,a
2017-04-01,47,0.899,11.8,a
2017-04-02,46,0.869,12,a
2017-04-03,46,0.852,12,a
2017-04-04,48,1.007,11.8,a
2017-04-05,52,1.252,12.1,a
2017-04-06,48,0.982,12.2,a
2017-04-07,47,0.897,11.4,a
2017-04-08,46,0.85,12.3,a
2017-04-09,46,0.841,13.3,a
2017-04-10,46,0.825,13.6,a
2017-04-11,45,0.821,13,a
2017-04-12,47,0.89,12.3,a
2017-04-13,46,0.865,12.6,a
2017-04-14,47,0.892,13.8,a
2017-04-15,52,1.251,13.3,a
2017-04-16,51,1.157,12.7,a
2017-04-17,58,1.775,11.5,a
2017-04-18,54,1.386,10.2,a
2017-04-19,53,1.283,8.7,a
2017-04-20,49,1.044,8.4,a
2017-04-21,48,0.959,8.7,a
2017-04-22,47,0.924,9.6,a
2017-04-23,48,0.995,9.9,a
2017-04-24,48,0.949,10.1,a
2017-04-25,47,0.906,11.1,a
2017-04-26,47,0.909,11.3,a
2017-04-27,100,8.704,11,a
2017-04-28,248,39.315,10.3,a
2017-04-29,161,19.42,10,a
2017-04-30,123,11.292,10.2,a
2017-05-01,112,9.284,11.1,a
2017-05-02,104,7.96,11.5,a
2017-05-03,74,3.61,11.5,a
2017-05-04,65,2.465,11.4,a
2017-05-05,62,2.186,11.3,a
2017-05-06,60,1.948,11.5,a
2017-05-07,64,2.401,12.4,a
2017-05-08,60,1.914,12.8,a
2017-05-09,61,2.047,12.6,a
2017-05-10,61,2.092,11.5,a
2017-05-11,57,1.703,11.8,a
2017-05-12,58,1.777,13.2,a
2017-05-13,56,1.547,14,a
2017-05-14,54,1.404,14.5,a
2017-05-15,53,1.323,14.3,a
2017-05-16,52,1.236,14.5,a
2017-05-17,51,1.163,15,a
2017-05-18,50,1.108,14.8,a
2017-05-19,50,1.076,15.4,a
2017-05-20,52,1.321,14.5,a
2017-05-21,53,1.345,14.4,a
2017-05-22,50,1.076,15.2,a
2017-05-23,50,1.119,16,a
2017-05-24,50,1.065,15.8,a
2017-05-25,49,1.003,15.6,a
2017-05-26,48,0.941,15.2,a
2017-05-27,47,0.89,15.6,a
2017-05-28,46,0.848,16.3,a
2017-05-29,46,0.825,16.8,a
2017-05-30,45,0.816,17.5,a
2017-05-31,45,0.792,18,a
2017-06-01,45,0.773,18.4,a
2017-06-02,45,0.788,18.4,a
2017-06-03,44,0.75,18.2,a
2017-06-04,44,0.742,17.9,a
2017-06-05,43,0.709,17.4,a
2017-06-06,45,0.791,16.8,a
2017-06-07,53,1.318,15.6,a
2017-06-08,47,0.933,15.3,a
2017-06-09,45,0.784,15.8,a
2017-06-10,44,0.736,16.5,a
2017-06-11,43,0.699,17.2,a
2017-06-12,42,0.673,17.6,a
2017-06-13,42,0.671,18.5,a
2017-06-14,42,0.654,18.1,a
2017-06-15,42,0.649,17.7,a
2017-06-16,43,0.684,18,a
2017-06-17,43,0.722,17.6,a
2017-06-18,41,0.632,17.1,a
2017-06-19,41,0.594,17.4,a
2017-06-20,40,0.584,18.1,a
2017-06-21,40,0.568,19,a
2017-06-22,40,0.564,18.9,a
2017-06-23,39,0.539,19.7,a
2017-06-24,39,0.545,19.9,a
2017-06-25,44,0.819,19.3,a
2017-06-26,51,1.187,19.4,a
2017-06-27,43,0.71,19.1,a
2017-06-28,56,1.887,18.1,a
2017-06-29,118,10.73,17,a
2017-06-30,71,3.289,16.6,a
2017-07-01,110,9.144,16.1,a
2017-07-02,67,2.689,16,a
2017-07-03,57,1.627,16.5,a
2017-07-04,52,1.247,17.2,a
2017-07-05,50,1.066,17.9,a
2017-07-06,48,0.949,18.7,a
2017-07-07,47,0.885,18.9,a
2017-07-08,46,0.837,18.8,a
2017-07-09,45,0.784,19.4,a
2017-07-10,44,0.736,20.1,a
2017-07-11,46,1.03,19.7,a
2017-07-12,80,4.697,19.6,a
2017-07-13,57,1.64,19,a
2017-07-14,55,1.473,17,a
2017-07-15,50,1.067,16.6,a
2017-07-16,46,0.869,16,a
2017-07-17,45,0.801,16.2,a
2017-07-18,44,0.754,17.1,a
2017-07-19,43,0.713,17.8,a
2017-07-20,43,0.686,18.2,a
2017-07-21,42,0.654,18.8,a
2017-07-22,42,0.644,19.4,a
2017-07-23,41,0.615,19.4,a
2017-07-24,48,1.117,18.9,a
2017-07-25,52,1.254,17.8,a
2017-07-26,49,1.012,16.8,a
2017-07-27,45,0.774,16.9,a
2017-07-28,43,0.688,17.6,a
2017-07-29,42,0.642,18.3,a
2017-07-30,41,0.622,18.7,a
2017-07-31,41,0.603,19.2,a
2017-08-01,40,0.565,19.6,a
2017-08-02,42,0.832,20.2,a
2017-08-03,62,2.345,20.5,a
2017-08-04,46,0.846,21.2,a
2017-08-05,43,0.674,20.2,a
2017-08-06,41,0.613,20,a
2017-08-07,68,2.825,19.2,a
2017-08-08,52,1.239,18,a
2017-08-09,46,0.85,18.7,a
2017-08-10,43,0.723,19.3,a
2017-08-11,46,0.867,19.2,a
2017-08-12,43,0.698,17.7,a
2017-08-13,41,0.618,16.9,a
2017-08-14,40,0.576,17.5,a
2017-08-15,39,0.549,17.7,a
2017-08-16,39,0.539,17.9,a
2017-08-17,39,0.532,18.3,a
2017-08-18,38,0.509,18.5,a
2017-08-19,38,0.507,18.2,a
2017-08-20,49,1.053,17.4,a
2017-08-21,42,0.676,16.7,a
2017-08-22,39,0.549,15.7,a
2017-08-23,38,0.52,15.5,a
2017-08-24,38,0.505,16.1,a
2017-08-25,37,0.487,17,a
2017-08-26,37,0.476,17.6,a
2017-08-27,37,0.476,18.1,a
2017-08-28,46,1.144,17.5,a
2017-08-29,56,1.642,19.4,a
2017-08-30,43,0.698,18.1,a
2017-08-31,40,0.583,17.7,a
2017-09-01,43,0.754,17.4,a
2017-09-02,54,1.363,17.2,a
2017-09-03,62,2.181,16.5,a
2017-09-04,48,0.953,15.4,a
2017-09-05,43,0.721,15.3,a
2017-09-06,42,0.64,15.4,a
2017-09-07,56,1.789,15.7,a
2017-09-08,55,1.499,15.5,a
2017-09-09,48,0.959,15.1,a
2017-09-10,74,3.955,15.5,a
2017-09-11,112,9.616,15.4,a
2017-09-12,119,10.68,14.8,a
2017-09-13,114,9.901,13.7,a
2017-09-14,74,3.622,13.7,a
2017-09-15,179,23.512,13,a
2017-09-16,236,36.066,12.8,a
2017-09-17,192,26.303,13.2,a
2017-09-18,149,16.679,13,a
2017-09-19,188,25.377,12.5,a
2017-09-20,187,25.25,12.1,a
2017-09-21,144,15.656,12.1,a
2017-09-22,127,12.158,12.3,a
2017-09-23,117,10.236,12.6,a
2017-09-24,109,8.802,12.9,a
2017-09-25,75,3.791,12.8,a
2017-09-26,66,2.652,12.8,a
2017-09-27,63,2.359,13,a
2017-09-28,60,2.09,12.9,a
2017-09-29,58,1.882,12.5,a
2017-09-30,57,1.727,12.1,a
2017-10-01,55,1.599,11.8,a
2017-10-02,54,1.484,11.1,a
2017-10-03,53,1.465,11.4,a
2017-10-04,54,1.468,12.2,a
2017-10-05,52,1.352,12.6,a
2017-10-06,52,1.372,12.9,a
2017-10-07,51,1.274,11.3,a
2017-10-08,50,1.199,11,a
2017-10-09,49,1.138,11.4,a
2017-10-10,52,1.369,12.2,a
2017-10-11,51,1.3,12.3,a
2017-10-12,49,1.147,12,a
2017-10-13,48,1.065,12.1,a
2017-10-14,47,1.011,12.2,a
2017-10-15,47,1,12.2,a
2017-10-16,47,1,12.1,a
2017-10-17,47,1,12,a
2017-10-18,46,0.954,12.2,a
2017-10-19,46,0.957,11.6,a
2017-10-20,46,0.929,11.3,a
2017-10-21,46,0.917,11.1,a
2017-10-22,57,2.028,11.2,a
2017-10-23,91,6.06,11,a
2017-10-24,61,2.118,10.5,a
2017-10-25,54,1.486,9.9,a
2017-10-26,51,1.287,9.8,a
2017-10-27,50,1.202,10.1,a
2017-10-28,50,1.17,9.3,a
2017-10-29,49,1.132,9.3,a
2017-10-30,48,1.065,8.9,a
2017-10-31,47,1.003,7.7,a
2017-11-01,46,0.952,7.4,a
2017-11-02,46,0.952,8.1,a
2017-11-03,46,0.939,9.2,a
2017-11-04,45,0.882,9.7,a
2017-11-05,46,0.917,10.8,a
2017-11-06,53,1.471,10.3,a
2017-11-07,99,7.378,9.3,a
2017-11-08,103,7.95,9.4,a
2017-11-09,77,3.988,9.6,a
2017-11-10,66,2.707,9.7,a
2017-11-11,62,2.23,9,a
2017-11-12,59,1.937,9,a
2017-11-13,134,14.17,8.5,a
2017-11-14,111,9.266,8.1,a
2017-11-15,80,4.327,7.4,a
2017-11-16,71,3.217,7.9,a
2017-11-17,66,2.661,8.1,a
2017-11-18,63,2.313,8,a
2017-11-19,60,2.081,7,a
2017-11-20,58,1.856,6.1,a
2017-11-21,56,1.68,5.9,a
2017-11-22,54,1.546,7.3,a
2017-11-23,53,1.434,7.4,a
2017-11-24,52,1.352,6.9,a
2017-11-25,52,1.338,7.4,a
2017-11-26,172,22.084,7.5,a
2017-11-27,119,10.561,6.3,a
2017-11-28,95,6.518,5.6,a
2017-11-29,101,7.755,6.1,a
2017-11-30,134,13.551,6.1,a
2017-12-01,106,8.258,6.3,a
2017-12-02,91,5.938,6.1,a
2017-12-03,83,4.76,5.4,a
2017-12-04,76,3.789,4.3,a
2017-12-05,70,3.139,4.1,a
2017-12-06,67,2.764,4.2,a
2017-12-07,65,2.549,4.4,a
2017-12-08,79,4.772,6,a
2017-12-09,168,21.05,5.8,a
2017-12-10,118,10.43,5,a
2017-12-11,169,21.44,6,a
2017-12-12,164,20.197,7.9,a
2017-12-13,149,16.765,7.1,a
2017-12-14,134,13.463,7,a
2017-12-15,153,17.781,7.6,a
2017-12-16,173,22.063,7.1,a
2017-12-17,132,13.151,6.4,a
2017-12-18,116,10.085,5.9,a
2017-12-19,107,8.378,5.4,a
2017-12-20,100,7.334,5.1,a
2017-12-21,96,6.564,5.1,a
2017-12-22,91,5.946,5.3,a
2017-12-23,76,3.837,4.8,a
2017-12-24,69,3.023,4.5,a
2017-12-25,67,2.759,4.4,a
2017-12-26,66,2.655,5.5,a
2017-12-27,74,3.939,6.5,a
2017-12-28,158,18.822,6.5,a
2017-12-29,117,10.237,6.1,a
2017-12-30,98,7.032,6.1,a
2017-12-31,84,4.926,5.6,a
2018-01-01,90,5.894,6.6,a
2018-01-02,118,10.986,6.7,a
2018-01-03,96,6.962,6.9,a
2018-01-04,87,5.571,6.1,a
2018-01-05,81,4.827,6.8,a
2018-01-06,85,5.276,7.7,a
2018-01-07,80,4.6,8.1,a
2018-01-08,76,4.058,7.9,a
2018-01-09,86,5.96,7.9,a
2018-01-10,138,14.978,7.8,a
2018-01-11,116,10.488,7.7,a
2018-01-12,99,7.455,7.6,a
2018-01-13,84,5.188,7.2,a
2018-01-14,79,4.477,6.5,a
2018-01-15,75,3.924,5.7,a
2018-01-16,73,3.674,5.7,a
2018-01-17,71,3.488,6.4,a
2018-01-18,67,2.998,5,a
2018-01-19,81,4.946,5.9,a
2018-01-20,89,5.976,5.9,a
2018-01-21,78,4.322,5.6,a
2018-01-22,72,3.555,5,a
2018-01-23,69,3.193,5.1,a
2018-01-24,66,2.831,4.9,a
2018-01-25,64,2.696,4.9,a
2018-01-26,64,2.591,6.6,a
2018-01-27,62,2.375,6.2,a
2018-01-28,60,2.209,5.9,a
2018-01-29,59,2.096,5.6,a
2018-01-30,58,2.013,5.5,a
2018-01-31,58,1.991,5.7,a
2018-02-01,62,2.453,6.7,a
2018-02-02,114,10.402,5.3,a
2018-02-03,101,7.844,4.8,a
2018-02-04,90,6.031,5.4,a
2018-02-05,84,5.158,5.4,a
2018-02-06,81,4.758,5.4,a
2018-02-07,80,4.69,4.5,a
2018-02-08,77,4.298,5.4,a
2018-02-09,77,4.199,5.6,a
2018-02-10,78,4.359,5.6,a
2018-02-11,79,4.56,5.2,a
2018-02-12,77,4.276,4.3,a
2018-02-13,74,3.865,4.7,a
2018-02-14,72,3.555,4.5,a
2018-02-15,69,3.228,3.5,a
2018-02-16,67,3.032,3.6,a
2018-02-17,67,3.027,4.9,a
2018-02-18,79,4.512,5.2,a
2018-02-19,81,4.823,4.8,a
2018-02-20,77,4.221,4.9,a
2018-02-21,74,3.817,4.9,a
2018-02-22,72,3.596,4.5,a
2018-02-23,70,3.41,4.5,a
2018-02-24,69,3.192,4.6,a
2018-02-25,66,2.924,2.8,a
2018-02-26,64,2.653,1.4,a
2018-02-27,64,2.605,1.7,a
2018-02-28,60,2.252,1.5,a
2018-03-01,58,2.019,1.6,a
2018-03-02,59,2.074,2.4,a
2018-03-03,58,2.026,2.9,a
2018-03-04,57,1.894,3.9,a
2018-03-05,57,1.891,4.2,a
2018-03-06,58,2.03,3.4,a
2018-03-07,59,2.15,4.9,a
2018-03-08,76,4.238,5.3,a
2018-03-09,99,7.677,5.2,a
2018-03-10,122,11.699,5.9,a
2018-03-11,128,12.816,6.2,a
2018-03-12,139,15.211,6.9,a
2018-03-13,128,12.77,7.2,a
2018-03-14,112,9.737,7.8,a
2018-03-15,94,6.673,8,a
2018-03-16,97,7.173,7.9,a
2018-03-17,112,10.025,7.3,a
2018-03-18,123,11.951,6.8,a
2018-03-19,100,7.603,5.5,a
2018-03-20,88,5.84,5.2,a
2018-03-21,81,4.72,5.3,a
2018-03-22,76,4.052,5.2,a
2018-03-23,73,3.753,5.2,a
2018-03-24,70,3.401,6,a
2018-03-25,67,3.018,6.2,a
2018-03-26,65,2.754,6.2,a
2018-03-27,63,2.567,7.5,a
2018-03-28,62,2.408,8,a
2018-03-29,64,2.661,8.4,a
2018-03-30,146,17.011,8.4,a
2018-03-31,115,10.244,8.6,a
2018-04-01,101,7.913,8.9,a
2018-04-02,86,5.507,8.7,a
2018-04-03,79,4.5,9.5,a
2018-04-04,75,3.929,9.3,a
2018-04-05,76,4.088,9.9,a
2018-04-06,75,3.982,10.4,a
2018-04-07,69,3.263,10,a
2018-04-08,67,2.973,10.6,a
2018-04-09,65,2.807,10.7,a
2018-04-10,67,2.964,11.1,a
2018-04-11,65,2.768,11.9,a
2018-04-12,84,5.556,11.6,a
2018-04-13,103,8.275,11.4,a
2018-04-14,81,4.781,11.2,a
2018-04-15,75,3.972,11.8,a
2018-04-16,81,4.87,12.4,a
2018-04-17,127,12.694,12,a
2018-04-18,99,7.508,12.3,a
2018-04-19,82,4.871,12.3,a
2018-04-20,75,4.01,12.8,a
2018-04-21,71,3.442,13.4,a
2018-04-22,67,3.028,13.7,a
2018-04-23,65,2.706,13.7,a
2018-04-24,62,2.441,13.9,a
2018-04-25,60,2.242,14.1,a
2018-04-26,59,2.096,13.9,a
2018-04-27,58,2.005,13.7,a
2018-04-28,57,1.849,13.7,a
2018-04-29,55,1.729,14.2,a
2018-04-30,55,1.67,14.6,a
2018-05-01,53,1.524,13.6,a
2018-05-02,53,1.506,14.1,a
2018-05-03,54,1.625,15,a
2018-05-04,56,1.818,14.8,a
2018-05-05,61,2.323,14.6,a
2018-05-06,54,1.573,15.1,a
2018-05-07,52,1.4,15.4,a
2018-05-08,51,1.31,15.1,a
2018-05-09,50,1.261,14.9,a
2018-05-10,49,1.219,15.1,a
2018-05-11,49,1.194,14.7,a
2018-05-12,49,1.214,14.8,a
2018-05-13,50,1.267,15.5,a
2018-05-14,51,1.351,15.1,a
2018-05-15,94,6.798,13.9,a
2018-05-16,66,2.859,13.3,a
2018-05-17,56,1.832,13.8,a
2018-05-18,54,1.591,14.2,a
2018-05-19,55,1.752,14,a
2018-05-20,53,1.529,14.3,a
2018-05-21,51,1.34,14.9,a
2018-05-22,50,1.284,14.7,a
2018-05-23,50,1.238,15,a
2018-05-24,51,1.368,15.5,a
2018-05-25,53,1.484,15.8,a
2018-05-26,49,1.177,16.3,a
2018-05-27,49,1.24,16.9,a
2018-05-28,56,1.86,17.3,a
2018-05-29,56,1.838,17,a
2018-05-30,55,1.696,16.6,a
2018-05-31,50,1.278,17.5,a
2018-06-01,48,1.125,17.7,a
2018-06-02,47,1.029,17.6,a
2018-06-03,46,0.994,17.6,a
2018-06-04,45,0.94,17.9,a
2018-06-05,46,0.964,17.5,a
2018-06-06,49,1.21,18.2,a
2018-06-07,45,0.941,18.1,a
2018-06-08,45,0.941,17.5,a
2018-06-09,50,1.301,17.8,a
2018-06-10,46,1.005,18.6,a
2018-06-11,45,0.914,18.9,a
2018-06-12,44,0.861,18.8,a
2018-06-13,44,0.874,17.8,a
2018-06-14,45,0.899,17.3,a
2018-06-15,44,0.835,16.8,a
2018-06-16,43,0.779,17.1,a
2018-06-17,43,0.779,16.9,a
2018-06-18,44,0.884,17.4,a
2018-06-19,43,0.805,17.6,a
2018-06-20,43,0.8,17.8,a
2018-06-21,43,0.814,18.6,a
2018-06-22,62,2.529,17.6,a
2018-06-23,49,1.2,16.2,a
2018-06-24,45,0.907,16.2,a
2018-06-25,49,1.228,16,a
2018-06-26,47,1.041,15.6,a
2018-06-27,45,0.945,16,a
2018-06-28,44,0.889,15.9,a
2018-06-29,45,0.915,16.2,a
2018-06-30,46,1.026,17.1,a
2018-07-01,51,1.348,17.4,a
2018-07-02,46,0.961,16.9,a
2018-07-03,46,0.966,17.4,a
2018-07-04,70,3.573,17.5,a
2018-07-05,55,1.676,18.5,a
2018-07-06,49,1.179,18.2,a
2018-07-07,47,1.041,18,a
2018-07-08,44,0.889,17.3,a
2018-07-09,44,0.884,17.4,a
2018-07-10,43,0.826,17.3,a
2018-07-11,72,4.284,16.9,a
2018-07-12,138,15.28,15.9,a
2018-07-13,150,18.014,16.1,a
2018-07-14,110,9.349,16.5,a
2018-07-15,100,7.628,17.2,a
2018-07-16,80,4.758,16.8,a
2018-07-17,59,2.112,17,a
2018-07-18,53,1.504,17.4,a
2018-07-19,51,1.367,17.8,a
2018-07-20,49,1.223,18.2,a
2018-07-21,49,1.198,17.9,a
2018-07-22,54,1.638,17.9,a
2018-07-23,53,1.507,17.5,a
2018-07-24,48,1.146,17.2,a
2018-07-25,47,1.026,18.1,a
2018-07-26,51,1.356,18,a
2018-07-27,47,1.046,17.9,a
2018-07-28,45,0.951,18.5,a
2018-07-29,44,0.886,19.2,a
2018-07-30,46,0.977,19.6,a
2018-07-31,45,0.931,20.2,a
2018-08-01,43,0.793,20.1,a
2018-08-02,44,0.865,19.9,a
2018-08-03,43,0.806,19.9,a
2018-08-04,43,0.79,19.9,a
2018-08-05,42,0.766,19.8,a
2018-08-06,43,0.781,20,a
2018-08-07,41,0.692,20.2,a
2018-08-08,40,0.653,20.2,a
2018-08-09,39,0.627,20,a
2018-08-10,39,0.606,19.9,a
2018-08-11,39,0.59,19.8,a
2018-08-12,39,0.587,19.4,a
2018-08-13,38,0.565,19.1,a
2018-08-14,43,0.861,18.9,a
2018-08-15,41,0.69,18.7,a
2018-08-16,38,0.578,18.1,a
2018-08-17,37,0.525,17.9,a
2018-08-18,37,0.531,18.3,a
2018-08-19,37,0.513,18.6,a
2018-08-20,36,0.498,18.5,a
2018-08-21,36,0.485,18.7,a
2018-08-22,35,0.469,18.7,a
2018-08-23,35,0.469,18.8,a
2018-08-24,35,0.474,18.6,a
2018-08-25,50,1.458,17.9,a
2018-08-26,93,6.685,16.2,a
2018-08-27,59,2.205,15.9,a
2018-08-28,45,0.948,16,a
2018-08-29,42,0.739,16.2,a
2018-08-30,40,0.663,16.5,a
2018-08-31,44,0.886,16.8,a
2018-09-01,71,4.006,16.5,a
2018-09-02,73,3.757,16.3,a
2018-09-03,95,7.488,16.4,a
2018-09-04,77,4.338,16.2,a
2018-09-05,58,2.048,16.5,a
2018-09-06,51,1.381,16.7,a
2018-09-07,52,1.485,16.7,a
2018-09-08,62,2.51,16.5,a
2018-09-09,49,1.222,16.4,a
2018-09-10,46,0.967,16.6,a
2018-09-11,44,0.842,16.7,a
2018-09-12,42,0.757,16.6,a
2018-09-13,41,0.723,16.7,a
2018-09-14,45,1.099,16.8,a
2018-09-15,59,2.164,16.7,a
2018-09-16,49,1.217,16.5,a
2018-09-17,46,1.007,16.4,a
2018-09-18,45,0.94,16.5,a
2018-09-19,45,0.895,16.5,a
2018-09-20,45,0.896,16.7,a
2018-09-21,44,0.852,16.5,a
2018-09-22,46,0.998,15.6,a
2018-09-23,44,0.877,14,a
2018-09-24,125,13.829,14.6,a
2018-09-25,78,4.545,13.5,a
2018-09-26,50,1.298,11.8,a
2018-09-27,45,0.904,11.4,a
2018-09-28,43,0.807,12,a
2018-09-29,42,0.75,12.5,a
2018-09-30,39,0.605,11.6,a
2018-10-01,38,0.548,11,a
2018-10-02,42,0.738,11.7,a
2018-10-03,38,0.55,11.2,a
2018-10-04,37,0.517,11.4,a
2018-10-05,36,0.489,11.4,a
2018-10-06,37,0.548,12,a
2018-10-07,49,1.203,13.2,a
2018-10-08,46,0.98,13.9,a
2018-10-09,43,0.825,13.9,a
2018-10-10,42,0.73,13.6,a
2018-10-11,40,0.646,12.9,a
2018-10-12,38,0.579,12.4,a
2018-10-13,38,0.578,12.3,a
2018-10-14,38,0.582,12,a
2018-10-15,38,0.578,11.8,a
2018-10-16,40,0.652,12.2,a
2018-10-17,41,0.698,12.8,a
2018-10-18,42,0.775,13.4,a
2018-10-19,42,0.751,12.9,a
2018-10-20,42,0.726,12.2,a
2018-10-21,42,0.736,11.6,a
2018-10-22,42,0.743,10.5,a
2018-10-23,41,0.698,10.3,a
2018-10-24,41,0.7,10.6,a
2018-10-25,41,0.68,11.2,a
2018-10-26,41,0.682,10.9,a
2018-10-27,45,0.917,12,a
2018-10-28,75,5.19,12.7,a
2018-10-29,92,6.488,12.8,a
2018-10-30,136,14.904,12.6,a
2018-10-31,80,4.744,11.7,a
2018-11-01,71,3.537,11.2,a
2018-11-02,83,5.08,11.9,a
2018-11-03,126,12.538,12.4,a
2018-11-04,85,5.333,12.6,a
2018-11-05,71,3.507,12.6,a
2018-11-06,67,2.968,12.6,a
2018-11-07,64,2.701,12.8,a
2018-11-08,61,2.302,12.5,a
2018-11-09,58,2.03,12.1,a
2018-11-10,56,1.833,11.9,a
2018-11-11,55,1.689,11.9,a
2018-11-12,53,1.557,12.3,a
2018-11-13,52,1.445,11.9,a
2018-11-14,51,1.352,11.4,a
2018-11-15,50,1.286,10.5,a
2018-11-16,50,1.254,9.4,a
2018-11-17,49,1.188,8.1,a
2018-11-18,48,1.121,7,a
2018-11-19,48,1.121,6.8,a
2018-11-20,49,1.198,6.2,a
2018-11-21,49,1.194,6.8,a
2018-11-22,49,1.164,7.4,a
2018-11-23,49,1.167,7.8,a
2018-11-24,50,1.28,8.1,a
2018-11-25,84,5.177,8.6,a
2018-11-26,133,14.441,8.9,a
2018-11-27,96,7.091,8.6,a
2018-11-28,74,3.842,7.2,a
2018-11-29,65,2.774,5.6,a
2018-11-30,61,2.357,5.5,a
2018-12-01,59,2.087,5.5,a
2018-12-02,57,1.87,5.7,a
2018-12-03,56,1.784,6.8,a
2018-12-04,54,1.644,7.6,a
2018-12-05,52,1.467,7.2,a
2018-12-06,51,1.387,7,a
2018-12-07,51,1.349,6.7,a
2018-12-08,56,1.789,7.3,a
2018-12-09,54,1.633,6.6,a
2018-12-10,52,1.453,5.9,a
2018-12-11,51,1.31,5.4,a
2018-12-12,50,1.257,4.4,a
2018-12-13,49,1.194,4,a
2018-12-14,49,1.188,4.3,a
2018-12-15,48,1.127,4.2,a
2018-12-16,48,1.121,4,a
2018-12-17,48,1.098,3.9,a
2018-12-18,47,1.029,3.1,a
2018-12-19,46,0.996,3.7,a
2018-12-20,47,1.024,4.5,a
2018-12-21,46,0.991,5,a
2018-12-22,46,0.985,5.9,a
2018-12-23,46,0.974,5.9,a
2018-12-24,46,0.964,6.3,a
2018-12-25,45,0.921,4.8,a
2018-12-26,45,0.901,3.9,a
2018-12-27,44,0.864,3.2,a
2018-12-28,44,0.861,3.1,a
2018-12-29,44,0.861,2.9,a
2018-12-30,44,0.861,3.2,a
2018-12-31,44,0.837,3.5,a
2019-01-01,43,0.804,4.6,a
2019-01-02,43,0.814,3.6,a
2019-01-03,43,0.79,2.8,a
2019-01-04,42,0.754,2.6,a
2019-01-05,42,0.763,2.7,a
2019-01-06,42,0.767,2.8,a
2019-01-07,42,0.756,3.2,a
2019-01-08,42,0.763,3,a
2019-01-09,43,0.786,3.4,a
2019-01-10,42,0.772,3.5,a
2019-01-11,42,0.749,3.2,a
2019-01-12,42,0.749,2.8,a
2019-01-13,42,0.749,3,a
2019-01-14,42,0.749,3.8,a
2019-01-15,42,0.743,3.5,a
2019-01-16,42,0.724,3.4,a
2019-01-17,42,0.75,5.1,a
2019-01-18,90,6.676,5,a
2019-01-19,73,3.701,4.6,a
2019-01-20,60,2.228,4.3,a
2019-01-21,55,1.726,4.1,a
2019-01-22,53,1.492,3.9,a
2019-01-23,52,1.431,3.5,a
2019-01-24,51,1.316,3.6,a
2019-01-25,49,1.201,3.1,a
2019-01-26,47,1.067,1.7,a
2019-01-27,48,1.089,2,a
2019-01-28,72,3.814,3.7,a
2019-01-29,73,3.719,4.6,a
2019-01-30,65,2.798,4.8,a
2019-01-31,61,2.307,4.2,a
2019-02-01,60,2.19,4.5,a
2019-02-02,143,16.827,5.4,a
2019-02-03,188,26.283,6.7,a
2019-02-04,137,14.141,6.2,a
2019-02-05,113,9.588,5.6,a
2019-02-06,84,4.922,5,a
2019-02-07,75,3.716,4.5,a
2019-02-08,70,3.1,4.9,a
2019-02-09,66,2.674,4.8,a
2019-02-10,64,2.432,5,a
2019-02-11,107,8.845,5.7,a
2019-02-12,86,5.136,5.3,a
2019-02-13,74,3.554,4.8,a
2019-02-14,69,3.005,5,a
2019-02-15,66,2.665,5.1,a
2019-02-16,64,2.393,5.1,a
2019-02-17,62,2.192,5.1,a
2019-02-18,60,2.025,5.2,a
2019-02-19,59,1.902,5.4,a
2019-02-20,57,1.738,5.6,a
2019-02-21,55,1.63,6.2,a
2019-02-22,55,1.556,6.3,a
2019-02-23,53,1.411,4.8,a
2019-02-24,52,1.349,3.6,a
2019-02-25,52,1.343,5.2,a
2019-02-26,51,1.28,6.1,a
2019-02-27,51,1.262,6.6,a
2019-02-28,50,1.217,6.5,a
2019-03-01,50,1.202,6.7,a
2019-03-02,50,1.202,6.9,a
2019-03-03,49,1.147,7.7,a
2019-03-04,49,1.138,7.6,a
2019-03-05,53,1.447,8,a
2019-03-06,49,1.161,7.6,a
2019-03-07,49,1.126,8.7,a
2019-03-08,48,1.085,9.5,a
2019-03-09,47,1.027,9.5,a
2019-03-10,47,1,9.1,a
2019-03-11,47,1.027,8.3,a
2019-03-12,47,1.005,7.7,a
2019-03-13,46,0.957,7.1,a
2019-03-14,46,0.944,7.9,a
2019-03-15,46,0.939,7.9,a
2019-03-16,46,0.927,8.4,a
2019-03-17,46,0.91,9.2,a
2019-03-18,49,1.146,9,a
2019-03-19,50,1.189,7.8,a
2019-03-20,47,1.003,7.9,a
2019-03-21,46,0.939,7.6,a
2019-03-22,45,0.892,7.9,a
2019-03-23,45,0.885,8.8,a
2019-03-24,45,0.88,9.7,a
2019-03-25,47,0.997,9.6,a
2019-03-26,59,2,9.3,a
2019-03-27,51,1.251,8.1,a
2019-03-28,48,1.087,8.3,a
2019-03-29,48,1.038,9.5,a
2019-03-30,47,0.997,9.6,a
2019-03-31,47,0.985,10,a
2019-04-01,46,0.947,10.8,a
2019-04-02,45,0.897,11.2,a
2019-04-03,46,0.92,11.4,a
2019-04-04,46,0.939,11.1,a
2019-04-05,55,1.744,10.9,a
2019-04-06,64,2.403,10.3,a
2019-04-07,55,1.593,10.3,a
2019-04-08,53,1.414,10.7,a
2019-04-09,53,1.389,10.9,a
2019-04-10,71,3.264,10.7,a
2019-04-11,80,4.306,10.5,a
2019-04-12,76,3.85,9.5,a
2019-04-13,69,2.98,9.3,a
2019-04-14,63,2.377,9.3,a
2019-04-15,59,1.986,10.2,a
2019-04-16,56,1.716,10.6,a
2019-04-17,55,1.56,11.1,a
2019-04-18,53,1.401,11.7,a
2019-04-19,52,1.312,11.9,a
2019-04-20,50,1.229,12.5,a
2019-04-21,50,1.202,12.7,a
2019-04-22,49,1.161,12.9,a
2019-04-23,52,1.356,12.3,a
2019-04-24,56,1.711,12.3,a
2019-04-25,51,1.294,13.9,a
2019-04-26,49,1.15,14.6,a
2019-04-27,51,1.262,13.8,a
2019-04-28,54,1.513,11.5,a
2019-04-29,61,2.101,11.1,a
2019-04-30,54,1.492,11.4,a
2019-05-01,52,1.324,12.2,a
2019-05-02,51,1.241,13,a
2019-05-03,51,1.256,12.6,a
2019-05-04,63,2.334,11.9,a
2019-05-05,77,3.927,11.1,a
2019-05-06,72,3.362,10.1,a
2019-05-07,63,2.299,10.4,a
2019-05-08,58,1.871,11,a
2019-05-09,60,2.03,11.2,a
2019-05-10,62,2.262,11.7,a
2019-05-11,57,1.755,12.5,a
2019-05-12,70,3.191,12,a
2019-05-13,67,2.756,10.9,a
2019-05-14,63,2.327,10,a
2019-05-15,71,3.28,9.1,a
2019-05-16,83,4.78,10.2,a
2019-05-17,70,3.075,11.2,a
2019-05-18,65,2.532,11.8,a
2019-05-19,66,2.73,12.5,a
2019-05-20,69,2.943,12.2,a
2019-05-21,71,3.188,11.9,a
2019-05-22,73,3.501,12.2,a
2019-05-23,102,7.685,12.9,a
2019-05-24,75,3.75,14.1,a
2019-05-25,65,2.499,14.6,a
2019-05-26,61,2.159,14.6,a
2019-05-27,66,2.625,14.2,a
2019-05-28,90,6.015,13.6,a
2019-05-29,183,24.432,12.4,a
2019-05-30,153,17.587,11.7,a
2019-05-31,120,10.821,12.2,a
2019-06-01,104,8.01,12.8,a
2019-06-02,81,4.541,13.9,a
2019-06-03,73,3.397,14.7,a
2019-06-04,70,3.048,15.8,a
2019-06-05,68,2.869,17.2,a
2019-06-06,62,2.195,16.8,a
2019-06-07,57,1.795,16.8,a
2019-06-08,55,1.595,16.8,a
2019-06-09,53,1.451,17.5,a
2019-06-10,52,1.337,17.9,a
2019-06-11,51,1.268,18.1,a
2019-06-12,51,1.247,18,a
2019-06-13,49,1.142,18.5,a
2019-06-14,48,1.046,18.1,a
2019-06-15,47,0.995,18.4,a
2019-06-16,47,0.977,18.9,a
2019-06-17,46,0.939,18.8,a
2019-06-18,46,0.942,18.6,a
2019-06-19,45,0.885,18.4,a
2019-06-20,55,1.94,17.7,a
2019-06-21,70,3.282,14.9,a
2019-06-22,106,10.351,16.4,a
2019-06-23,114,9.918,15.7,a
2019-06-24,72,3.342,16.8,a
2019-06-25,59,1.893,17.7,a
2019-06-26,54,1.409,18.5,a
2019-06-27,51,1.2,19.2,a
2019-06-28,49,1.049,19.5,a
2019-06-29,48,0.946,18.7,a
2019-06-30,47,0.887,18.4,a
2019-07-01,46,0.824,18.9,a
2019-07-02,54,1.745,18.7,a
2019-07-03,61,2.16,17.4,a
2019-07-04,62,2.149,17.3,a
2019-07-05,52,1.255,17.7,a
2019-07-06,48,0.993,18.8,a
2019-07-07,65,3.138,18.9,a
2019-07-08,72,3.42,18.6,a
2019-07-09,72,3.3,17,a
2019-07-10,59,1.843,16.9,a
2019-07-11,53,1.299,16.3,a
2019-07-12,53,1.328,17,a
2019-07-13,57,1.66,16.5,a
2019-07-14,53,1.332,16.6,a
2019-07-15,49,1.061,17,a
2019-07-16,47,0.917,16.8,a
2019-07-17,46,0.832,17.1,a
2019-07-18,46,0.823,17.7,a
2019-07-19,45,0.796,18.1,a
2019-07-20,44,0.732,18.4,a
2019-07-21,43,0.709,18.8,a
2019-07-22,43,0.719,19.2,a
2019-07-23,42,0.645,19.5,a
2019-07-24,41,0.632,19.9,a
2019-07-25,41,0.608,20.5,a
2019-07-26,40,0.589,20.7,a
2019-07-27,40,0.584,20.4,a
2019-07-28,56,1.798,18.9,a
2019-07-29,67,2.734,18.5,a
2019-07-30,55,1.513,19.2,a
2019-07-31,55,1.496,19.4,a
2019-08-01,47,0.908,19.7,a
2019-08-02,56,1.776,19,a
2019-08-03,61,2.088,18.6,a
2019-08-04,53,1.352,17.8,a
2019-08-05,48,0.952,18,a
2019-08-06,46,0.83,18.6,a
2019-08-07,45,0.792,19.2,a
2019-08-08,46,0.915,18.8,a
2019-08-09,53,1.35,18.9,a
2019-08-10,46,0.837,19.7,a
2019-08-11,44,0.73,19.9,a
2019-08-12,43,0.682,19.5,a
2019-08-13,42,0.642,19.2,a
2019-08-14,54,1.443,18.1,a
2019-08-15,46,0.853,17.3,a
2019-08-16,47,0.904,17.4,a
2019-08-17,45,0.807,17.1,a
2019-08-18,43,0.684,17.6,a
2019-08-19,42,0.644,18.1,a
2019-08-20,41,0.6,18.5,a
2019-08-21,40,0.574,18.7,a
2019-08-22,39,0.542,17.9,a
2019-08-23,40,0.565,17.6,a
2019-08-24,59,3.017,18,a
2019-08-25,91,6.346,18.8,a
2019-08-26,57,1.624,18.5,a
2019-08-27,52,1.253,18.4,a
2019-08-28,48,0.949,18.8,a
2019-08-29,46,0.83,18.9,a
2019-08-30,44,0.75,18.7,a
2019-08-31,43,0.717,18.5,a
2019-09-01,42,0.671,18.6,a
2019-09-02,70,4.597,18.1,a
2019-09-03,104,8.157,17.5,a
2019-09-04,65,2.489,16.1,a
2019-09-05,55,1.457,15.8,a
2019-09-06,52,1.263,15.8,a
2019-09-07,61,2.119,15.4,a
2019-09-08,129,12.838,15.2,a
2019-09-09,126,11.963,14.7,a
2019-09-10,88,5.552,14.3,a
2019-09-11,69,2.891,14.2,a
2019-09-12,61,2.023,14.7,a
2019-09-13,56,1.57,15.1,a
2019-09-14,53,1.34,15.4,a
2019-09-15,52,1.209,16.1,a
2019-09-16,50,1.099,15.9,a
2019-09-17,49,1.011,16.4,a
2019-09-18,63,2.367,16,a
2019-09-19,55,1.522,14.6,a
2019-09-20,50,1.103,13.2,a
2019-09-21,48,0.971,12.3,a
2019-09-22,47,0.921,12.1,a
2019-09-23,63,2.868,13.5,a
2019-09-24,86,5.301,14.5,a
2019-09-25,62,2.198,14.1,a
2019-09-26,68,2.829,14.3,a
2019-09-27,59,1.9,14.1,a
2019-09-28,56,1.531,14.3,a
2019-09-29,54,1.429,14.6,a
2019-09-30,52,1.253,15,a
2019-10-01,50,1.088,15.1,a
2019-10-02,68,3.416,14.7,a
2019-10-03,94,6.56,13.7,a
2019-10-04,66,2.572,12,a
2019-10-05,60,1.924,12.1,a
2019-10-06,55,1.507,11.9,a
2019-10-07,53,1.297,11.9,a
2019-10-08,51,1.134,11.3,a
2019-10-09,50,1.096,11,a
2019-10-10,79,4.28,12.3,a
2019-10-11,64,2.399,12.3,a
2019-10-12,57,1.705,12,a
2019-10-13,55,1.443,12.1,a
2019-10-14,53,1.287,12.5,a
2019-10-15,51,1.19,12.6,a
2019-10-16,54,1.434,13.1,a
2019-10-17,51,1.161,13.1,a
2019-10-18,50,1.079,12.6,a
2019-10-19,49,1.026,12.9,a
2019-10-20,48,0.979,13.6,a
2019-10-21,47,0.924,14,a
2019-10-22,46,0.866,13.6,a
2019-10-23,46,0.85,13.2,a
2019-10-24,46,0.85,12.8,a
2019-10-25,46,0.839,12.1,a
2019-10-26,45,0.796,11.6,a
2019-10-27,45,0.792,11.3,a
2019-10-28,45,0.779,11.2,a
2019-10-29,46,0.843,11.3,a
2019-10-30,47,0.905,10.4,a
2019-10-31,47,0.902,9.6,a
2019-11-01,47,0.917,9.3,a
2019-11-02,46,0.85,9.4,a
2019-11-03,53,1.322,10.8,a
2019-11-04,83,4.771,11.8,a
2019-11-05,80,4.402,11.5,a
2019-11-06,147,16.435,11.4,a
2019-11-07,115,9.955,11,a
2019-11-08,92,6.118,10.2,a
2019-11-09,92,6.105,10.6,a
2019-11-10,80,4.302,9.9,a
2019-11-11,71,3.126,9.4,a
2019-11-12,83,4.917,9.6,a
2019-11-13,116,10.144,9.8,a
2019-11-14,118,10.526,9.5,a
2019-11-15,92,6.011,9.8,a
2019-11-16,122,11.237,10.2,a
2019-11-17,109,8.866,10.6,a
2019-11-18,152,17.512,10.4,a
2019-11-19,118,10.434,10.2,a
2019-11-20,97,6.824,10.2,a
2019-11-21,111,9.188,10.3,a
2019-11-22,93,6.204,10.2,a
2019-11-23,85,4.981,10.3,a
2019-11-24,78,4.107,10.2,a
2019-11-25,73,3.458,9.9,a
2019-11-26,70,3.01,9.4,a
2019-11-27,68,2.801,9.1,a
2019-11-28,93,6.256,10,a
2019-11-29,80,4.31,9.7,a
2019-11-30,73,3.438,8.7,a
2019-12-01,69,2.942,7.5,a
2019-12-02,123,12.452,7.7,a
2019-12-03,118,10.534,7.7,a
2019-12-04,91,5.835,6.6,a
2019-12-05,81,4.464,6.2,a
2019-12-06,75,3.693,5.4,a
2019-12-07,71,3.219,5.9,a
2019-12-08,68,2.797,5.8,a
2019-12-09,71,3.281,7,a
2019-12-10,81,4.452,6.8,a
2019-12-11,70,3.011,5.1,a
2019-12-12,67,2.759,4.5,a
2019-12-13,69,2.911,5.1,a
2019-12-14,98,7.062,5.6,a
2019-12-15,82,4.537,5.7,a
2019-12-16,79,4.193,6.7,a
2019-12-17,76,3.847,7.9,a
2019-12-18,71,3.229,8.2,a
2019-12-19,69,2.927,8.8,a
2019-12-20,67,2.749,9,a
2019-12-21,105,9.361,9.1,a
2019-12-22,168,21.04,8.8,a
2019-12-23,142,15.298,8.4,a
2019-12-24,116,10.118,7.4,a
2019-12-25,109,8.73,6.8,a
2019-12-26,88,5.539,6.4,a
2019-12-27,77,3.903,6.5,a
2019-12-28,72,3.343,5.8,a
2019-12-29,68,2.92,4.4,a
2019-12-30,66,2.607,3.7,a
2019-12-31,64,2.444,3.9,a
2020-01-01,62,2.267,4,a
2020-01-02,60,2.085,3.7,a
2020-01-03,59,1.988,3.4,a
2020-01-04,58,1.898,4,a
2020-01-05,57,1.798,4.3,a
2020-01-06,56,1.669,3.4,a
2020-01-07,55,1.591,2.9,a
2020-01-08,54,1.518,2.9,a
2020-01-09,54,1.498,3.6,a
2020-01-10,53,1.43,3.7,a
2020-01-11,52,1.375,3.8,a
2020-01-12,52,1.349,4.5,a
2020-01-13,52,1.327,3.7,a
2020-01-14,51,1.274,3.7,a
2020-01-15,50,1.223,3.7,a
2020-01-16,50,1.202,4.2,a
2020-01-17,50,1.202,4.8,a
2020-01-18,50,1.202,5,a
2020-01-19,50,1.193,5.1,a
2020-01-20,49,1.132,4.4,a
2020-01-21,48,1.071,4.5,a
2020-01-22,48,1.065,3.6,a
2020-01-23,48,1.065,3.3,a
2020-01-24,47,1.024,3.2,a
2020-01-25,48,1.041,4.2,a
2020-01-26,48,1.065,5.6,a
2020-01-27,48,1.065,6.3,a
2020-01-28,53,1.528,6.4,a
2020-01-29,62,2.256,6,a
2020-01-30,53,1.42,4.9,a
2020-01-31,51,1.247,5.6,a
2020-02-01,50,1.199,6.7,a
2020-02-02,49,1.15,7.3,a
2020-02-03,49,1.135,8,a
2020-02-04,56,1.744,8,a
2020-02-05,57,1.782,5.8,a
2020-02-06,51,1.299,4.6,a
2020-02-07,50,1.211,4.1,a
2020-02-08,49,1.15,4,a
2020-02-09,49,1.132,4.1,a
2020-02-10,50,1.196,5.8,a
2020-02-11,53,1.411,7,a
2020-02-12,51,1.278,6.8,a
2020-02-13,50,1.167,5.7,a
2020-02-14,50,1.211,6.7,a
2020-02-15,49,1.152,6.1,a
2020-02-16,48,1.09,5.9,a
2020-02-17,48,1.065,6.6,a
2020-02-18,48,1.065,7.8,a
2020-02-19,48,1.054,7.7,a
2020-02-20,47,1.005,6.6,a
2020-02-21,47,1,5.9,a
2020-02-22,46,0.939,5.9,a
2020-02-23,46,0.939,6.7,a
2020-02-24,46,0.949,7.2,a
2020-02-25,46,0.965,7.6,a
2020-02-26,75,3.922,7.3,a
2020-02-27,83,4.721,6.4,a
2020-02-28,76,3.789,6.6,a
2020-02-29,66,2.635,6,a
2020-03-01,74,3.888,7.3,a
2020-03-02,133,13.436,7.9,a
2020-03-03,125,11.692,8.3,a
2020-03-04,99,7.122,8,a
2020-03-05,84,4.855,7.1,a
2020-03-06,90,5.716,7.3,a
2020-03-07,85,5.013,7.6,a
2020-03-08,76,3.757,7.2,a
2020-03-09,71,3.229,7.3,a
2020-03-10,67,2.74,7.6,a
2020-03-11,64,2.419,8.2,a
2020-03-12,62,2.169,8.7,a
2020-03-13,61,2.009,8.7,a
2020-03-14,59,1.834,8.7,a
2020-03-15,57,1.672,8.1,a
2020-03-16,56,1.553,7.1,a
2020-03-17,55,1.442,7.6,a
2020-03-18,54,1.383,9.4,a
2020-03-19,53,1.323,9.7,a
2020-03-20,53,1.29,9.9,a
2020-03-21,52,1.269,10.2,a
2020-03-22,58,1.753,8.8,a
2020-03-23,53,1.3,6.6,a
2020-03-24,52,1.218,5.7,a
2020-03-25,52,1.218,5.7,a
2020-03-26,52,1.239,5.1,a
2020-03-27,53,1.285,6.7,a
2020-03-28,53,1.29,8,a
2020-03-29,51,1.199,9,a
2020-03-30,52,1.256,8.7,a
2020-03-31,50,1.091,7.3,a
2020-04-01,49,1.021,6.9,a
2020-04-02,48,0.99,7,a
2020-04-03,48,0.971,7.7,a
2020-04-04,48,0.966,9.2,a
2020-04-05,47,0.921,9.4,a
2020-04-06,47,0.906,9.9,a
2020-04-07,47,0.887,10.1,a
2020-04-08,46,0.859,10.1,a
2020-04-09,46,0.85,10.5,a
2020-04-10,46,0.85,11.5,a
2020-04-11,46,0.85,12.6,a
2020-04-12,46,0.841,13.2,a
2020-04-13,45,0.812,12.7,a
2020-04-14,49,1.059,10.8,a
2020-04-15,48,0.969,9.4,a
2020-04-16,46,0.844,10.4,a
2020-04-17,45,0.794,11.8,a
2020-04-18,45,0.79,12.8,a
2020-04-19,45,0.781,13.8,a
2020-04-20,45,0.799,13.1,a
2020-04-21,44,0.742,11.9,a
2020-04-22,43,0.719,11.8,a
2020-04-23,43,0.711,12,a
2020-04-24,43,0.699,12.3,a
2020-04-25,43,0.699,13.1,a
2020-04-26,43,0.699,14.2,a
2020-04-27,43,0.69,14.2,a
2020-04-28,43,0.692,13.8,a
2020-04-29,44,0.747,13.5,a
2020-04-30,44,0.732,13.9,a
2020-05-01,50,1.143,14.2,a
2020-05-02,47,0.889,14.2,a
2020-05-03,47,0.92,13.4,a
2020-05-04,44,0.759,13.2,a
2020-05-05,43,0.699,12.8,a
2020-05-06,43,0.711,12.9,a
2020-05-07,42,0.654,12.8,a
2020-05-08,42,0.635,13.9,a
2020-05-09,41,0.615,14.6,a
2020-05-10,41,0.605,14.8,a
2020-05-11,41,0.632,14.2,a
2020-05-12,54,1.535,12.7,a
2020-05-13,52,1.231,12.1,a
2020-05-14,46,0.85,14,a
2020-05-15,46,0.853,13.7,a
2020-05-16,54,1.372,12.9,a
2020-05-17,51,1.182,13.5,a
2020-05-18,48,0.945,14.6,a
2020-05-19,47,0.94,14.5,a
2020-05-20,51,1.139,14.3,a
2020-05-21,46,0.877,14.8,a
2020-05-22,44,0.759,14.9,a
2020-05-23,43,0.713,15.5,a
2020-05-24,62,2.278,15.6,a
2020-05-25,51,1.164,14.9,a
2020-05-26,47,0.879,14.7,a
2020-05-27,45,0.779,14.3,a
2020-05-28,43,0.722,13.8,a
2020-05-29,45,0.782,13.5,a
2020-05-30,44,0.726,13.6,a
2020-05-31,43,0.699,12.9,a
2020-06-01,43,0.684,14,a
2020-06-02,42,0.654,15,a
2020-06-03,41,0.623,15.8,a
2020-06-04,41,0.613,15.8,a
2020-06-05,60,2.023,14.8,a
2020-06-06,57,1.717,15.6,a
2020-06-07,48,0.954,16.4,a
2020-06-08,90,6.087,15,a
2020-06-09,100,7.444,14,a
2020-06-10,80,4.32,14.1,a
2020-06-11,65,2.481,14.6,a
2020-06-12,56,1.585,15.5,a
2020-06-13,52,1.225,16.4,a
2020-06-14,50,1.074,16.7,a
2020-06-15,63,2.3,16.9,a
2020-06-16,59,1.834,16.8,a
2020-06-17,53,1.316,16.7,a
2020-06-18,50,1.078,16.9,a
2020-06-19,58,2.04,16.9,a
2020-06-20,63,2.294,16.1,a
2020-06-21,52,1.238,16.1,a
2020-06-22,49,1.039,16.4,a
2020-06-23,47,0.881,17.2,a
2020-06-24,45,0.786,17.6,a
2020-06-25,48,1.032,16.7,a
2020-06-26,87,5.557,16.3,a
2020-06-27,57,1.642,17.4,a
2020-06-28,51,1.138,18.4,a
2020-06-29,48,0.959,18.8,a
2020-06-30,49,1.015,18.2,a
2020-07-01,46,0.866,18.7,a
2020-07-02,46,0.837,19,a
2020-07-03,54,1.456,18.6,a
2020-07-04,51,1.19,18.2,a
2020-07-05,46,0.851,18.2,a
2020-07-06,45,0.774,19,a
2020-07-07,100,7.596,17.4,a
2020-07-08,62,2.202,16.8,a
2020-07-09,53,1.307,17.4,a
2020-07-10,49,1.047,18.2,a
2020-07-11,51,1.221,18.2,a
2020-07-12,75,3.768,17.9,a
2020-07-13,54,1.373,16.9,a
2020-07-14,49,1.058,16.5,a
2020-07-15,48,0.936,16.7,a
2020-07-16,49,1.084,17.2,a
2020-07-17,59,1.868,15.6,a
2020-07-18,50,1.105,15.4,a
2020-07-19,47,0.92,15.8,a
2020-07-20,45,0.821,17.3,a
2020-07-21,44,0.732,18.2,a
2020-07-22,46,0.86,18.7,a
2020-07-23,47,0.901,18.8,a
2020-07-24,46,0.858,18.2,a
2020-07-25,48,0.962,17.6,a
2020-07-26,45,0.782,17.6,a
2020-07-27,43,0.715,18.4,a
2020-07-28,42,0.645,19,a
2020-07-29,53,2.356,19.4,a
2020-07-30,143,16.136,17.4,a
2020-07-31,67,2.701,18.6,a
2020-08-01,55,1.482,18.8,a
2020-08-02,61,2.075,18.5,a
2020-08-03,91,6.487,17.5,a
2020-08-04,126,12.531,16.7,a
2020-08-05,75,3.724,16.2,a
2020-08-06,63,2.23,16.6,a
2020-08-07,56,1.583,17.4,a
2020-08-08,52,1.257,17.9,a
2020-08-09,50,1.079,18.2,a
2020-08-10,48,0.964,18.7,a
2020-08-11,47,0.883,18.6,a
2020-08-12,46,0.866,18.4,a
2020-08-13,46,0.826,19,a
2020-08-14,44,0.752,19.1,a
2020-08-15,48,0.963,18.6,a
2020-08-16,46,0.841,18.6,a
2020-08-17,44,0.752,18.8,a
2020-08-18,47,0.885,18.4,a
2020-08-19,44,0.751,18.1,a
2020-08-20,42,0.671,18,a
2020-08-21,41,0.632,18.6,a
2020-08-22,41,0.611,19.3,a
2020-08-23,52,1.348,19.9,a
2020-08-24,48,1.004,19.3,a
2020-08-25,44,0.723,17.9,a
2020-08-26,42,0.64,17.6,a
2020-08-27,40,0.589,17.8,a
2020-08-28,40,0.574,18,a
2020-08-29,40,0.574,18.6,a
2020-08-30,47,0.955,18.5,a
2020-08-31,53,1.435,17.8,a
2020-09-01,74,3.577,16.6,a
2020-09-02,54,1.379,16.3,a
2020-09-03,47,0.908,15.8,a
2020-09-04,45,0.782,15.7,a
2020-09-05,43,0.709,16,a
2020-09-06,43,0.708,16.6,a
2020-09-07,47,0.91,16.5,a
2020-09-08,42,0.66,16.2,a
2020-09-09,41,0.62,15.8,a
2020-09-10,41,0.608,16.1,a
2020-09-11,40,0.582,16.6,a
2020-09-12,40,0.571,16.5,a
2020-09-13,39,0.548,16.7,a
2020-09-14,39,0.539,16.9,a
2020-09-15,38,0.52,16.7,a
2020-09-16,38,0.512,16.7,a
2020-09-17,38,0.506,16.4,a
2020-09-18,38,0.495,16.2,a
2020-09-19,37,0.48,15.2,a
2020-09-20,38,0.517,14.3,a
2020-09-21,37,0.489,14.4,a
2020-09-22,37,0.49,15.1,a
2020-09-23,40,0.56,15.7,a
2020-09-24,40,0.561,15.8,a
2020-09-25,70,3.47,15.7,a
2020-09-26,111,9.386,14.4,a
2020-09-27,64,2.527,13.3,a
2020-09-28,81,4.489,13.1,a
2020-09-29,67,2.772,13,a
2020-09-30,56,1.68,12.8,a
2020-10-01,52,1.325,12.8,a
2020-10-02,50,1.167,13.4,a
2020-10-03,77,5.583,13.7,a
2020-10-04,125,11.946,13.6,a
2020-10-05,110,9.06,13.3,a
2020-10-06,89,5.614,13,a
2020-10-07,94,6.447,12.9,a
2020-10-08,83,4.716,12.3,a
2020-10-09,69,3.009,11.9,a
2020-10-10,63,2.348,12.4,a
2020-10-11,114,11.57,11.9,a
2020-10-12,164,20.197,10.9,a
2020-10-13,116,10.002,10.8,a
2020-10-14,85,5.064,10.7,a
2020-10-15,115,10.923,10.6,a
2020-10-16,117,10.391,10.8,a
2020-10-17,87,5.367,10.9,a
2020-10-18,76,3.813,10.6,a
2020-10-19,69,2.987,10.6,a
2020-10-20,65,2.502,10.6,a
2020-10-21,61,2.176,10.7,a
2020-10-22,59,1.934,11.2,a
2020-10-23,57,1.78,11.5,a
2020-10-24,57,1.799,12.3,a
2020-10-25,57,1.772,12.4,a
2020-10-26,55,1.588,12.2,a
2020-10-27,74,3.773,11.9,a
2020-10-28,70,3.098,11.7,a
2020-10-29,61,2.147,11,a
2020-10-30,58,1.852,10.9,a
2020-10-31,56,1.687,11.1,a
2020-11-01,55,1.591,10.7,a
2020-11-02,54,1.498,11.1,a
2020-11-03,53,1.414,11.3,a
2020-11-04,52,1.352,11.1,a
2020-11-05,51,1.308,11.3,a
2020-11-06,50,1.226,10.3,a
2020-11-07,50,1.202,8.6,a
2020-11-08,50,1.202,8.1,a
2020-11-09,49,1.141,7.9,a
2020-11-10,49,1.126,8.2,a
2020-11-11,48,1.073,8.3,a
2020-11-12,48,1.065,8.5,a
2020-11-13,48,1.062,8.8,a
2020-11-14,47,1.005,8.5,a
2020-11-15,47,1,8.2,a
2020-11-16,76,5.111,8.6,a
2020-11-17,111,9.285,8.9,a
2020-11-18,72,3.297,8.3,a
2020-11-19,64,2.398,7.8,a
2020-11-20,60,2.078,8,a
2020-11-21,57,1.743,6.7,a
2020-11-22,55,1.56,5.3,a
2020-11-23,54,1.495,5,a
2020-11-24,52,1.369,5.6,a
2020-11-25,52,1.337,4.9,a
2020-11-26,51,1.274,4.9,a
2020-11-27,51,1.247,5.2,a
2020-11-28,50,1.202,5.6,a
2020-11-29,50,1.185,5.7,a
2020-11-30,49,1.126,4.8,a
2020-12-01,48,1.065,4,a
2020-12-02,48,1.076,3.7,a
2020-12-03,49,1.161,3,a
2020-12-04,49,1.101,4,a
2020-12-05,50,1.206,4.6,a
2020-12-06,62,2.387,4.9,a
2020-12-07,95,6.528,6.1,a
2020-12-08,80,4.28,5.9,a
2020-12-09,94,6.381,5.9,a
2020-12-10,84,4.873,6.4,a
2020-12-11,73,3.493,6.7,a
2020-12-12,69,2.963,6.7,a
2020-12-13,64,2.48,6.6,a
2020-12-14,61,2.13,6.1,a
2020-12-15,59,1.945,5.6,a
2020-12-16,57,1.802,5.5,a
2020-12-17,56,1.68,5.6,a
2020-12-18,55,1.55,5.8,a
2020-12-19,54,1.508,6.5,a
2020-12-20,54,1.508,6.6,a
2020-12-21,53,1.421,6.7,a
2020-12-22,52,1.349,7.1,a
2020-12-23,52,1.349,7.7,a
2020-12-24,56,1.702,8.1,a
2020-12-25,149,17.041,7.6,a
2020-12-26,120,10.864,6.6,a
2020-12-27,104,7.893,5.5,a
2020-12-28,107,8.942,5.3,a
2020-12-29,184,24.552,6.2,a
2020-12-30,165,20.228,7.1,a
2020-12-31,126,11.992,6.7,a
2021-01-01,111,9.195,6.4,a
2021-01-02,140,15.063,6.9,a
2021-01-03,143,15.447,7.2,a
2021-01-04,119,10.526,7.2,a
2021-01-05,105,8.047,7.1,a
2021-01-06,110,8.962,6.3,a
2021-01-07,103,7.704,6.5,a
2021-01-08,92,6.098,6.4,a
2021-01-09,85,5.013,5.6,a
2021-01-10,79,4.261,5.2,a
2021-01-11,75,3.689,4.8,a
2021-01-12,71,3.248,3.7,a
2021-01-13,69,2.958,3.5,a
2021-01-14,66,2.678,3.8,a
2021-01-15,64,2.402,3.4,a
2021-01-16,62,2.2,2.9,a
2021-01-17,60,2.061,2.6,a
2021-01-18,59,1.933,3.6,a
2021-01-19,58,1.828,3.5,a
2021-01-20,57,1.775,4.6,a
2021-01-21,59,1.942,5.8,a
2021-01-22,71,3.273,6.1,a
2021-01-23,133,13.551,6.3,a
2021-01-24,130,12.77,6.1,a
2021-01-25,110,8.976,5.7,a
2021-01-26,86,5.214,5.2,a
2021-01-27,78,4.078,4.7,a
2021-01-28,73,3.506,4.3,a
2021-01-29,71,3.234,5,a
2021-01-30,69,2.981,5.3,a
2021-01-31,82,4.668,5.2,a
2021-02-01,76,3.764,4.9,a
2021-02-02,70,3.133,5,a
2021-02-03,68,2.887,5.9,a
2021-02-04,68,2.841,7.5,a
2021-02-05,66,2.62,8,a
2021-02-06,65,2.514,8.3,a
2021-02-07,71,3.385,8.5,a
2021-02-08,131,12.965,8,a
2021-02-09,125,11.867,7.6,a
2021-02-10,140,14.907,7.3,a
2021-02-11,151,17.298,6.7,a
2021-02-12,118,10.401,5,a
2021-02-13,101,7.449,4,a
2021-02-14,85,4.961,4,a
2021-02-15,78,4.099,3.6,a
2021-02-16,75,3.694,4.7,a
2021-02-17,72,3.342,5.2,a
2021-02-18,69,2.986,5.5,a
2021-02-19,67,2.755,6.4,a
2021-02-20,65,2.532,7.1,a
2021-02-21,63,2.342,7.6,a
2021-02-22,62,2.192,7.2,a
2021-02-23,60,2.013,7,a
2021-02-24,58,1.886,7.2,a
2021-02-25,58,1.855,7.6,a
2021-02-26,57,1.76,7.6,a
2021-02-27,56,1.669,7.5,a
2021-02-28,55,1.577,6.8,a
2021-03-01,54,1.508,6.2,a
2021-03-02,54,1.474,6.6,a
2021-03-03,53,1.427,6.6,a
2021-03-04,53,1.427,7.1,a
2021-03-05,55,1.627,7.9,a
2021-03-06,58,1.868,6.8,a
2021-03-07,54,1.468,5.4,a
2021-03-08,53,1.414,5.6,a
2021-03-09,52,1.349,6.7,a
2021-03-10,51,1.305,6.4,a
2021-03-11,51,1.274,6.3,a
2021-03-12,52,1.357,7.3,a
2021-03-13,56,1.642,8,a
2021-03-14,66,2.801,7.5,a
2021-03-15,71,3.186,7.2,a
2021-03-16,61,2.12,7.2,a
2021-03-17,57,1.772,6.6,a
2021-03-18,55,1.63,6.4,a
2021-03-19,54,1.529,6.1,a
2021-03-20,54,1.468,5.7,a
2021-03-21,53,1.427,5.5,a
2021-03-22,53,1.391,6.3,a
2021-03-23,52,1.33,6.9,a
2021-03-24,51,1.274,7.5,a
2021-03-25,51,1.25,8.2,a
2021-03-26,50,1.22,8.9,a
2021-03-27,50,1.202,9,a
2021-03-28,50,1.202,8.9,a
2021-03-29,49,1.161,9.2,a
2021-03-30,49,1.124,10.4,a
2021-03-31,48,1.071,11.5,a
2021-04-01,48,1.073,12.2,a
2021-04-02,48,1.068,12.4,a
2021-04-03,57,1.791,11.7,a
2021-04-04,52,1.368,9.9,a
2021-04-05,50,1.19,9.2,a
2021-04-06,51,1.286,7.7,a
2021-04-07,51,1.265,6.4,a
2021-04-08,51,1.274,7.1,a
2021-04-09,50,1.217,8.1,a
2021-04-10,50,1.202,9.4,a
2021-04-11,50,1.202,9.7,a
2021-04-12,55,1.659,9.9,a
2021-04-13,104,8.383,8.7,a
2021-04-14,83,5.109,8.5,a
2021-04-15,68,3.145,8.3,a
2021-04-16,63,2.502,9.1,a
2021-04-17,59,2.144,9.4,a
2021-04-18,58,1.945,9.3,a
2021-04-19,56,1.821,9.5,a
2021-04-20,56,1.769,10,a
2021-04-21,54,1.591,10.3,a
2021-04-22,53,1.554,11,a
2021-04-23,52,1.467,12,a
2021-04-24,51,1.346,12.3,a
2021-04-25,51,1.31,12.7,a
2021-04-26,51,1.319,12,a
2021-04-27,50,1.27,10,a
2021-04-28,50,1.267,10.2,a
2021-04-29,50,1.264,11.4,a
2021-04-30,52,1.445,13.4,a
2021-05-01,50,1.264,14.6,a
2021-05-02,71,3.529,13.4,a
2021-05-03,73,3.709,11.7,a
2021-05-04,63,2.528,11.6,a
2021-05-05,59,2.089,12.1,a
2021-05-06,141,15.956,10.1,a
2021-05-07,143,16.299,9.8,a
2021-05-08,149,17.536,10.3,a
2021-05-09,113,9.941,11,a
2021-05-10,105,8.458,12.5,a
2021-05-11,83,5.126,13.4,a
2021-05-12,77,4.297,13.3,a
2021-05-13,74,3.841,12.8,a
2021-05-14,70,3.376,12.4,a
2021-05-15,66,2.836,12.7,a
2021-05-16,64,2.682,13.1,a
2021-05-17,136,15.433,12.4,a
2021-05-18,109,9.234,12.1,a
2021-05-19,150,18.016,11.3,a
2021-05-20,121,11.465,11.4,a
2021-05-21,98,7.356,12,a
2021-05-22,83,5.015,12.1,a
2021-05-23,86,5.495,12.1,a
2021-05-24,93,6.69,11.1,a
2021-05-25,114,10.165,11.5,a
2021-05-26,109,9.247,11.9,a
2021-05-27,125,13.427,11.7,a
2021-05-28,149,17.468,11.7,a
2021-05-29,118,10.825,11.8,a
2021-05-30,110,9.362,11.6,a
2021-05-31,95,6.907,11.9,a
2021-06-01,78,4.383,12.8,a
2021-06-02,73,3.691,13.4,a
2021-06-03,73,3.817,14.3,a
2021-06-04,83,5.605,14.9,a
2021-06-05,89,5.686,14.7,a
2021-06-06,74,3.569,14.6,a
2021-06-07,73,3.514,14.8,a
2021-06-08,68,2.9,15.1,a
2021-06-09,64,2.445,15.3,a
2021-06-10,62,2.237,15.4,a
2021-06-11,61,2.102,15.2,a
2021-06-12,59,1.973,15.7,a
2021-06-13,58,1.844,16.6,a
2021-06-14,56,1.695,16.1,a
2021-06-15,55,1.606,16,a
2021-06-16,54,1.526,17.1,a
2021-06-17,53,1.431,17.7,a
2021-06-18,52,1.385,18.5,a
2021-06-19,52,1.321,18.7,a
2021-06-20,51,1.299,19.4,a
2021-06-21,50,1.229,19.8,a
2021-06-22,49,1.144,19.8,a
2021-06-23,48,1.096,19.4,a
2021-06-24,48,1.049,20.2,a
2021-06-25,47,1.006,20,a
2021-06-26,47,0.982,19.4,a
2021-06-27,46,0.964,19.5,a
2021-06-28,46,0.929,19.9,a
2021-06-29,45,0.869,19.9,a
2021-06-30,44,0.824,20,a
2021-07-01,50,1.198,18.1,a
2021-07-02,48,1.04,17.4,a
2021-07-03,45,0.886,18,a
2021-07-04,47,1.057,18.5,a
2021-07-05,123,12.059,17.7,a
2021-07-06,61,2.192,18.1,a
2021-07-07,53,1.437,19.2,a
2021-07-08,50,1.194,19.8,a
2021-07-09,48,1.08,20.1,a
2021-07-10,47,0.977,19.5,a
2021-07-11,46,0.934,19.3,a
2021-07-12,46,0.95,19.6,a
2021-07-13,45,0.873,19.4,a
2021-07-14,48,1.085,19.4,a
2021-07-15,45,0.869,18.4,a
2021-07-16,44,0.831,17.6,a
2021-07-17,49,1.143,17.5,a
2021-07-18,53,1.536,17.7,a
2021-07-19,63,2.383,18.5,a
2021-07-20,49,1.16,19.1,a
2021-07-21,46,0.967,19.2,a
2021-07-22,45,0.861,19,a
2021-07-23,44,0.813,19,a
2021-07-24,43,0.772,19.1,a
2021-07-25,43,0.764,19.6,a
2021-07-26,42,0.73,19.5,a
2021-07-27,43,0.766,19.2,a
2021-07-28,43,0.764,19.2,a
2021-07-29,42,0.731,19.6,a
2021-07-30,41,0.686,20,a
2021-07-31,46,1.023,19.9,a
2021-08-01,49,1.168,19.2,a
2021-08-02,52,1.399,18.2,a
2021-08-03,45,0.872,18.1,a
2021-08-04,43,0.77,17.8,a
2021-08-05,62,2.349,17.6,a
2021-08-06,54,1.512,17.9,a
2021-08-07,47,0.978,18.4,a
2021-08-08,45,0.873,19,a
2021-08-09,48,1.098,18.9,a
2021-08-10,44,0.824,18.8,a
2021-08-11,43,0.76,19.2,a
2021-08-12,42,0.714,19.2,a
2021-08-13,41,0.672,19.5,a
2021-08-14,41,0.672,20.1,a
2021-08-15,40,0.636,20.1,a
2021-08-16,40,0.627,20.2,a
2021-08-17,50,1.225,19.1,a
2021-08-18,41,0.673,17.8,a
2021-08-19,39,0.59,17.1,a
2021-08-20,39,0.577,17.4,a
2021-08-21,38,0.553,17.5,a
2021-08-22,38,0.557,17.9,a
2021-08-23,62,2.669,17.4,a
2021-08-24,53,1.423,17.1,a
2021-08-25,44,0.825,16.8,a
2021-08-26,41,0.688,15.7,a
2021-08-27,45,0.895,16.2,a
2021-08-28,44,0.807,15.7,a
2021-08-29,44,0.845,15.2,a
2021-08-30,43,0.787,14.4,a
2021-08-31,42,0.7,15,a
2021-09-01,40,0.64,15.5,a
2021-09-02,39,0.589,15.1,a
2021-09-03,39,0.596,15.5,a
2021-09-04,38,0.561,15.4,a
2021-09-05,38,0.546,15.4,a
2021-09-06,38,0.536,15.1,a
2021-09-07,37,0.515,15.1,a
2021-09-08,37,0.51,15.2,a
2021-09-09,36,0.49,14.6,a
2021-09-10,36,0.483,14.7,a
2021-09-11,36,0.483,14.9,a
2021-09-12,37,0.521,15.3,a
2021-09-13,36,0.474,15.7,a
2021-09-14,36,0.473,15.8,a
2021-09-15,36,0.476,16,a
2021-09-16,35,0.452,16.3,a
2021-09-17,45,0.972,16.3,a
2021-09-18,43,0.757,16,a
2021-09-19,39,0.577,15.1,a
2021-09-20,46,0.924,14.4,a
2021-09-21,40,0.649,13.8,a
2021-09-22,38,0.553,13.6,a
2021-09-23,37,0.512,12.8,a
2021-09-24,37,0.506,13,a
2021-09-25,36,0.49,13.5,a
2021-09-26,37,0.494,14,a
2021-09-27,40,0.617,15.4,a
2021-09-28,40,0.609,15.3,a
2021-09-29,38,0.541,15.4,a
2021-09-30,48,1.08,15.2,a
2021-10-01,41,0.699,13.7,a
2021-10-02,39,0.591,13.8,a
2021-10-03,38,0.553,13.6,a
2021-10-04,38,0.562,14.5,a
2021-10-05,38,0.567,14.4,a
2021-10-06,47,1.244,14.2,a
2021-10-07,59,2.172,12.8,a
2021-10-08,54,1.591,12.5,a
2021-10-09,47,1.088,12,a
2021-10-10,44,0.837,10.5,a
2021-10-11,43,0.779,10.6,a
2021-10-12,41,0.704,10.3,a
2021-10-13,41,0.704,10.1,a
2021-10-14,40,0.671,9.2,a
2021-10-15,40,0.638,9.3,a
2021-10-16,40,0.656,9.2,a
2021-10-17,39,0.612,9.8,a
2021-10-18,39,0.601,9.2,a
2021-10-19,39,0.585,9.6,a
2021-10-20,38,0.568,10.5,a
2021-10-21,38,0.566,11.6,a
2021-10-22,39,0.614,12,a
2021-10-23,39,0.623,11.8,a
2021-10-24,40,0.644,10,a
2021-10-25,39,0.592,8.5,a
2021-10-26,39,0.603,7.9,a
2021-10-27,38,0.583,7.9,a
2021-10-28,38,0.564,7.9,a
2021-10-29,38,0.556,7.6,a
2021-10-30,38,0.561,7.3,a
2021-10-31,38,0.568,7.5,a
2021-11-01,38,0.577,7.9,a
2021-11-02,67,3.04,9.4,a
2021-11-03,61,2.296,9.8,a
2021-11-04,97,7.294,10.4,a
2021-11-05,65,2.804,9.1,a
2021-11-06,54,1.566,9.3,a
2021-11-07,50,1.251,9.4,a
2021-11-08,62,2.459,9.3,a
2021-11-09,60,2.225,8.9,a
2021-11-10,52,1.469,8,a
2021-11-11,50,1.27,8,a
2021-11-12,48,1.121,8.1,a
2021-11-13,47,1.051,8.5,a
2021-11-14,46,0.985,8.9,a
2021-11-15,45,0.921,9,a
2021-11-16,44,0.87,8.7,a
2021-11-17,44,0.837,8.6,a
2021-11-18,43,0.804,8.9,a
2021-11-19,42,0.756,7.8,a
2021-11-20,42,0.745,6.8,a
2021-11-21,42,0.745,6.7,a
2021-11-22,42,0.749,7,a
2021-11-23,41,0.7,7.1,a
2021-11-24,41,0.686,5.2,a
2021-11-25,41,0.678,4.6,a
2021-11-26,58,2.22,5.7,a
2021-11-27,99,7.511,6.7,a
2021-11-28,138,15.654,7.1,a
2021-11-29,135,14.439,6.6,a
2021-11-30,98,7.49,5.9,a
2021-12-01,72,3.626,5.6,a
2021-12-02,139,16.423,6.8,a
2021-12-03,146,16.797,6.7,a
2021-12-04,112,9.662,6.1,a
2021-12-05,104,8.419,6.2,a
2021-12-06,100,7.743,6.3,a
2021-12-07,83,5.06,5.8,a
2021-12-08,74,3.855,5,a
2021-12-09,72,3.608,4.5,a
2021-12-10,67,3.052,5.2,a
2021-12-11,65,2.716,4.7,a
2021-12-12,61,2.302,3.9,a
2021-12-13,59,2.048,4.2,a
2021-12-14,57,1.894,4.5,a
2021-12-15,58,1.941,5.1,a
2021-12-16,60,2.238,5.2,a
2021-12-17,62,2.427,5.1,a
2021-12-18,61,2.278,4.8,a
2021-12-19,59,2.118,4.5,a
2021-12-20,58,2.01,3.8,a
2021-12-21,56,1.753,4,a
2021-12-22,54,1.643,4.5,a
2021-12-23,53,1.535,4.4,a
2021-12-24,53,1.517,4.8,a
2021-12-25,54,1.617,5.5,a
2021-12-26,96,7.248,6.1,a
2021-12-27,79,4.514,6.1,a
2021-12-28,69,3.179,6.3,a
2021-12-29,65,2.735,6.4,a
2021-12-30,61,2.275,6.1,a
2021-12-31,58,2.005,5.7,a
2022-01-01,57,1.849,5.1,a
2022-01-02,55,1.705,5.1,a
2022-01-03,55,1.651,5.2,a
2022-01-04,54,1.601,6.6,a
2022-01-05,57,1.936,7.6,a
2022-01-06,80,4.729,6.1,a
2022-01-07,67,2.947,4.8,a
2022-01-08,61,2.362,3.3,a
2022-01-09,59,2.096,3.3,a
2022-01-10,57,1.875,4.1,a
2022-01-11,54,1.629,3.7,a
2022-01-12,52,1.456,2.9,a
2022-01-13,51,1.329,2.3,a
2022-01-14,51,1.313,2.6,a
2022-01-15,51,1.31,3,a
2022-01-16,50,1.27,3.1,a
2022-01-17,50,1.235,3.1,a
2022-01-18,49,1.161,3.4,a
2022-01-19,48,1.121,3,a
2022-01-20,48,1.118,3,a
2022-01-21,48,1.086,3.6,a
2022-01-22,47,1.043,3,a
2022-01-23,46,0.985,4,a
2022-01-24,46,0.985,4.2,a
2022-01-25,46,0.982,4.2,a
2022-01-26,45,0.942,3.7,a
2022-01-27,45,0.932,3.4,a
2022-01-28,45,0.921,3.5,a
2022-01-29,45,0.901,3.4,a
2022-01-30,45,0.906,3.4,a
2022-01-31,45,0.934,3.1,a
2022-02-01,46,0.956,4.2,a
2022-02-02,45,0.95,4.3,a
2022-02-03,45,0.921,4,a
2022-02-04,45,0.921,4.6,a
2022-02-05,45,0.921,5.5,a
2022-02-06,45,0.921,5.1,a
2022-02-07,46,0.977,6.1,a
2022-02-08,46,0.961,4.9,a
2022-02-09,45,0.921,4.4,a
2022-02-10,45,0.904,4.4,a
2022-02-11,45,0.906,5.3,a
2022-02-12,44,0.881,5.3,a
2022-02-13,44,0.864,4.5,a
2022-02-14,44,0.881,3.9,a
2022-02-15,49,1.262,5.1,a
2022-02-16,57,1.905,5.6,a
2022-02-17,49,1.214,5.6,a
2022-02-18,47,1.041,5.6,a
2022-02-19,50,1.309,7,a
2022-02-20,60,2.232,6.8,a
2022-02-21,57,1.941,6.4,a
2022-02-22,64,2.617,6.3,a
2022-02-23,56,1.775,6,a
2022-02-24,53,1.481,6.1,a
2022-02-25,53,1.531,6,a
2022-02-26,51,1.34,5.9,a
2022-02-27,49,1.194,5.4,a
2022-02-28,48,1.106,4.9,a
2022-03-01,47,1.051,4.6,a
2022-03-02,46,1.007,4.4,a
2022-03-03,46,1.015,4.6,a
2022-03-04,46,0.977,5,a
2022-03-05,45,0.924,4.5,a
2022-03-06,45,0.921,4.8,a
2022-03-07,45,0.899,4.7,a
2022-03-08,44,0.861,4.7,a
2022-03-09,44,0.849,4.7,a
2022-03-10,43,0.811,5.3,a
2022-03-11,43,0.788,6,a
2022-03-12,42,0.751,4.9,a
2022-03-13,42,0.754,4.5,a
2022-03-14,42,0.754,5.3,a
2022-03-15,42,0.745,5.8,a
2022-03-16,42,0.743,7.8,a
2022-03-17,42,0.743,8.6,a
2022-03-18,41,0.711,8,a
2022-03-19,41,0.698,7.3,a
2022-03-20,41,0.68,7.6,a
2022-03-21,41,0.676,6.8,a
2022-03-22,40,0.671,6.9,a
2022-03-23,40,0.661,7.4,a
2022-03-24,40,0.669,8.4,a
2022-03-25,40,0.669,9.1,a
2022-03-26,40,0.669,9.5,a
2022-03-27,40,0.663,9.8,a
2022-03-28,40,0.651,10.1,a
2022-03-29,40,0.651,10.3,a
2022-03-30,40,0.657,9.6,a
2022-03-31,49,1.272,9.4,a
2022-04-01,61,2.347,9.3,a
2022-04-02,70,3.381,8.1,a
2022-04-03,68,2.797,8,a
2022-04-04,58,1.783,8.3,a
2022-04-05,55,1.446,8.8,a
2022-04-06,52,1.259,9.8,a
2022-04-07,51,1.146,10.8,a
2022-04-08,49,1.054,10.6,a
2022-04-09,53,1.398,9.9,a
2022-04-10,55,1.478,8.8,a
2022-04-11,50,1.126,9.6,a
2022-04-12,49,1.013,10.3,a
2022-04-13,48,0.954,11.4,a
2022-04-14,47,0.897,12.6,a
2022-04-15,47,0.878,12.4,a
2022-04-16,47,0.885,12.2,a
2022-04-17,45,0.819,10.6,a
2022-04-18,45,0.805,10.4,a
2022-04-19,45,0.801,10.7,a
2022-04-20,46,0.87,10.5,a
2022-04-21,45,0.777,10.1,a
2022-04-22,50,1.119,10.4,a
2022-04-23,51,1.139,11.3,a
2022-04-24,47,0.924,12.3,a
2022-04-25,46,0.848,12.3,a
2022-04-26,45,0.801,11.9,a
2022-04-27,60,2.064,11.9,a
2022-04-28,60,1.985,11.7,a
2022-04-29,52,1.248,12.4,a
2022-04-30,50,1.071,13,a
2022-05-01,50,1.141,12.8,a
2022-05-02,83,4.778,12.5,a
2022-05-03,65,2.442,13.1,a
2022-05-04,57,1.64,13.6,a
2022-05-05,53,1.314,13.7,a
2022-05-06,51,1.166,13.3,a
2022-05-07,52,1.209,12.9,a
2022-05-08,52,1.21,13.8,a
2022-05-09,49,1.024,14.6,a
2022-05-10,47,0.921,15.1,a
2022-05-11,46,0.864,15.8,a
2022-05-12,45,0.796,16.9,a
2022-05-13,45,0.823,17.2,a
2022-05-14,47,0.937,17.8,a
2022-05-15,45,0.786,17.9,a
2022-05-16,44,0.736,18.3,a
2022-05-17,43,0.69,18.3,a
2022-05-18,42,0.651,17.9,a
2022-05-19,41,0.616,16.9,a
2022-05-20,41,0.605,17.2,a
2022-05-21,42,0.659,18.1,a
2022-05-22,53,1.368,17.8,a
2022-05-23,44,0.733,18.7,a
2022-05-24,42,0.651,18.8,a
2022-05-25,41,0.616,18.9,a
2022-05-26,40,0.584,18.5,a
2022-05-27,40,0.567,18.8,a
2022-05-28,40,0.582,17.2,a
2022-05-29,43,0.688,14,a
2022-05-30,42,0.656,13.1,a
2022-05-31,41,0.607,14.9,a
2022-06-01,40,0.564,17.1,a
2022-06-02,42,0.718,18,a
2022-06-03,54,1.483,18.1,a
2022-06-04,44,0.763,19.6,a
2022-06-05,41,0.61,20,a
2022-06-06,40,0.582,20.4,a
2022-06-07,43,0.876,19.5,a
2022-06-08,59,1.941,16.9,a
2022-06-09,47,0.9,16.2,a
2022-06-10,43,0.719,16.1,a
2022-06-11,41,0.61,17.2,a
2022-06-12,40,0.565,18.1,a
2022-06-13,39,0.529,18.8,a
2022-06-14,38,0.505,19.2,a
2022-06-15,37,0.481,19,a
2022-06-16,43,0.894,19.3,a
2022-06-17,55,1.525,20.6,a
2022-06-18,42,0.667,20.4,a
2022-06-19,39,0.551,20.4,a
2022-06-20,38,0.513,20.6,a
2022-06-21,37,0.481,21.2,a
2022-06-22,38,0.512,21,a
2022-06-23,37,0.49,21,a
2022-06-24,40,0.596,21.3,a
2022-06-25,39,0.531,20.8,a
2022-06-26,38,0.499,21,a
2022-06-27,36,0.445,21.6,a
2022-06-28,35,0.425,21.8,a
2022-06-29,35,0.421,22.1,a
2022-06-30,34,0.406,22.2,a
2022-07-01,34,0.403,22.3,a
2022-07-02,34,0.401,21.6,a
2022-07-03,34,0.401,21.6,a
2022-07-04,34,0.401,22.1,a
2022-07-05,45,0.873,21.6,a
2022-07-06,39,0.552,21.7,a
2022-07-07,39,0.603,20.5,a
2022-07-08,47,0.896,19.7,a
2022-07-09,38,0.512,19.1,a
2022-07-10,37,0.47,18.8,a
2022-07-11,36,0.442,19.1,a
2022-07-12,34,0.411,19.2,a
2022-07-13,35,0.412,19.6,a
2022-07-14,34,0.398,20.6,a
2022-07-15,33,0.385,20.6,a
2022-07-16,34,0.407,20.8,a
2022-07-17,33,0.383,21,a
2022-07-18,32,0.369,20.4,a
2022-07-19,32,0.364,20.3,a
2022-07-20,32,0.357,20.5,a
2022-07-21,31,0.348,20.9,a
2022-07-22,31,0.347,21.7,a
2022-07-23,31,0.348,22,a
2022-07-24,32,0.359,22.4,a
2022-07-25,32,0.364,22.5,a
2022-07-26,32,0.357,21.7,a
2022-07-27,32,0.364,20.6,a
2022-07-28,31,0.355,20.4,a
2022-07-29,31,0.342,20.6,a
2022-07-30,32,0.357,20.3,a
2022-07-31,32,0.368,19.6,a
2022-08-01,32,0.364,20.2,a
2022-08-02,33,0.387,20.4,a
2022-08-03,32,0.372,20.3,a
2022-08-04,32,0.361,20.8,a
2022-08-05,31,0.349,21.4,a
2022-08-06,31,0.353,21.8,a
2022-08-07,31,0.348,20.4,a
2022-08-08,31,0.344,19.4,a
2022-08-09,30,0.34,19.3,a
2022-08-10,31,0.345,19.1,a
2022-08-11,31,0.342,18.7,a
2022-08-12,31,0.346,18.7,a
2022-08-13,32,0.365,16.8,a
2022-08-14,34,0.392,17.2,a
2022-08-15,32,0.363,18.5,a
2022-08-16,31,0.348,19.2,a
2022-08-17,31,0.348,19.9,a
2022-08-18,32,0.364,20.3,a
2022-08-19,36,0.448,19.6,a
2022-08-20,37,0.496,19.3,a
2022-08-21,39,0.546,18.9,a
2022-08-22,39,0.529,18,a
2022-08-23,39,0.551,17.8,a
2022-08-24,39,0.534,18.3,a
2022-08-25,38,0.509,19.4,a
2022-08-26,38,0.506,19.5,a
2022-08-27,38,0.504,19.3,a
2022-08-28,38,0.5,19.1,a
2022-08-29,39,0.546,19.5,a
2022-08-30,40,0.584,19.5,a
2022-08-31,39,0.545,19.2,a
2022-09-01,45,0.775,17.8,a
2022-09-02,41,0.605,17.2,a
2022-09-03,39,0.554,17.1,a
2022-09-04,39,0.539,17.3,a
2022-09-05,40,0.567,17.6,a
2022-09-06,39,0.527,18.3,a
2022-09-07,38,0.51,18.9,a
2022-09-08,40,0.603,18.1,a
2022-09-09,48,0.998,17.4,a
2022-09-10,48,0.965,17.6,a
2022-09-11,45,0.802,16.9,a
2022-09-12,42,0.646,16.4,a
2022-09-13,40,0.582,16.4,a
2022-09-14,40,0.564,16.8,a
2022-09-15,59,2.776,17.1,a
2022-09-16,145,15.934,15.3,a
2022-09-17,170,22.354,13.1,a
2022-09-18,110,9.513,13.2,a
2022-09-19,90,6.042,13.8,a
2022-09-20,83,5.024,13.5,a
2022-09-21,80,4.702,13.5,a
2022-09-22,79,4.504,13.2,a
2022-09-23,77,4.205,13.1,a
2022-09-24,75,3.95,13.2,a
2022-09-25,96,7.711,13.3,a
2022-09-26,123,12.123,13,a
2022-09-27,110,9.379,12.7,a
2022-09-28,100,7.661,12.4,a
2022-09-29,144,16.722,12.5,a
2022-09-30,178,24.13,12.4,a
2022-10-01,135,14.387,13,a
2022-10-02,105,8.547,12.5,a
2022-10-03,98,7.32,12.7,a
2022-10-04,97,7.121,12.3,a
2022-10-05,92,6.444,12.5,a
2022-10-06,89,5.935,13,a
2022-10-07,86,5.532,13.2,a
2022-10-08,84,5.204,13.2,a
2022-10-09,81,4.776,13.3,a
2022-10-10,57,1.878,13.3,a
2022-10-11,51,1.316,13,a
2022-10-12,49,1.223,13,a
2022-10-13,48,1.121,12.5,a
2022-10-14,48,1.098,12.5,a
2022-10-15,47,1.051,12.4,a
2022-10-16,46,1.015,12.5,a
2022-10-17,45,0.942,12.6,a
2022-10-18,45,0.916,12.5,a
2022-10-19,44,0.866,12.5,a
2022-10-20,44,0.847,13,a
2022-10-21,43,0.823,12.6,a
2022-10-22,57,2.319,13,a
2022-10-23,69,3.291,12.7,a
2022-10-24,55,1.657,13.3,a
2022-10-25,69,3.36,13.5,a
2022-10-26,67,2.967,12.8,a
2022-10-27,57,1.898,13,a
2022-10-28,54,1.562,12.4,a
2022-10-29,51,1.373,12.2,a
2022-10-30,50,1.27,12.2,a
2022-10-31,49,1.182,12.1,a
2022-11-01,48,1.089,11.7,a
2022-11-02,47,1.035,12.2,a
2022-11-03,46,0.985,12.8,a
2022-11-04,52,1.515,12.7,a
2022-11-05,56,1.758,11.5,a
2022-11-06,50,1.274,10.2,a
2022-11-07,48,1.152,10.1,a
2022-11-08,47,1.051,9.4,a
2022-11-09,47,1.029,9.8,a
2022-11-10,62,2.627,11.2,a
2022-11-11,68,3.136,11.1,a
2022-11-12,59,2.089,10.5,a
2022-11-13,56,1.761,10.1,a
2022-11-14,54,1.561,10.3,a
2022-11-15,52,1.47,10.8,a
2022-11-16,56,1.831,10.7,a
2022-11-17,60,2.206,10.6,a
2022-11-18,63,2.524,10.4,a
2022-11-19,71,3.447,9.8,a
2022-11-20,67,2.998,9,a
2022-11-21,64,2.659,8.5,a
2022-11-22,64,2.681,8.2,a
2022-11-23,83,5.051,8.3,a
2022-11-24,71,3.514,8.3,a
2022-11-25,63,2.569,7.8,a
2022-11-26,59,2.131,7.6,a
2022-11-27,57,1.841,7,a
2022-11-28,55,1.713,6.7,a
2022-11-29,54,1.58,7.1,a
2022-11-30,52,1.425,6.8,a
2022-12-01,51,1.356,6.8,a
2022-12-02,52,1.457,6.8,a
2022-12-03,53,1.559,6.7,a
2022-12-04,65,2.761,6.8,a
2022-12-05,75,4.053,7.2,a
2022-12-06,127,12.743,8,a
2022-12-07,91,6.205,7.9,a
2022-12-08,77,4.289,7.7,a
2022-12-09,112,11.326,7.4,a
2022-12-10,170,22.216,8,a
2022-12-11,128,12.907,7.6,a
2022-12-12,120,11.303,6.8,a
2022-12-13,111,9.611,6.1,a
2022-12-14,106,8.587,6,a
2022-12-15,97,7.195,5.6,a
2022-12-16,139,15.3,6.4,a
2022-12-17,147,16.966,6.9,a
2022-12-18,125,12.171,6.5,a
2022-12-19,104,8.367,6.4,a
2022-12-20,88,5.845,6.3,a
2022-12-21,82,4.863,6.5,a
2022-12-22,76,4.124,7.2,a
2022-12-23,72,3.586,7.7,a
2022-12-24,68,3.162,8.1,a
2022-12-25,65,2.754,8,a
2022-12-26,63,2.544,8.1,a
2022-12-27,61,2.334,8.5,a
2022-12-28,59,2.091,7.8,a
2022-12-29,58,1.97,6.7,a
2022-12-30,58,1.963,8,a
2022-12-31,59,2.092,8.5,a
2023-01-01,57,1.841,8.7,a
2023-01-02,55,1.725,8.4,a
2023-01-03,55,1.731,8.3,a
2023-01-04,56,1.817,8.5,a
2023-01-05,56,1.745,8.4,a
2023-01-06,54,1.605,7.8,a
2023-01-07,53,1.517,7.4,a
2023-01-08,53,1.517,7.7,a
2023-01-09,93,7.051,8.2,a
2023-01-10,108,9.191,7.9,a
2023-01-11,79,4.561,6.6,a
2023-01-12,71,3.495,6.7,a
2023-01-13,67,2.949,6.5,a
2023-01-14,63,2.559,6.7,a
2023-01-15,62,2.38,6.4,a
2023-01-16,130,13.723,6.1,a
2023-01-17,133,13.928,5.8,a
2023-01-18,142,15.906,6.3,a
2023-01-19,138,15.083,6.5,a
2023-01-20,124,12.051,6.2,a
2023-01-21,104,8.356,5.5,a
2023-01-22,87,5.7,5.6,a
2023-01-23,115,10.96,5.6,a
2023-01-24,132,13.773,6.2,a
2023-01-25,116,10.525,6.2,a
2023-01-26,102,7.906,6.1,a
2023-01-27,92,6.339,5.7,a
2023-01-28,84,5.172,5.3,a
2023-01-29,78,4.348,5.5,a
2023-01-30,74,3.907,5.2,a
2023-01-31,71,3.488,4.7,a
2023-02-01,69,3.177,4.6,a
2023-02-02,67,3.047,4.8,a
2023-02-03,66,2.895,5.6,a
2023-02-04,66,2.836,5.6,a
2023-02-05,65,2.72,4.9,a
2023-02-06,63,2.488,4,a
2023-02-07,60,2.251,3.2,a
2023-02-08,59,2.1,2.9,a
2023-02-09,58,2.013,3.4,a
2023-02-10,57,1.898,2.9,a
2023-02-11,56,1.796,3.1,a
2023-02-12,56,1.756,4.2,a
2023-02-13,55,1.697,5.1,a
2023-02-14,55,1.674,4.7,a
2023-02-15,55,1.651,4.6,a
2023-02-16,55,1.666,4.7,a
2023-02-17,55,1.705,5.5,a
2023-02-18,57,1.891,6.5,a
2023-02-19,61,2.274,7,a
2023-02-20,59,2.124,6.4,a
2023-02-21,57,1.853,6.8,a
2023-02-22,56,1.748,6.7,a
2023-02-23,54,1.647,6.5,a
2023-02-24,54,1.561,6.7,a
2023-02-25,54,1.603,7.7,a
2023-02-26,61,2.263,6,a
2023-02-27,56,1.798,5,a
2023-02-28,54,1.579,4.8,a
2023-03-01,53,1.528,5.2,a
2023-03-02,56,1.749,5.7,a
2023-03-03,57,1.915,6.2,a
2023-03-04,57,1.857,6.3,a
2023-03-05,56,1.768,6,a
2023-03-06,55,1.693,5.9,a
2023-03-07,56,1.761,6.6,a
2023-03-08,54,1.647,7.4,a
2023-03-09,54,1.598,8.5,a
2023-03-10,53,1.517,8.9,a
2023-03-11,53,1.554,9,a
2023-03-12,51,1.387,8.2,a
2023-03-13,50,1.27,7.7,a
2023-03-14,51,1.352,8.8,a
2023-03-15,52,1.451,8.7,a
2023-03-16,49,1.223,7.7,a
2023-03-17,48,1.136,7.3,a
2023-03-18,48,1.127,7.8,a
2023-03-19,48,1.121,8.4,a
2023-03-20,48,1.121,8.9,a
2023-03-21,47,1.074,9.3,a
2023-03-22,47,1.051,10.2,a
2023-03-23,47,1.046,10.6,a
2023-03-24,46,1.004,10.9,a
2023-03-25,57,2.001,10.6,a
2023-03-26,59,2.158,9.8,a
2023-03-27,140,15.711,9.1,a
2023-03-28,104,8.368,8.3,a
2023-03-29,74,3.833,8.3,a
2023-03-30,67,3.033,8.9,a
2023-03-31,64,2.696,9.4,a
2023-04-01,84,5.277,9.8,a
2023-04-02,71,3.522,10.1,a
2023-04-03,65,2.74,9.8,a
2023-04-04,61,2.362,7.8,a
2023-04-05,59,2.122,7.7,a
2023-04-06,58,1.949,7.9,a
2023-04-07,56,1.812,8.8,a
2023-04-08,55,1.725,9.4,a
2023-04-09,55,1.694,9.3,a
2023-04-10,53,1.528,9.5,a
2023-04-11,52,1.463,9.2,a
2023-04-12,52,1.411,10.1,a
2023-04-13,70,3.63,9.9,a
2023-04-14,118,10.967,8.8,a
2023-04-15,98,7.376,9.1,a
2023-04-16,91,6.3,9.4,a
2023-04-17,78,4.43,10,a
2023-04-18,72,3.577,10.3,a
2023-04-19,67,3.003,11.1,a
2023-04-20,64,2.672,10.8,a
2023-04-21,62,2.399,11.1,a
2023-04-22,60,2.183,11.6,a
2023-04-23,58,1.987,12.3,a
2023-04-24,61,2.352,12,a
2023-04-25,63,2.548,11.6,a
2023-04-26,58,1.972,11.4,a
2023-04-27,56,1.752,12.1,a
2023-04-28,55,1.659,11.9,a
2023-04-29,54,1.572,12.8,a
2023-04-30,53,1.485,13.6,a
2023-05-01,52,1.4,12.9,a
2023-05-02,55,1.696,12.4,a
2023-05-03,55,1.735,12.3,a
2023-05-04,52,1.463,12.9,a
2023-05-05,51,1.323,14,a
2023-05-06,50,1.251,15.1,a
2023-05-07,49,1.213,15.7,a
2023-05-08,50,1.258,14.6,a
2023-05-09,49,1.164,13.8,a
2023-05-10,48,1.139,12.9,a
2023-05-11,68,3.363,12.2,a
2023-05-12,81,4.737,11.9,a
2023-05-13,97,7.285,11.8,a
2023-05-14,129,13.204,11.6,a
2023-05-15,121,11.56,12,a
2023-05-16,98,7.384,11.9,a
2023-05-17,95,6.896,11.4,a
2023-05-18,89,6.01,11.7,a
2023-05-19,77,4.198,12.3,a
2023-05-20,70,3.407,13.1,a
2023-05-21,66,2.852,14.3,a
2023-05-22,62,2.408,15.2,a
2023-05-23,59,2.096,15.6,a
2023-05-24,62,2.437,15,a
2023-05-25,58,1.977,15.6,a
2023-05-26,55,1.71,16.5,a
2023-05-27,53,1.532,16.6,a
2023-05-28,52,1.414,16.4,a
2023-05-29,51,1.313,16.6,a
2023-05-30,49,1.229,16.5,a
2023-05-31,49,1.219,15.4,a
2023-06-01,49,1.185,16.1,a
2023-06-02,49,1.168,16.9,a
2023-06-03,77,4.439,16.3,a
2023-06-04,61,2.273,16.4,a
2023-06-05,73,3.906,15.7,a
2023-06-06,103,8.294,15.1,a
2023-06-07,99,7.826,15.5,a
2023-06-08,120,11.191,14.7,a
2023-06-09,99,7.506,15.3,a
2023-06-10,104,8.518,14.9,a
2023-06-11,84,5.241,15.2,a
2023-06-12,77,4.248,15.8,a
2023-06-13,69,3.25,15.5,a
2023-06-14,64,2.659,15.7,a
2023-06-15,60,2.243,16.2,a
2023-06-16,59,2.052,15.8,a
2023-06-17,57,1.858,15.8,a
2023-06-18,55,1.698,16.7,a
2023-06-19,53,1.543,17.4,a
2023-06-20,51,1.384,18.3,a
2023-06-21,50,1.238,19.2,a
2023-06-22,49,1.17,19.7,a
2023-06-23,49,1.195,19.5,a
2023-06-24,50,1.241,18.6,a
2023-06-25,47,1.06,18.4,a
2023-06-26,46,0.993,18.9,a
2023-06-27,59,2.512,18.1,a
2023-06-28,75,4.002,17.4,a
2023-06-29,56,1.768,17.5,a
2023-06-30,51,1.344,18,a
2023-07-01,50,1.261,18,a
2023-07-02,50,1.294,18.1,a
2023-07-03,49,1.16,17.9,a
2023-07-04,65,2.79,17.8,a
2023-07-05,53,1.544,18.5,a
2023-07-06,50,1.242,18.2,a
2023-07-07,48,1.131,18.3,a
2023-07-08,46,0.999,18.5,a
2023-07-09,46,0.961,19.7,a
2023-07-10,44,0.889,20.4,a
2023-07-11,44,0.852,20.7,a
2023-07-12,44,0.872,20.5,a
2023-07-13,78,4.904,18.8,a
2023-07-14,82,5.154,18.3,a
2023-07-15,57,1.904,18.9,a
2023-07-16,51,1.378,19.8,a
2023-07-17,48,1.149,20.4,a
2023-07-18,49,1.257,20.7,a
2023-07-19,63,2.598,19.8,a
2023-07-20,58,2.009,19.8,a
2023-07-21,125,12.287,18.4,a
2023-07-22,107,8.92,17.5,a
2023-07-23,102,8.047,17.5,a
2023-07-24,79,4.66,18,a
2023-07-25,138,16.546,17.5,a
2023-07-26,171,22.546,16,a
2023-07-27,120,11.144,15.7,a
2023-07-28,109,9.235,16.2,a
2023-07-29,99,7.562,17.2,a
2023-07-30,88,5.888,17.6,a
2023-07-31,73,3.751,17.5,a
2023-08-01,74,3.98,17.1,a
2023-08-02,94,6.774,16.7,a
2023-08-03,76,4.084,17.2,a
2023-08-04,205,30.11,16.3,a
2023-08-05,256,41.65,14.8,a
2023-08-06,199,28.806,14.2,a
2023-08-07,147,16.991,14.3,a
2023-08-08,125,12.24,14.2,a
2023-08-09,112,9.634,14.2,a
2023-08-10,105,8.444,14.6,a
2023-08-11,100,7.693,14.9,a
2023-08-12,98,7.286,14.9,a
2023-08-13,97,7.12,15.2,a
2023-08-14,96,7.001,15.5,a
2023-08-15,94,6.753,15.7,a
2023-08-16,93,6.553,16.5,a
2023-08-17,93,6.517,17.9,a
2023-08-18,93,6.549,18.4,a
2023-08-19,83,5.184,17.6,a
2023-08-20,58,2.025,17.3,a
2023-08-21,55,1.737,17.7,a
2023-08-22,54,1.613,18.1,a
2023-08-23,53,1.51,18.4,a
2023-08-24,52,1.439,18.8,a
2023-08-25,51,1.373,19.3,a
2023-08-26,51,1.313,19.2,a
2023-08-27,50,1.245,19,a
2023-08-28,52,1.504,18.7,a
2023-08-29,72,3.716,17.5,a
2023-08-30,69,3.199,16.7,a
2023-08-31,71,3.511,16.6,a
2023-09-01,59,2.092,16.8,a
2023-09-02,54,1.641,16.9,a
2023-09-03,52,1.397,17.2,a
2023-09-04,50,1.258,17.2,a
2023-09-05,49,1.164,16.2,a
2023-09-06,48,1.106,16,a
2023-09-07,47,1.046,16.3,a
2023-09-08,46,1.002,16.3,a
2023-09-09,46,0.974,16.4,a
2023-09-10,45,0.942,16.4,a
2023-09-11,45,0.914,16.5,a
2023-09-12,44,0.884,16.7,a
2023-09-13,44,0.866,17,a
2023-09-14,51,1.432,17,a
2023-09-15,53,1.545,17.1,a
2023-09-16,47,1.026,16.5,a
2023-09-17,45,0.921,16.7,a
2023-09-18,44,0.881,16.6,a
2023-09-19,59,2.109,17.3,a
2023-09-20,49,1.226,16.7,a
2023-09-21,51,1.398,16.8,a
2023-09-22,49,1.195,16.7,a
2023-09-23,56,1.855,16.4,a
2023-09-24,60,2.162,15.2,a
2023-09-25,57,1.879,14.1,a
2023-09-26,51,1.354,14.7,a
2023-09-27,48,1.149,15.2,a
2023-09-28,47,1.029,14.9,a
2023-09-29,46,0.961,14.6,a
2023-09-30,45,0.921,14.3,a
2023-10-01,45,0.899,14.9,a
2023-10-02,44,0.861,14.9,a
2023-10-03,44,0.844,15.2,a
2023-10-04,43,0.804,14.8,a
2023-10-05,43,0.804,14.3,a
2023-10-06,43,0.793,14.1,a
2023-10-07,42,0.754,13.5,a
2023-10-08,42,0.751,14.4,a
2023-10-09,42,0.743,14.5,a
2023-10-10,42,0.732,14.6,a
2023-10-11,42,0.732,14.6,a
2023-10-12,41,0.709,14.4,a
2023-10-13,41,0.698,14.4,a
2023-10-14,41,0.698,14.6,a
2023-10-15,90,6.633,14.2,a
2023-10-16,73,3.864,12.5,a
2023-10-17,56,1.774,10.5,a
2023-10-18,51,1.364,10.8,a
2023-10-19,60,2.454,11.5,a
2023-10-20,96,7.186,13.4,a
2023-10-21,88,5.84,13.8,a
2023-10-22,84,5.225,13.7,a
2023-10-23,65,2.792,12.9,a
2023-10-24,64,2.735,13.1,a
2023-10-25,126,12.657,13.5,a
2023-10-26,87,5.658,13.2,a
2023-10-27,178,24.381,13.4,a
2023-10-28,182,24.877,12.7,a
2023-10-29,124,12.068,12.3,a
2023-10-30,111,9.591,12.9,a
2023-10-31,163,20.962,13,a
2023-11-01,142,16.089,11.7,a
2023-11-02,119,11.087,11.9,a
2023-11-03,182,24.904,12.2,a
2023-11-04,144,16.434,11.2,a
2023-11-05,183,25.126,11.6,a
2023-11-06,136,14.633,11.6,a
2023-11-07,118,10.743,11,a
2023-11-08,111,9.616,10.7,a
2023-11-09,112,9.705,10.4,a
2023-11-10,136,14.716,10.6,a
2023-11-11,141,15.708,10.5,a
2023-11-12,112,9.72,9.4,a
2023-11-13,94,6.661,9.4,a
2023-11-14,86,5.485,10.6,a
2023-11-15,95,6.851,11,a
2023-11-16,84,5.135,9.5,a
2023-11-17,80,4.651,9.9,a
2023-11-18,75,3.935,8.5,a
2023-11-19,72,3.549,8,a
2023-11-20,69,3.283,7.8,a
2023-11-21,69,3.252,8.8,a
2023-11-22,67,2.949,8.5,a
2023-11-23,64,2.605,8,a
2023-11-24,63,2.553,7.4,a
2023-11-25,65,2.736,7.2,a
2023-11-26,61,2.343,6.1,a
2023-11-27,60,2.152,5.7,a
2023-11-28,60,2.232,7.1,a
2023-11-29,59,2.07,6.6,a
2023-11-30,85,6.413,5.7,a
2023-12-01,173,22.872,7.7,a
2023-12-02,158,19.632,8.7,a
2023-12-03,144,16.421,7.5,a
2023-12-04,121,11.47,6.5,a
2023-12-05,114,10.063,6.6,a
2023-12-06,103,8.201,7,a
2023-12-07,84,5.271,7,a
2023-12-08,80,4.594,6.5,a
2023-12-09,76,4.128,6.5,a
2023-12-10,77,4.305,6.4,a
2023-12-11,75,3.934,6.5,a
2023-12-12,73,3.685,7,a
2023-12-13,169,23.239,7.6,a
2023-12-14,204,29.804,8.1,a
2023-12-15,138,15.032,7.7,a
2023-12-16,117,10.648,7,a
2023-12-17,107,8.86,6.4,a
2023-12-18,103,8.2,6.4,a
2023-12-19,103,8.2,6.4,a
2023-12-20,104,8.286,6.2,a
2023-12-21,91,6.277,6,a
2023-12-22,74,3.844,6.5,a
2023-12-23,70,3.411,6,a
2023-12-24,67,3.003,6.8,a
2023-12-25,65,2.778,7.8,a
2023-12-26,64,2.596,7.9,a
2023-12-27,62,2.385,7.1,a
2023-12-28,61,2.255,7.9,a
2023-12-29,60,2.165,7.5,a
2023-12-30,59,2.074,7.8,a
2023-12-31,58,2.009,7.7,a
2024-01-01,86,5.709,7.9,a
2024-01-02,73,3.682,6.9,a
2024-01-03,67,3.037,7.7,a
2024-01-04,65,2.783,7.9,a
2024-01-05,63,2.549,6.8,a
2024-01-06,115,11.414,7.8,a
2024-01-07,135,14.321,7.9,a
2024-01-08,105,8.505,7,a
2024-01-09,94,6.697,5.8,a
2024-01-10,81,4.769,4.8,a
2024-01-11,73,3.775,4,a
2024-01-12,70,3.36,3.9,a
2024-01-13,67,3.052,4.7,a
2024-01-14,66,2.9,4.8,a
2024-01-15,65,2.807,6,a
2024-01-16,63,2.568,5.5,a
2024-01-17,63,2.521,5.1,a
2024-01-18,86,5.538,6.5,a
2024-01-19,108,9.181,5.5,a
2024-01-20,93,6.531,3.7,a
2024-01-21,82,4.892,3.2,a
2024-01-22,77,4.309,3.2,a
2024-01-23,75,3.95,3.9,a
2024-01-24,73,3.68,4.3,a
2024-01-25,75,4,5.1,a
2024-01-26,78,4.431,5.1,a
2024-01-27,77,4.277,5,a
2024-01-28,74,3.876,4.5,a
2024-01-29,71,3.513,4.1,a
2024-01-30,69,3.202,4,a
2024-01-31,67,2.998,4.1,a
2024-02-01,65,2.817,4.4,a
2024-02-02,64,2.672,5,a
2024-02-03,63,2.572,5.1,a
2024-02-04,62,2.464,5.3,a
2024-02-05,62,2.45,5.5,a
2024-02-06,63,2.506,6.1,a
2024-02-07,65,2.749,7.1,a
2024-02-08,62,2.413,7.3,a
2024-02-09,61,2.278,8.1,a
2024-02-10,62,2.424,8.4,a
2024-02-11,114,10.346,8.2,a
2024-02-12,114,10.144,8.2,a
2024-02-13,86,5.453,8,a
2024-02-14,76,4.114,6.8,a
2024-02-15,71,3.534,6.8,a
2024-02-16,68,3.152,6.9,a
2024-02-17,65,2.817,7.3,a
2024-02-18,63,2.577,8.5,a
2024-02-19,62,2.408,7.6,a
2024-02-20,60,2.237,7.6,a
2024-02-21,59,2.096,7.6,a
2024-02-22,58,2.009,7.4,a
2024-02-23,61,2.373,7.9,a
2024-02-24,78,4.468,8,a
2024-02-25,65,2.716,7.6,a
2024-02-26,62,2.408,7.5,a
2024-02-27,60,2.232,7.8,a
2024-02-28,61,2.278,8.7,a
2024-02-29,59,2.118,8.7,a
2024-03-01,61,2.358,8.8,a
2024-03-02,64,2.645,9.3,a
2024-03-03,65,2.817,9.7,a
2024-03-04,63,2.483,9.1,a
2024-03-05,61,2.33,9.6,a
2024-03-06,69,3.19,9.4,a
2024-03-07,64,2.696,8.9,a
2024-03-08,73,3.676,7.8,a
2024-03-09,72,3.567,7.8,a
2024-03-10,78,4.562,8.3,a
2024-03-11,129,13.168,8.5,a
2024-03-12,131,13.582,8.9,a
2024-03-13,98,7.298,8.7,a
2024-03-14,84,5.261,8.8,a
2024-03-15,77,4.311,9.4,a
2024-03-16,72,3.665,10.2,a
2024-03-17,69,3.193,10.1,a
2024-03-18,66,2.914,10.4,a
2024-03-19,65,2.73,9.9,a
2024-03-20,62,2.408,9.3,a
2024-03-21,63,2.578,9.8,a
2024-03-22,68,3.138,10.8,a
2024-03-23,69,3.396,10.5,a
2024-03-24,108,9.14,9.1,a
2024-03-25,84,5.165,9,a
2024-03-26,74,3.892,8.9,a
2024-03-27,74,3.961,10,a
2024-03-28,110,10.233,9.5,a
2024-03-29,138,15.007,9.8,a
2024-03-30,107,8.83,10.6,a
2024-03-31,89,5.883,10.8,a
2024-04-01,86,5.476,11.4,a
2024-04-02,96,7.035,11.3,a
2024-04-03,81,4.794,10.3,a
2024-04-04,76,4.107,11,a
2024-04-05,72,3.586,11.6,a
2024-04-06,69,3.228,12.4,a
2024-04-07,66,2.929,13.1,a
2024-04-08,64,2.691,13.9,a
2024-04-09,63,2.492,14.1,a
2024-04-10,61,2.301,13.5,a
2024-04-11,59,2.061,12.7,a
2024-04-12,57,1.936,13.4,a
2024-04-13,57,1.853,14.2,a
2024-04-14,56,1.772,14.8,a
2024-04-15,55,1.701,15.1,a
2024-04-16,58,1.981,12.8,a
2024-04-17,60,2.202,10,a
2024-04-18,57,1.862,9.9,a
2024-04-19,55,1.659,9.9,a
2024-04-20,54,1.572,10,a
2024-04-21,53,1.492,9.6,a
2024-04-22,52,1.431,9.5,a
2024-04-23,57,1.894,8.7,a
2024-04-24,66,2.895,8.6,a
2024-04-25,70,3.357,8.9,a
2024-04-26,62,2.471,10,a
2024-04-27,58,1.959,10.4,a
2024-04-28,55,1.737,11.7,a
2024-04-29,54,1.572,12.9,a
2024-04-30,52,1.439,14.3,a
2024-05-01,51,1.387,14.4,a
2024-05-02,53,1.54,13.9,a
2024-05-03,57,1.915,12.4,a
2024-05-04,59,2.105,13.3,a
2024-05-05,53,1.544,14,a
2024-05-06,52,1.393,13.9,a
2024-05-07,51,1.336,13.5,a
2024-05-08,83,5.322,13.5,a
2024-05-09,69,3.234,14.1,a
2024-05-10,60,2.16,14,a
2024-05-11,56,1.801,14.7,a
2024-05-12,54,1.606,15.2,a
2024-05-13,53,1.528,15,a
2024-05-14,57,1.867,14.5,a
2024-05-15,54,1.57,14.7,a
2024-05-16,52,1.453,14.8,a
2024-05-17,72,3.608,14.5,a
2024-05-18,57,1.928,14.7,a
2024-05-19,54,1.603,15.1,a
2024-05-20,52,1.435,15.9,a
2024-05-21,72,4.019,15.4,a
2024-05-22,85,5.441,15,a
2024-05-23,73,3.715,14.8,a
2024-05-24,71,3.509,14.7,a
2024-05-25,63,2.507,14.6,a
2024-05-26,59,2.126,15,a
2024-05-27,57,1.866,15.4,a
2024-05-28,57,1.853,16,a
2024-05-29,55,1.729,15.9,a
2024-05-30,57,1.941,15.7,a
2024-05-31,107,10.378,14.5,a
2024-06-01,122,11.848,13.6,a
2024-06-02,83,5.06,14.6,a
2024-06-03,98,7.477,14.5,a
2024-06-04,87,5.666,14.7,a
2024-06-05,77,4.271,15.2,a
2024-06-06,68,3.1,16.1,a
2024-06-07,63,2.507,16.9,a
2024-06-08,60,2.163,17.6,a
2024-06-09,57,1.924,17.7,a
2024-06-10,56,1.776,17.3,a
2024-06-11,119,11.721,15.5,a
2024-06-12,106,8.668,14.2,a
2024-06-13,85,5.309,13.4,a
2024-06-14,73,3.752,13.8,a
2024-06-15,67,2.994,14.7,a
2024-06-16,63,2.512,15.7,a
2024-06-17,59,2.128,16.2,a
2024-06-18,56,1.821,17.2,a
2024-06-19,54,1.637,18,a
2024-06-20,53,1.488,18.4,a
2024-06-21,52,1.414,18.5,a
2024-06-22,53,1.507,18.7,a
2024-06-23,52,1.409,18.5,a
2024-06-24,50,1.287,17.8,a
2024-06-25,50,1.271,17.4,a
2024-06-26,52,1.405,17.6,a
2024-06-27,50,1.251,17.8,a
2024-06-28,48,1.128,18.6,a
2024-06-29,47,1.041,19.5,a
2024-06-30,46,0.98,19.9,a
2024-07-01,72,4.358,18.9,a
2024-07-02,73,3.79,17.7,a
2024-07-03,55,1.711,17,a
2024-07-04,51,1.387,17.1,a
2024-07-05,49,1.208,17.6,a
2024-07-06,47,1.081,18.2,a
2024-07-07,50,1.331,18.5,a
2024-07-08,49,1.204,19,a
2024-07-09,47,1.046,19.9,a
2024-07-10,47,1.049,20.5,a
2024-07-11,46,0.991,20.9,a
2024-07-12,55,1.94,20.9,a
2024-07-13,58,1.967,20.6,a
2024-07-14,51,1.325,20.5,a
2024-07-15,48,1.113,20.1,a
2024-07-16,47,1.029,20.3,a
2024-07-17,46,0.961,20.6,a
2024-07-18,45,0.906,20.8,a
2024-07-19,45,0.979,20.8,a
2024-07-20,74,3.819,19.7,a
2024-07-21,59,2.149,19.8,a
2024-07-22,53,1.6,20.2,a
2024-07-23,56,1.781,19.7,a
2024-07-24,55,1.693,18.7,a
2024-07-25,50,1.28,18.7,a
2024-07-26,47,1.072,18.9,a
2024-07-27,46,0.961,19.6,a
2024-07-28,45,0.909,20,a
2024-07-29,45,0.901,19.8,a
2024-07-30,44,0.835,19.5,a
2024-07-31,43,0.802,19.4,a
2024-08-01,43,0.793,19.4,a
2024-08-02,47,1.066,19.7,a
2024-08-03,64,2.651,21,a
2024-08-04,50,1.241,19.6,a
2024-08-05,48,1.137,19.1,a
2024-08-06,46,0.977,19.5,a
2024-08-07,48,1.274,19.4,a
2024-08-08,70,3.508,20.4,a
2024-08-09,75,4.136,20,a
2024-08-10,53,1.535,20.2,a
2024-08-11,48,1.155,20.5,a
2024-08-12,46,1.004,20.8,a
2024-08-13,45,0.916,20.8,a
2024-08-14,45,0.906,20.4,a
2024-08-15,44,0.844,19.7,a
2024-08-16,43,0.795,20,a
2024-08-17,43,0.789,20.1,a
2024-08-18,52,1.642,19.6,a
2024-08-19,54,1.637,19.6,a
2024-08-20,75,4.038,19.9,a
2024-08-21,54,1.606,20,a
2024-08-22,48,1.143,19.3,a
2024-08-23,46,1.004,18.8,a
2024-08-24,45,0.909,19.4,a
2024-08-25,44,0.869,19.6,a
2024-08-26,43,0.804,19.7,a
2024-08-27,43,0.817,19,a
2024-08-28,43,0.8,19.1,a
2024-08-29,43,0.798,19.3,a
2024-08-30,43,0.793,19.5,a
2024-08-31,41,0.719,19.5,a
2024-09-01,41,0.698,19.3,a
2024-09-02,41,0.698,19.1,a
2024-09-03,40,0.663,18.9,a
2024-09-04,40,0.651,18.8,a
2024-09-05,40,0.66,18.3,a
2024-09-06,49,1.239,18.5,a
2024-09-07,43,0.807,18.7,a
2024-09-08,42,0.733,18.2,a
2024-09-09,73,3.805,18.4,a
2024-09-10,59,2.15,17.6,a
2024-09-11,49,1.202,17.1,a
2024-09-12,150,20.086,15.9,a
2024-09-13,189,26.377,13.7,a
2024-09-14,121,11.36,13.8,a
2024-09-15,109,9.193,13.7,a
2024-09-16,102,7.954,13.7,a
2024-09-17,84,5.336,13.6,a
2024-09-18,65,2.809,13.3,a
2024-09-19,61,2.339,14.2,a
2024-09-20,58,1.942,14.6,a
2024-09-21,55,1.674,14.7,a
2024-09-22,54,1.561,14.1,a
2024-09-23,52,1.414,14.2,a
2024-09-24,61,2.329,15,a
2024-09-25,63,2.563,15.1,a
2024-09-26,59,2.043,15,a
2024-09-27,58,1.945,15.5,a
2024-09-28,64,2.751,15.2,a
2024-09-29,75,3.984,13.7,a
2024-09-30,62,2.405,12.7,a
2024-10-01,58,1.988,12.4,a
2024-10-02,87,7.135,13.3,a
2024-10-03,167,21.711,12.8,a
2024-10-04,156,19.258,12.2,a
2024-10-05,118,10.934,12.4,a
2024-10-06,108,8.956,12.4,a
2024-10-07,93,6.641,12.3,a
2024-10-08,72,3.649,13.1,a
2024-10-09,81,4.732,13.9,a
2024-10-10,97,8.615,14.1,a
2024-10-11,181,24.722,13.2,a
2024-10-12,134,14.149,13,a
2024-10-13,114,10.17,12.6,a
2024-10-14,105,8.564,12.5,a
2024-10-15,81,4.763,12.3,a
2024-10-16,73,3.722,12.7,a
2024-10-17,70,3.416,12.4,a
2024-10-18,68,3.152,12.4,a
2024-10-19,70,3.365,12.5,a
2024-10-20,66,2.856,12.6,a
2024-10-21,63,2.53,11.9,a
2024-10-22,61,2.352,12.2,a
2024-10-23,60,2.196,12.8,a
2024-10-24,93,6.525,12.9,a
2024-10-25,79,4.488,12.8,a
2024-10-26,71,3.54,13.1,a
2024-10-27,68,3.073,13.1,a
2024-10-28,65,2.711,12.7,a
2024-10-29,62,2.464,12.9,a
2024-10-30,61,2.269,12.1,a
2024-10-31,59,2.126,11.7,a
2024-11-01,58,2,11.4,a
2024-11-02,57,1.895,11.1,a
2024-11-03,56,1.772,11,a
2024-11-04,55,1.693,9.5,a
2024-11-05,54,1.605,8.6,a
2024-11-06,53,1.521,8.2,a
2024-11-07,53,1.474,8.3,a
2024-11-08,52,1.431,8.3,a
2024-11-09,51,1.366,8.3,a
2024-11-10,51,1.349,8.1,a
2024-11-11,51,1.329,8,a
2024-11-12,50,1.27,7.7,a
2024-11-13,49,1.226,7.3,a
2024-11-14,49,1.194,6.9,a
2024-11-15,49,1.194,6.2,a
2024-11-16,49,1.164,6.1,a
2024-11-17,48,1.121,5.8,a
2024-11-18,48,1.115,6.3,a
2024-11-19,48,1.127,7.6,a
2024-11-20,55,1.754,8.5,a
2024-11-21,54,1.615,6.9,a
2024-11-22,66,2.906,5.2,a
2024-11-23,63,2.552,5.2,a
2024-11-24,57,1.925,5,a
2024-11-25,60,2.223,5.5,a
2024-11-26,69,3.243,7.3,a
2024-11-27,116,11.153,8.2,a
2024-11-28,103,8.339,8.4,a
2024-11-29,80,4.62,7.9,a
2024-11-30,71,3.428,7.4,a
2024-12-01,66,2.861,6.8,a
2024-12-02,63,2.544,6.7,a
2024-12-03,61,2.287,6.2,a
2024-12-04,59,2.083,6.8,a
2024-12-05,57,1.936,6.3,a
2024-12-06,56,1.812,5.1,a
2024-12-07,56,1.784,4.8,a
2024-12-08,55,1.729,5.2,a
2024-12-09,54,1.633,5.8,a
2024-12-10,52,1.467,6.1,a
2024-12-11,52,1.431,6,a
2024-12-12,51,1.359,6.2,a
2024-12-13,51,1.349,5.9,a
2024-12-14,51,1.349,5.4,a
2024-12-15,51,1.316,4.8,a
2024-12-16,50,1.238,4.9,a
2024-12-17,49,1.194,4.8,a
2024-12-18,49,1.194,4.8,a
2024-12-19,49,1.207,5.2,a
2024-12-20,85,5.521,6.3,a
2024-12-21,68,3.08,5,a
2024-12-22,61,2.288,4.2,a
2024-12-23,73,3.777,4.9,a
2024-12-24,66,2.844,4.8,a
2024-12-25,61,2.257,5,a
2024-12-26,58,1.975,4,a
2024-12-27,56,1.821,3.4,a
2024-12-28,56,1.748,3.4,a
2024-12-29,54,1.647,3.4,a
2024-12-30,54,1.568,3.3,a
2024-12-31,53,1.496,3.3,a
2026-09-06,33.7,0.42,18.4,m
2026-09-07,33.1,0.406,18,m
2026-09-08,33,0.403,18.1,m
2026-09-09,34.7,0.455,17.8,m
2026-09-10,71.5,4.195,17.2,m
2026-09-11,131.2,13.658,15.4,m
2026-09-12,83.9,5.387,16.1,m
2026-09-13,54.8,1.69,15.5,m
2026-09-14,47.9,1.116,16.3,m
2026-09-15,45.8,0.969,16.3,m
2026-09-16,43.5,0.833,15.8,m
2026-09-17,46.7,1.065,15.5,m
2026-09-18,48.7,1.177,15.6,m
2026-09-19,44.3,0.88,16.1,m
2026-09-20,42,0.749,16.1,m
2026-09-21,40.9,0.694,15.9,m
2026-09-22,39.9,0.647,14.5,m
2026-09-23,38.9,0.602,13.3,m
2026-09-24,38.8,0.595,12.9,m
2026-09-25,38.6,0.59,13.1,m
2026-09-26,38,0.564,12.7,m
2026-09-27,38,0.562,12.8,m
2026-09-28,37,0.526,13,m
2026-09-29,36.8,0.518,13.1,m
2026-09-30,36,0.489,13.1,m
2026-10-01,36,0.489,12.9,m
2026-10-02,36,0.49,12.4,m
2026-10-03,35.6,0.478,12,m
2026-10-04,36,0.49,11.7,m
2026-10-05,36,0.49,11.6,m
2026-10-06,35.8,0.485,11.5,m
2026-10-07,36,0.489,12,m
2026-10-08,41.7,0.78,13.3,m
2026-10-09,46.7,1.044,13.9,m
2026-10-10,41.4,0.722,13.3,m
