date,level,flow,temp,src
1977-09-22,42,,,a
1977-09-23,39,,,a
1977-09-24,35,,,a
1977-09-25,34,,,a
1977-09-26,34,,,a
1977-09-27,33,,,a
1977-09-28,32,,,a
1977-09-29,32,,,a
1977-09-30,31,,,a
1977-10-01,32,,,a
1977-10-02,32,,,a
1977-10-03,31,,,a
1977-10-04,30,,,a
1977-10-05,30,,,a
1977-10-06,29,,,a
1977-10-07,28,,,a
1977-10-08,27,,,a
1977-10-09,28,,,a
1977-10-10,28,,,a
1977-10-11,30,,,a
1977-10-12,32,,,a
1977-10-13,31,,,a
1977-10-14,32,,,a
1977-10-15,31,,,a
1977-10-16,30,,,a
1977-10-17,30,,,a
1977-10-18,31,,,a
1977-10-19,30,,,a
1977-10-20,29,,,a
1977-10-21,28,,,a
1977-10-22,29,,,a
1977-10-23,28,,,a
1977-10-24,27,,,a
1977-10-25,26,,,a
1977-10-26,25,,,a
1977-10-27,25,,,a
1977-10-28,24,,,a
1977-10-29,25,,,a
1977-10-30,27,,,a
1977-10-31,28,,,a
1977-11-01,30,,,a
1977-11-02,33,,,a
1977-11-03,35,,,a
1977-11-04,34,,,a
1977-11-05,32,,,a
1977-11-06,31,,,a
1977-11-07,30,,,a
1977-11-08,28,,,a
1977-11-09,28,,,a
1977-11-10,27,,,a
1977-11-11,26,,,a
1977-11-12,24,,,a
1977-11-13,32,,,a
1977-11-14,84,,,a
1977-11-15,80,,,a
1977-11-16,76,,,a
1977-11-17,72,,,a
1977-11-18,71,,,a
1977-11-19,70,,,a
1977-11-20,66,,,a
1977-11-21,62,,,a
1977-11-22,64,,,a
1977-11-23,62,,,a
1977-11-24,60,,,a
1977-11-25,59,,,a
1977-11-26,56,,,a
1977-11-27,55,,,a
1977-11-28,52,,,a
1977-11-29,49,,,a
1977-11-30,45,,,a
1977-12-01,42,,,a
1977-12-02,40,,,a
1977-12-03,36,,,a
1977-12-04,34,,,a
1977-12-05,30,,,a
1977-12-06,28,,,a
1977-12-07,30,,,a
1977-12-08,31,,,a
1977-12-09,31,,,a
1977-12-10,30,,,a
1977-12-11,30,,,a
1977-12-12,29,,,a
1977-12-13,30,,,a
1977-12-14,29,,,a
1977-12-15,28,,,a
1977-12-16,28,,,a
1977-12-17,29,,,a
1977-12-18,28,,,a
1977-12-19,27,,,a
1977-12-20,28,,,a
1977-12-21,27,,,a
1977-12-22,26,,,a
1977-12-23,25,,,a
1977-12-24,24,,,a
1977-12-25,24,,,a
1977-12-26,24,,,a
1977-12-27,22,,,a
1977-12-28,48,,,a
1977-12-29,90,,,a
1977-12-30,80,,,a
1977-12-31,72,,,a
1978-01-01,67,,,a
1978-01-02,61,,,a
1978-01-03,58,,,a
1978-01-04,52,,,a
1978-01-05,40,,,a
1978-01-06,36,,,a
1978-01-07,32,,,a
1978-01-08,30,,,a
1978-01-09,28,,,a
1978-01-10,27,,,a
1978-01-11,25,,,a
1978-01-12,22,,,a
1978-01-13,26,,,a
1978-01-14,28,,,a
1978-01-15,30,,,a
1978-01-16,29,,,a
1978-01-17,30,,,a
1978-01-18,29,,,a
1978-01-19,28,,,a
1978-01-20,27,,,a
1978-01-21,26,,,a
1978-01-22,27,,,a
1978-01-23,26,,,a
1978-01-24,25,,,a
1978-01-25,27,,,a
1978-01-26,30,,,a
1978-01-27,32,,,a
1978-01-28,35,,,a
1978-01-29,67,,,a
1978-01-30,75,,,a
1978-01-31,68,,,a
1978-02-01,61,,,a
1978-02-02,54,,,a
1978-02-03,51,,,a
1978-02-04,50,,,a
1978-02-05,48,,,a
1978-02-06,45,,,a
1978-02-07,41,,,a
1978-02-08,38,,,a
1978-02-09,36,,,a
1978-02-10,35,,,a
1978-02-11,34,,,a
1978-02-12,34,,,a
1978-02-13,33,,,a
1978-02-14,32,,,a
1978-02-15,33,,,a
1978-02-16,32,,,a
1978-02-17,31,,,a
1978-02-18,31,,,a
1978-02-19,30,,,a
1978-02-20,30,,,a
1978-02-21,28,,,a
1978-02-22,30,,,a
1978-02-23,35,,,a
1978-02-24,43,,,a
1978-02-25,52,,,a
1978-02-26,58,,,a
1978-02-27,56,,,a
1978-02-28,54,,,a
1978-03-01,54,,,a
1978-03-02,53,,,a
1978-03-03,54,,,a
1978-03-04,53,,,a
1978-03-05,52,,,a
1978-03-06,52,,,a
1978-03-07,54,,,a
1978-03-08,55,,,a
1978-03-09,53,,,a
1978-03-10,52,,,a
1978-03-11,53,,,a
1978-03-12,52,,,a
1978-03-13,50,,,a
1978-03-14,49,,,a
1978-03-15,47,,,a
1978-03-16,44,,,a
1978-03-17,43,,,a
1978-03-18,45,,,a
1978-03-19,50,,,a
1978-03-20,48,,,a
1978-03-21,47,,,a
1978-03-22,46,,,a
1978-03-23,44,,,a
1978-03-24,43,,,a
1978-03-25,40,,,a
1978-03-26,40,,,a
1978-03-27,39,,,a
1978-03-28,39,,,a
1978-03-29,38,,,a
1978-03-30,37,,,a
1978-03-31,38,,,a
1978-04-01,38,,,a
1978-04-02,39,,,a
1978-04-03,38,,,a
1978-04-04,38,,,a
1978-04-05,37,,,a
1978-04-06,38,,,a
1978-04-07,36,,,a
1978-04-08,37,,,a
1978-04-09,35,,,a
1978-04-10,32,,,a
1978-04-11,30,,,a
1978-04-12,96,,,a
1978-04-13,155,,,a
1978-04-14,126,,,a
1978-04-15,121,,,a
1978-04-16,115,,,a
1978-04-17,100,,,a
1978-04-18,85,,,a
1978-04-19,80,,,a
1978-04-20,76,,,a
1978-04-21,70,,,a
1978-04-22,65,,,a
1978-04-23,61,,,a
1978-04-24,54,,,a
1978-04-25,48,,,a
1978-04-26,45,,,a
1978-04-27,42,,,a
1978-04-28,41,,,a
1978-04-29,40,,,a
1978-04-30,38,,,a
1978-05-01,40,,,a
1978-05-02,41,,,a
1978-05-03,38,,,a
1978-05-04,37,,,a
1978-05-05,37,,,a
1978-05-06,38,,,a
1978-05-07,42,,,a
1978-05-08,42,,,a
1978-05-09,43,,,a
1978-05-10,44,,,a
1978-05-11,45,,,a
1978-05-12,43,,,a
1978-05-13,46,,,a
1978-05-14,75,,,a
1978-05-15,68,,,a
1978-05-16,55,,,a
1978-05-17,50,,,a
1978-05-18,48,,,a
1978-05-19,45,,,a
1978-05-20,50,,,a
1978-05-21,54,,,a
1978-05-22,57,,,a
1978-05-23,60,,,a
1978-05-24,63,,,a
1978-05-25,60,,,a
1978-05-26,58,,,a
1978-05-27,68,,,a
1978-05-28,64,,,a
1978-05-29,64,,,a
1978-05-30,80,,,a
1978-05-31,100,,,a
1978-06-01,92,,,a
1978-06-02,80,,,a
1978-06-03,76,,,a
1978-06-04,65,,,a
1978-06-05,63,,,a
1978-06-06,60,,,a
1978-06-07,58,,,a
1978-06-08,58,,,a
1978-06-09,57,,,a
1978-06-10,55,,,a
1978-06-11,69,,,a
1978-06-12,130,,,a
1978-06-13,159,,,a
1978-06-14,142,,,a
1978-06-15,110,,,a
1978-06-16,92,,,a
1978-06-17,80,,,a
1978-06-18,110,,,a
1978-06-19,100,,,a
1978-06-20,94,,,a
1978-06-21,80,,,a
1978-06-22,75,,,a
1978-06-23,70,,,a
1978-06-24,64,,,a
1978-06-25,66,,,a
1978-06-26,65,,,a
1978-06-27,63,,,a
1978-06-28,64,,,a
1978-06-29,62,,,a
1978-06-30,61,,,a
1978-07-01,60,,,a
1978-07-02,61,,,a
1978-07-03,60,,,a
1978-07-04,58,,,a
1978-07-05,76,,,a
1978-07-06,158,,,a
1978-07-07,135,,,a
1978-07-08,126,,,a
1978-07-09,100,,,a
1978-07-10,95,,,a
1978-07-11,98,,,a
1978-07-12,92,,,a
1978-07-13,88,,,a
1978-07-14,84,,,a
1978-07-15,90,,,a
1978-07-16,88,,,a
1978-07-17,86,,,a
1978-07-18,85,,,a
1978-07-19,80,,,a
1978-07-20,100,,,a
1978-07-21,95,,,a
1978-07-22,90,,,a
1978-07-23,88,,,a
1978-07-24,80,,,a
1978-07-25,75,,,a
1978-07-26,71,,,a
1978-07-27,64,,,a
1978-07-28,62,,,a
1978-07-29,60,,,a
1978-07-30,58,,,a
1978-07-31,55,,,a
1978-08-01,54,,,a
1978-08-02,55,,,a
1978-08-03,52,,,a
1978-08-04,50,,,a
1978-08-05,50,,,a
1978-08-06,54,,,a
1978-08-07,58,,,a
1978-08-08,60,,,a
1978-08-09,62,,,a
1978-08-10,60,,,a
1978-08-11,58,,,a
1978-08-12,56,,,a
1978-08-13,57,,,a
1978-08-14,57,,,a
1978-08-15,63,,,a
1978-08-16,65,,,a
1978-08-17,66,,,a
1978-08-18,64,,,a
1978-08-19,63,,,a
1978-08-20,62,,,a
1978-08-21,62,,,a
1978-08-22,60,,,a
1978-08-23,58,,,a
1978-08-24,55,,,a
1978-08-25,56,,,a
1978-08-26,55,,,a
1978-08-27,54,,,a
1978-08-28,55,,,a
1978-08-29,53,,,a
1978-08-30,52,,,a
1978-08-31,50,,,a
1978-09-01,62,,,a
1978-09-02,60,,,a
1978-09-03,59,,,a
1978-09-04,58,,,a
1978-09-05,56,,,a
1978-09-06,56,,,a
1978-09-07,55,,,a
1978-09-08,53,,,a
1978-09-09,52,,,a
1978-09-10,51,,,a
1978-09-11,50,,,a
1978-09-12,69,,,a
1978-09-13,105,,,a
1978-09-14,70,,,a
1978-09-15,65,,,a
1978-09-16,62,,,a
1978-09-17,60,,,a
1978-09-18,57,,,a
1978-09-19,54,,,a
1978-09-20,55,,,a
1978-09-21,53,,,a
1978-09-22,51,,,a
1978-09-23,50,,,a
1978-09-24,50,,,a
1978-09-25,49,,,a
1978-09-26,48,,,a
1978-09-27,79,,,a
1978-09-28,170,,,a
1978-09-29,120,,,a
1978-09-30,105,,,a
1978-10-01,116,,,a
1978-10-02,132,,,a
1978-10-03,112,,,a
1978-10-04,100,,,a
1978-10-05,94,,,a
1978-10-06,88,,,a
1978-10-07,80,,,a
1978-10-08,72,,,a
1978-10-09,70,,,a
1978-10-10,70,,,a
1978-10-11,68,,,a
1978-10-12,67,,,a
1978-10-13,65,,,a
1978-10-14,63,,,a
1978-10-15,61,,,a
1978-10-16,58,,,a
1978-10-17,55,,,a
1978-10-18,52,,,a
1978-10-19,50,,,a
1978-10-20,53,,,a
1978-10-21,52,,,a
1978-10-22,50,,,a
1978-10-23,49,,,a
1978-10-24,50,,,a
1978-10-25,52,,,a
1978-10-26,50,,,a
1978-10-27,48,,,a
1978-10-28,47,,,a
1978-10-29,48,,,a
1978-10-30,50,,,a
1978-10-31,48,,,a
1978-11-01,49,,,a
1978-11-02,50,,,a
1978-11-03,48,,,a
1978-11-04,51,,,a
1978-11-05,47,,,a
1978-11-06,46,,,a
1978-11-07,48,,,a
1978-11-08,47,,,a
1978-11-09,49,,,a
1978-11-10,50,,,a
1978-11-11,51,,,a
1978-11-12,49,,,a
1978-11-13,50,,,a
1978-11-14,48,,,a
1978-11-15,47,,,a
1978-11-16,48,,,a
1978-11-17,47,,,a
1978-11-18,49,,,a
1978-11-19,48,,,a
1978-11-20,49,,,a
1978-11-21,47,,,a
1978-11-22,46,,,a
1978-11-23,47,,,a
1978-11-24,46,,,a
1978-11-25,46,,,a
1978-11-26,45,,,a
1978-11-27,47,,,a
1978-11-28,49,,,a
1978-11-29,50,,,a
1978-11-30,50,,,a
1978-12-01,51,,,a
1978-12-02,50,,,a
1978-12-03,50,,,a
1978-12-04,49,,,a
1978-12-05,48,,,a
1978-12-06,48,,,a
1978-12-07,47,,,a
1978-12-08,46,,,a
1978-12-09,45,,,a
1978-12-10,46,,,a
1978-12-11,45,,,a
1978-12-12,44,,,a
1978-12-13,95,,,a
1978-12-14,105,,,a
1978-12-15,92,,,a
1978-12-16,88,,,a
1978-12-17,86,,,a
1978-12-18,80,,,a
1978-12-19,76,,,a
1978-12-20,70,,,a
1978-12-21,68,,,a
1978-12-22,65,,,a
1978-12-23,63,,,a
1978-12-24,60,,,a
1978-12-25,62,,,a
1978-12-26,61,,,a
1978-12-27,60,,,a
1978-12-28,65,,,a
1978-12-29,70,,,a
1978-12-30,122,,,a
1978-12-31,104,,,a
1979-01-01,90,,,a
1979-01-02,82,,,a
1979-01-03,76,,,a
1979-01-04,70,,,a
1979-01-05,68,,,a
1979-01-06,67,,,a
1979-01-07,65,,,a
1979-01-08,68,,,a
1979-01-09,70,,,a
1979-01-10,72,,,a
1979-01-11,68,,,a
1979-01-12,67,,,a
1979-01-13,67,,,a
1979-01-14,65,,,a
1979-01-15,64,,,a
1979-01-16,62,,,a
1979-01-17,62,,,a
1979-01-18,61,,,a
1979-01-19,60,,,a
1979-01-20,61,,,a
1979-01-21,60,,,a
1979-01-22,58,,,a
1979-01-23,56,,,a
1979-01-24,54,,,a
1979-01-25,60,,,a
1979-01-26,65,,,a
1979-01-27,68,,,a
1979-01-28,142,,,a
1979-01-29,182,,,a
1979-01-30,195,,,a
1979-01-31,150,,,a
1979-02-01,130,,,a
1979-02-02,98,,,a
1979-02-03,90,,,a
1979-02-04,86,,,a
1979-02-05,80,,,a
1979-02-06,76,,,a
1979-02-07,74,,,a
1979-02-08,70,,,a
1979-02-09,68,,,a
1979-02-10,65,,,a
1979-02-11,79,,,a
1979-02-12,85,,,a
1979-02-13,90,,,a
1979-02-14,96,,,a
1979-02-15,102,,,a
1979-02-16,110,,,a
1979-02-17,132,,,a
1979-02-18,125,,,a
1979-02-19,110,,,a
1979-02-20,98,,,a
1979-02-21,95,,,a
1979-02-22,91,,,a
1979-02-23,88,,,a
1979-02-24,84,,,a
1979-02-25,81,,,a
1979-02-26,75,,,a
1979-02-27,70,,,a
1979-02-28,66,,,a
1979-03-01,63,,,a
1979-03-02,62,,,a
1979-03-03,62,,,a
1979-03-04,61,,,a
1979-03-05,61,,,a
1979-03-06,60,,,a
1979-03-07,57,,,a
1979-03-08,90,,,a
1979-03-09,135,,,a
1979-03-10,124,,,a
1979-03-11,100,,,a
1979-03-12,88,,,a
1979-03-13,70,,,a
1979-03-14,65,,,a
1979-03-15,63,,,a
1979-03-16,65,,,a
1979-03-17,90,,,a
1979-03-18,82,,,a
1979-03-19,78,,,a
1979-03-20,70,,,a
1979-03-21,88,,,a
1979-03-22,135,,,a
1979-03-23,110,,,a
1979-03-24,104,,,a
1979-03-25,98,,,a
1979-03-26,92,,,a
1979-03-27,96,,,a
1979-03-28,98,,,a
1979-03-29,140,,,a
1979-03-30,145,,,a
1979-03-31,120,,,a
1979-04-01,112,,,a
1979-04-02,105,,,a
1979-04-03,90,,,a
1979-04-04,82,,,a
1979-04-05,76,,,a
1979-04-06,120,,,a
1979-04-07,112,,,a
1979-04-08,105,,,a
1979-04-09,96,,,a
1979-04-10,94,,,a
1979-04-11,85,,,a
1979-04-12,80,,,a
1979-04-13,76,,,a
1979-04-14,70,,,a
1979-04-15,68,,,a
1979-04-16,66,,,a
1979-04-17,65,,,a
1979-04-18,63,,,a
1979-04-19,62,,,a
1979-04-20,61,,,a
1979-04-21,60,,,a
1979-04-22,60,,,a
1979-04-23,58,,,a
1979-04-24,67,,,a
1979-04-25,110,,,a
1979-04-26,130,,,a
1979-04-27,115,,,a
1979-04-28,110,,,a
1979-04-29,106,,,a
1979-04-30,100,,,a
1979-05-01,96,,,a
1979-05-02,87,,,a
1979-05-03,106,,,a
1979-05-04,135,,,a
1979-05-05,125,,,a
1979-05-06,117,,,a
1979-05-07,96,,,a
1979-05-08,90,,,a
1979-05-09,83,,,a
1979-05-10,76,,,a
1979-05-11,70,,,a
1979-05-12,70,,,a
1979-05-13,69,,,a
1979-05-14,68,,,a
1979-05-15,67,,,a
1979-05-16,67,,,a
1979-05-17,65,,,a
1979-05-18,63,,,a
1979-05-19,60,,,a
1979-05-20,58,,,a
1979-05-21,59,,,a
1979-05-22,58,,,a
1979-05-23,58,,,a
1979-05-24,57,,,a
1979-05-25,57,,,a
1979-05-26,56,,,a
1979-05-27,57,,,a
1979-05-28,56,,,a
1979-05-29,55,,,a
1979-05-30,55,,,a
1979-05-31,54,,,a
1979-06-01,54,,,a
1979-06-02,55,,,a
1979-06-03,56,,,a
1979-06-04,55,,,a
1979-06-05,54,,,a
1979-06-06,54,,,a
1979-06-07,53,,,a
1979-06-08,53,,,a
1979-06-09,56,,,a
1979-06-10,54,,,a
1979-06-11,52,,,a
1979-06-12,50,,,a
1979-06-13,49,,,a
1979-06-14,70,,,a
1979-06-15,82,,,a
1979-06-16,74,,,a
1979-06-17,76,,,a
1979-06-18,79,,,a
1979-06-19,76,,,a
1979-06-20,74,,,a
1979-06-21,68,,,a
1979-06-22,65,,,a
1979-06-23,63,,,a
1979-06-24,60,,,a
1979-06-25,57,,,a
1979-06-26,55,,,a
1979-06-27,52,,,a
1979-06-28,50,,,a
1979-06-29,51,,,a
1979-06-30,58,,,a
1979-07-01,151,,,a
1979-07-02,105,,,a
1979-07-03,88,,,a
1979-07-04,82,,,a
1979-07-05,110,,,a
1979-07-06,87,,,a
1979-07-07,70,,,a
1979-07-08,68,,,a
1979-07-09,65,,,a
1979-07-10,62,,,a
1979-07-11,61,,,a
1979-07-12,59,,,a
1979-07-13,58,,,a
1979-07-14,55,,,a
1979-07-15,54,,,a
1979-07-16,55,,,a
1979-07-17,53,,,a
1979-07-18,51,,,a
1979-07-19,50,,,a
1979-07-20,50,,,a
1979-07-21,48,,,a
1979-07-22,65,,,a
1979-07-23,110,,,a
1979-07-24,90,,,a
1979-07-25,64,,,a
1979-07-26,60,,,a
1979-07-27,42,,,a
1979-07-28,38,,,a
1979-07-29,58,,,a
1979-07-30,56,,,a
1979-07-31,52,,,a
1979-08-01,51,,,a
1979-08-02,50,,,a
1979-08-03,48,,,a
1979-08-04,78,,,a
1979-08-05,63,,,a
1979-08-06,60,,,a
1979-08-07,58,,,a
1979-08-08,55,,,a
1979-08-09,60,,,a
1979-08-10,87,,,a
1979-08-11,80,,,a
1979-08-12,70,,,a
1979-08-13,65,,,a
1979-08-14,61,,,a
1979-08-15,58,,,a
1979-08-16,55,,,a
1979-08-17,54,,,a
1979-08-18,52,,,a
1979-08-19,50,,,a
1979-08-20,90,,,a
1979-08-21,80,,,a
1979-08-22,72,,,a
1979-08-23,65,,,a
1979-08-24,58,,,a
1979-08-25,147,,,a
1979-08-26,125,,,a
1979-08-27,112,,,a
1979-08-28,100,,,a
1979-08-29,80,,,a
1979-08-30,72,,,a
1979-08-31,65,,,a
1979-09-01,60,,,a
1979-09-02,58,,,a
1979-09-03,55,,,a
1979-09-04,50,,,a
1979-09-05,52,,,a
1979-09-06,51,,,a
1979-09-07,50,,,a
1979-09-08,48,,,a
1979-09-09,47,,,a
1979-09-10,46,,,a
1979-09-11,45,,,a
1979-09-12,48,,,a
1979-09-13,56,,,a
1979-09-14,54,,,a
1979-09-15,53,,,a
1979-09-16,54,,,a
1979-09-17,53,,,a
1979-09-18,52,,,a
1979-09-19,51,,,a
1979-09-20,50,,,a
1979-09-21,50,,,a
1979-09-22,52,,,a
1979-09-23,78,,,a
1979-09-24,115,,,a
1979-09-25,140,,,a
1979-09-26,115,,,a
1979-09-27,90,,,a
1979-09-28,78,,,a
1979-09-29,70,,,a
1979-09-30,65,,,a
1979-10-01,63,,,a
1979-10-02,62,,,a
1979-10-03,60,,,a
1979-10-04,58,,,a
1979-10-05,54,,,a
1979-10-06,50,,,a
1979-10-07,78,,,a
1979-10-08,70,,,a
1979-10-09,66,,,a
1979-10-10,60,,,a
1979-10-11,58,,,a
1979-10-12,57,,,a
1979-10-13,55,,,a
1979-10-14,72,,,a
1979-10-15,66,,,a
1979-10-16,64,,,a
1979-10-17,62,,,a
1979-10-18,60,,,a
1979-10-19,58,,,a
1979-10-20,56,,,a
1979-10-21,55,,,a
1979-10-22,53,,,a
1979-10-23,52,,,a
1979-10-24,51,,,a
1979-10-25,50,,,a
1979-10-26,51,,,a
1979-10-27,49,,,a
1979-10-28,48,,,a
1979-10-29,75,,,a
1979-10-30,80,,,a
1979-10-31,76,,,a
1979-11-01,67,,,a
1979-11-02,65,,,a
1979-11-03,64,,,a
1979-11-04,62,,,a
1979-11-05,60,,,a
1979-11-06,63,,,a
1979-11-07,62,,,a
1979-11-08,57,,,a
1979-11-09,53,,,a
1979-11-10,91,,,a
1979-11-11,150,,,a
1979-11-12,160,,,a
1979-11-13,115,,,a
1979-11-14,102,,,a
1979-11-15,145,,,a
1979-11-16,230,,,a
1979-11-17,195,,,a
1979-11-18,160,,,a
1979-11-19,126,,,a
1979-11-20,120,,,a
1979-11-21,115,,,a
1979-11-22,108,,,a
1979-11-23,104,,,a
1979-11-24,100,,,a
1979-11-25,92,,,a
1979-11-26,80,,,a
1979-11-27,75,,,a
1979-11-28,70,,,a
1979-11-29,68,,,a
1979-11-30,65,,,a
1979-12-01,63,,,a
1979-12-02,62,,,a
1979-12-03,60,,,a
1979-12-04,57,,,a
1979-12-05,55,,,a
1979-12-06,53,,,a
1979-12-07,51,,,a
1979-12-08,49,,,a
1979-12-09,50,,,a
1979-12-10,70,,,a
1979-12-11,96,,,a
1979-12-12,90,,,a
1979-12-13,82,,,a
1979-12-14,76,,,a
1979-12-15,70,,,a
1979-12-16,125,,,a
1979-12-17,100,,,a
1979-12-18,88,,,a
1979-12-19,82,,,a
1979-12-20,75,,,a
1979-12-21,80,,,a
1979-12-22,88,,,a
1979-12-23,145,,,a
1979-12-24,130,,,a
1979-12-25,110,,,a
1979-12-26,106,,,a
1979-12-27,100,,,a
1979-12-28,98,,,a
1979-12-29,95,,,a
1979-12-30,90,,,a
1979-12-31,82,,,a
1980-01-01,70,,,a
1980-01-02,68,,,a
1980-01-03,65,,,a
1980-01-04,62,,,a
1980-01-05,60,,,a
1980-01-06,58,,,a
1980-01-07,57,,,a
1980-01-08,55,,,a
1980-01-09,56,,,a
1980-01-10,54,,,a
1980-01-11,52,,,a
1980-01-12,50,,,a
1980-01-13,49,,,a
1980-01-14,48,,,a
1980-01-15,47,,,a
1980-01-16,48,,,a
1980-01-17,46,,,a
1980-01-18,45,,,a
1980-01-19,47,,,a
1980-01-20,45,,,a
1980-01-21,46,,,a
1980-01-22,45,,,a
1980-01-23,79,,,a
1980-01-24,108,,,a
1980-01-25,94,,,a
1980-01-26,92,,,a
1980-01-27,90,,,a
1980-01-28,85,,,a
1980-01-29,81,,,a
1980-01-30,78,,,a
1980-01-31,87,,,a
1980-02-01,147,,,a
1980-02-02,130,,,a
1980-02-03,114,,,a
1980-02-04,105,,,a
1980-02-05,96,,,a
1980-02-06,92,,,a
1980-02-07,90,,,a
1980-02-08,86,,,a
1980-02-09,80,,,a
1980-02-10,78,,,a
1980-02-11,75,,,a
1980-02-12,74,,,a
1980-02-13,73,,,a
1980-02-14,71,,,a
1980-02-15,69,,,a
1980-02-16,68,,,a
1980-02-17,66,,,a
1980-02-18,65,,,a
1980-02-19,66,,,a
1980-02-20,65,,,a
1980-02-21,64,,,a
1980-02-22,64,,,a
1980-02-23,63,,,a
1980-02-24,63,,,a
1980-02-25,61,,,a
1980-02-26,62,,,a
1980-02-27,61,,,a
1980-02-28,60,,,a
1980-02-29,60,,,a
1980-03-01,59,,,a
1980-03-02,58,,,a
1980-03-03,57,,,a
1980-03-04,56,,,a
1980-03-05,54,,,a
1980-03-06,53,,,a
1980-03-07,51,,,a
1980-03-08,60,,,a
1980-03-09,56,,,a
1980-03-10,52,,,a
1980-03-11,51,,,a
1980-03-12,52,,,a
1980-03-13,50,,,a
1980-03-14,49,,,a
1980-03-15,48,,,a
1980-03-16,52,,,a
1980-03-17,51,,,a
1980-03-18,50,,,a
1980-03-19,49,,,a
1980-03-20,48,,,a
1980-03-21,69,,,a
1980-03-22,92,,,a
1980-03-23,90,,,a
1980-03-24,82,,,a
1980-03-25,76,,,a
1980-03-26,70,,,a
1980-03-27,68,,,a
1980-03-28,65,,,a
1980-03-29,62,,,a
1980-03-30,63,,,a
1980-03-31,68,,,a
1980-04-01,67,,,a
1980-04-02,66,,,a
1980-04-03,66,,,a
1980-04-04,65,,,a
1980-04-05,63,,,a
1980-04-06,62,,,a
1980-04-07,60,,,a
1980-04-08,57,,,a
1980-04-09,64,,,a
1980-04-10,62,,,a
1980-04-11,62,,,a
1980-04-12,61,,,a
1980-04-13,60,,,a
1980-04-14,60,,,a
1980-04-15,59,,,a
1980-04-16,57,,,a
1980-04-17,55,,,a
1980-04-18,52,,,a
1980-04-19,53,,,a
1980-04-20,51,,,a
1980-04-21,76,,,a
1980-04-22,70,,,a
1980-04-23,67,,,a
1980-04-24,65,,,a
1980-04-25,77,,,a
1980-04-26,130,,,a
1980-04-27,135,,,a
1980-04-28,130,,,a
1980-04-29,105,,,a
1980-04-30,88,,,a
1980-05-01,82,,,a
1980-05-02,78,,,a
1980-05-03,70,,,a
1980-05-04,66,,,a
1980-05-05,70,,,a
1980-05-06,88,,,a
1980-05-07,84,,,a
1980-05-08,80,,,a
1980-05-09,76,,,a
1980-05-10,75,,,a
1980-05-11,72,,,a
1980-05-12,73,,,a
1980-05-13,69,,,a
1980-05-14,67,,,a
1980-05-15,65,,,a
1980-05-16,64,,,a
1980-05-17,64,,,a
1980-05-18,63,,,a
1980-05-19,63,,,a
1980-05-20,62,,,a
1980-05-21,63,,,a
1980-05-22,67,,,a
1980-05-23,69,,,a
1980-05-24,67,,,a
1980-05-25,65,,,a
1980-05-26,63,,,a
1980-05-27,62,,,a
1980-05-28,60,,,a
1980-05-29,59,,,a
1980-05-30,62,,,a
1980-05-31,64,,,a
1980-06-01,63,,,a
1980-06-02,62,,,a
1980-06-03,61,,,a
1980-06-04,60,,,a
1980-06-05,61,,,a
1980-06-06,60,,,a
1980-06-07,59,,,a
1980-06-08,58,,,a
1980-06-09,70,,,a
1980-06-10,105,,,a
1980-06-11,115,,,a
1980-06-12,112,,,a
1980-06-13,110,,,a
1980-06-14,108,,,a
1980-06-15,105,,,a
1980-06-16,100,,,a
1980-06-17,99,,,a
1980-06-18,105,,,a
1980-06-19,110,,,a
1980-06-20,108,,,a
1980-06-21,107,,,a
1980-06-22,104,,,a
1980-06-23,112,,,a
1980-06-24,132,,,a
1980-06-25,123,,,a
1980-06-26,115,,,a
1980-06-27,110,,,a
1980-06-28,104,,,a
1980-06-29,100,,,a
1980-06-30,160,,,a
1980-07-01,146,,,a
1980-07-02,137,,,a
1980-07-03,130,,,a
1980-07-04,121,,,a
1980-07-05,116,,,a
1980-07-06,110,,,a
1980-07-07,108,,,a
1980-07-08,106,,,a
1980-07-09,100,,,a
1980-07-10,173,,,a
1980-07-11,144,,,a
1980-07-12,140,,,a
1980-07-13,135,,,a
1980-07-14,128,,,a
1980-07-15,124,,,a
1980-07-16,120,,,a
1980-07-17,170,,,a
1980-07-18,175,,,a
1980-07-19,160,,,a
1980-07-20,144,,,a
1980-07-21,140,,,a
1980-07-22,136,,,a
1980-07-23,133,,,a
1980-07-24,130,,,a
1980-07-25,124,,,a
1980-07-26,119,,,a
1980-07-27,116,,,a
1980-07-28,114,,,a
1980-07-29,111,,,a
1980-07-30,109,,,a
1980-07-31,108,,,a
1980-08-01,107,,,a
1980-08-02,107,,,a
1980-08-03,106,,,a
1980-08-04,105,,,a
1980-08-05,104,,,a
1980-08-06,104,,,a
1980-08-07,103,,,a
1980-08-08,103,,,a
1980-08-09,109,,,a
1980-08-10,108,,,a
1980-08-11,112,,,a
1980-08-12,110,,,a
1980-08-13,107,,,a
1980-08-14,104,,,a
1980-08-15,102,,,a
1980-08-16,100,,,a
1980-08-17,115,,,a
1980-08-18,117,,,a
1980-08-19,114,,,a
1980-08-20,110,,,a
1980-08-21,108,,,a
1980-08-22,107,,,a
1980-08-23,110,,,a
1980-08-24,108,,,a
1980-08-25,106,,,a
1980-08-26,105,,,a
1980-08-27,104,,,a
1980-08-28,103,,,a
1980-08-29,102,,,a
1980-08-30,100,,,a
1980-08-31,123,,,a
1980-09-01,136,,,a
1980-09-02,129,,,a
1980-09-03,125,,,a
1980-09-04,120,,,a
1980-09-05,114,,,a
1980-09-06,107,,,a
1980-09-07,102,,,a
1980-09-08,100,,,a
1980-09-09,98,,,a
1980-09-10,129,,,a
1980-09-11,146,,,a
1980-09-12,134,,,a
1980-09-13,128,,,a
1980-09-14,122,,,a
1980-09-15,118,,,a
1980-09-16,113,,,a
1980-09-17,108,,,a
1980-09-18,104,,,a
1980-09-19,102,,,a
1980-09-20,101,,,a
1980-09-21,99,,,a
1980-09-22,98,,,a
1980-09-23,96,,,a
1980-09-24,110,,,a
1980-09-25,107,,,a
1980-09-26,105,,,a
1980-09-27,104,,,a
1980-09-28,103,,,a
1980-09-29,103,,,a
1980-09-30,102,,,a
1980-10-01,102,,,a
1980-10-02,101,,,a
1980-10-03,102,,,a
1980-10-04,103,,,a
1980-10-05,102,,,a
1980-10-06,101,,,a
1980-10-07,100,,,a
1980-10-08,100,,,a
1980-10-09,210,,,a
1980-10-10,178,,,a
1980-10-11,162,,,a
1980-10-12,155,,,a
1980-10-13,205,,,a
1980-10-14,168,,,a
1980-10-15,153,,,a
1980-10-16,185,,,a
1980-10-17,168,,,a
1980-10-18,242,,,a
1980-10-19,210,,,a
1980-10-20,185,,,a
1980-10-21,162,,,a
1980-10-22,156,,,a
1980-10-23,142,,,a
1980-10-24,130,,,a
1980-10-25,115,,,a
1980-10-26,114,,,a
1980-10-27,113,,,a
1980-10-28,112,,,a
1980-10-29,111,,,a
1980-10-30,110,,,a
1980-10-31,108,,,a
1980-11-01,105,,,a
1980-11-02,103,,,a
1980-11-03,108,,,a
1980-11-04,110,,,a
1980-11-05,115,,,a
1980-11-06,120,,,a
1980-11-07,150,,,a
1980-11-08,155,,,a
1980-11-09,148,,,a
1980-11-10,146,,,a
1980-11-11,148,,,a
1980-11-12,148,,,a
1980-11-13,155,,,a
1980-11-14,162,,,a
1980-11-15,158,,,a
1980-11-16,154,,,a
1980-11-17,150,,,a
1980-11-18,148,,,a
1980-11-19,170,,,a
1980-11-20,160,,,a
1980-11-21,148,,,a
1980-11-22,140,,,a
1980-11-23,132,,,a
1980-11-24,122,,,a
1980-11-25,120,,,a
1980-11-26,136,,,a
1980-11-27,176,,,a
1980-11-28,160,,,a
1980-11-29,142,,,a
1980-11-30,130,,,a
1980-12-01,125,,,a
1980-12-02,121,,,a
1980-12-03,116,,,a
1980-12-04,110,,,a
1980-12-05,106,,,a
1980-12-06,100,,,a
1980-12-07,102,,,a
1980-12-08,100,,,a
1980-12-09,99,,,a
1980-12-10,98,,,a
1980-12-11,98,,,a
1980-12-12,97,,,a
1980-12-13,96,,,a
1980-12-14,95,,,a
1980-12-15,96,,,a
1980-12-16,150,,,a
1980-12-17,165,,,a
1980-12-18,130,,,a
1980-12-19,124,,,a
1980-12-20,120,,,a
1980-12-21,116,,,a
1980-12-22,112,,,a
1980-12-23,110,,,a
1980-12-24,112,,,a
1980-12-25,111,,,a
1980-12-26,110,,,a
1980-12-27,110,,,a
1980-12-28,108,,,a
1980-12-29,105,,,a
1980-12-30,101,,,a
1980-12-31,99,,,a
1981-01-01,98,2.54,,a
1981-01-02,96,2.34,,a
1981-01-03,95,2.25,,a
1981-01-04,94,2.16,,a
1981-01-05,95,2.25,,a
1981-01-06,96,2.34,,a
1981-01-07,95,2.25,,a
1981-01-08,94,2.16,,a
1981-01-09,94,2.16,,a
1981-01-10,93,2.07,,a
1981-01-11,92,1.99,,a
1981-01-12,96,2.34,,a
1981-01-13,96,2.34,,a
1981-01-14,95,2.25,,a
1981-01-15,94,2.16,,a
1981-01-16,93,2.07,,a
1981-01-17,93,2.07,,a
1981-01-18,92,1.99,,a
1981-01-19,93,2.07,,a
1981-01-20,92,1.99,,a
1981-01-21,91,1.91,,a
1981-01-22,90,1.83,,a
1981-01-23,93,2.07,,a
1981-01-24,92,1.99,,a
1981-01-25,92,1.99,,a
1981-01-26,91,1.91,,a
1981-01-27,92,1.99,,a
1981-01-28,90,1.83,,a
1981-01-29,91,1.91,,a
1981-01-30,91,1.91,,a
1981-01-31,90,1.83,,a
1981-02-01,91,1.91,,a
1981-02-02,90,1.83,,a
1981-02-03,90,1.83,,a
1981-02-04,103,3.1,,a
1981-02-05,110,4.06,,a
1981-02-06,109,3.91,,a
1981-02-07,108,3.76,,a
1981-02-08,107,3.62,,a
1981-02-09,105,3.35,,a
1981-02-10,104,3.22,,a
1981-02-11,103,3.1,,a
1981-02-12,104,3.22,,a
1981-02-13,105,3.35,,a
1981-02-14,104,3.22,,a
1981-02-15,105,3.35,,a
1981-02-16,104,3.22,,a
1981-02-17,103,3.1,,a
1981-02-18,104,3.22,,a
1981-02-19,102,2.98,,a
1981-02-20,103,3.1,,a
1981-02-21,102,2.98,,a
1981-02-22,101,2.86,,a
1981-02-23,100,2.75,,a
1981-02-24,99,2.64,,a
1981-02-25,97,2.44,,a
1981-02-26,96,2.34,,a
1981-02-27,95,2.25,,a
1981-02-28,95,2.25,,a
1981-03-01,94,2.16,,a
1981-03-02,93,2.07,,a
1981-03-03,94,2.16,,a
1981-03-04,115,4.88,,a
1981-03-05,119,5.63,,a
1981-03-06,125,6.75,,a
1981-03-07,128,7.42,,a
1981-03-08,133,8.57,,a
1981-03-09,139,10,,a
1981-03-10,142,10.7,,a
1981-03-11,144,11.2,,a
1981-03-12,146,11.7,,a
1981-03-13,149,12.5,,a
1981-03-14,145,11.5,,a
1981-03-15,141,10.5,,a
1981-03-16,138,9.76,,a
1981-03-17,136,9.28,,a
1981-03-18,135,9.04,,a
1981-03-19,132,8.34,,a
1981-03-20,131,8.1,,a
1981-03-21,130,7.87,,a
1981-03-22,128,7.42,,a
1981-03-23,125,6.75,,a
1981-03-24,120,5.83,,a
1981-03-25,118,5.44,,a
1981-03-26,115,4.88,,a
1981-03-27,112,4.37,,a
1981-03-28,108,3.76,,a
1981-03-29,106,3.48,,a
1981-03-30,105,3.35,,a
1981-03-31,104,3.22,,a
1981-04-01,104,3.22,,a
1981-04-02,103,3.1,,a
1981-04-03,104,3.22,,a
1981-04-04,102,2.98,,a
1981-04-05,101,2.86,,a
1981-04-06,100,2.75,,a
1981-04-07,100,2.75,,a
1981-04-08,99,2.64,,a
1981-04-09,98,2.54,,a
1981-04-10,99,2.64,,a
1981-04-11,99,2.64,,a
1981-04-12,98,2.54,,a
1981-04-13,99,2.64,,a
1981-04-14,99,2.64,,a
1981-04-15,98,2.54,,a
1981-04-16,99,2.64,,a
1981-04-17,97,2.44,,a
1981-04-18,98,2.54,,a
1981-04-19,98,2.54,,a
1981-04-20,97,2.44,,a
1981-04-21,96,2.34,,a
1981-04-22,95,2.25,,a
1981-04-23,95,2.25,,a
1981-04-24,96,2.34,,a
1981-04-25,98,2.54,,a
1981-04-26,99,2.64,,a
1981-04-27,100,2.75,,a
1981-04-28,102,2.98,,a
1981-04-29,106,3.48,,a
1981-04-30,110,4.06,,a
1981-05-01,112,4.37,,a
1981-05-02,116,5.06,,a
1981-05-03,121,5.87,,a
1981-05-04,130,7.87,,a
1981-05-05,142,10.7,,a
1981-05-06,136,9.28,,a
1981-05-07,129,7.65,,a
1981-05-08,120,5.83,,a
1981-05-09,116,5.06,,a
1981-05-10,109,3.91,,a
1981-05-11,103,3.1,,a
1981-05-12,117,5.25,,a
1981-05-13,146,11.7,,a
1981-05-14,128,7.42,,a
1981-05-15,126,6.97,,a
1981-05-16,121,5.87,,a
1981-05-17,117,5.25,,a
1981-05-18,112,4.37,,a
1981-05-19,106,3.48,,a
1981-05-20,101,2.86,,a
1981-05-21,99,2.64,,a
1981-05-22,98,2.54,,a
1981-05-23,97,2.44,,a
1981-05-24,96,2.34,,a
1981-05-25,95,2.25,,a
1981-05-26,122,6.09,,a
1981-05-27,115,4.88,,a
1981-05-28,100,2.75,,a
1981-05-29,100,2.75,,a
1981-05-30,99,2.64,,a
1981-05-31,98,2.54,,a
1981-06-01,97,2.44,,a
1981-06-02,96,2.34,,a
1981-06-03,95,2.25,,a
1981-06-04,94,2.16,,a
1981-06-05,115,4.88,,a
1981-06-06,130,7.87,,a
1981-06-07,115,4.88,,a
1981-06-08,104,3.22,,a
1981-06-09,102,2.98,,a
1981-06-10,117,5.25,,a
1981-06-11,145,11.5,,a
1981-06-12,140,10.2,,a
1981-06-13,135,9.04,,a
1981-06-14,132,8.34,,a
1981-06-15,129,7.65,,a
1981-06-16,120,5.83,,a
1981-06-17,114,4.71,,a
1981-06-18,139,10,,a
1981-06-19,136,9.28,,a
1981-06-20,127,7.19,,a
1981-06-21,120,5.83,,a
1981-06-22,115,4.88,,a
1981-06-23,113,4.54,,a
1981-06-24,111,4.21,,a
1981-06-25,109,3.91,,a
1981-06-26,117,5.25,,a
1981-06-27,116,5.06,,a
1981-06-28,113,4.54,,a
1981-06-29,112,4.37,,a
1981-06-30,110,4.06,,a
1981-07-01,106,3.48,,a
1981-07-02,103,3.1,,a
1981-07-03,102,2.98,,a
1981-07-04,101,2.86,,a
1981-07-05,101,2.86,,a
1981-07-06,100,2.75,,a
1981-07-07,99,2.64,,a
1981-07-08,100,2.75,,a
1981-07-09,99,2.64,,a
1981-07-10,98,2.54,,a
1981-07-11,98,2.54,,a
1981-07-12,99,2.64,,a
1981-07-13,98,2.54,,a
1981-07-14,97,2.44,,a
1981-07-15,96,2.34,,a
1981-07-16,96,2.34,,a
1981-07-17,97,2.44,,a
1981-07-18,97,2.44,,a
1981-07-19,136,9.28,,a
1981-07-20,120,5.83,,a
1981-07-21,114,4.71,,a
1981-07-22,112,4.37,,a
1981-07-23,110,4.06,,a
1981-07-24,108,3.76,,a
1981-07-25,106,3.48,,a
1981-07-26,105,3.35,,a
1981-07-27,104,3.22,,a
1981-07-28,102,2.98,,a
1981-07-29,100,2.75,,a
1981-07-30,98,2.54,,a
1981-07-31,96,2.34,,a
1981-08-01,95,2.25,,a
1981-08-02,94,2.16,,a
1981-08-03,95,2.25,,a
1981-08-04,95,2.25,,a
1981-08-05,94,2.16,,a
1981-08-06,94,2.16,,a
1981-08-07,95,2.25,,a
1981-08-08,96,2.34,,a
1981-08-09,97,2.44,,a
1981-08-10,96,2.34,,a
1981-08-11,101,2.86,,a
1981-08-12,100,2.75,,a
1981-08-13,99,2.64,,a
1981-08-14,99,2.64,,a
1981-08-15,98,2.54,,a
1981-08-16,97,2.44,,a
1981-08-17,97,2.44,,a
1981-08-18,96,2.34,,a
1981-08-19,95,2.25,,a
1981-08-20,95,2.25,,a
1981-08-21,130,7.87,,a
1981-08-22,126,6.97,,a
1981-08-23,120,5.83,,a
1981-08-24,112,4.37,,a
1981-08-25,104,3.22,,a
1981-08-26,97,2.44,,a
1981-08-27,90,1.83,,a
1981-08-28,86,1.56,,a
1981-08-29,89,1.76,,a
1981-08-30,86,1.56,,a
1981-08-31,85,1.5,,a
1981-09-01,84,1.44,,a
1981-09-02,86,1.56,,a
1981-09-03,88,1.69,,a
1981-09-04,87,1.62,,a
1981-09-05,95,2.25,,a
1981-09-06,96,2.34,,a
1981-09-07,94,2.16,,a
1981-09-08,92,1.99,,a
1981-09-09,91,1.91,,a
1981-09-10,90,1.83,,a
1981-09-11,91,1.91,,a
1981-09-12,90,1.83,,a
1981-09-13,89,1.76,,a
1981-09-14,87,1.62,,a
1981-09-15,100,2.75,,a
1981-09-16,102,2.98,,a
1981-09-17,100,2.75,,a
1981-09-18,99,2.64,,a
1981-09-19,98,2.54,,a
1981-09-20,97,2.44,,a
1981-09-21,110,4.06,,a
1981-09-22,108,3.76,,a
1981-09-23,107,3.62,,a
1981-09-24,138,9.76,,a
1981-09-25,142,10.7,,a
1981-09-26,135,9.04,,a
1981-09-27,112,4.37,,a
1981-09-28,115,4.88,,a
1981-09-29,144,11.2,,a
1981-09-30,165,16.8,,a
1981-10-01,160,15.4,,a
1981-10-02,152,13.3,,a
1981-10-03,140,10.2,,a
1981-10-04,130,7.87,,a
1981-10-05,123,6.31,,a
1981-10-06,116,5.06,,a
1981-10-07,110,4.06,,a
1981-10-08,106,3.48,,a
1981-10-09,100,2.75,,a
1981-10-10,98,2.54,,a
1981-10-11,97,2.44,,a
1981-10-12,96,2.34,,a
1981-10-13,100,2.75,,a
1981-10-14,108,3.76,,a
1981-10-15,102,2.98,,a
1981-10-16,101,2.86,,a
1981-10-17,100,2.75,,a
1981-10-18,100,2.75,,a
1981-10-19,99,2.64,,a
1981-10-20,98,2.54,,a
1981-10-21,96,2.34,,a
1981-10-22,134,8.8,,a
1981-10-23,160,15.4,,a
1981-10-24,136,9.28,,a
1981-10-25,114,4.71,,a
1981-10-26,110,4.06,,a
1981-10-27,108,3.76,,a
1981-10-28,140,10.2,,a
1981-10-29,131,8.1,,a
1981-10-30,122,6.09,,a
1981-10-31,116,5.06,,a
1981-11-01,111,4.21,,a
1981-11-02,110,4.06,,a
1981-11-03,108,3.76,,a
1981-11-04,105,3.35,,a
1981-11-05,103,3.1,,a
1981-11-06,101,2.86,,a
1981-11-07,100,2.75,,a
1981-11-08,102,2.98,,a
1981-11-09,101,2.86,,a
1981-11-10,100,2.75,,a
1981-11-11,99,2.64,,a
1981-11-12,99,2.64,,a
1981-11-13,98,2.54,,a
1981-11-14,97,2.44,,a
1981-11-15,98,2.54,,a
1981-11-16,97,2.44,,a
1981-11-17,96,2.34,,a
1981-11-18,95,2.25,,a
1981-11-19,94,2.16,,a
1981-11-20,93,2.07,,a
1981-11-21,92,1.99,,a
1981-11-22,91,1.91,,a
1981-11-23,90,1.83,,a
1981-11-24,90,1.83,,a
1981-11-25,89,1.76,,a
1981-11-26,89,1.76,,a
1981-11-27,88,1.69,,a
1981-11-28,89,1.76,,a
1981-11-29,92,1.99,,a
1981-11-30,91,1.91,,a
1981-12-01,90,1.83,,a
1981-12-02,93,2.07,,a
1981-12-03,94,2.16,,a
1981-12-04,93,2.07,,a
1981-12-05,92,1.99,,a
1981-12-06,91,1.91,,a
1981-12-07,90,1.83,,a
1981-12-08,112,4.37,,a
1981-12-09,142,10.7,,a
1981-12-10,140,10.2,,a
1981-12-11,138,9.76,,a
1981-12-12,136,9.28,,a
1981-12-13,135,9.04,,a
1981-12-14,134,8.8,,a
1981-12-15,116,5.06,,a
1981-12-16,110,4.06,,a
1981-12-17,108,3.76,,a
1981-12-18,106,3.48,,a
1981-12-19,105,3.35,,a
1981-12-20,103,3.1,,a
1981-12-21,103,3.1,,a
1981-12-22,102,2.98,,a
1981-12-23,108,3.76,,a
1981-12-24,112,4.37,,a
1981-12-25,114,4.71,,a
1981-12-26,115,4.88,,a
1981-12-27,120,5.83,,a
1981-12-28,122,6.09,,a
1981-12-29,130,7.87,,a
1981-12-30,136,9.28,,a
1981-12-31,152,13.3,,a
1982-01-01,221,,,a
1982-01-02,228,,,a
1982-01-03,173,,,a
1982-01-04,162,,,a
1982-01-05,155,,,a
1982-01-06,140,,,a
1982-01-07,132,,,a
1982-01-08,120,,,a
1982-01-09,115,,,a
1982-01-10,112,,,a
1982-01-11,110,,,a
1982-01-12,109,,,a
1982-01-13,107,,,a
1982-01-14,106,,,a
1982-01-15,104,,,a
1982-01-16,105,,,a
1982-01-17,104,,,a
1982-01-18,103,,,a
1982-01-19,102,,,a
1982-01-20,101,,,a
1982-01-21,100,,,a
1982-01-22,100,,,a
1982-01-23,99,,,a
1982-01-24,99,,,a
1982-01-25,98,,,a
1982-01-26,99,,,a
1982-01-27,100,,,a
1982-01-28,99,,,a
1982-01-29,98,,,a
1982-01-30,97,,,a
1982-01-31,97,,,a
1982-02-01,98,,,a
1982-02-02,97,,,a
1982-02-03,97,,,a
1982-02-04,96,,,a
1982-02-05,97,,,a
1982-02-06,96,,,a
1982-02-07,96,,,a
1982-02-08,95,,,a
1982-02-09,95,,,a
1982-02-10,96,,,a
1982-02-11,95,,,a
1982-02-12,95,,,a
1982-02-13,94,,,a
1982-02-14,94,,,a
1982-02-15,95,,,a
1982-02-16,94,,,a
1982-02-17,94,,,a
1982-02-18,93,,,a
1982-02-19,94,,,a
1982-02-20,94,,,a
1982-02-21,93,,,a
1982-02-22,93,,,a
1982-02-23,92,,,a
1982-02-24,92,,,a
1982-02-25,91,,,a
1982-02-26,91,,,a
1982-02-27,90,,,a
1982-02-28,90,,,a
1982-03-01,91,,,a
1982-03-02,90,,,a
1982-03-03,90,,,a
1982-03-04,91,,,a
1982-03-05,91,,,a
1982-03-06,92,,,a
1982-03-07,92,,,a
1982-03-08,93,,,a
1982-03-09,92,,,a
1982-03-10,91,,,a
1982-03-11,92,,,a
1982-03-12,93,,,a
1982-03-13,94,,,a
1982-03-14,96,,,a
1982-03-15,97,,,a
1982-03-16,97,,,a
1982-03-17,96,,,a
1982-03-18,97,,,a
1982-03-19,98,,,a
1982-03-20,127,,,a
1982-03-21,122,,,a
1982-03-22,118,,,a
1982-03-23,116,,,a
1982-03-24,115,,,a
1982-03-25,113,,,a
1982-03-26,110,,,a
1982-03-27,108,,,a
1982-03-28,103,,,a
1982-03-29,101,,,a
1982-03-30,100,,,a
1982-03-31,120,,,a
1982-04-01,115,,,a
1982-04-02,114,,,a
1982-04-03,112,,,a
1982-04-04,111,,,a
1982-04-05,109,,,a
1982-04-06,108,,,a
1982-04-07,107,,,a
1982-04-08,106,,,a
1982-04-09,105,,,a
1982-04-10,104,,,a
1982-04-11,103,,,a
1982-04-12,102,,,a
1982-04-13,101,,,a
1982-04-14,100,,,a
1982-04-15,100,,,a
1982-04-16,101,,,a
1982-04-17,100,,,a
1982-04-18,100,,,a
1982-04-19,99,,,a
1982-04-20,99,,,a
1982-04-21,98,,,a
1982-04-22,99,,,a
1982-04-23,98,,,a
1982-04-24,97,,,a
1982-04-25,97,,,a
1982-04-26,98,,,a
1982-04-27,96,,,a
1982-04-28,97,,,a
1982-04-29,96,,,a
1982-04-30,96,,,a
1982-05-01,96,,,a
1982-05-02,95,,,a
1982-05-03,96,,,a
1982-05-04,95,,,a
1982-05-05,95,,,a
1982-05-06,94,,,a
1982-05-07,93,,,a
1982-05-08,92,,,a
1982-05-09,93,,,a
1982-05-10,142,,,a
1982-05-11,200,,,a
1982-05-12,210,,,a
1982-05-13,165,,,a
1982-05-14,133,,,a
1982-05-15,127,,,a
1982-05-16,122,,,a
1982-05-17,120,,,a
1982-05-18,118,,,a
1982-05-19,115,,,a
1982-05-20,110,,,a
1982-05-21,112,,,a
1982-05-22,115,,,a
1982-05-23,118,,,a
1982-05-24,155,,,a
1982-05-25,158,,,a
1982-05-26,135,,,a
1982-05-27,130,,,a
1982-05-28,127,,,a
1982-05-29,130,,,a
1982-05-30,133,,,a
1982-05-31,130,,,a
1982-06-01,127,,,a
1982-06-02,122,,,a
1982-06-03,118,,,a
1982-06-04,115,,,a
1982-06-05,110,,,a
1982-06-06,107,,,a
1982-06-07,104,,,a
1982-06-08,102,,,a
1982-06-09,100,,,a
1982-06-10,101,,,a
1982-06-11,102,,,a
1982-06-12,178,,,a
1982-06-13,230,,,a
1982-06-14,190,,,a
1982-06-15,170,,,a
1982-06-16,146,,,a
1982-06-17,138,,,a
1982-06-18,136,,,a
1982-06-19,131,,,a
1982-06-20,128,,,a
1982-06-21,125,,,a
1982-06-22,122,,,a
1982-06-23,118,,,a
1982-06-24,112,,,a
1982-06-25,109,,,a
1982-06-26,107,,,a
1982-06-27,105,,,a
1982-06-28,132,,,a
1982-06-29,124,,,a
1982-06-30,191,,,a
1982-07-01,142,,,a
1982-07-02,134,,,a
1982-07-03,126,,,a
1982-07-04,118,,,a
1982-07-05,112,,,a
1982-07-06,108,,,a
1982-07-07,105,,,a
1982-07-08,102,,,a
1982-07-09,100,,,a
1982-07-10,98,,,a
1982-07-11,100,,,a
1982-07-12,99,,,a
1982-07-13,98,,,a
1982-07-14,97,,,a
1982-07-15,112,,,a
1982-07-16,114,,,a
1982-07-17,115,,,a
1982-07-18,116,,,a
1982-07-19,118,,,a
1982-07-20,120,,,a
1982-07-21,119,,,a
1982-07-22,127,,,a
1982-07-23,160,,,a
1982-07-24,140,,,a
1982-07-25,137,,,a
1982-07-26,132,,,a
1982-07-27,129,,,a
1982-07-28,127,,,a
1982-07-29,121,,,a
1982-07-30,118,,,a
1982-07-31,116,,,a
1982-08-01,114,,,a
1982-08-02,113,,,a
1982-08-03,114,,,a
1982-08-04,112,,,a
1982-08-05,111,,,a
1982-08-06,110,,,a
1982-08-07,112,,,a
1982-08-08,112,,,a
1982-08-09,111,,,a
1982-08-10,110,,,a
1982-08-11,109,,,a
1982-08-12,107,,,a
1982-08-13,106,,,a
1982-08-14,104,,,a
1982-08-15,102,,,a
1982-08-16,100,,,a
1982-08-17,99,,,a
1982-08-18,98,,,a
1982-08-19,97,,,a
1982-08-20,98,,,a
1982-08-21,97,,,a
1982-08-22,96,,,a
1982-08-23,96,,,a
1982-08-24,95,,,a
1982-08-25,94,,,a
1982-08-26,93,,,a
1982-08-27,92,,,a
1982-08-28,90,,,a
1982-08-29,157,,,a
1982-08-30,142,,,a
1982-08-31,135,,,a
1982-09-01,130,,,a
1982-09-02,128,,,a
1982-09-03,125,,,a
1982-09-04,120,,,a
1982-09-05,130,,,a
1982-09-06,129,,,a
1982-09-07,128,,,a
1982-09-08,132,,,a
1982-09-09,130,,,a
1982-09-10,128,,,a
1982-09-11,124,,,a
1982-09-12,118,,,a
1982-09-13,112,,,a
1982-09-14,109,,,a
1982-09-15,107,,,a
1982-09-16,105,,,a
1982-09-17,104,,,a
1982-09-18,101,,,a
1982-09-19,99,,,a
1982-09-20,98,,,a
1982-09-21,96,,,a
1982-09-22,95,,,a
1982-09-23,98,,,a
1982-09-24,114,,,a
1982-09-25,118,,,a
1982-09-26,115,,,a
1982-09-27,112,,,a
1982-09-28,110,,,a
1982-09-29,107,,,a
1982-09-30,105,,,a
1982-10-01,105,,,a
1982-10-02,106,,,a
1982-10-03,108,,,a
1982-10-04,107,,,a
1982-10-05,105,,,a
1982-10-06,110,,,a
1982-10-07,118,,,a
1982-10-08,141,,,a
1982-10-09,155,,,a
1982-10-10,148,,,a
1982-10-11,145,,,a
1982-10-12,142,,,a
1982-10-13,135,,,a
1982-10-14,136,,,a
1982-10-15,157,,,a
1982-10-16,150,,,a
1982-10-17,147,,,a
1982-10-18,142,,,a
1982-10-19,137,,,a
1982-10-20,130,,,a
1982-10-21,126,,,a
1982-10-22,120,,,a
1982-10-23,118,,,a
1982-10-24,117,,,a
1982-10-25,115,,,a
1982-10-26,112,,,a
1982-10-27,109,,,a
1982-10-28,107,,,a
1982-10-29,105,,,a
1982-10-30,102,,,a
1982-10-31,101,,,a
1982-11-01,102,,,a
1982-11-02,101,,,a
1982-11-03,100,,,a
1982-11-04,98,,,a
1982-11-05,99,,,a
1982-11-06,98,,,a
1982-11-07,97,,,a
1982-11-08,96,,,a
1982-11-09,96,,,a
1982-11-10,97,,,a
1982-11-11,98,,,a
1982-11-12,99,,,a
1982-11-13,99,,,a
1982-11-14,193,,,a
1982-11-15,198,,,a
1982-11-16,145,,,a
1982-11-17,136,,,a
1982-11-18,127,,,a
1982-11-19,120,,,a
1982-11-20,115,,,a
1982-11-21,110,,,a
1982-11-22,108,,,a
1982-11-23,105,,,a
1982-11-24,100,,,a
1982-11-25,99,,,a
1982-11-26,97,,,a
1982-11-27,95,,,a
1982-11-28,93,,,a
1982-11-29,92,,,a
1982-11-30,91,,,a
1982-12-01,90,,,a
1982-12-02,90,,,a
1982-12-03,93,,,a
1982-12-04,93,,,a
1982-12-05,92,,,a
1982-12-06,92,,,a
1982-12-07,91,,,a
1982-12-08,90,,,a
1982-12-09,92,,,a
1982-12-10,153,,,a
1982-12-11,200,,,a
1982-12-12,220,,,a
1982-12-13,225,,,a
1982-12-14,219,,,a
1982-12-15,216,,,a
1982-12-16,214,,,a
1982-12-17,212,,,a
1982-12-18,110,,,a
1982-12-19,125,,,a
1982-12-20,134,,,a
1982-12-21,130,,,a
1982-12-22,128,,,a
1982-12-23,146,,,a
1982-12-24,139,,,a
1982-12-25,134,,,a
1982-12-26,130,,,a
1982-12-27,124,,,a
1982-12-28,121,,,a
1982-12-29,118,,,a
1982-12-30,116,,,a
1982-12-31,115,,,a
1983-01-01,114,5.28,,a
1983-01-02,114,5.28,,a
1983-01-03,113,5.09,,a
1983-01-04,114,5.28,,a
1983-01-05,113,5.09,,a
1983-01-06,110,4.56,,a
1983-01-07,105,3.78,,a
1983-01-08,102,3.37,,a
1983-01-09,98,2.87,,a
1983-01-10,96,2.65,,a
1983-01-11,95,2.55,,a
1983-01-12,95,2.55,,a
1983-01-13,93,2.35,,a
1983-01-14,92,2.25,,a
1983-01-15,105,3.78,,a
1983-01-16,106,3.93,,a
1983-01-17,105,3.78,,a
1983-01-18,104,3.64,,a
1983-01-19,102,3.37,,a
1983-01-20,100,3.11,,a
1983-01-21,100,3.11,,a
1983-01-22,99,2.99,,a
1983-01-23,99,2.99,,a
1983-01-24,98,2.87,,a
1983-01-25,97,2.76,,a
1983-01-26,96,2.65,,a
1983-01-27,97,2.76,,a
1983-01-28,96,2.65,,a
1983-01-29,95,2.55,,a
1983-01-30,94,2.44,,a
1983-01-31,94,2.44,,a
1983-02-01,95,2.55,,a
1983-02-02,106,3.93,,a
1983-02-03,128,8.12,,a
1983-02-04,123,7,,a
1983-02-05,120,6.5,,a
1983-02-06,117,5.86,,a
1983-02-07,111,4.73,,a
1983-02-08,114,5.28,,a
1983-02-09,112,4.91,,a
1983-02-10,109,4.4,,a
1983-02-11,108,4.24,,a
1983-02-12,107,4.08,,a
1983-02-13,105,3.78,,a
1983-02-14,104,3.64,,a
1983-02-15,103,3.5,,a
1983-02-16,105,3.78,,a
1983-02-17,107,4.08,,a
1983-02-18,106,3.93,,a
1983-02-19,105,3.78,,a
1983-02-20,102,3.37,,a
1983-02-21,101,3.24,,a
1983-02-22,100,3.11,,a
1983-02-23,100,3.11,,a
1983-02-24,99,2.99,,a
1983-02-25,98,2.87,,a
1983-02-26,97,2.76,,a
1983-02-27,96,2.65,,a
1983-02-28,95,2.55,,a
1983-03-01,94,2.44,,a
1983-03-02,96,2.65,,a
1983-03-03,97,2.76,,a
1983-03-04,100,3.11,,a
1983-03-05,102,3.37,,a
1983-03-06,108,4.24,,a
1983-03-07,112,4.91,,a
1983-03-08,114,5.28,,a
1983-03-09,117,5.86,,a
1983-03-10,118,6.07,,a
1983-03-11,117,5.86,,a
1983-03-12,116,5.66,,a
1983-03-13,115,5.47,,a
1983-03-14,112,4.91,,a
1983-03-15,111,4.73,,a
1983-03-16,109,4.4,,a
1983-03-17,108,4.24,,a
1983-03-18,109,4.4,,a
1983-03-19,108,4.24,,a
1983-03-20,107,4.08,,a
1983-03-21,108,4.24,,a
1983-03-22,107,4.08,,a
1983-03-23,108,4.24,,a
1983-03-24,130,8.58,,a
1983-03-25,160,16,,a
1983-03-26,178,21.1,,a
1983-03-27,161,16.3,,a
1983-03-28,153,14.2,,a
1983-03-29,145,12.2,,a
1983-03-30,136,9.98,,a
1983-03-31,130,8.58,,a
1983-04-01,128,8.12,,a
1983-04-02,124,7.22,,a
1983-04-03,120,6.5,,a
1983-04-04,117,5.86,,a
1983-04-05,115,5.47,,a
1983-04-06,114,5.28,,a
1983-04-07,113,5.09,,a
1983-04-08,112,4.91,,a
1983-04-09,110,4.56,,a
1983-04-10,109,4.4,,a
1983-04-11,108,4.24,,a
1983-04-12,106,3.93,,a
1983-04-13,106,3.93,,a
1983-04-14,104,3.64,,a
1983-04-15,102,3.37,,a
1983-04-16,98,2.87,,a
1983-04-17,97,2.76,,a
1983-04-18,95,2.55,,a
1983-04-19,94,2.44,,a
1983-04-20,93,2.35,,a
1983-04-21,92,2.25,,a
1983-04-22,91,2.16,,a
1983-04-23,91,2.16,,a
1983-04-24,90,2.07,,a
1983-04-25,90,2.07,,a
1983-04-26,89,1.99,,a
1983-04-27,88,1.91,,a
1983-04-28,88,1.91,,a
1983-04-29,89,1.99,,a
1983-04-30,88,1.91,,a
1983-05-01,88,1.91,,a
1983-05-02,91,2.16,,a
1983-05-03,91,2.16,,a
1983-05-04,90,2.07,,a
1983-05-05,95,2.55,,a
1983-05-06,97,2.76,,a
1983-05-07,99,2.99,,a
1983-05-08,100,3.11,,a
1983-05-09,105,3.78,,a
1983-05-10,106,3.93,,a
1983-05-11,99,2.99,,a
1983-05-12,95,2.55,,a
1983-05-13,94,2.44,,a
1983-05-14,92,2.25,,a
1983-05-15,91,2.16,,a
1983-05-16,90,2.07,,a
1983-05-17,91,2.16,,a
1983-05-18,92,2.25,,a
1983-05-19,92,2.25,,a
1983-05-20,91,2.16,,a
1983-05-21,90,2.07,,a
1983-05-22,89,1.99,,a
1983-05-23,90,2.07,,a
1983-05-24,92,2.25,,a
1983-05-25,96,2.65,,a
1983-05-26,98,2.87,,a
1983-05-27,100,3.11,,a
1983-05-28,102,3.37,,a
1983-05-29,100,3.11,,a
1983-05-30,99,2.99,,a
1983-05-31,97,2.76,,a
1983-06-01,89,1.99,,a
1983-06-02,88,1.91,,a
1983-06-03,89,1.99,,a
1983-06-04,95,2.55,,a
1983-06-05,94,2.44,,a
1983-06-06,93,2.35,,a
1983-06-07,94,2.44,,a
1983-06-08,95,2.55,,a
1983-06-09,96,2.65,,a
1983-06-10,95,2.55,,a
1983-06-11,96,2.65,,a
1983-06-12,120,6.5,,a
1983-06-13,115,5.72,,a
1983-06-14,109,4.69,,a
1983-06-15,107,4.38,,a
1983-06-16,105,4.09,,a
1983-06-17,103,3.81,,a
1983-06-18,101,3.55,,a
1983-06-19,100,3.43,,a
1983-06-20,103,3.81,,a
1983-06-21,107,4.38,,a
1983-06-22,110,4.85,,a
1983-06-23,114,5.54,,a
1983-06-24,112,5.18,,a
1983-06-25,110,4.85,,a
1983-06-26,108,4.53,,a
1983-06-27,105,4.09,,a
1983-06-28,104,3.95,,a
1983-06-29,100,3.43,,a
1983-06-30,98,3.19,,a
1983-07-01,96,2.97,,a
1983-07-02,93,2.66,,a
1983-07-03,90,2.39,,a
1983-07-04,90,2.39,,a
1983-07-05,89,2.3,,a
1983-07-06,88,2.22,,a
1983-07-07,106,4.23,,a
1983-07-08,107,4.38,,a
1983-07-09,109,4.69,,a
1983-07-10,107,4.38,,a
1983-07-11,106,4.23,,a
1983-07-12,105,4.09,,a
1983-07-13,105,4.09,,a
1983-07-14,104,3.95,,a
1983-07-15,101,3.55,,a
1983-07-16,99,3.31,,a
1983-07-17,98,3.19,,a
1983-07-18,97,3.08,,a
1983-07-19,98,3.19,,a
1983-07-20,97,3.08,,a
1983-07-21,96,2.97,,a
1983-07-22,96,2.97,,a
1983-07-23,95,2.86,,a
1983-07-24,94,2.76,,a
1983-07-25,95,2.86,,a
1983-07-26,94,2.76,,a
1983-07-27,93,2.66,,a
1983-07-28,93,2.66,,a
1983-07-29,92,2.57,,a
1983-07-30,90,2.39,,a
1983-07-31,89,2.3,,a
1983-08-01,87,2.14,,a
1983-08-02,85,1.99,,a
1983-08-03,100,3.43,,a
1983-08-04,102,3.68,,a
1983-08-05,95,2.86,,a
1983-08-06,100,3.43,,a
1983-08-07,104,3.95,,a
1983-08-08,105,4.09,,a
1983-08-09,105,4.09,,a
1983-08-10,104,3.95,,a
1983-08-11,101,3.55,,a
1983-08-12,100,3.43,,a
1983-08-13,98,3.19,,a
1983-08-14,100,3.43,,a
1983-08-15,104,3.95,,a
1983-08-16,100,3.43,,a
1983-08-17,98,3.19,,a
1983-08-18,95,2.86,,a
1983-08-19,104,3.95,,a
1983-08-20,100,3.43,,a
1983-08-21,96,2.97,,a
1983-08-22,94,2.76,,a
1983-08-23,93,2.66,,a
1983-08-24,92,2.57,,a
1983-08-25,90,2.39,,a
1983-08-26,95,2.86,,a
1983-08-27,98,3.19,,a
1983-08-28,100,3.43,,a
1983-08-29,98,3.19,,a
1983-08-30,97,3.08,,a
1983-08-31,95,2.86,,a
1983-09-01,93,2.66,,a
1983-09-02,92,2.57,,a
1983-09-03,90,2.39,,a
1983-09-04,120,6.71,,a
1983-09-05,122,7,,a
1983-09-06,120,6.71,,a
1983-09-07,118,6.3,,a
1983-09-08,117,6.1,,a
1983-09-09,114,5.54,,a
1983-09-10,110,4.85,,a
1983-09-11,107,4.38,,a
1983-09-12,110,4.85,,a
1983-09-13,111,5.01,,a
1983-09-14,108,4.53,,a
1983-09-15,105,4.09,,a
1983-09-16,102,3.68,,a
1983-09-17,97,3.08,,a
1983-09-18,145,12.3,,a
1983-09-19,138,10.6,,a
1983-09-20,130,8.75,,a
1983-09-21,121,6.78,,a
1983-09-22,117,6.1,,a
1983-09-23,110,4.85,,a
1983-09-24,105,4.09,,a
1983-09-25,100,3.43,,a
1983-09-26,75,1.41,,a
1983-09-27,73,1.32,,a
1983-09-28,72,1.28,,a
1983-09-29,73,1.32,,a
1983-09-30,70,1.2,,a
1983-10-01,70,1.2,,a
1983-10-02,68,1.14,,a
1983-10-03,70,1.2,,a
1983-10-04,88,2.22,,a
1983-10-05,86,2.06,,a
1983-10-06,88,2.22,,a
1983-10-07,89,2.3,,a
1983-10-08,87,2.14,,a
1983-10-09,88,2.22,,a
1983-10-10,86,2.06,,a
1983-10-11,85,1.99,,a
1983-10-12,94,2.76,,a
1983-10-13,105,4.09,,a
1983-10-14,109,4.69,,a
1983-10-15,107,4.38,,a
1983-10-16,106,4.23,,a
1983-10-17,106,4.23,,a
1983-10-18,155,14.8,,a
1983-10-19,125,7.64,,a
1983-10-20,111,5.01,,a
1983-10-21,109,4.69,,a
1983-10-22,107,4.38,,a
1983-10-23,104,3.95,,a
1983-10-24,102,3.68,,a
1983-10-25,100,3.43,,a
1983-10-26,99,3.31,,a
1983-10-27,98,3.19,,a
1983-10-28,96,2.97,,a
1983-10-29,94,2.76,,a
1983-10-30,93,2.66,,a
1983-10-31,91,2.48,,a
1983-11-01,90,2.39,,a
1983-11-02,90,2.39,,a
1983-11-03,97,3.08,,a
1983-11-04,97,3.08,,a
1983-11-05,96,2.97,,a
1983-11-06,97,3.08,,a
1983-11-07,96,2.97,,a
1983-11-08,95,2.86,,a
1983-11-09,96,2.97,,a
1983-11-10,95,2.86,,a
1983-11-11,95,2.86,,a
1983-11-12,94,2.76,,a
1983-11-13,95,2.86,,a
1983-11-14,94,2.76,,a
1983-11-15,93,2.66,,a
1983-11-16,94,2.76,,a
1983-11-17,94,2.76,,a
1983-11-18,93,2.66,,a
1983-11-19,92,2.57,,a
1983-11-20,91,2.48,,a
1983-11-21,92,2.57,,a
1983-11-22,92,2.57,,a
1983-11-23,91,2.48,,a
1983-11-24,90,2.39,,a
1983-11-25,89,2.3,,a
1983-11-26,87,2.14,,a
1983-11-27,86,2.06,,a
1983-11-28,88,2.22,,a
1983-11-29,86,2.06,,a
1983-11-30,85,1.99,,a
1983-12-01,86,2.06,,a
1983-12-02,85,1.99,,a
1983-12-03,85,1.99,,a
1983-12-04,86,2.06,,a
1983-12-05,85,1.99,,a
1983-12-06,84,1.92,,a
1983-12-07,84,1.92,,a
1983-12-08,83,1.85,,a
1983-12-09,83,1.85,,a
1983-12-10,82,1.79,,a
1983-12-11,83,1.85,,a
1983-12-12,82,1.79,,a
1983-12-13,82,1.79,,a
1983-12-14,81,1.73,,a
1983-12-15,80,1.67,,a
1983-12-16,83,1.85,,a
1983-12-17,92,2.57,,a
1983-12-18,126,7.86,,a
1983-12-19,140,11.1,,a
1983-12-20,180,21.7,,a
1983-12-21,152,14,,a
1983-12-22,143,11.8,,a
1983-12-23,123,7.21,,a
1983-12-24,119,6.51,,a
1983-12-25,115,5.72,,a
1983-12-26,108,4.53,,a
1983-12-27,106,4.23,,a
1983-12-28,105,4.09,,a
1983-12-29,103,3.81,,a
1983-12-30,102,3.68,,a
1983-12-31,100,3.43,,a
1984-01-01,98,3.19,,a
1984-01-02,96,2.97,,a
1984-01-03,95,2.86,,a
1984-01-04,93,2.66,,a
1984-01-05,99,3.31,,a
1984-01-06,98,3.19,,a
1984-01-07,96,2.97,,a
1984-01-08,95,2.86,,a
1984-01-09,93,2.66,,a
1984-01-10,91,2.48,,a
1984-01-11,90,2.39,,a
1984-01-12,87,2.14,,a
1984-01-13,88,2.22,,a
1984-01-14,86,2.06,,a
1984-01-15,84,1.92,,a
1984-01-16,83,1.85,,a
1984-01-17,84,1.92,,a
1984-01-18,84,1.92,,a
1984-01-19,87,2.14,,a
1984-01-20,94,2.76,,a
1984-01-21,100,3.43,,a
1984-01-22,103,3.81,,a
1984-01-23,102,3.68,,a
1984-01-24,101,3.55,,a
1984-01-25,100,3.43,,a
1984-01-26,100,3.43,,a
1984-01-27,101,3.55,,a
1984-01-28,102,3.68,,a
1984-01-29,104,3.95,,a
1984-01-30,107,4.38,,a
1984-01-31,108,4.53,,a
1984-02-01,110,4.85,,a
1984-02-02,111,5.01,,a
1984-02-03,113,5.36,,a
1984-02-04,112,5.18,,a
1984-02-05,110,4.85,,a
1984-02-06,109,4.69,,a
1984-02-07,108,4.53,,a
1984-02-08,107,4.38,,a
1984-02-09,107,4.38,,a
1984-02-10,106,4.23,,a
1984-02-11,104,3.95,,a
1984-02-12,103,3.81,,a
1984-02-13,100,3.43,,a
1984-02-14,99,3.31,,a
1984-02-15,98,3.19,,a
1984-02-16,98,3.19,,a
1984-02-17,97,3.08,,a
1984-02-18,98,3.19,,a
1984-02-19,98,3.19,,a
1984-02-20,97,3.08,,a
1984-02-21,96,2.97,,a
1984-02-22,96,2.97,,a
1984-02-23,97,3.08,,a
1984-02-24,98,3.19,,a
1984-02-25,100,3.43,,a
1984-02-26,103,3.81,,a
1984-02-27,107,4.38,,a
1984-02-28,111,5.01,,a
1984-02-29,115,5.72,,a
1984-03-01,117,6.1,,a
1984-03-02,119,6.51,,a
1984-03-03,124,7.43,,a
1984-03-04,127,8.08,,a
1984-03-05,124,7.43,,a
1984-03-06,121,6.78,,a
1984-03-07,118,6.3,,a
1984-03-08,116,5.91,,a
1984-03-09,115,5.72,,a
1984-03-10,113,5.36,,a
1984-03-11,111,5.01,,a
1984-03-12,110,4.85,,a
1984-03-13,108,4.53,,a
1984-03-14,107,4.38,,a
1984-03-15,106,4.23,,a
1984-03-16,104,3.95,,a
1984-03-17,102,3.68,,a
1984-03-18,101,3.55,,a
1984-03-19,100,3.43,,a
1984-03-20,100,3.43,,a
1984-03-21,99,3.31,,a
1984-03-22,98,3.19,,a
1984-03-23,98,3.19,,a
1984-03-24,97,3.08,,a
1984-03-25,97,3.08,,a
1984-03-26,96,2.97,,a
1984-03-27,95,2.86,,a
1984-03-28,125,7.64,,a
1984-03-29,185,23.2,,a
1984-03-30,174,19.9,,a
1984-03-31,170,18.8,,a
1984-04-01,162,16.6,,a
1984-04-02,168,18.3,,a
1984-04-03,197,26.9,,a
1984-04-04,210,31.1,,a
1984-04-05,188,24.1,,a
1984-04-06,165,17.4,,a
1984-04-07,136,10.1,,a
1984-04-08,130,8.75,,a
1984-04-09,126,7.86,,a
1984-04-10,121,6.78,,a
1984-04-11,117,6.1,,a
1984-04-12,110,4.85,,a
1984-04-13,106,4.23,,a
1984-04-14,99,3.31,,a
1984-04-15,94,2.76,,a
1984-04-16,90,2.39,,a
1984-04-17,90,2.39,,a
1984-04-18,91,2.48,,a
1984-04-19,90,2.39,,a
1984-04-20,89,2.3,,a
1984-04-21,88,2.22,,a
1984-04-22,89,2.3,,a
1984-04-23,89,2.3,,a
1984-04-24,88,2.22,,a
1984-04-25,87,2.14,,a
1984-04-26,87,2.14,,a
1984-04-27,87,2.14,,a
1984-04-28,86,2.06,,a
1984-04-29,84,1.92,,a
1984-04-30,82,1.79,,a
1984-05-01,70,1.2,,a
1984-05-02,69,1.17,,a
1984-05-03,70,1.2,,a
1984-05-04,71,1.24,,a
1984-05-05,69,1.17,,a
1984-05-06,72,1.28,,a
1984-05-07,75,1.41,,a
1984-05-08,78,1.56,,a
1984-05-09,80,1.67,,a
1984-05-10,84,1.92,,a
1984-05-11,87,2.14,,a
1984-05-12,90,2.39,,a
1984-05-13,92,2.57,,a
1984-05-14,94,2.76,,a
1984-05-15,96,2.97,,a
1984-05-16,99,3.31,,a
1984-05-17,101,3.55,,a
1984-05-18,105,4.09,,a
1984-05-19,108,4.53,,a
1984-05-20,109,4.69,,a
1984-05-21,112,5.18,,a
1984-05-22,116,5.91,,a
1984-05-23,125,7.64,,a
1984-05-24,121,6.78,,a
1984-05-25,118,6.3,,a
1984-05-26,113,5.36,,a
1984-05-27,108,4.53,,a
1984-05-28,101,3.55,,a
1984-05-29,99,3.31,,a
1984-05-30,95,2.86,,a
1984-05-31,92,2.57,,a
1984-06-01,90,2.39,,a
1984-06-02,88,2.22,,a
1984-06-03,87,2.14,,a
1984-06-04,88,2.22,,a
1984-06-05,90,2.39,,a
1984-06-06,93,2.66,,a
1984-06-07,96,2.97,,a
1984-06-08,95,2.86,,a
1984-06-09,94,2.76,,a
1984-06-10,92,2.57,,a
1984-06-11,91,2.48,,a
1984-06-12,90,2.39,,a
1984-06-13,88,2.22,,a
1984-06-14,87,2.14,,a
1984-06-15,86,2.06,,a
1984-06-16,85,1.99,,a
1984-06-17,84,1.92,,a
1984-06-18,82,1.79,,a
1984-06-19,81,1.73,,a
1984-06-20,80,1.67,,a
1984-06-21,78,1.56,,a
1984-06-22,76,1.45,,a
1984-06-23,75,1.41,,a
1984-06-24,73,1.32,,a
1984-06-25,70,1.2,,a
1984-06-26,68,1.14,,a
1984-06-27,63,1,,a
1984-06-28,60,0.93,,a
1984-06-29,117,6.1,,a
1984-06-30,202,28.5,,a
1984-07-01,138,10.6,,a
1984-07-02,163,16.9,,a
1984-07-03,220,34.6,,a
1984-07-04,180,21.7,,a
1984-07-05,110,4.85,,a
1984-07-06,98,3.19,,a
1984-07-07,89,2.3,,a
1984-07-08,85,1.99,,a
1984-07-09,84,1.92,,a
1984-07-10,82,1.79,,a
1984-07-11,80,1.67,,a
1984-07-12,80,1.67,,a
1984-07-13,79,1.61,,a
1984-07-14,79,1.61,,a
1984-07-15,78,1.56,,a
1984-07-16,79,1.61,,a
1984-07-17,77,1.5,,a
1984-07-18,78,1.56,,a
1984-07-19,80,1.67,,a
1984-07-20,82,1.79,,a
1984-07-21,86,2.06,,a
1984-07-22,92,2.57,,a
1984-07-23,95,2.86,,a
1984-07-24,96,2.97,,a
1984-07-25,98,3.19,,a
1984-07-26,110,4.85,,a
1984-07-27,106,4.23,,a
1984-07-28,101,3.55,,a
1984-07-29,98,3.19,,a
1984-07-30,97,3.08,,a
1984-07-31,96,2.97,,a
1984-08-01,95,2.86,,a
1984-08-02,94,2.76,,a
1984-08-03,93,2.66,,a
1984-08-04,92,2.57,,a
1984-08-05,90,2.39,,a
1984-08-06,139,10.8,,a
1984-08-07,126,7.86,,a
1984-08-08,124,7.43,,a
1984-08-09,120,6.71,,a
1984-08-10,116,5.91,,a
1984-08-11,113,5.36,,a
1984-08-12,109,4.69,,a
1984-08-13,107,4.38,,a
1984-08-14,103,3.81,,a
1984-08-15,100,3.43,,a
1984-08-16,100,3.43,,a
1984-08-17,99,3.31,,a
1984-08-18,98,3.19,,a
1984-08-19,98,3.19,,a
1984-08-20,97,3.08,,a
1984-08-21,96,2.97,,a
1984-08-22,95,2.86,,a
1984-08-23,94,2.76,,a
1984-08-24,95,2.86,,a
1984-08-25,100,3.43,,a
1984-08-26,107,4.38,,a
1984-08-27,108,4.53,,a
1984-08-28,104,3.95,,a
1984-08-29,102,3.68,,a
1984-08-30,101,3.55,,a
1984-08-31,100,3.43,,a
1984-09-01,99,3.31,,a
1984-09-02,98,3.19,,a
1984-09-03,98,3.19,,a
1984-09-04,97,3.08,,a
1984-09-05,95,2.86,,a
1984-09-06,97,3.08,,a
1984-09-07,99,3.31,,a
1984-09-08,106,4.23,,a
1984-09-09,107,4.38,,a
1984-09-10,109,4.69,,a
1984-09-11,112,5.18,,a
1984-09-12,105,4.09,,a
1984-09-13,100,3.43,,a
1984-09-14,98,3.19,,a
1984-09-15,95,2.86,,a
1984-09-16,96,2.97,,a
1984-09-17,106,4.23,,a
1984-09-18,100,3.43,,a
1984-09-19,106,4.23,,a
1984-09-20,116,5.91,,a
1984-09-21,109,4.69,,a
1984-09-22,105,4.09,,a
1984-09-23,107,4.38,,a
1984-09-24,108,4.53,,a
1984-09-25,110,4.85,,a
1984-09-26,167,18,,a
1984-09-27,170,18.8,,a
1984-09-28,140,11.1,,a
1984-09-29,124,7.43,,a
1984-09-30,118,6.3,,a
1984-10-01,112,5.18,,a
1984-10-02,165,17.4,,a
1984-10-03,180,21.7,,a
1984-10-04,198,27.2,,a
1984-10-05,180,21.7,,a
1984-10-06,165,17.4,,a
1984-10-07,142,11.5,,a
1984-10-08,137,10.3,,a
1984-10-09,130,8.75,,a
1984-10-10,128,8.3,,a
1984-10-11,126,7.86,,a
1984-10-12,121,6.78,,a
1984-10-13,118,6.3,,a
1984-10-14,115,5.72,,a
1984-10-15,112,5.18,,a
1984-10-16,110,4.85,,a
1984-10-17,108,4.53,,a
1984-10-18,105,4.09,,a
1984-10-19,104,3.95,,a
1984-10-20,106,4.23,,a
1984-10-21,110,4.85,,a
1984-10-22,109,4.69,,a
1984-10-23,109,4.69,,a
1984-10-24,108,4.53,,a
1984-10-25,108,4.53,,a
1984-10-26,107,4.38,,a
1984-10-27,106,4.23,,a
1984-10-28,104,3.95,,a
1984-10-29,101,3.55,,a
1984-10-30,100,3.43,,a
1984-10-31,98,3.19,,a
1984-11-01,96,2.97,,a
1984-11-02,94,2.76,,a
1984-11-03,90,2.39,,a
1984-11-04,84,1.92,,a
1984-11-05,82,1.79,,a
1984-11-06,84,1.92,,a
1984-11-07,102,3.68,,a
1984-11-08,101,3.55,,a
1984-11-09,100,3.43,,a
1984-11-10,98,3.19,,a
1984-11-11,97,3.08,,a
1984-11-12,98,3.19,,a
1984-11-13,97,3.08,,a
1984-11-14,96,2.97,,a
1984-11-15,97,3.08,,a
1984-11-16,97,3.08,,a
1984-11-17,96,2.97,,a
1984-11-18,96,2.97,,a
1984-11-19,95,2.86,,a
1984-11-20,95,2.86,,a
1984-11-21,94,2.76,,a
1984-11-22,93,2.66,,a
1984-11-23,94,2.76,,a
1984-11-24,93,2.66,,a
1984-11-25,92,2.57,,a
1984-11-26,92,2.57,,a
1984-11-27,91,2.48,,a
1984-11-28,91,2.48,,a
1984-11-29,90,2.39,,a
1984-11-30,89,2.3,,a
1984-12-01,88,2.22,,a
1984-12-02,96,2.97,,a
1984-12-03,102,3.68,,a
1984-12-04,115,5.72,,a
1984-12-05,118,6.3,,a
1984-12-06,116,5.91,,a
1984-12-07,115,5.72,,a
1984-12-08,114,5.54,,a
1984-12-09,112,5.18,,a
1984-12-10,111,5.01,,a
1984-12-11,110,4.85,,a
1984-12-12,108,4.53,,a
1984-12-13,107,4.38,,a
1984-12-14,105,4.09,,a
1984-12-15,102,3.68,,a
1984-12-16,109,4.69,,a
1984-12-17,160,16.1,,a
1984-12-18,156,15,,a
1984-12-19,151,13.8,,a
1984-12-20,146,12.5,,a
1984-12-21,140,11.1,,a
1984-12-22,134,9.65,,a
1984-12-23,129,8.52,,a
1984-12-24,119,6.51,,a
1984-12-25,115,5.72,,a
1984-12-26,110,4.85,,a
1984-12-27,108,4.53,,a
1984-12-28,105,4.09,,a
1984-12-29,103,3.81,,a
1984-12-30,102,3.68,,a
1984-12-31,101,3.55,,a
1985-01-01,99,3.31,,a
1985-01-02,96,2.97,,a
1985-01-03,94,2.76,,a
1985-01-04,94,2.76,,a
1985-01-05,93,2.66,,a
1985-01-06,93,2.66,,a
1985-01-07,92,2.57,,a
1985-01-08,91,2.48,,a
1985-01-09,92,2.57,,a
1985-01-10,91,2.48,,a
1985-01-11,90,2.39,,a
1985-01-12,90,2.39,,a
1985-01-13,89,2.3,,a
1985-01-14,89,2.3,,a
1985-01-15,90,2.39,,a
1985-01-16,90,2.39,,a
1985-01-17,90,2.39,,a
1985-01-18,89,2.3,,a
1985-01-19,89,2.3,,a
1985-01-20,88,2.22,,a
1985-01-21,101,3.55,,a
1985-01-22,103,3.81,,a
1985-01-23,162,16.6,,a
1985-01-24,226,36.7,,a
1985-01-25,174,19.9,,a
1985-01-26,165,17.4,,a
1985-01-27,160,16,,a
1985-01-28,152,13.9,,a
1985-01-29,144,11.9,,a
1985-01-30,138,10.5,,a
1985-01-31,132,9.04,,a
1985-02-01,125,7.45,,a
1985-02-02,120,6.5,,a
1985-02-03,114,5.28,,a
1985-02-04,108,4.24,,a
1985-02-05,104,3.64,,a
1985-02-06,102,3.37,,a
1985-02-07,100,3.11,,a
1985-02-08,98,2.87,,a
1985-02-09,97,2.76,,a
1985-02-10,96,2.65,,a
1985-02-11,95,2.55,,a
1985-02-12,95,2.55,,a
1985-02-13,94,2.44,,a
1985-02-14,94,2.44,,a
1985-02-15,93,2.35,,a
1985-02-16,94,2.44,,a
1985-02-17,93,2.35,,a
1985-02-18,92,2.25,,a
1985-02-19,93,2.35,,a
1985-02-20,93,2.35,,a
1985-02-21,92,2.25,,a
1985-02-22,91,2.16,,a
1985-02-23,91,2.16,,a
1985-02-24,90,2.07,,a
1985-02-25,92,2.25,,a
1985-02-26,95,2.55,,a
1985-02-27,98,2.87,,a
1985-02-28,100,3.11,,a
1985-03-01,104,3.64,,a
1985-03-02,109,4.4,,a
1985-03-03,115,5.47,,a
1985-03-04,118,6.07,,a
1985-03-05,126,7.67,,a
1985-03-06,130,8.58,,a
1985-03-07,125,7.45,,a
1985-03-08,120,6.5,,a
1985-03-09,118,6.07,,a
1985-03-10,109,4.4,,a
1985-03-11,116,5.66,,a
1985-03-12,108,4.24,,a
1985-03-13,105,3.78,,a
1985-03-14,102,3.37,,a
1985-03-15,101,3.24,,a
1985-03-16,102,3.37,,a
1985-03-17,105,3.78,,a
1985-03-18,110,4.56,,a
1985-03-19,117,5.86,,a
1985-03-20,122,6.78,,a
1985-03-21,127,7.9,,a
1985-03-22,155,14.7,,a
1985-03-23,187,23.8,,a
1985-03-24,178,21.1,,a
1985-03-25,170,18.8,,a
1985-03-26,166,17.7,,a
1985-03-27,160,16,,a
1985-03-28,154,14.4,,a
1985-03-29,145,12.2,,a
1985-03-30,137,10.2,,a
1985-03-31,130,8.58,,a
1985-04-01,124,7.22,,a
1985-04-02,119,6.28,,a
1985-04-03,110,4.56,,a
1985-04-04,106,3.93,,a
1985-04-05,102,3.37,,a
1985-04-06,100,3.11,,a
1985-04-07,100,3.11,,a
1985-04-08,135,9.74,,a
1985-04-09,150,13.4,,a
1985-04-10,142,11.4,,a
1985-04-11,136,9.98,,a
1985-04-12,145,12.2,,a
1985-04-13,145,12.2,,a
1985-04-14,134,9.51,,a
1985-04-15,128,8.12,,a
1985-04-16,125,7.45,,a
1985-04-17,124,7.22,,a
1985-04-18,121,6.56,,a
1985-04-19,119,6.28,,a
1985-04-20,115,5.47,,a
1985-04-21,113,5.09,,a
1985-04-22,110,4.56,,a
1985-04-23,108,4.24,,a
1985-04-24,135,9.74,,a
1985-04-25,155,14.7,,a
1985-04-26,148,12.9,,a
1985-04-27,140,10.9,,a
1985-04-28,132,9.04,,a
1985-04-29,164,17.1,,a
1985-04-30,146,12.4,,a
1985-05-01,118,6.07,,a
1985-05-02,112,4.91,,a
1985-05-03,106,3.93,,a
1985-05-04,104,3.64,,a
1985-05-05,107,4.08,,a
1985-05-06,120,6.5,,a
1985-05-07,128,8.12,,a
1985-05-08,136,9.98,,a
1985-05-09,139,10.7,,a
1985-05-10,134,9.51,,a
1985-05-11,126,7.67,,a
1985-05-12,117,5.86,,a
1985-05-13,112,4.91,,a
1985-05-14,108,4.24,,a
1985-05-15,105,3.78,,a
1985-05-16,103,3.5,,a
1985-05-17,102,3.37,,a
1985-05-18,100,3.11,,a
1985-05-19,98,2.87,,a
1985-05-20,97,2.76,,a
1985-05-21,96,2.65,,a
1985-05-22,95,2.55,,a
1985-05-23,94,2.44,,a
1985-05-24,93,2.35,,a
1985-05-25,93,2.35,,a
1985-05-26,94,2.44,,a
1985-05-27,95,2.55,,a
1985-05-28,96,2.65,,a
1985-05-29,97,2.76,,a
1985-05-30,97,2.76,,a
1985-05-31,98,2.87,,a
1985-06-01,98,2.87,,a
1985-06-02,99,2.99,,a
1985-06-03,100,3.11,,a
1985-06-04,150,13.4,,a
1985-06-05,130,8.58,,a
1985-06-06,105,3.78,,a
1985-06-07,103,3.5,,a
1985-06-08,110,4.56,,a
1985-06-09,186,23.5,,a
1985-06-10,132,9.04,,a
1985-06-11,180,21.7,,a
1985-06-12,166,17.7,,a
1985-06-13,160,16,,a
1985-06-14,156,15,,a
1985-06-15,153,14.2,,a
1985-06-16,150,13.4,,a
1985-06-17,190,24.7,,a
1985-06-18,156,15,,a
1985-06-19,150,13.4,,a
1985-06-20,138,10.5,,a
1985-06-21,142,11.4,,a
1985-06-22,131,8.81,,a
1985-06-23,127,7.9,,a
1985-06-24,124,7.22,,a
1985-06-25,120,6.5,,a
1985-06-26,116,5.66,,a
1985-06-27,124,7.22,,a
1985-06-28,110,4.56,,a
1985-06-29,108,4.24,,a
1985-06-30,112,4.91,,a
1985-07-01,110,4.56,,a
1985-07-02,108,4.24,,a
1985-07-03,107,4.08,,a
1985-07-04,106,3.93,,a
1985-07-05,104,3.64,,a
1985-07-06,102,3.37,,a
1985-07-07,100,3.11,,a
1985-07-08,99,2.99,,a
1985-07-09,100,3.11,,a
1985-07-10,128,8.12,,a
1985-07-11,120,6.5,,a
1985-07-12,112,4.91,,a
1985-07-13,106,3.93,,a
1985-07-14,104,3.64,,a
1985-07-15,103,3.5,,a
1985-07-16,101,3.24,,a
1985-07-17,95,2.55,,a
1985-07-18,96,2.65,,a
1985-07-19,95,2.55,,a
1985-07-20,92,2.25,,a
1985-07-21,135,9.74,,a
1985-07-22,122,6.78,,a
1985-07-23,118,6.07,,a
1985-07-24,116,5.66,,a
1985-07-25,110,4.56,,a
1985-07-26,108,4.24,,a
1985-07-27,106,3.93,,a
1985-07-28,104,3.64,,a
1985-07-29,99,2.99,,a
1985-07-30,98,2.87,,a
1985-07-31,96,2.65,,a
1985-08-01,95,2.55,,a
1985-08-02,96,2.65,,a
1985-08-03,100,3.11,,a
1985-08-04,102,3.37,,a
1985-08-05,106,3.93,,a
1985-08-06,108,4.24,,a
1985-08-07,160,16,,a
1985-08-08,148,12.9,,a
1985-08-09,140,10.9,,a
1985-08-10,126,7.67,,a
1985-08-11,108,4.24,,a
1985-08-12,104,3.64,,a
1985-08-13,98,2.87,,a
1985-08-14,96,2.65,,a
1985-08-15,96,2.65,,a
1985-08-16,95,2.55,,a
1985-08-17,94,2.44,,a
1985-08-18,94,2.44,,a
1985-08-19,92,2.25,,a
1985-08-20,91,2.16,,a
1985-08-21,90,2.07,,a
1985-08-22,91,2.16,,a
1985-08-23,90,2.07,,a
1985-08-24,89,1.99,,a
1985-08-25,88,1.91,,a
1985-08-26,86,1.76,,a
1985-08-27,130,8.58,,a
1985-08-28,106,3.93,,a
1985-08-29,104,3.64,,a
1985-08-30,102,3.37,,a
1985-08-31,100,3.11,,a
1985-09-01,99,2.99,,a
1985-09-02,98,2.87,,a
1985-09-03,97,2.76,,a
1985-09-04,97,2.76,,a
1985-09-05,99,2.99,,a
1985-09-06,102,3.37,,a
1985-09-07,101,3.24,,a
1985-09-08,102,3.37,,a
1985-09-09,101,3.24,,a
1985-09-10,100,3.11,,a
1985-09-11,100,3.11,,a
1985-09-12,99,2.99,,a
1985-09-13,98,2.87,,a
1985-09-14,97,2.76,,a
1985-09-15,95,2.55,,a
1985-09-16,94,2.44,,a
1985-09-17,93,2.35,,a
1985-09-18,94,2.44,,a
1985-09-19,93,2.35,,a
1985-09-20,92,2.25,,a
1985-09-21,91,2.16,,a
1985-09-22,91,2.16,,a
1985-09-23,90,2.07,,a
1985-09-24,88,1.91,,a
1985-09-25,87,1.83,,a
1985-09-26,90,2.07,,a
1985-09-27,89,1.99,,a
1985-09-28,88,1.91,,a
1985-09-29,86,1.76,,a
1985-09-30,85,1.69,,a
1985-10-01,84,1.62,,a
1985-10-02,83,1.56,,a
1985-10-03,86,1.76,,a
1985-10-04,87,1.83,,a
1985-10-05,86,1.76,,a
1985-10-06,87,1.83,,a
1985-10-07,87,1.83,,a
1985-10-08,86,1.76,,a
1985-10-09,86,1.76,,a
1985-10-10,85,1.69,,a
1985-10-11,87,1.83,,a
1985-10-12,88,1.91,,a
1985-10-13,90,2.07,,a
1985-10-14,90,2.07,,a
1985-10-15,89,1.99,,a
1985-10-16,88,1.91,,a
1985-10-17,87,1.83,,a
1985-10-18,88,1.91,,a
1985-10-19,87,1.83,,a
1985-10-20,86,1.76,,a
1985-10-21,86,1.76,,a
1985-10-22,85,1.69,,a
1985-10-23,86,1.76,,a
1985-10-24,85,1.69,,a
1985-10-25,85,1.69,,a
1985-10-26,84,1.62,,a
1985-10-27,83,1.56,,a
1985-10-28,82,1.5,,a
1985-10-29,80,1.38,,a
1985-10-30,80,1.38,,a
1985-10-31,81,1.44,,a
1985-11-01,86,1.76,,a
1985-11-02,90,2.07,,a
1985-11-03,95,2.55,,a
1985-11-04,100,3.11,,a
1985-11-05,116,5.66,,a
1985-11-06,143,11.7,,a
1985-11-07,125,7.45,,a
1985-11-08,118,6.07,,a
1985-11-09,115,5.47,,a
1985-11-10,123,7,,a
1985-11-11,169,18.5,,a
1985-11-12,140,10.9,,a
1985-11-13,170,18.8,,a
1985-11-14,142,11.4,,a
1985-11-15,136,9.98,,a
1985-11-16,125,7.45,,a
1985-11-17,118,6.07,,a
1985-11-18,117,5.86,,a
1985-11-19,116,5.66,,a
1985-11-20,114,5.28,,a
1985-11-21,113,5.09,,a
1985-11-22,112,4.91,,a
1985-11-23,106,3.93,,a
1985-11-24,102,3.37,,a
1985-11-25,104,3.64,,a
1985-11-26,105,3.78,,a
1985-11-27,106,3.93,,a
1985-11-28,103,3.5,,a
1985-11-29,102,3.37,,a
1985-11-30,100,3.11,,a
1985-12-01,100,3.11,,a
1985-12-02,103,3.5,,a
1985-12-03,102,3.37,,a
1985-12-04,105,3.78,,a
1985-12-05,106,3.93,,a
1985-12-06,107,4.08,,a
1985-12-07,109,4.4,,a
1985-12-08,110,4.56,,a
1985-12-09,112,4.91,,a
1985-12-10,112,4.91,,a
1985-12-11,114,5.28,,a
1985-12-12,115,5.47,,a
1985-12-13,120,6.5,,a
1985-12-14,122,6.78,,a
1985-12-15,126,7.67,,a
1985-12-16,130,8.58,,a
1985-12-17,132,9.04,,a
1985-12-18,130,8.58,,a
1985-12-19,129,8.35,,a
1985-12-20,127,7.9,,a
1985-12-21,125,7.45,,a
1985-12-22,124,7.22,,a
1985-12-23,122,6.78,,a
1985-12-24,120,6.5,,a
1985-12-25,118,6.07,,a
1985-12-26,115,5.47,,a
1985-12-27,146,12.4,,a
1985-12-28,138,10.5,,a
1985-12-29,130,8.58,,a
1985-12-30,126,7.67,,a
1985-12-31,121,6.56,,a
1986-01-01,123,7,,a
1986-01-02,128,8.12,,a
1986-01-03,136,9.98,,a
1986-01-04,138,10.5,,a
1986-01-05,126,7.67,,a
1986-01-06,120,6.5,,a
1986-01-07,118,6.07,,a
1986-01-08,117,5.86,,a
1986-01-09,115,5.47,,a
1986-01-10,115,5.47,,a
1986-01-11,114,5.28,,a
1986-01-12,113,5.09,,a
1986-01-13,114,5.28,,a
1986-01-14,113,5.09,,a
1986-01-15,112,4.91,,a
1986-01-16,110,4.56,,a
1986-01-17,109,4.4,,a
1986-01-18,107,4.08,,a
1986-01-19,105,3.78,,a
1986-01-20,105,3.78,,a
1986-01-21,104,3.64,,a
1986-01-22,103,3.5,,a
1986-01-23,103,3.5,,a
1986-01-24,102,3.37,,a
1986-01-25,101,3.24,,a
1986-01-26,114,5.28,,a
1986-01-27,115,5.47,,a
1986-01-28,116,5.66,,a
1986-01-29,117,5.86,,a
1986-01-30,115,5.47,,a
1986-01-31,120,6.5,,a
1986-02-01,122,6.78,,a
1986-02-02,123,7,,a
1986-02-03,124,7.22,,a
1986-02-04,122,6.78,,a
1986-02-05,120,6.5,,a
1986-02-06,119,6.28,,a
1986-02-07,118,6.07,,a
1986-02-08,117,5.86,,a
1986-02-09,115,5.47,,a
1986-02-10,115,5.47,,a
1986-02-11,114,5.28,,a
1986-02-12,113,5.09,,a
1986-02-13,113,5.09,,a
1986-02-14,112,4.91,,a
1986-02-15,111,4.73,,a
1986-02-16,110,4.56,,a
1986-02-17,108,4.24,,a
1986-02-18,105,3.78,,a
1986-02-19,103,3.5,,a
1986-02-20,102,3.37,,a
1986-02-21,100,3.11,,a
1986-02-22,100,3.11,,a
1986-02-23,101,3.24,,a
1986-02-24,99,2.99,,a
1986-02-25,98,2.87,,a
1986-02-26,98,2.87,,a
1986-02-27,97,2.76,,a
1986-02-28,98,2.87,,a
1986-03-01,98,2.87,,a
1986-03-02,98,2.87,,a
1986-03-03,97,2.76,,a
1986-03-04,96,2.65,,a
1986-03-05,96,2.65,,a
1986-03-06,95,2.55,,a
1986-03-07,94,2.44,,a
1986-03-08,120,6.5,,a
1986-03-09,123,7,,a
1986-03-10,125,7.45,,a
1986-03-11,127,7.9,,a
1986-03-12,130,8.58,,a
1986-03-13,135,9.74,,a
1986-03-14,130,8.58,,a
1986-03-15,127,7.9,,a
1986-03-16,125,7.45,,a
1986-03-17,120,6.5,,a
1986-03-18,118,6.07,,a
1986-03-19,117,5.86,,a
1986-03-20,116,5.66,,a
1986-03-21,114,5.28,,a
1986-03-22,112,4.91,,a
1986-03-23,110,4.56,,a
1986-03-24,108,4.24,,a
1986-03-25,147,12.7,,a
1986-03-26,200,27.8,,a
1986-03-27,170,18.8,,a
1986-03-28,160,16,,a
1986-03-29,155,14.7,,a
1986-03-30,150,13.4,,a
1986-03-31,146,12.4,,a
1986-04-01,140,10.9,,a
1986-04-02,134,9.51,,a
1986-04-03,130,8.58,,a
1986-04-04,124,7.22,,a
1986-04-05,120,6.5,,a
1986-04-06,117,5.86,,a
1986-04-07,111,4.73,,a
1986-04-08,107,4.08,,a
1986-04-09,103,3.5,,a
1986-04-10,100,3.11,,a
1986-04-11,120,6.5,,a
1986-04-12,118,6.07,,a
1986-04-13,114,5.28,,a
1986-04-14,112,4.91,,a
1986-04-15,111,4.73,,a
1986-04-16,106,3.93,,a
1986-04-17,110,4.56,,a
1986-04-18,155,14.7,,a
1986-04-19,170,18.8,,a
1986-04-20,180,21.7,,a
1986-04-21,155,14.7,,a
1986-04-22,148,12.9,,a
1986-04-23,140,10.9,,a
1986-04-24,132,9.04,,a
1986-04-25,125,7.45,,a
1986-04-26,120,6.5,,a
1986-04-27,118,6.07,,a
1986-04-28,116,5.66,,a
1986-04-29,112,4.91,,a
1986-04-30,110,4.56,,a
1986-05-01,109,4.4,,a
1986-05-02,108,4.24,,a
1986-05-03,106,3.93,,a
1986-05-04,104,3.64,,a
1986-05-05,103,3.5,,a
1986-05-06,102,3.37,,a
1986-05-07,118,6.07,,a
1986-05-08,116,5.66,,a
1986-05-09,114,5.28,,a
1986-05-10,110,4.56,,a
1986-05-11,111,4.73,,a
1986-05-12,110,4.56,,a
1986-05-13,109,4.4,,a
1986-05-14,108,4.24,,a
1986-05-15,117,5.86,,a
1986-05-16,118,6.07,,a
1986-05-17,115,5.47,,a
1986-05-18,116,5.66,,a
1986-05-19,115,5.47,,a
1986-05-20,114,5.28,,a
1986-05-21,112,4.91,,a
1986-05-22,110,4.56,,a
1986-05-23,108,4.24,,a
1986-05-24,106,3.93,,a
1986-05-25,103,3.5,,a
1986-05-26,100,3.11,,a
1986-05-27,97,2.76,,a
1986-05-28,94,2.44,,a
1986-05-29,90,2.07,,a
1986-05-30,120,6.5,,a
1986-05-31,112,4.91,,a
1986-06-01,105,3.78,,a
1986-06-02,102,3.37,,a
1986-06-03,100,3.11,,a
1986-06-04,102,3.37,,a
1986-06-05,204,29.1,,a
1986-06-06,146,12.4,,a
1986-06-07,120,6.5,,a
1986-06-08,110,4.56,,a
1986-06-09,105,3.78,,a
1986-06-10,100,3.11,,a
1986-06-11,96,2.65,,a
1986-06-12,93,2.35,,a
1986-06-13,90,2.07,,a
1986-06-14,100,3.11,,a
1986-06-15,124,7.22,,a
1986-06-16,156,15,,a
1986-06-17,148,12.9,,a
1986-06-18,142,11.4,,a
1986-06-19,136,9.98,,a
1986-06-20,130,8.58,,a
1986-06-21,127,7.9,,a
1986-06-22,125,7.45,,a
1986-06-23,135,9.74,,a
1986-06-24,160,16,,a
1986-06-25,128,8.12,,a
1986-06-26,126,7.67,,a
1986-06-27,124,7.22,,a
1986-06-28,122,6.78,,a
1986-06-29,120,6.5,,a
1986-06-30,116,5.66,,a
1986-07-01,110,4.56,,a
1986-07-02,107,4.08,,a
1986-07-03,105,3.78,,a
1986-07-04,102,3.37,,a
1986-07-05,100,3.11,,a
1986-07-06,98,2.87,,a
1986-07-07,96,2.65,,a
1986-07-08,108,4.24,,a
1986-07-09,110,4.56,,a
1986-07-10,108,4.24,,a
1986-07-11,106,3.93,,a
1986-07-12,104,3.64,,a
1986-07-13,100,3.11,,a
1986-07-14,98,2.87,,a
1986-07-15,100,3.11,,a
1986-07-16,98,2.87,,a
1986-07-17,96,2.65,,a
1986-07-18,95,2.55,,a
1986-07-19,95,2.55,,a
1986-07-20,96,2.65,,a
1986-07-21,95,2.55,,a
1986-07-22,96,2.65,,a
1986-07-23,97,2.76,,a
1986-07-24,97,2.76,,a
1986-07-25,96,2.65,,a
1986-07-26,96,2.65,,a
1986-07-27,95,2.55,,a
1986-07-28,96,2.65,,a
1986-07-29,95,2.55,,a
1986-07-30,95,2.55,,a
1986-07-31,94,2.44,,a
1986-08-01,95,2.55,,a
1986-08-02,94,2.44,,a
1986-08-03,93,2.35,,a
1986-08-04,93,2.35,,a
1986-08-05,92,2.25,,a
1986-08-06,91,2.16,,a
1986-08-07,92,2.25,,a
1986-08-08,91,2.16,,a
1986-08-09,90,2.07,,a
1986-08-10,90,2.07,,a
1986-08-11,91,2.16,,a
1986-08-12,90,2.07,,a
1986-08-13,98,2.87,,a
1986-08-14,126,7.67,,a
1986-08-15,124,7.22,,a
1986-08-16,130,8.58,,a
1986-08-17,134,9.51,,a
1986-08-18,131,8.81,,a
1986-08-19,125,7.45,,a
1986-08-20,120,6.5,,a
1986-08-21,118,6.07,,a
1986-08-22,115,5.47,,a
1986-08-23,112,4.91,,a
1986-08-24,150,13.4,,a
1986-08-25,162,16.6,,a
1986-08-26,134,9.51,,a
1986-08-27,126,7.67,,a
1986-08-28,130,8.58,,a
1986-08-29,132,9.04,,a
1986-08-30,200,27.8,,a
1986-08-31,183,22.6,,a
1986-09-01,160,16,,a
1986-09-02,152,13.9,,a
1986-09-03,136,9.98,,a
1986-09-04,122,6.78,,a
1986-09-05,108,4.24,,a
1986-09-06,104,3.64,,a
1986-09-07,102,3.37,,a
1986-09-08,100,3.11,,a
1986-09-09,98,2.87,,a
1986-09-10,134,9.51,,a
1986-09-11,140,10.9,,a
1986-09-12,128,8.12,,a
1986-09-13,120,6.5,,a
1986-09-14,115,5.47,,a
1986-09-15,116,5.66,,a
1986-09-16,112,4.91,,a
1986-09-17,109,4.4,,a
1986-09-18,107,4.08,,a
1986-09-19,104,3.64,,a
1986-09-20,102,3.37,,a
1986-09-21,100,3.11,,a
1986-09-22,98,2.87,,a
1986-09-23,98,2.87,,a
1986-09-24,97,2.76,,a
1986-09-25,96,2.65,,a
1986-09-26,98,2.87,,a
1986-09-27,97,2.76,,a
1986-09-28,96,2.65,,a
1986-09-29,94,2.44,,a
1986-09-30,92,2.25,,a
1986-10-01,92,2.25,,a
1986-10-02,91,2.16,,a
1986-10-03,91,2.16,,a
1986-10-04,90,2.07,,a
1986-10-05,90,2.07,,a
1986-10-06,88,1.91,,a
1986-10-07,89,1.99,,a
1986-10-08,88,1.91,,a
1986-10-09,87,1.83,,a
1986-10-10,87,1.83,,a
1986-10-11,86,1.76,,a
1986-10-12,85,1.69,,a
1986-10-13,86,1.76,,a
1986-10-14,84,1.62,,a
1986-10-15,83,1.56,,a
1986-10-16,83,1.56,,a
1986-10-17,81,1.44,,a
1986-10-18,79,1.33,,a
1986-10-19,76,1.19,,a
1986-10-20,76,1.19,,a
1986-10-21,90,2.07,,a
1986-10-22,94,2.44,,a
1986-10-23,97,2.76,,a
1986-10-24,98,2.87,,a
1986-10-25,101,3.24,,a
1986-10-26,106,3.93,,a
1986-10-27,118,6.07,,a
1986-10-28,114,5.28,,a
1986-10-29,110,4.56,,a
1986-10-30,109,4.4,,a
1986-10-31,108,4.24,,a
1986-11-01,107,4.08,,a
1986-11-02,107,4.08,,a
1986-11-03,112,4.91,,a
1986-11-04,114,5.28,,a
1986-11-05,113,5.09,,a
1986-11-06,111,4.73,,a
1986-11-07,109,4.4,,a
1986-11-08,106,3.93,,a
1986-11-09,101,3.24,,a
1986-11-10,96,2.65,,a
1986-11-11,92,2.25,,a
1986-11-12,91,2.16,,a
1986-11-13,91,2.16,,a
1986-11-14,90,2.07,,a
1986-11-15,95,2.55,,a
1986-11-16,94,2.44,,a
1986-11-17,91,2.16,,a
1986-11-18,90,2.07,,a
1986-11-19,90,2.07,,a
1986-11-20,88,1.91,,a
1986-11-21,87,1.83,,a
1986-11-22,92,2.25,,a
1986-11-23,144,11.9,,a
1986-11-24,192,25.3,,a
1986-11-25,180,21.7,,a
1986-11-26,152,13.9,,a
1986-11-27,135,9.74,,a
1986-11-28,120,6.5,,a
1986-11-29,112,4.91,,a
1986-11-30,104,3.64,,a
1986-12-01,102,3.37,,a
1986-12-02,101,3.24,,a
1986-12-03,100,3.11,,a
1986-12-04,98,2.87,,a
1986-12-05,96,2.65,,a
1986-12-06,94,2.44,,a
1986-12-07,93,2.35,,a
1986-12-08,92,2.25,,a
1986-12-09,92,2.25,,a
1986-12-10,91,2.16,,a
1986-12-11,90,2.07,,a
1986-12-12,90,2.07,,a
1986-12-13,89,1.99,,a
1986-12-14,88,1.91,,a
1986-12-15,89,1.99,,a
1986-12-16,96,2.65,,a
1986-12-17,99,2.99,,a
1986-12-18,109,4.4,,a
1986-12-19,116,5.66,,a
1986-12-20,123,7,,a
1986-12-21,125,7.45,,a
1986-12-22,122,6.78,,a
1986-12-23,120,6.5,,a
1986-12-24,119,6.28,,a
1986-12-25,117,5.86,,a
1986-12-26,115,5.47,,a
1986-12-27,113,5.09,,a
1986-12-28,112,4.91,,a
1986-12-29,111,4.73,,a
1986-12-30,118,6.07,,a
1986-12-31,108,4.24,,a
1987-01-01,107,4.08,,a
1987-01-02,106,3.93,,a
1987-01-03,105,3.78,,a
1987-01-04,104,3.64,,a
1987-01-05,104,3.64,,a
1987-01-06,103,3.5,,a
1987-01-07,102,3.37,,a
1987-01-08,101,3.24,,a
1987-01-09,100,3.11,,a
1987-01-10,100,3.11,,a
1987-01-11,99,2.99,,a
1987-01-12,98,2.87,,a
1987-01-13,98,2.87,,a
1987-01-14,97,2.76,,a
1987-01-15,96,2.65,,a
1987-01-16,96,2.65,,a
1987-01-17,105,3.78,,a
1987-01-18,110,4.56,,a
1987-01-19,112,4.91,,a
1987-01-20,114,5.28,,a
1987-01-21,115,5.47,,a
1987-01-22,114,5.28,,a
1987-01-23,112,4.91,,a
1987-01-24,111,4.73,,a
1987-01-25,109,4.4,,a
1987-01-26,108,4.24,,a
1987-01-27,106,3.39,,a
1987-01-28,105,3.78,,a
1987-01-29,104,3.64,,a
1987-01-30,102,3.37,,a
1987-01-31,102,3.37,,a
1987-02-01,101,3.24,,a
1987-02-02,101,3.24,,a
1987-02-03,100,3.11,,a
1987-02-04,100,3.11,,a
1987-02-05,99,2.99,,a
1987-02-06,98,2.87,,a
1987-02-07,97,2.76,,a
1987-02-08,96,2.65,,a
1987-02-09,99,2.99,,a
1987-02-10,106,3.93,,a
1987-02-11,112,4.91,,a
1987-02-12,123,7,,a
1987-02-13,136,9.98,,a
1987-02-14,150,13.4,,a
1987-02-15,165,17.4,,a
1987-02-16,162,16.6,,a
1987-02-17,156,15,,a
1987-02-18,150,13.4,,a
1987-02-19,145,12.2,,a
1987-02-20,147,12.7,,a
1987-02-21,142,11.4,,a
1987-02-22,133,9.27,,a
1987-02-23,126,7.67,,a
1987-02-24,118,6.07,,a
1987-02-25,111,4.73,,a
1987-02-26,108,4.24,,a
1987-02-27,104,3.64,,a
1987-02-28,100,3.11,,a
1987-03-01,95,2.55,,a
1987-03-02,97,2.76,,a
1987-03-03,96,2.65,,a
1987-03-04,98,2.87,,a
1987-03-05,98,2.87,,a
1987-03-06,97,2.76,,a
1987-03-07,96,2.65,,a
1987-03-08,95,2.55,,a
1987-03-09,96,2.65,,a
1987-03-10,95,2.55,,a
1987-03-11,96,2.65,,a
1987-03-12,95,2.55,,a
1987-03-13,94,2.44,,a
1987-03-14,94,2.44,,a
1987-03-15,93,2.35,,a
1987-03-16,92,2.25,,a
1987-03-17,91,2.16,,a
1987-03-18,90,2.07,,a
1987-03-19,110,4.56,,a
1987-03-20,130,8.58,,a
1987-03-21,128,8.12,,a
1987-03-22,126,7.67,,a
1987-03-23,123,7,,a
1987-03-24,120,6.5,,a
1987-03-25,122,6.78,,a
1987-03-26,125,7.45,,a
1987-03-27,127,7.9,,a
1987-03-28,129,8.35,,a
1987-03-29,228,37.5,,a
1987-03-30,225,36.4,,a
1987-03-31,200,27.8,,a
1987-04-01,186,23.5,,a
1987-04-02,172,19.3,,a
1987-04-03,160,16,,a
1987-04-04,152,13.9,,a
1987-04-05,143,11.7,,a
1987-04-06,130,8.58,,a
1987-04-07,126,7.67,,a
1987-04-08,124,7.22,,a
1987-04-09,122,6.78,,a
1987-04-10,120,6.5,,a
1987-04-11,116,5.66,,a
1987-04-12,115,5.47,,a
1987-04-13,111,4.73,,a
1987-04-14,112,4.91,,a
1987-04-15,110,4.56,,a
1987-04-16,109,4.4,,a
1987-04-17,109,4.4,,a
1987-04-18,108,4.24,,a
1987-04-19,106,3.93,,a
1987-04-20,105,3.78,,a
1987-04-21,106,3.93,,a
1987-04-22,107,4.08,,a
1987-04-23,106,3.93,,a
1987-04-24,105,3.78,,a
1987-04-25,105,3.78,,a
1987-04-26,104,3.64,,a
1987-04-27,103,3.5,,a
1987-04-28,103,3.5,,a
1987-04-29,102,3.37,,a
1987-04-30,101,3.24,,a
1987-05-01,101,3.24,,a
1987-05-02,100,3.11,,a
1987-05-03,99,2.99,,a
1987-05-04,99,2.99,,a
1987-05-05,105,3.78,,a
1987-05-06,102,3.37,,a
1987-05-07,110,4.56,,a
1987-05-08,105,3.78,,a
1987-05-09,100,3.11,,a
1987-05-10,98,2.87,,a
1987-05-11,95,2.55,,a
1987-05-12,99,2.99,,a
1987-05-13,105,3.78,,a
1987-05-14,120,6.5,,a
1987-05-15,115,5.47,,a
1987-05-16,110,4.56,,a
1987-05-17,105,3.78,,a
1987-05-18,100,3.11,,a
1987-05-19,95,2.55,,a
1987-05-20,92,2.25,,a
1987-05-21,95,2.55,,a
1987-05-22,92,2.25,,a
1987-05-23,91,2.16,,a
1987-05-24,90,2.07,,a
1987-05-25,89,1.99,,a
1987-05-26,87,1.83,,a
1987-05-27,87,1.83,,a
1987-05-28,89,1.99,,a
1987-05-29,93,2.35,,a
1987-05-30,95,2.55,,a
1987-05-31,96,2.65,,a
1987-06-01,89,1.99,,a
1987-06-02,90,2.07,,a
1987-06-03,91,2.16,,a
1987-06-04,90,2.07,,a
1987-06-05,140,10.9,,a
1987-06-06,115,5.47,,a
1987-06-07,110,4.56,,a
1987-06-08,100,3.11,,a
1987-06-09,102,3.37,,a
1987-06-10,110,4.56,,a
1987-06-11,100,3.11,,a
1987-06-12,95,2.55,,a
1987-06-13,92,2.25,,a
1987-06-14,90,2.07,,a
1987-06-15,87,1.83,,a
1987-06-16,95,2.55,,a
1987-06-17,140,10.9,,a
1987-06-18,140,10.9,,a
1987-06-19,110,4.56,,a
1987-06-20,114,5.28,,a
1987-06-21,100,3.11,,a
1987-06-22,95,2.55,,a
1987-06-23,93,2.35,,a
1987-06-24,91,2.16,,a
1987-06-25,90,2.07,,a
1987-06-26,95,2.55,,a
1987-06-27,98,2.87,,a
1987-06-28,100,3.11,,a
1987-06-29,99,2.99,,a
1987-06-30,96,2.65,,a
1987-07-01,95,2.55,,a
1987-07-02,92,2.25,,a
1987-07-03,100,3.11,,a
1987-07-04,110,4.56,,a
1987-07-05,100,3.11,,a
1987-07-06,95,2.55,,a
1987-07-07,90,2.07,,a
1987-07-08,86,1.76,,a
1987-07-09,84,1.62,,a
1987-07-10,82,1.5,,a
1987-07-11,82,1.5,,a
1987-07-12,81,1.44,,a
1987-07-13,80,1.38,,a
1987-07-14,81,1.44,,a
1987-07-15,82,1.5,,a
1987-07-16,84,1.62,,a
1987-07-17,83,1.56,,a
1987-07-18,84,1.62,,a
1987-07-19,84,1.62,,a
1987-07-20,83,1.56,,a
1987-07-21,82,1.5,,a
1987-07-22,82,1.5,,a
1987-07-23,83,1.56,,a
1987-07-24,82,1.5,,a
1987-07-25,100,3.11,,a
1987-07-26,119,6.28,,a
1987-07-27,110,4.56,,a
1987-07-28,100,3.11,,a
1987-07-29,99,2.99,,a
1987-07-30,98,2.87,,a
1987-07-31,99,2.99,,a
1987-08-01,90,2.07,,a
1987-08-02,89,1.99,,a
1987-08-03,88,1.91,,a
1987-08-04,87,1.83,,a
1987-08-05,180,21.7,,a
1987-08-06,140,10.9,,a
1987-08-07,138,10.5,,a
1987-08-08,120,6.5,,a
1987-08-09,110,4.56,,a
1987-08-10,110,4.56,,a
1987-08-11,100,3.11,,a
1987-08-12,99,2.99,,a
1987-08-13,98,2.87,,a
1987-08-14,98,2.87,,a
1987-08-15,99,2.99,,a
1987-08-16,100,3.11,,a
1987-08-17,102,3.37,,a
1987-08-18,100,3.11,,a
1987-08-19,99,2.99,,a
1987-08-20,98,2.87,,a
1987-08-21,97,2.76,,a
1987-08-22,98,2.87,,a
1987-08-23,89,1.99,,a
1987-08-24,88,1.91,,a
1987-08-25,90,2.07,,a
1987-08-26,92,2.25,,a
1987-08-27,92,2.25,,a
1987-08-28,90,2.07,,a
1987-08-29,91,2.16,,a
1987-08-30,90,2.07,,a
1987-08-31,91,2.16,,a
1987-09-01,90,2.07,,a
1987-09-02,91,2.16,,a
1987-09-03,93,2.35,,a
1987-09-04,92,2.25,,a
1987-09-05,93,2.35,,a
1987-09-06,100,3.11,,a
1987-09-07,90,2.07,,a
1987-09-08,70,0.97,,a
1987-09-09,80,1.38,,a
1987-09-10,80,1.38,,a
1987-09-11,81,1.44,,a
1987-09-12,82,1.5,,a
1987-09-13,80,1.38,,a
1987-09-14,80,1.38,,a
1987-09-15,79,1.33,,a
1987-09-16,78,1.28,,a
1987-09-17,80,1.38,,a
1987-09-18,80,1.38,,a
1987-09-19,80,1.38,,a
1987-09-20,79,1.33,,a
1987-09-21,79,1.33,,a
1987-09-22,80,1.38,,a
1987-09-23,80,1.38,,a
1987-09-24,90,2.07,,a
1987-09-25,120,6.5,,a
1987-09-26,150,13.4,,a
1987-09-27,200,27.8,,a
1987-09-28,180,21.7,,a
1987-09-29,110,4.56,,a
1987-09-30,100,3.11,,a
1987-10-01,90,2.07,,a
1987-10-02,91,2.16,,a
1987-10-03,90,2.07,,a
1987-10-04,90,2.07,,a
1987-10-05,90,2.07,,a
1987-10-06,92,2.25,,a
1987-10-07,95,2.55,,a
1987-10-08,100,3.11,,a
1987-10-09,120,6.5,,a
1987-10-10,110,4.56,,a
1987-10-11,130,8.58,,a
1987-10-12,170,18.8,,a
1987-10-13,150,13.4,,a
1987-10-14,160,16,,a
1987-10-15,150,13.4,,a
1987-10-16,130,8.58,,a
1987-10-17,110,4.56,,a
1987-10-18,230,38.2,,a
1987-10-19,200,28.7,,a
1987-10-20,120,7.29,,a
1987-10-21,115,6.2,,a
1987-10-22,110,5.21,,a
1987-10-23,130,9.57,,a
1987-10-24,140,11.9,,a
1987-10-25,110,5.21,,a
1987-10-26,100,3.53,,a
1987-10-27,100,3.53,,a
1987-10-28,110,5.21,,a
1987-10-29,115,6.2,,a
1987-10-30,112,5.59,,a
1987-10-31,110,5.21,,a
1987-11-01,100,3.53,,a
1987-11-02,100,3.53,,a
1987-11-03,99,3.38,,a
1987-11-04,98,3.24,,a
1987-11-05,98,3.24,,a
1987-11-06,99,3.38,,a
1987-11-07,97,3.1,,a
1987-11-08,98,3.24,,a
1987-11-09,98,3.24,,a
1987-11-10,100,3.53,,a
1987-11-11,120,7.29,,a
1987-11-12,130,9.57,,a
1987-11-13,180,22.6,,a
1987-11-14,230,38.8,,a
1987-11-15,180,22.6,,a
1987-11-16,170,19.7,,a
1987-11-17,150,14.4,,a
1987-11-18,130,9.57,,a
1987-11-19,110,5.21,,a
1987-11-20,110,5.21,,a
1987-11-21,100,3.53,,a
1987-11-22,120,7.29,,a
1987-11-23,140,11.9,,a
1987-11-24,212,32.6,,a
1987-11-25,200,28.7,,a
1987-11-26,190,25.5,,a
1987-11-27,180,22.6,,a
1987-11-28,170,19.7,,a
1987-11-29,169,19.4,,a
1987-11-30,160,17,,a
1987-12-01,160,17,,a
1987-12-02,157,16.2,,a
1987-12-03,130,9.57,,a
1987-12-04,128,9.12,,a
1987-12-05,120,7.29,,a
1987-12-06,110,5.21,,a
1987-12-07,100,3.53,,a
1987-12-08,101,3.68,,a
1987-12-09,101,3.68,,a
1987-12-10,100,3.53,,a
1987-12-11,99,3.38,,a
1987-12-12,98,3.24,,a
1987-12-13,98,3.24,,a
1987-12-14,97,3.1,,a
1987-12-15,96,2.96,,a
1987-12-16,95,2.83,,a
1987-12-17,90,2.22,,a
1987-12-18,90,2.22,,a
1987-12-19,91,2.34,,a
1987-12-20,92,2.45,,a
1987-12-21,92,2.45,,a
1987-12-22,91,2.34,,a
1987-12-23,91,2.34,,a
1987-12-24,90,2.22,,a
1987-12-25,90,2.22,,a
1987-12-26,89,2.11,,a
1987-12-27,87,1.9,,a
1987-12-28,89,2.11,,a
1987-12-29,90,2.22,,a
1987-12-30,90,2.22,,a
1987-12-31,90,2.22,,a
1988-01-01,90,2.22,,a
1988-01-02,89,2.11,,a
1988-01-03,90,2.22,,a
1988-01-04,91,2.34,,a
1988-01-05,90,2.22,,a
1988-01-06,91,2.34,,a
1988-01-07,120,7.29,,a
1988-01-08,110,5.21,,a
1988-01-09,110,5.21,,a
1988-01-10,111,5.4,,a
1988-01-11,100,3.53,,a
1988-01-12,91,2.34,,a
1988-01-13,91,2.34,,a
1988-01-14,90,2.22,,a
1988-01-15,89,2.11,,a
1988-01-16,90,2.22,,a
1988-01-17,92,2.45,,a
1988-01-18,91,2.34,,a
1988-01-19,90,2.22,,a
1988-01-20,89,2.11,,a
1988-01-21,90,2.22,,a
1988-01-22,90,2.22,,a
1988-01-23,98,3.24,,a
1988-01-24,100,3.53,,a
1988-01-25,120,7.29,,a
1988-01-26,140,11.9,,a
1988-01-27,120,7.29,,a
1988-01-28,125,8.45,,a
1988-01-29,140,11.9,,a
1988-01-30,140,11.9,,a
1988-01-31,130,9.57,,a
1988-02-01,125,8.45,,a
1988-02-02,120,7.29,,a
1988-02-03,118,6.84,,a
1988-02-04,115,6.2,,a
1988-02-05,117,6.62,,a
1988-02-06,116,6.41,,a
1988-02-07,118,6.84,,a
1988-02-08,119,7.06,,a
1988-02-09,120,7.29,,a
1988-02-10,128,9.12,,a
1988-02-11,132,10,,a
1988-02-12,200,28.7,,a
1988-02-13,190,25.5,,a
1988-02-14,180,22.6,,a
1988-02-15,150,14.4,,a
1988-02-16,110,5.21,,a
1988-02-17,111,5.4,,a
1988-02-18,110,5.21,,a
1988-02-19,100,3.53,,a
1988-02-20,90,2.22,,a
1988-02-21,98,3.24,,a
1988-02-22,97,3.1,,a
1988-02-23,96,2.96,,a
1988-02-24,98,3.24,,a
1988-02-25,102,3.83,,a
1988-02-26,101,3.68,,a
1988-02-27,100,3.53,,a
1988-02-28,100,3.53,,a
1988-02-29,101,3.68,,a
1988-03-01,100,3.53,,a
1988-03-02,100,3.53,,a
1988-03-03,99,3.38,,a
1988-03-04,98,3.24,,a
1988-03-05,100,3.53,,a
1988-03-06,101,3.68,,a
1988-03-07,102,3.83,,a
1988-03-08,100,3.53,,a
1988-03-09,99,3.38,,a
1988-03-10,98,3.24,,a
1988-03-11,97,3.1,,a
1988-03-12,98,3.24,,a
1988-03-13,99,3.38,,a
1988-03-14,97,3.1,,a
1988-03-15,98,3.24,,a
1988-03-16,99,3.38,,a
1988-03-17,90,2.22,,a
1988-03-18,100,3.53,,a
1988-03-19,101,3.68,,a
1988-03-20,99,3.38,,a
1988-03-21,100,3.53,,a
1988-03-22,115,6.2,,a
1988-03-23,121,7.57,,a
1988-03-24,119,7.06,,a
1988-03-25,117,6.62,,a
1988-03-26,115,6.2,,a
1988-03-27,113,5.79,,a
1988-03-28,110,5.21,,a
1988-03-29,99,3.38,,a
1988-03-30,98,3.24,,a
1988-03-31,100,3.53,,a
1988-04-01,120,7.29,,a
1988-04-02,115,6.2,,a
1988-04-03,113,5.79,,a
1988-04-04,110,5.21,,a
1988-04-05,111,5.4,,a
1988-04-06,110,5.21,,a
1988-04-07,115,6.2,,a
1988-04-08,118,6.84,,a
1988-04-09,120,7.29,,a
1988-04-10,121,7.57,,a
1988-04-11,115,6.2,,a
1988-04-12,110,5.21,,a
1988-04-13,100,3.53,,a
1988-04-14,101,3.68,,a
1988-04-15,99,3.38,,a
1988-04-16,98,3.24,,a
1988-04-17,97,3.1,,a
1988-04-18,96,2.96,,a
1988-04-19,98,3.24,,a
1988-04-20,99,3.38,,a
1988-04-21,98,3.24,,a
1988-04-22,97,3.1,,a
1988-04-23,98,3.24,,a
1988-04-24,110,5.21,,a
1988-04-25,120,7.29,,a
1988-04-26,110,5.21,,a
1988-04-27,108,4.84,,a
1988-04-28,105,4.32,,a
1988-04-29,103,3.99,,a
1988-04-30,100,3.53,,a
1988-05-01,98,3.24,,a
1988-05-02,96,2.96,,a
1988-05-03,94,2.7,,a
1988-05-04,90,2.22,,a
1988-05-05,91,2.34,,a
1988-05-06,92,2.45,,a
1988-05-07,91,2.34,,a
1988-05-08,90,2.22,,a
1988-05-09,91,2.34,,a
1988-05-10,90,2.22,,a
1988-05-11,89,2.11,,a
1988-05-12,90,2.22,,a
1988-05-13,99,3.38,,a
1988-05-14,100,3.53,,a
1988-05-15,100,3.53,,a
1988-05-16,99,3.38,,a
1988-05-17,98,3.24,,a
1988-05-18,98,3.24,,a
1988-05-19,99,3.38,,a
1988-05-20,98,3.24,,a
1988-05-21,97,3.1,,a
1988-05-22,96,2.96,,a
1988-05-23,95,2.83,,a
1988-05-24,97,3.1,,a
1988-05-25,98,3.24,,a
1988-05-26,99,3.38,,a
1988-05-27,105,4.32,,a
1988-05-28,110,5.21,,a
1988-05-29,112,5.59,,a
1988-05-30,110,5.21,,a
1988-05-31,114,5.99,,a
1988-06-01,130,9.57,,a
1988-06-02,120,7.29,,a
1988-06-03,170,19.7,,a
1988-06-04,110,5.21,,a
1988-06-05,140,11.9,,a
1988-06-06,180,22.6,,a
1988-06-07,135,10.7,,a
1988-06-08,120,7.29,,a
1988-06-09,115,6.2,,a
1988-06-10,110,5.21,,a
1988-06-11,115,6.2,,a
1988-06-12,99,3.38,,a
1988-06-13,98,3.24,,a
1988-06-14,99,3.38,,a
1988-06-15,98,3.24,,a
1988-06-16,98,3.24,,a
1988-06-17,97,3.1,,a
1988-06-18,99,3.38,,a
1988-06-19,98,3.24,,a
1988-06-20,97,3.1,,a
1988-06-21,98,3.24,,a
1988-06-22,99,3.38,,a
1988-06-23,100,3.53,,a
1988-06-24,101,3.68,,a
1988-06-25,102,3.83,,a
1988-06-26,100,3.53,,a
1988-06-27,99,3.38,,a
1988-06-28,98,3.24,,a
1988-06-29,97,3.1,,a
1988-06-30,98,3.24,,a
1988-07-01,96,2.96,,a
1988-07-02,95,2.83,,a
1988-07-03,94,2.7,,a
1988-07-04,93,2.58,,a
1988-07-05,92,2.45,,a
1988-07-06,91,2.34,,a
1988-07-07,90,2.22,,a
1988-07-08,89,2.11,,a
1988-07-09,88,2,,a
1988-07-10,87,1.9,,a
1988-07-11,86,1.79,,a
1988-07-12,85,1.7,,a
1988-07-13,90,2.22,,a
1988-07-14,110,5.21,,a
1988-07-15,100,3.53,,a
1988-07-16,99,3.38,,a
1988-07-17,99,3.38,,a
1988-07-18,98,3.24,,a
1988-07-19,97,3.1,,a
1988-07-20,96,2.96,,a
1988-07-21,96,2.96,,a
1988-07-22,95,2.83,,a
1988-07-23,96,2.96,,a
1988-07-24,94,2.7,,a
1988-07-25,93,2.58,,a
1988-07-26,92,2.45,,a
1988-07-27,90,2.22,,a
1988-07-28,89,2.11,,a
1988-07-29,88,2,,a
1988-07-30,88,2,,a
1988-07-31,89,2.11,,a
1988-08-01,88,2,,a
1988-08-02,88,2,,a
1988-08-03,89,2.11,,a
1988-08-04,88,2,,a
1988-08-05,89,2.11,,a
1988-08-06,89,2.11,,a
1988-08-07,88,2,,a
1988-08-08,89,2.11,,a
1988-08-09,89,2.11,,a
1988-08-10,88,2,,a
1988-08-11,87,1.9,,a
1988-08-12,86,1.79,,a
1988-08-13,87,1.9,,a
1988-08-14,87,1.9,,a
1988-08-15,88,2,,a
1988-08-16,88,2,,a
1988-08-17,88,2,,a
1988-08-18,87,1.9,,a
1988-08-19,86,1.79,,a
1988-08-20,84,1.6,,a
1988-08-21,100,3.53,,a
1988-08-22,120,7.29,,a
1988-08-23,130,9.57,,a
1988-08-24,120,7.29,,a
1988-08-25,110,5.21,,a
1988-08-26,100,3.53,,a
1988-08-27,90,2.22,,a
1988-08-28,89,2.11,,a
1988-08-29,90,2.22,,a
1988-08-30,100,3.53,,a
1988-08-31,90,2.22,,a
1988-09-01,90,2.22,,a
1988-09-02,88,2,,a
1988-09-03,89,2.11,,a
1988-09-04,89,2.11,,a
1988-09-05,89,2.11,,a
1988-09-06,90,2.22,,a
1988-09-07,89,2.11,,a
1988-09-08,89,2.11,,a
1988-09-09,88,2,,a
1988-09-10,88,2,,a
1988-09-11,89,2.11,,a
1988-09-12,90,2.22,,a
1988-09-13,100,3.53,,a
1988-09-14,150,14.4,,a
1988-09-15,130,9.57,,a
1988-09-16,110,5.21,,a
1988-09-17,109,5.02,,a
1988-09-18,108,4.84,,a
1988-09-19,106,4.49,,a
1988-09-20,104,4.15,,a
1988-09-21,103,3.99,,a
1988-09-22,100,3.53,,a
1988-09-23,99,3.38,,a
1988-09-24,98,3.24,,a
1988-09-25,97,3.1,,a
1988-09-26,98,3.24,,a
1988-09-27,97,3.1,,a
1988-09-28,97,3.1,,a
1988-09-29,96,2.96,,a
1988-09-30,97,3.1,,a
1988-10-01,90,2.22,,a
1988-10-02,89,2.11,,a
1988-10-03,90,2.22,,a
1988-10-04,92,2.45,,a
1988-10-05,98,3.24,,a
1988-10-06,180,22.6,,a
1988-10-07,200,28.7,,a
1988-10-08,210,31.9,,a
1988-10-09,200,28.7,,a
1988-10-10,198,28,,a
1988-10-11,195,27.1,,a
1988-10-12,130,9.57,,a
1988-10-13,125,8.45,,a
1988-10-14,120,7.29,,a
1988-10-15,118,6.84,,a
1988-10-16,115,6.2,,a
1988-10-17,110,5.21,,a
1988-10-18,100,3.53,,a
1988-10-19,99,3.38,,a
1988-10-20,99,3.38,,a
1988-10-21,120,7.29,,a
1988-10-22,100,3.53,,a
1988-10-23,99,3.38,,a
1988-10-24,98,3.24,,a
1988-10-25,97,3.1,,a
1988-10-26,98,3.24,,a
1988-10-27,96,2.96,,a
1988-10-28,95,2.83,,a
1988-10-29,94,2.7,,a
1988-10-30,90,2.22,,a
1988-10-31,89,2.11,,a
1988-11-01,90,2.22,,a
1988-11-02,92,2.45,,a
1988-11-03,90,2.22,,a
1988-11-04,89,2.11,,a
1988-11-05,88,2,,a
1988-11-06,87,1.9,,a
1988-11-07,87,1.9,,a
1988-11-08,86,1.79,,a
1988-11-09,87,1.9,,a
1988-11-10,86,1.79,,a
1988-11-11,86,1.79,,a
1988-11-12,87,1.9,,a
1988-11-13,88,2,,a
1988-11-14,88,2,,a
1988-11-15,89,2.11,,a
1988-11-16,89,2.11,,a
1988-11-17,88,2,,a
1988-11-18,90,2.22,,a
1988-11-19,90,2.22,,a
1988-11-20,90,2.22,,a
1988-11-21,91,2.34,,a
1988-11-22,92,2.45,,a
1988-11-23,93,2.58,,a
1988-11-24,92,2.45,,a
1988-11-25,91,2.34,,a
1988-11-26,90,2.22,,a
1988-11-27,89,2.11,,a
1988-11-28,88,2,,a
1988-11-29,89,2.11,,a
1988-11-30,90,2.22,,a
1988-12-01,91,2.34,,a
1988-12-02,92,2.45,,a
1988-12-03,94,2.7,,a
1988-12-04,96,2.96,,a
1988-12-05,95,2.83,,a
1988-12-06,94,2.7,,a
1988-12-07,93,2.58,,a
1988-12-08,92,2.45,,a
1988-12-09,91,2.34,,a
1988-12-10,90,2.22,,a
1988-12-11,90,2.22,,a
1988-12-12,91,2.34,,a
1988-12-13,91,2.34,,a
1988-12-14,92,2.45,,a
1988-12-15,91,2.34,,a
1988-12-16,90,2.22,,a
1988-12-17,92,2.45,,a
1988-12-18,91,2.34,,a
1988-12-19,90,2.22,,a
1988-12-20,90,2.22,,a
1988-12-21,92,2.45,,a
1988-12-22,92,2.45,,a
1988-12-23,92,2.45,,a
1988-12-24,91,2.34,,a
1988-12-25,90,2.22,,a
1988-12-26,89,2.11,,a
1988-12-27,88,2,,a
1988-12-28,88,2,,a
1988-12-29,88,2,,a
1988-12-30,88,2,,a
1988-12-31,88,2,,a
1989-01-01,91,2.32,,a
1989-01-02,90,2.2,,a
1989-01-03,90,2.2,,a
1989-01-04,91,2.32,,a
1989-01-05,90,2.2,,a
1989-01-06,89,2.09,,a
1989-01-07,89,2.09,,a
1989-01-08,90,2.2,,a
1989-01-09,91,2.32,,a
1989-01-10,90,2.2,,a
1989-01-11,89,2.09,,a
1989-01-12,89,2.09,,a
1989-01-13,88,1.99,,a
1989-01-14,87,1.88,,a
1989-01-15,87,1.88,,a
1989-01-16,86,1.78,,a
1989-01-17,86,1.78,,a
1989-01-18,87,1.88,,a
1989-01-19,87,1.88,,a
1989-01-20,87,1.88,,a
1989-01-21,88,1.99,,a
1989-01-22,87,1.88,,a
1989-01-23,87,1.88,,a
1989-01-24,86,1.78,,a
1989-01-25,86,1.78,,a
1989-01-26,86,1.78,,a
1989-01-27,86,1.78,,a
1989-01-28,86,1.78,,a
1989-01-29,85,1.69,,a
1989-01-30,84,1.59,,a
1989-01-31,84,1.59,,a
1989-02-01,84,1.59,,a
1989-02-02,84,1.59,,a
1989-02-03,83,1.5,,a
1989-02-04,83,1.5,,a
1989-02-05,82,1.42,,a
1989-02-06,82,1.42,,a
1989-02-07,82,1.42,,a
1989-02-08,81,1.33,,a
1989-02-09,81,1.33,,a
1989-02-10,81,1.33,,a
1989-02-11,80,1.25,,a
1989-02-12,80,1.25,,a
1989-02-13,79,1.17,,a
1989-02-14,79,1.17,,a
1989-02-15,79,1.17,,a
1989-02-16,78,1.1,,a
1989-02-17,79,1.17,,a
1989-02-18,79,1.17,,a
1989-02-19,78,1.1,,a
1989-02-20,78,1.1,,a
1989-02-21,77,1.03,,a
1989-02-22,77,1.03,,a
1989-02-23,78,1.1,,a
1989-02-24,80,1.25,,a
1989-02-25,100,3.52,,a
1989-02-26,115,6.24,,a
1989-02-27,143,12.7,,a
1989-02-28,110,5.21,,a
1989-03-01,109,5.05,,a
1989-03-02,108,4.86,,a
1989-03-03,107,4.67,,a
1989-03-04,106,4.5,,a
1989-03-05,105,4.32,,a
1989-03-06,104,4.15,,a
1989-03-07,103,3.99,,a
1989-03-08,102,3.82,,a
1989-03-09,102,3.82,,a
1989-03-10,100,3.52,,a
1989-03-11,99,3.37,,a
1989-03-12,98,3.22,,a
1989-03-13,97,3.08,,a
1989-03-14,96,2.94,,a
1989-03-15,94,2.68,,a
1989-03-16,92,2.44,,a
1989-03-17,94,2.68,,a
1989-03-18,100,3.52,,a
1989-03-19,110,5.21,,a
1989-03-20,111,5.42,,a
1989-03-21,115,6.24,,a
1989-03-22,118,6.88,,a
1989-03-23,115,6.24,,a
1989-03-24,112,5.62,,a
1989-03-25,111,5.42,,a
1989-03-26,110,5.21,,a
1989-03-27,100,3.52,,a
1989-03-28,99,3.37,,a
1989-03-29,98,3.22,,a
1989-03-30,98,3.22,,a
1989-03-31,97,3.08,,a
1989-04-01,88,1.99,,a
1989-04-02,89,2.09,,a
1989-04-03,90,2.2,,a
1989-04-04,100,3.52,,a
1989-04-05,110,5.21,,a
1989-04-06,111,5.42,,a
1989-04-07,110,5.21,,a
1989-04-08,109,5.05,,a
1989-04-09,108,4.86,,a
1989-04-10,107,4.67,,a
1989-04-11,106,4.5,,a
1989-04-12,104,4.15,,a
1989-04-13,111,5.42,,a
1989-04-14,115,6.24,,a
1989-04-15,116,6.46,,a
1989-04-16,115,6.24,,a
1989-04-17,117,6.67,,a
1989-04-18,119,7.1,,a
1989-04-19,121,7.53,,a
1989-04-20,120,7.31,,a
1989-04-21,119,7.1,,a
1989-04-22,118,6.88,,a
1989-04-23,117,6.67,,a
1989-04-24,116,6.46,,a
1989-04-25,115,6.24,,a
1989-04-26,114,6.04,,a
1989-04-27,116,6.46,,a
1989-04-28,120,7.31,,a
1989-04-29,119,7.1,,a
1989-04-30,118,6.88,,a
1989-05-01,112,5.62,,a
1989-05-02,111,5.42,,a
1989-05-03,110,5.21,,a
1989-05-04,110,5.21,,a
1989-05-05,109,5.05,,a
1989-05-06,108,4.86,,a
1989-05-07,110,5.21,,a
1989-05-08,100,3.52,,a
1989-05-09,99,3.37,,a
1989-05-10,98,3.22,,a
1989-05-11,97,3.08,,a
1989-05-12,96,2.94,,a
1989-05-13,95,2.81,,a
1989-05-14,97,3.08,,a
1989-05-15,98,3.22,,a
1989-05-16,97,3.08,,a
1989-05-17,96,2.94,,a
1989-05-18,98,3.22,,a
1989-05-19,97,3.08,,a
1989-05-20,96,2.94,,a
1989-05-21,95,2.81,,a
1989-05-22,94,2.68,,a
1989-05-23,93,2.56,,a
1989-05-24,92,2.44,,a
1989-05-25,90,2.2,,a
1989-05-26,90,2.2,,a
1989-05-27,89,2.09,,a
1989-05-28,88,1.99,,a
1989-05-29,87,1.88,,a
1989-05-30,88,1.99,,a
1989-05-31,89,2.09,,a
1989-06-01,90,2.2,,a
1989-06-02,120,7.31,,a
1989-06-03,111,5.42,,a
1989-06-04,115,6.24,,a
1989-06-05,110,5.21,,a
1989-06-06,109,5.05,,a
1989-06-07,108,4.86,,a
1989-06-08,109,5.05,,a
1989-06-09,111,5.42,,a
1989-06-10,110,5.21,,a
1989-06-11,109,5.05,,a
1989-06-12,108,4.86,,a
1989-06-13,107,4.67,,a
1989-06-14,106,4.5,,a
1989-06-15,107,4.67,,a
1989-06-16,108,4.86,,a
1989-06-17,107,4.67,,a
1989-06-18,105,4.32,,a
1989-06-19,104,4.15,,a
1989-06-20,102,3.82,,a
1989-06-21,100,3.52,,a
1989-06-22,99,3.37,,a
1989-06-23,98,3.22,,a
1989-06-24,97,3.08,,a
1989-06-25,96,2.94,,a
1989-06-26,95,2.81,,a
1989-06-27,98,3.22,,a
1989-06-28,99,3.37,,a
1989-06-29,98,3.22,,a
1989-06-30,97,3.08,,a
1989-07-01,96,2.94,,a
1989-07-02,98,3.22,,a
1989-07-03,100,3.52,,a
1989-07-04,190,25.5,,a
1989-07-05,240,42.4,,a
1989-07-06,130,9.56,,a
1989-07-07,120,7.31,,a
1989-07-08,119,7.1,,a
1989-07-09,118,6.88,,a
1989-07-10,117,6.67,,a
1989-07-11,116,6.46,,a
1989-07-12,115,6.24,,a
1989-07-13,112,5.62,,a
1989-07-14,110,5.21,,a
1989-07-15,109,5.05,,a
1989-07-16,108,4.86,,a
1989-07-17,107,4.67,,a
1989-07-18,106,4.5,,a
1989-07-19,105,4.32,,a
1989-07-20,100,3.52,,a
1989-07-21,99,3.37,,a
1989-07-22,98,3.22,,a
1989-07-23,100,3.52,,a
1989-07-24,110,5.21,,a
1989-07-25,111,5.42,,a
1989-07-26,110,5.21,,a
1989-07-27,100,3.52,,a
1989-07-28,99,3.37,,a
1989-07-29,98,3.22,,a
1989-07-30,155,15.8,,a
1989-07-31,230,38.7,,a
1989-08-01,184,23.8,,a
1989-08-02,180,22.6,,a
1989-08-03,179,22.3,,a
1989-08-04,178,22,,a
1989-08-05,177,21.8,,a
1989-08-06,176,21.5,,a
1989-08-07,175,21.2,,a
1989-08-08,174,20.9,,a
1989-08-09,180,22.6,,a
1989-08-10,179,22.3,,a
1989-08-11,176,21.5,,a
1989-08-12,170,19.8,,a
1989-08-13,168,19.3,,a
1989-08-14,150,14.5,,a
1989-08-15,110,5.21,,a
1989-08-16,98,3.22,,a
1989-08-17,99,3.37,,a
1989-08-18,100,3.52,,a
1989-08-19,110,5.21,,a
1989-08-20,109,5.05,,a
1989-08-21,108,4.86,,a
1989-08-22,107,4.67,,a
1989-08-23,106,4.5,,a
1989-08-24,105,4.32,,a
1989-08-25,103,3.99,,a
1989-08-26,100,3.52,,a
1989-08-27,171,20.1,,a
1989-08-28,234,40.2,,a
1989-08-29,180,22.6,,a
1989-08-30,170,19.8,,a
1989-08-31,150,14.5,,a
1989-09-01,140,11.9,,a
1989-09-02,120,7.31,,a
1989-09-03,150,14.5,,a
1989-09-04,140,11.9,,a
1989-09-05,139,11.7,,a
1989-09-06,137,11.2,,a
1989-09-07,120,7.31,,a
1989-09-08,119,7.1,,a
1989-09-09,120,7.31,,a
1989-09-10,115,6.24,,a
1989-09-11,112,5.62,,a
1989-09-12,100,3.52,,a
1989-09-13,99,3.37,,a
1989-09-14,98,3.22,,a
1989-09-15,98,3.22,,a
1989-09-16,97,3.08,,a
1989-09-17,97,3.08,,a
1989-09-18,96,2.94,,a
1989-09-19,96,2.94,,a
1989-09-20,96,2.94,,a
1989-09-21,93,2.56,,a
1989-09-22,92,2.44,,a
1989-09-23,90,2.2,,a
1989-09-24,89,2.09,,a
1989-09-25,88,1.99,,a
1989-09-26,92,2.44,,a
1989-09-27,110,5.21,,a
1989-09-28,100,3.52,,a
1989-09-29,99,3.37,,a
1989-09-30,98,3.22,,a
1989-10-01,97,3.08,,a
1989-10-02,97,3.08,,a
1989-10-03,96,2.94,,a
1989-10-04,95,2.81,,a
1989-10-05,96,2.94,,a
1989-10-06,97,3.08,,a
1989-10-07,99,3.37,,a
1989-10-08,100,3.52,,a
1989-10-09,99,3.37,,a
1989-10-10,98,3.22,,a
1989-10-11,97,3.08,,a
1989-10-12,96,2.94,,a
1989-10-13,96,2.94,,a
1989-10-14,95,2.81,,a
1989-10-15,94,2.68,,a
1989-10-16,93,2.56,,a
1989-10-17,94,2.68,,a
1989-10-18,92,2.44,,a
1989-10-19,90,2.2,,a
1989-10-20,90,2.2,,a
1989-10-21,89,2.09,,a
1989-10-22,88,1.99,,a
1989-10-23,88,1.99,,a
1989-10-24,87,1.88,,a
1989-10-25,86,1.78,,a
1989-10-26,87,1.88,,a
1989-10-27,88,1.99,,a
1989-10-28,90,2.2,,a
1989-10-29,89,2.09,,a
1989-10-30,88,1.99,,a
1989-10-31,87,1.88,,a
1989-11-01,85,1.69,,a
1989-11-02,84,1.59,,a
1989-11-03,84,1.59,,a
1989-11-04,86,1.78,,a
1989-11-05,89,2.09,,a
1989-11-06,156,16,,a
1989-11-07,140,11.9,,a
1989-11-08,130,9.56,,a
1989-11-09,125,8.42,,a
1989-11-10,120,7.31,,a
1989-11-11,100,3.52,,a
1989-11-12,99,3.37,,a
1989-11-13,98,3.22,,a
1989-11-14,97,3.08,,a
1989-11-15,96,2.94,,a
1989-11-16,96,2.94,,a
1989-11-17,95,2.81,,a
1989-11-18,94,2.68,,a
1989-11-19,93,2.56,,a
1989-11-20,92,2.44,,a
1989-11-21,100,3.52,,a
1989-11-22,110,5.21,,a
1989-11-23,109,5.05,,a
1989-11-24,107,4.67,,a
1989-11-25,105,4.32,,a
1989-11-26,100,3.52,,a
1989-11-27,99,3.37,,a
1989-11-28,98,3.22,,a
1989-11-29,97,3.08,,a
1989-11-30,96,2.94,,a
1989-12-01,95,2.81,,a
1989-12-02,94,2.68,,a
1989-12-03,93,2.56,,a
1989-12-04,93,2.56,,a
1989-12-05,92,2.44,,a
1989-12-06,92,2.44,,a
1989-12-07,91,2.32,,a
1989-12-08,91,2.32,,a
1989-12-09,90,2.2,,a
1989-12-10,89,2.09,,a
1989-12-11,88,1.99,,a
1989-12-12,87,1.88,,a
1989-12-13,87,1.88,,a
1989-12-14,86,1.78,,a
1989-12-15,87,1.88,,a
1989-12-16,87,1.88,,a
1989-12-17,90,2.2,,a
1989-12-18,100,3.52,,a
1989-12-19,120,7.31,,a
1989-12-20,135,10.7,,a
1989-12-21,120,7.31,,a
1989-12-22,190,25.5,,a
1989-12-23,118,6.88,,a
1989-12-24,116,6.46,,a
1989-12-25,114,6.04,,a
1989-12-26,110,5.21,,a
1989-12-27,100,3.52,,a
1989-12-28,99,3.37,,a
1989-12-29,98,3.22,,a
1989-12-30,97,3.08,,a
1989-12-31,97,3.08,,a
1990-01-01,97,3.08,,a
1990-01-02,98,3.22,,a
1990-01-03,97,3.08,,a
1990-01-04,97,3.08,,a
1990-01-05,96,2.94,,a
1990-01-06,95,2.81,,a
1990-01-07,95,2.81,,a
1990-01-08,95,2.81,,a
1990-01-09,94,2.68,,a
1990-01-10,95,2.81,,a
1990-01-11,94,2.68,,a
1990-01-12,93,2.56,,a
1990-01-13,92,2.44,,a
1990-01-14,91,2.32,,a
1990-01-15,90,2.2,,a
1990-01-16,89,2.09,,a
1990-01-17,89,2.09,,a
1990-01-18,89,2.09,,a
1990-01-19,90,2.2,,a
1990-01-20,90,2.2,,a
1990-01-21,89,2.09,,a
1990-01-22,88,1.99,,a
1990-01-23,89,2.09,,a
1990-01-24,90,2.2,,a
1990-01-25,103,3.99,,a
1990-01-26,120,7.31,,a
1990-01-27,130,9.56,,a
1990-01-28,110,5.21,,a
1990-01-29,108,4.86,,a
1990-01-30,107,4.67,,a
1990-01-31,106,4.5,,a
1990-02-01,105,4.32,,a
1990-02-02,104,4.15,,a
1990-02-03,103,3.99,,a
1990-02-04,102,3.82,,a
1990-02-05,101,3.67,,a
1990-02-06,100,3.52,,a
1990-02-07,99,3.37,,a
1990-02-08,98,3.22,,a
1990-02-09,97,3.08,,a
1990-02-10,98,3.22,,a
1990-02-11,100,3.52,,a
1990-02-12,101,3.67,,a
1990-02-13,100,3.52,,a
1990-02-14,101,3.67,,a
1990-02-15,100,3.52,,a
1990-02-16,100,3.52,,a
1990-02-17,99,3.37,,a
1990-02-18,98,3.22,,a
1990-02-19,98,3.22,,a
1990-02-20,98,3.22,,a
1990-02-21,98,3.22,,a
1990-02-22,97,3.08,,a
1990-02-23,97,3.08,,a
1990-02-24,98,3.22,,a
1990-02-25,97,3.08,,a
1990-02-26,96,2.94,,a
1990-02-27,96,2.94,,a
1990-02-28,96,2.94,,a
1990-03-01,96,2.94,,a
1990-03-02,96,2.94,,a
1990-03-03,97,3.08,,a
1990-03-04,97,3.08,,a
1990-03-05,96,2.94,,a
1990-03-06,96,2.94,,a
1990-03-07,96,2.94,,a
1990-03-08,95,2.81,,a
1990-03-09,95,2.81,,a
1990-03-10,95,2.81,,a
1990-03-11,95,2.81,,a
1990-03-12,95,2.81,,a
1990-03-13,94,2.68,,a
1990-03-14,94,2.68,,a
1990-03-15,94,2.68,,a
1990-03-16,93,2.56,,a
1990-03-17,93,2.56,,a
1990-03-18,93,2.56,,a
1990-03-19,92,2.44,,a
1990-03-20,92,2.44,,a
1990-03-21,92,2.44,,a
1990-03-22,92,2.44,,a
1990-03-23,92,2.44,,a
1990-03-24,91,2.32,,a
1990-03-25,96,2.94,,a
1990-03-26,100,3.52,,a
1990-03-27,99,3.37,,a
1990-03-28,99,3.37,,a
1990-03-29,98,3.22,,a
1990-03-30,97,3.08,,a
1990-03-31,97,3.08,,a
1990-04-01,98,3.22,,a
1990-04-02,100,3.52,,a
1990-04-03,110,5.21,,a
1990-04-04,105,4.32,,a
1990-04-05,100,3.52,,a
1990-04-06,120,7.31,,a
1990-04-07,150,14.5,,a
1990-04-08,160,17.1,,a
1990-04-09,140,11.9,,a
1990-04-10,120,7.31,,a
1990-04-11,118,6.88,,a
1990-04-12,118,6.88,,a
1990-04-13,117,6.67,,a
1990-04-14,115,6.24,,a
1990-04-15,114,6.04,,a
1990-04-16,112,5.62,,a
1990-04-17,110,5.21,,a
1990-04-18,109,5.05,,a
1990-04-19,108,4.86,,a
1990-04-20,107,4.67,,a
1990-04-21,106,4.5,,a
1990-04-22,107,4.67,,a
1990-04-23,109,5.05,,a
1990-04-24,108,4.86,,a
1990-04-25,107,4.67,,a
1990-04-26,106,4.5,,a
1990-04-27,105,4.32,,a
1990-04-28,103,3.99,,a
1990-04-29,100,3.52,,a
1990-04-30,99,3.37,,a
1990-05-01,98,3.22,,a
1990-05-02,97,3.08,,a
1990-05-03,96,2.94,,a
1990-05-04,96,2.94,,a
1990-05-05,95,2.81,,a
1990-05-06,94,2.68,,a
1990-05-07,94,2.68,,a
1990-05-08,93,2.56,,a
1990-05-09,92,2.44,,a
1990-05-10,91,2.32,,a
1990-05-11,91,2.32,,a
1990-05-12,90,2.2,,a
1990-05-13,90,2.2,,a
1990-05-14,90,2.2,,a
1990-05-15,89,2.09,,a
1990-05-16,90,2.2,,a
1990-05-17,91,2.32,,a
1990-05-18,90,2.2,,a
1990-05-19,89,2.09,,a
1990-05-20,88,1.99,,a
1990-05-21,89,2.09,,a
1990-05-22,89,2.09,,a
1990-05-23,88,1.99,,a
1990-05-24,89,2.09,,a
1990-05-25,91,2.32,,a
1990-05-26,90,2.2,,a
1990-05-27,90,2.2,,a
1990-05-28,89,2.09,,a
1990-05-29,89,2.09,,a
1990-05-30,88,1.99,,a
1990-05-31,88,1.99,,a
1990-06-01,88,1.99,,a
1990-06-02,89,2.09,,a
1990-06-03,90,2.2,,a
1990-06-04,93,2.56,,a
1990-06-05,110,5.21,,a
1990-06-06,117,6.67,,a
1990-06-07,130,9.56,,a
1990-06-08,150,14.5,,a
1990-06-09,190,25.5,,a
1990-06-10,230,38.7,,a
1990-06-11,235,40.5,,a
1990-06-12,233,39.8,,a
1990-06-13,220,35.1,,a
1990-06-14,190,25.5,,a
1990-06-15,185,24.1,,a
1990-06-16,170,19.8,,a
1990-06-17,170,19.8,,a
1990-06-18,160,17.1,,a
1990-06-19,155,15.8,,a
1990-06-20,145,13.2,,a
1990-06-21,130,9.56,,a
1990-06-22,120,7.31,,a
1990-06-23,100,3.52,,a
1990-06-24,99,3.37,,a
1990-06-25,99,3.37,,a
1990-06-26,98,3.22,,a
1990-06-27,97,3.08,,a
1990-06-28,98,3.22,,a
1990-06-29,96,2.94,,a
1990-06-30,95,2.81,,a
1990-07-01,94,2.68,,a
1990-07-02,95,2.81,,a
1990-07-03,100,3.52,,a
1990-07-04,101,3.67,,a
1990-07-05,100,3.52,,a
1990-07-06,99,3.37,,a
1990-07-07,99,3.37,,a
1990-07-08,98,3.22,,a
1990-07-09,98,3.22,,a
1990-07-10,110,5.21,,a
1990-07-11,130,9.56,,a
1990-07-12,140,11.9,,a
1990-07-13,139,11.7,,a
1990-07-14,135,10.7,,a
1990-07-15,130,9.56,,a
1990-07-16,129,9.33,,a
1990-07-17,125,8.42,,a
1990-07-18,120,7.31,,a
1990-07-19,119,7.1,,a
1990-07-20,118,6.88,,a
1990-07-21,115,6.24,,a
1990-07-22,110,5.21,,a
1990-07-23,100,3.52,,a
1990-07-24,90,2.2,,a
1990-07-25,89,2.09,,a
1990-07-26,87,1.88,,a
1990-07-27,88,1.99,,a
1990-07-28,87,1.88,,a
1990-07-29,86,1.78,,a
1990-07-30,88,1.99,,a
1990-07-31,88,1.99,,a
1990-08-01,88,1.99,,a
1990-08-02,87,1.88,,a
1990-08-03,87,1.88,,a
1990-08-04,86,1.78,,a
1990-08-05,86,1.78,,a
1990-08-06,86,1.78,,a
1990-08-07,87,1.88,,a
1990-08-08,88,1.99,,a
1990-08-09,89,2.09,,a
1990-08-10,90,2.2,,a
1990-08-11,91,2.32,,a
1990-08-12,90,2.2,,a
1990-08-13,89,2.09,,a
1990-08-14,88,1.99,,a
1990-08-15,88,1.99,,a
1990-08-16,87,1.88,,a
1990-08-17,88,1.99,,a
1990-08-18,90,2.2,,a
1990-08-19,89,2.09,,a
1990-08-20,80,1.25,,a
1990-08-21,81,1.33,,a
1990-08-22,82,1.42,,a
1990-08-23,84,1.59,,a
1990-08-24,83,1.5,,a
1990-08-25,82,1.42,,a
1990-08-26,80,1.25,,a
1990-08-27,81,1.33,,a
1990-08-28,81,1.33,,a
1990-08-29,82,1.42,,a
1990-08-30,84,1.59,,a
1990-08-31,84,1.59,,a
1990-09-01,85,1.69,,a
1990-09-02,84,1.59,,a
1990-09-03,84,1.59,,a
1990-09-04,90,2.2,,a
1990-09-05,100,3.52,,a
1990-09-06,100,3.52,,a
1990-09-07,120,7.31,,a
1990-09-08,130,9.56,,a
1990-09-09,120,7.31,,a
1990-09-10,100,3.52,,a
1990-09-11,95,2.81,,a
1990-09-12,90,2.2,,a
1990-09-13,89,2.09,,a
1990-09-14,89,2.09,,a
1990-09-15,88,1.99,,a
1990-09-16,88,1.99,,a
1990-09-17,90,2.2,,a
1990-09-18,91,2.32,,a
1990-09-19,92,2.44,,a
1990-09-20,91,2.32,,a
1990-09-21,92,2.44,,a
1990-09-22,93,2.56,,a
1990-09-23,95,2.81,,a
1990-09-24,140,11.9,,a
1990-09-25,135,10.7,,a
1990-09-26,130,9.56,,a
1990-09-27,110,5.21,,a
1990-09-28,100,3.52,,a
1990-09-29,95,2.81,,a
1990-09-30,94,2.68,,a
1990-10-01,93,2.56,,a
1990-10-02,92,2.44,,a
1990-10-03,90,2.2,,a
1990-10-04,92,2.44,,a
1990-10-05,94,2.68,,a
1990-10-06,93,2.56,,a
1990-10-07,91,2.32,,a
1990-10-08,100,3.52,,a
1990-10-09,110,5.21,,a
1990-10-10,100,3.52,,a
1990-10-11,99,3.37,,a
1990-10-12,98,3.22,,a
1990-10-13,98,3.22,,a
1990-10-14,97,3.08,,a
1990-10-15,96,2.94,,a
1990-10-16,97,3.08,,a
1990-10-17,98,3.22,,a
1990-10-18,99,3.37,,a
1990-10-19,100,3.52,,a
1990-10-20,120,7.31,,a
1990-10-21,100,3.52,,a
1990-10-22,99,3.37,,a
1990-10-23,99,3.37,,a
1990-10-24,98,3.22,,a
1990-10-25,97,3.08,,a
1990-10-26,99,3.37,,a
1990-10-27,100,3.52,,a
1990-10-28,110,5.21,,a
1990-10-29,118,6.88,,a
1990-10-30,120,7.31,,a
1990-10-31,118,6.88,,a
1990-11-01,217,34,,a
1990-11-02,150,14.6,,a
1990-11-03,140,12.1,,a
1990-11-04,135,10.9,,a
1990-11-05,130,9.74,,a
1990-11-06,120,7.53,,a
1990-11-07,115,6.48,,a
1990-11-08,114,6.27,,a
1990-11-09,113,6.07,,a
1990-11-10,112,5.87,,a
1990-11-11,111,5.66,,a
1990-11-12,110,5.46,,a
1990-11-13,109,5.29,,a
1990-11-14,107,4.92,,a
1990-11-15,105,4.57,,a
1990-11-16,104,4.4,,a
1990-11-17,100,3.76,,a
1990-11-18,99,3.61,,a
1990-11-19,98,3.47,,a
1990-11-20,97,3.33,,a
1990-11-21,98,3.47,,a
1990-11-22,99,3.61,,a
1990-11-23,100,3.76,,a
1990-11-24,175,21.2,,a
1990-11-25,180,22.6,,a
1990-11-26,190,25.5,,a
1990-11-27,185,24.1,,a
1990-11-28,180,22.6,,a
1990-11-29,170,19.9,,a
1990-11-30,150,14.6,,a
1990-12-01,120,7.53,,a
1990-12-02,118,7.1,,a
1990-12-03,117,6.89,,a
1990-12-04,116,6.69,,a
1990-12-05,114,6.27,,a
1990-12-06,112,5.87,,a
1990-12-07,110,5.46,,a
1990-12-08,110,5.46,,a
1990-12-09,111,5.66,,a
1990-12-10,120,7.53,,a
1990-12-11,119,7.32,,a
1990-12-12,118,7.1,,a
1990-12-13,117,6.89,,a
1990-12-14,115,6.48,,a
1990-12-15,114,6.27,,a
1990-12-16,113,6.07,,a
1990-12-17,110,5.46,,a
1990-12-18,109,5.29,,a
1990-12-19,100,3.76,,a
1990-12-20,99,3.61,,a
1990-12-21,98,3.47,,a
1990-12-22,98,3.47,,a
1990-12-23,97,3.33,,a
1990-12-24,96,3.19,,a
1990-12-25,95,3.06,,a
1990-12-26,95,3.06,,a
1990-12-27,94,2.93,,a
1990-12-28,93,2.8,,a
1990-12-29,92,2.68,,a
1990-12-30,90,2.45,,a
1990-12-31,90,2.45,,a
1991-01-01,91,2.56,,a
1991-01-02,92,2.68,,a
1991-01-03,92,2.68,,a
1991-01-04,92,2.68,,a
1991-01-05,93,2.8,,a
1991-01-06,94,2.93,,a
1991-01-07,95,3.06,,a
1991-01-08,98,3.47,,a
1991-01-09,99,3.61,,a
1991-01-10,100,3.76,,a
1991-01-11,100,3.76,,a
1991-01-12,101,3.91,,a
1991-01-13,102,4.07,,a
1991-01-14,101,3.91,,a
1991-01-15,100,3.76,,a
1991-01-16,99,3.61,,a
1991-01-17,98,3.47,,a
1991-01-18,97,3.33,,a
1991-01-19,97,3.33,,a
1991-01-20,99,3.61,,a
1991-01-21,100,3.76,,a
1991-01-22,101,3.91,,a
1991-01-23,102,4.07,,a
1991-01-24,101,3.91,,a
1991-01-25,100,3.76,,a
1991-01-26,99,3.61,,a
1991-01-27,99,3.61,,a
1991-01-28,98,3.47,,a
1991-01-29,98,3.47,,a
1991-01-30,88,2.23,,a
1991-01-31,88,2.23,,a
1991-02-01,89,2.34,,a
1991-02-02,90,2.45,,a
1991-02-03,92,2.68,,a
1991-02-04,95,3.06,,a
1991-02-05,95,3.06,,a
1991-02-06,97,3.33,,a
1991-02-07,100,3.76,,a
1991-02-08,101,3.91,,a
1991-02-09,103,4.23,,a
1991-02-10,105,4.57,,a
1991-02-11,103,4.23,,a
1991-02-12,103,4.23,,a
1991-02-13,105,4.57,,a
1991-02-14,102,4.07,,a
1991-02-15,101,3.91,,a
1991-02-16,100,3.76,,a
1991-02-17,100,3.76,,a
1991-02-18,99,3.61,,a
1991-02-19,99,3.61,,a
1991-02-20,98,3.47,,a
1991-02-21,98,3.47,,a
1991-02-22,97,3.33,,a
1991-02-23,96,3.19,,a
1991-02-24,96,3.19,,a
1991-02-25,97,3.33,,a
1991-02-26,98,3.47,,a
1991-02-27,96,3.19,,a
1991-02-28,96,3.19,,a
1991-03-01,96,3.19,,a
1991-03-02,97,3.33,,a
1991-03-03,97,3.33,,a
1991-03-04,98,3.47,,a
1991-03-05,98,3.47,,a
1991-03-06,97,3.33,,a
1991-03-07,98,3.47,,a
1991-03-08,98,3.47,,a
1991-03-09,99,3.61,,a
1991-03-10,100,3.76,,a
1991-03-11,101,3.91,,a
1991-03-12,100,3.76,,a
1991-03-13,99,3.61,,a
1991-03-14,99,3.61,,a
1991-03-15,98,3.47,,a
1991-03-16,98,3.47,,a
1991-03-17,97,3.33,,a
1991-03-18,97,3.33,,a
1991-03-19,98,3.47,,a
1991-03-20,96,3.19,,a
1991-03-21,94,2.93,,a
1991-03-22,94,2.93,,a
1991-03-23,93,2.8,,a
1991-03-24,94,2.93,,a
1991-03-25,114,6.27,,a
1991-03-26,130,9.74,,a
1991-03-27,125,8.62,,a
1991-03-28,120,7.53,,a
1991-03-29,118,7.1,,a
1991-03-30,117,6.89,,a
1991-03-31,115,6.48,,a
1991-04-01,113,6.07,,a
1991-04-02,112,5.87,,a
1991-04-03,110,5.46,,a
1991-04-04,100,3.76,,a
1991-04-05,99,3.61,,a
1991-04-06,98,3.47,,a
1991-04-07,97,3.33,,a
1991-04-08,96,3.19,,a
1991-04-09,94,2.93,,a
1991-04-10,94,2.93,,a
1991-04-11,94,2.93,,a
1991-04-12,93,2.8,,a
1991-04-13,94,2.93,,a
1991-04-14,95,3.06,,a
1991-04-15,95,3.06,,a
1991-04-16,96,3.19,,a
1991-04-17,98,3.47,,a
1991-04-18,99,3.61,,a
1991-04-19,99,3.61,,a
1991-04-20,98,3.47,,a
1991-04-21,98,3.47,,a
1991-04-22,99,3.61,,a
1991-04-23,100,3.76,,a
1991-04-24,101,3.91,,a
1991-04-25,99,3.61,,a
1991-04-26,99,3.61,,a
1991-04-27,98,3.47,,a
1991-04-28,97,3.33,,a
1991-04-29,97,3.33,,a
1991-04-30,98,3.47,,a
1991-05-01,98,3.47,,a
1991-05-02,100,3.76,,a
1991-05-03,129,9.51,,a
1991-05-04,180,22.6,,a
1991-05-05,145,13.3,,a
1991-05-06,125,8.62,,a
1991-05-07,120,7.53,,a
1991-05-08,122,7.96,,a
1991-05-09,125,8.62,,a
1991-05-10,129,9.51,,a
1991-05-11,155,15.9,,a
1991-05-12,143,12.8,,a
1991-05-13,138,11.6,,a
1991-05-14,110,5.46,,a
1991-05-15,124,8.4,,a
1991-05-16,130,9.74,,a
1991-05-17,128,9.29,,a
1991-05-18,125,8.62,,a
1991-05-19,123,8.18,,a
1991-05-20,120,7.53,,a
1991-05-21,119,7.32,,a
1991-05-22,118,7.1,,a
1991-05-23,116,6.69,,a
1991-05-24,120,7.53,,a
1991-05-25,110,5.46,,a
1991-05-26,100,3.76,,a
1991-05-27,98,3.47,,a
1991-05-28,95,3.06,,a
1991-05-29,94,2.93,,a
1991-05-30,90,2.45,,a
1991-05-31,89,2.34,,a
1991-06-01,88,2.23,,a
1991-06-02,90,2.45,,a
1991-06-03,91,2.56,,a
1991-06-04,95,3.06,,a
1991-06-05,93,2.8,,a
1991-06-06,95,3.06,,a
1991-06-07,100,3.76,,a
1991-06-08,99,3.61,,a
1991-06-09,98,3.47,,a
1991-06-10,98,3.47,,a
1991-06-11,97,3.33,,a
1991-06-12,96,3.19,,a
1991-06-13,95,3.06,,a
1991-06-14,94,2.93,,a
1991-06-15,93,2.8,,a
1991-06-16,92,2.68,,a
1991-06-17,90,2.45,,a
1991-06-18,88,2.23,,a
1991-06-19,89,2.34,,a
1991-06-20,90,2.45,,a
1991-06-21,90,2.45,,a
1991-06-22,91,2.56,,a
1991-06-23,90,2.45,,a
1991-06-24,89,2.34,,a
1991-06-25,88,2.23,,a
1991-06-26,88,2.23,,a
1991-06-27,90,2.45,,a
1991-06-28,120,7.53,,a
1991-06-29,118,7.1,,a
1991-06-30,108,5.1,,a
1991-07-01,114,6.27,,a
1991-07-02,113,6.07,,a
1991-07-03,112,5.87,,a
1991-07-04,110,5.46,,a
1991-07-05,109,5.29,,a
1991-07-06,108,5.1,,a
1991-07-07,106,4.74,,a
1991-07-08,104,4.4,,a
1991-07-09,100,3.76,,a
1991-07-10,99,3.61,,a
1991-07-11,98,3.47,,a
1991-07-12,97,3.33,,a
1991-07-13,96,3.19,,a
1991-07-14,95,3.06,,a
1991-07-15,93,2.8,,a
1991-07-16,90,2.45,,a
1991-07-17,91,2.56,,a
1991-07-18,90,2.45,,a
1991-07-19,92,2.68,,a
1991-07-20,90,2.45,,a
1991-07-21,140,12.1,,a
1991-07-22,130,9.74,,a
1991-07-23,115,6.48,,a
1991-07-24,110,5.46,,a
1991-07-25,141,12.3,,a
1991-07-26,170,19.9,,a
1991-07-27,150,14.6,,a
1991-07-28,130,9.74,,a
1991-07-29,100,3.76,,a
1991-07-30,98,3.47,,a
1991-07-31,97,3.33,,a
1991-08-01,96,3.19,,a
1991-08-02,98,3.47,,a
1991-08-03,97,3.33,,a
1991-08-04,96,3.19,,a
1991-08-05,95,3.06,,a
1991-08-06,95,3.06,,a
1991-08-07,96,3.19,,a
1991-08-08,98,3.47,,a
1991-08-09,99,3.61,,a
1991-08-10,100,3.76,,a
1991-08-11,99,3.61,,a
1991-08-12,97,3.33,,a
1991-08-13,96,3.19,,a
1991-08-14,95,3.06,,a
1991-08-15,94,2.93,,a
1991-08-16,92,2.68,,a
1991-08-17,94,2.93,,a
1991-08-18,96,3.19,,a
1991-08-19,140,12.1,,a
1991-08-20,138,11.6,,a
1991-08-21,137,11.4,,a
1991-08-22,136,11.1,,a
1991-08-23,130,9.74,,a
1991-08-24,125,8.62,,a
1991-08-25,120,7.53,,a
1991-08-26,118,7.1,,a
1991-08-27,115,6.48,,a
1991-08-28,110,5.46,,a
1991-08-29,109,5.29,,a
1991-08-30,103,4.23,,a
1991-08-31,100,3.76,,a
1991-09-01,99,3.61,,a
1991-09-02,98,3.47,,a
1991-09-03,97,3.33,,a
1991-09-04,96,3.19,,a
1991-09-05,95,3.06,,a
1991-09-06,94,2.93,,a
1991-09-07,93,2.8,,a
1991-09-08,92,2.68,,a
1991-09-09,90,2.45,,a
1991-09-10,89,2.34,,a
1991-09-11,89,2.34,,a
1991-09-12,88,2.23,,a
1991-09-13,88,2.23,,a
1991-09-14,90,2.45,,a
1991-09-15,90,2.45,,a
1991-09-16,89,2.34,,a
1991-09-17,89,2.34,,a
1991-09-18,88,2.23,,a
1991-09-19,87,2.13,,a
1991-09-20,88,2.23,,a
1991-09-21,88,2.23,,a
1991-09-22,89,2.34,,a
1991-09-23,90,2.45,,a
1991-09-24,91,2.56,,a
1991-09-25,91,2.56,,a
1991-09-26,90,2.45,,a
1991-09-27,89,2.34,,a
1991-09-28,89,2.34,,a
1991-09-29,88,2.23,,a
1991-09-30,88,2.23,,a
1991-10-01,88,2.23,,a
1991-10-02,87,2.13,,a
1991-10-03,87,2.13,,a
1991-10-04,88,2.23,,a
1991-10-05,89,2.34,,a
1991-10-06,92,2.68,,a
1991-10-07,94,2.93,,a
1991-10-08,94,2.93,,a
1991-10-09,92,2.68,,a
1991-10-10,91,2.56,,a
1991-10-11,90,2.45,,a
1991-10-12,91,2.56,,a
1991-10-13,94,2.93,,a
1991-10-14,95,3.06,,a
1991-10-15,96,3.19,,a
1991-10-16,95,3.06,,a
1991-10-17,94,2.93,,a
1991-10-18,100,3.76,,a
1991-10-19,180,22.6,,a
1991-10-20,127,9.06,,a
1991-10-21,110,5.46,,a
1991-10-22,100,3.76,,a
1991-10-23,99,3.61,,a
1991-10-24,99,3.61,,a
1991-10-25,98,3.47,,a
1991-10-26,97,3.33,,a
1991-10-27,97,3.33,,a
1991-10-28,96,3.19,,a
1991-10-29,95,3.06,,a
1991-10-30,95,3.06,,a
1991-10-31,94,2.93,,a
1991-11-01,94,2.93,,a
1991-11-02,92,2.68,,a
1991-11-03,93,2.8,,a
1991-11-04,95,3.06,,a
1991-11-05,98,3.47,,a
1991-11-06,99,3.61,,a
1991-11-07,97,3.33,,a
1991-11-08,96,3.19,,a
1991-11-09,95,3.06,,a
1991-11-10,94,2.93,,a
1991-11-11,93,2.8,,a
1991-11-12,92,2.68,,a
1991-11-13,94,2.93,,a
1991-11-14,93,2.8,,a
1991-11-15,95,3.06,,a
1991-11-16,100,3.76,,a
1991-11-17,101,3.91,,a
1991-11-18,102,4.07,,a
1991-11-19,110,5.46,,a
1991-11-20,115,6.48,,a
1991-11-21,211,32,,a
1991-11-22,179,22.3,,a
1991-11-23,170,19.9,,a
1991-11-24,165,18.5,,a
1991-11-25,150,14.6,,a
1991-11-26,130,9.74,,a
1991-11-27,125,8.62,,a
1991-11-28,120,7.53,,a
1991-11-29,117,6.89,,a
1991-11-30,110,5.46,,a
1991-12-01,107,4.92,,a
1991-12-02,100,3.76,,a
1991-12-03,100,3.76,,a
1991-12-04,99,3.61,,a
1991-12-05,98,3.47,,a
1991-12-06,98,3.47,,a
1991-12-07,97,3.33,,a
1991-12-08,98,3.47,,a
1991-12-09,97,3.33,,a
1991-12-10,96,3.19,,a
1991-12-11,97,3.33,,a
1991-12-12,98,3.47,,a
1991-12-13,96,3.19,,a
1991-12-14,95,3.06,,a
1991-12-15,94,2.93,,a
1991-12-16,90,2.45,,a
1991-12-17,89,2.34,,a
1991-12-18,89,2.34,,a
1991-12-19,88,2.23,,a
1991-12-20,88,2.23,,a
1991-12-21,87,2.13,,a
1991-12-22,87,2.13,,a
1991-12-23,88,2.23,,a
1991-12-24,86,2.03,,a
1991-12-25,82,1.66,,a
1991-12-26,80,1.5,,a
1991-12-27,79,1.41,,a
1991-12-28,80,1.5,,a
1991-12-29,79,1.41,,a
1991-12-30,78,1.33,,a
1991-12-31,79,1.41,,a
1992-01-01,80,1.52,,a
1992-01-02,80,1.52,,a
1992-01-03,81,1.6,,a
1992-01-04,81,1.6,,a
1992-01-05,82,1.68,,a
1992-01-06,83,1.77,,a
1992-01-07,82,1.68,,a
1992-01-08,84,1.86,,a
1992-01-09,83,1.77,,a
1992-01-10,82,1.68,,a
1992-01-11,81,1.6,,a
1992-01-12,80,1.52,,a
1992-01-13,81,1.6,,a
1992-01-14,82,1.68,,a
1992-01-15,83,1.77,,a
1992-01-16,83,1.77,,a
1992-01-17,85,1.96,,a
1992-01-18,85,1.96,,a
1992-01-19,90,2.52,,a
1992-01-20,92,2.78,,a
1992-01-21,93,2.92,,a
1992-01-22,92,2.78,,a
1992-01-23,91,2.65,,a
1992-01-24,90,2.52,,a
1992-01-25,90,2.52,,a
1992-01-26,89,2.4,,a
1992-01-27,89,2.4,,a
1992-01-28,88,2.28,,a
1992-01-29,87,2.17,,a
1992-01-30,88,2.28,,a
1992-01-31,89,2.4,,a
1992-02-01,93,2.92,,a
1992-02-02,92,2.78,,a
1992-02-03,89,2.4,,a
1992-02-04,90,2.52,,a
1992-02-05,89,2.4,,a
1992-02-06,88,2.28,,a
1992-02-07,88,2.28,,a
1992-02-08,89,2.4,,a
1992-02-09,88,2.28,,a
1992-02-10,87,2.17,,a
1992-02-11,88,2.28,,a
1992-02-12,89,2.4,,a
1992-02-13,90,2.52,,a
1992-02-14,90,2.52,,a
1992-02-15,91,2.65,,a
1992-02-16,92,2.78,,a
1992-02-17,92,2.78,,a
1992-02-18,91,2.65,,a
1992-02-19,91,2.65,,a
1992-02-20,90,2.52,,a
1992-02-21,90,2.52,,a
1992-02-22,91,2.65,,a
1992-02-23,93,2.92,,a
1992-02-24,92,2.78,,a
1992-02-25,92,2.78,,a
1992-02-26,90,2.52,,a
1992-02-27,88,2.28,,a
1992-02-28,89,2.4,,a
1992-02-29,90,2.52,,a
1992-03-01,89,2.4,,a
1992-03-02,88,2.28,,a
1992-03-03,87,2.17,,a
1992-03-04,86,2.06,,a
1992-03-05,88,2.28,,a
1992-03-06,88,2.28,,a
1992-03-07,87,2.17,,a
1992-03-08,86,2.06,,a
1992-03-09,85,1.96,,a
1992-03-10,86,2.06,,a
1992-03-11,87,2.17,,a
1992-03-12,87,2.17,,a
1992-03-13,88,2.28,,a
1992-03-14,89,2.4,,a
1992-03-15,90,2.52,,a
1992-03-16,89,2.4,,a
1992-03-17,88,2.28,,a
1992-03-18,87,2.17,,a
1992-03-19,88,2.28,,a
1992-03-20,89,2.4,,a
1992-03-21,90,2.52,,a
1992-03-22,91,2.65,,a
1992-03-23,93,2.92,,a
1992-03-24,111,6.03,,a
1992-03-25,203,33.4,,a
1992-03-26,163,19.2,,a
1992-03-27,120,7.9,,a
1992-03-28,115,6.84,,a
1992-03-29,110,5.83,,a
1992-03-30,115,6.84,,a
1992-03-31,110,5.83,,a
1992-04-01,100,3.96,,a
1992-04-02,99,3.85,,a
1992-04-03,100,3.96,,a
1992-04-04,101,4.14,,a
1992-04-05,102,4.32,,a
1992-04-06,100,3.96,,a
1992-04-07,98,3.68,,a
1992-04-08,98,3.68,,a
1992-04-09,98,3.68,,a
1992-04-10,97,3.52,,a
1992-04-11,98,3.68,,a
1992-04-12,99,3.85,,a
1992-04-13,99,3.85,,a
1992-04-14,98,3.68,,a
1992-04-15,99,3.85,,a
1992-04-16,100,3.96,,a
1992-04-17,110,5.83,,a
1992-04-18,120,7.9,,a
1992-04-19,115,6.84,,a
1992-04-20,113,6.43,,a
1992-04-21,112,6.23,,a
1992-04-22,110,5.83,,a
1992-04-23,109,5.63,,a
1992-04-24,108,5.44,,a
1992-04-25,107,5.25,,a
1992-04-26,105,4.87,,a
1992-04-27,102,4.32,,a
1992-04-28,100,3.96,,a
1992-04-29,99,3.85,,a
1992-04-30,98,3.68,,a
1992-05-01,99,3.85,,a
1992-05-02,98,3.68,,a
1992-05-03,98,3.68,,a
1992-05-04,97,3.52,,a
1992-05-05,98,3.68,,a
1992-05-06,99,3.85,,a
1992-05-07,99,3.85,,a
1992-05-08,98,3.68,,a
1992-05-09,97,3.52,,a
1992-05-10,98,3.68,,a
1992-05-11,99,3.85,,a
1992-05-12,98,3.68,,a
1992-05-13,97,3.52,,a
1992-05-14,96,3.36,,a
1992-05-15,96,3.36,,a
1992-05-16,96,3.36,,a
1992-05-17,95,3.21,,a
1992-05-18,95,3.21,,a
1992-05-19,93,2.92,,a
1992-05-20,93,2.92,,a
1992-05-21,94,3.06,,a
1992-05-22,95,3.21,,a
1992-05-23,97,3.52,,a
1992-05-24,95,3.21,,a
1992-05-25,94,3.06,,a
1992-05-26,93,2.92,,a
1992-05-27,92,2.78,,a
1992-05-28,91,2.65,,a
1992-05-29,90,2.52,,a
1992-05-30,90,2.52,,a
1992-05-31,89,2.4,,a
1992-06-01,88,2.28,,a
1992-06-02,89,2.4,,a
1992-06-03,90,2.52,,a
1992-06-04,91,2.65,,a
1992-06-05,92,2.78,,a
1992-06-06,93,2.92,,a
1992-06-07,94,3.06,,a
1992-06-08,96,3.36,,a
1992-06-09,99,3.85,,a
1992-06-10,98,3.68,,a
1992-06-11,97,3.52,,a
1992-06-12,99,3.85,,a
1992-06-13,100,3.96,,a
1992-06-14,99,3.85,,a
1992-06-15,98,3.68,,a
1992-06-16,97,3.52,,a
1992-06-17,97,3.52,,a
1992-06-18,97,3.52,,a
1992-06-19,96,3.36,,a
1992-06-20,96,3.36,,a
1992-06-21,96,3.36,,a
1992-06-22,97,3.52,,a
1992-06-23,99,3.85,,a
1992-06-24,100,3.96,,a
1992-06-25,99,3.85,,a
1992-06-26,98,3.68,,a
1992-06-27,99,3.85,,a
1992-06-28,99,3.85,,a
1992-06-29,98,3.68,,a
1992-06-30,97,3.52,,a
1992-07-01,98,3.68,,a
1992-07-02,97,3.52,,a
1992-07-03,97,3.52,,a
1992-07-04,96,3.36,,a
1992-07-05,98,3.68,,a
1992-07-06,98,3.68,,a
1992-07-07,97,3.52,,a
1992-07-08,98,3.68,,a
1992-07-09,99,3.85,,a
1992-07-10,100,3.96,,a
1992-07-11,99,3.85,,a
1992-07-12,96,3.36,,a
1992-07-13,92,2.78,,a
1992-07-14,80,1.52,,a
1992-07-15,83,1.77,,a
1992-07-16,85,1.96,,a
1992-07-17,84,1.86,,a
1992-07-18,84,1.86,,a
1992-07-19,83,1.77,,a
1992-07-20,82,1.68,,a
1992-07-21,83,1.77,,a
1992-07-22,83,1.77,,a
1992-07-23,82,1.68,,a
1992-07-24,82,1.68,,a
1992-07-25,80,1.52,,a
1992-07-26,80,1.52,,a
1992-07-27,81,1.6,,a
1992-07-28,83,1.77,,a
1992-07-29,84,1.86,,a
1992-07-30,84,1.86,,a
1992-07-31,84,1.86,,a
1992-08-01,85,1.96,,a
1992-08-02,85,1.96,,a
1992-08-03,86,2.06,,a
1992-08-04,87,2.17,,a
1992-08-05,87,2.17,,a
1992-08-06,86,2.06,,a
1992-08-07,86,2.06,,a
1992-08-08,85,1.96,,a
1992-08-09,85,1.96,,a
1992-08-10,84,1.86,,a
1992-08-11,85,1.96,,a
1992-08-12,85,1.96,,a
1992-08-13,84,1.86,,a
1992-08-14,84,1.86,,a
1992-08-15,83,1.77,,a
1992-08-16,83,1.77,,a
1992-08-17,84,1.86,,a
1992-08-18,83,1.77,,a
1992-08-19,83,1.77,,a
1992-08-20,83,1.77,,a
1992-08-21,83,1.77,,a
1992-08-22,87,2.17,,a
1992-08-23,88,2.28,,a
1992-08-24,88,2.28,,a
1992-08-25,87,2.17,,a
1992-08-26,87,2.17,,a
1992-08-27,86,2.06,,a
1992-08-28,86,2.06,,a
1992-08-29,85,1.96,,a
1992-08-30,85,1.96,,a
1992-08-31,84,1.86,,a
1992-09-01,86,2.06,,a
1992-09-02,90,2.52,,a
1992-09-03,98,3.68,,a
1992-09-04,100,3.96,,a
1992-09-05,99,3.85,,a
1992-09-06,87,2.17,,a
1992-09-07,86,2.06,,a
1992-09-08,86,2.06,,a
1992-09-09,86,2.06,,a
1992-09-10,88,2.28,,a
1992-09-11,89,2.4,,a
1992-09-12,88,2.28,,a
1992-09-13,88,2.28,,a
1992-09-14,87,2.17,,a
1992-09-15,87,2.17,,a
1992-09-16,87,2.17,,a
1992-09-17,86,2.06,,a
1992-09-18,86,2.06,,a
1992-09-19,85,1.96,,a
1992-09-20,85,1.96,,a
1992-09-21,84,1.86,,a
1992-09-22,84,1.86,,a
1992-09-23,83,1.77,,a
1992-09-24,82,1.68,,a
1992-09-25,92,2.78,,a
1992-09-26,85,1.96,,a
1992-09-27,94,3.06,,a
1992-09-28,92,2.78,,a
1992-09-29,89,2.4,,a
1992-09-30,88,2.28,,a
1992-10-01,90,2.52,,a
1992-10-02,91,2.65,,a
1992-10-03,90,2.52,,a
1992-10-04,96,3.36,,a
1992-10-05,103,4.5,,a
1992-10-06,100,3.96,,a
1992-10-07,100,3.96,,a
1992-10-08,99,3.85,,a
1992-10-09,99,3.85,,a
1992-10-10,100,3.96,,a
1992-10-11,105,4.87,,a
1992-10-12,110,5.83,,a
1992-10-13,98,3.68,,a
1992-10-14,90,2.52,,a
1992-10-15,88,2.28,,a
1992-10-16,113,6.43,,a
1992-10-17,163,19.2,,a
1992-10-18,239,48,,a
1992-10-19,182,25.5,,a
1992-10-20,133,10.9,,a
1992-10-21,119,7.68,,a
1992-10-22,153,16.2,,a
1992-10-23,128,9.71,,a
1992-10-24,118,7.47,,a
1992-10-25,110,5.83,,a
1992-10-26,100,3.96,,a
1992-10-27,115,6.84,,a
1992-10-28,111,6.03,,a
1992-10-29,161,18.6,,a
1992-10-30,280,65.6,,a
1992-10-31,200,32.2,,a
1992-11-01,197,31.1,,a
1992-11-02,180,24.8,,a
1992-11-03,176,23.4,,a
1992-11-04,166,20.2,,a
1992-11-05,150,15.4,,a
1992-11-06,148,14.8,,a
1992-11-07,140,12.7,,a
1992-11-08,137,11.9,,a
1992-11-09,134,11.1,,a
1992-11-10,128,9.71,,a
1992-11-11,120,7.9,,a
1992-11-12,118,7.47,,a
1992-11-13,115,6.84,,a
1992-11-14,110,5.83,,a
1992-11-15,108,5.44,,a
1992-11-16,194,29.9,,a
1992-11-17,170,21.4,,a
1992-11-18,153,16.2,,a
1992-11-19,134,11.1,,a
1992-11-20,138,12.2,,a
1992-11-21,125,9.01,,a
1992-11-22,120,7.9,,a
1992-11-23,118,7.47,,a
1992-11-24,114,6.63,,a
1992-11-25,110,5.83,,a
1992-11-26,108,5.44,,a
1992-11-27,106,5.06,,a
1992-11-28,105,4.87,,a
1992-11-29,103,4.5,,a
1992-11-30,100,3.96,,a
1992-12-01,99,3.85,,a
1992-12-02,99,3.85,,a
1992-12-03,100,3.96,,a
1992-12-04,99,3.85,,a
1992-12-05,143,13.5,,a
1992-12-06,180,24.8,,a
1992-12-07,170,21.4,,a
1992-12-08,165,19.8,,a
1992-12-09,155,16.8,,a
1992-12-10,150,15.4,,a
1992-12-11,145,14,,a
1992-12-12,140,12.7,,a
1992-12-13,135,11.4,,a
1992-12-14,130,10.2,,a
1992-12-15,125,9.01,,a
1992-12-16,120,7.9,,a
1992-12-17,100,3.96,,a
1992-12-18,100,3.96,,a
1992-12-19,100,3.96,,a
1992-12-20,99,3.85,,a
1992-12-21,99,3.85,,a
1992-12-22,99,3.85,,a
1992-12-23,98,3.68,,a
1992-12-24,98,3.68,,a
1992-12-25,98,3.68,,a
1992-12-26,99,3.85,,a
1992-12-27,99,3.85,,a
1992-12-28,100,3.96,,a
1992-12-29,100,3.96,,a
1992-12-30,99,3.85,,a
1992-12-31,99,3.85,,a
1993-01-01,100,3.96,,a
1993-01-02,99,3.85,,a
1993-01-03,99,3.85,,a
1993-01-04,98,3.68,,a
1993-01-05,97,3.52,,a
1993-01-06,97,3.52,,a
1993-01-07,96,3.36,,a
1993-01-08,96,3.36,,a
1993-01-09,97,3.52,,a
1993-01-10,97,3.52,,a
1993-01-11,98,3.68,,a
1993-01-12,98,3.68,,a
1993-01-13,98,3.68,,a
1993-01-14,97,3.52,,a
1993-01-15,97,3.52,,a
1993-01-16,96,3.36,,a
1993-01-17,96,3.36,,a
1993-01-18,96,3.36,,a
1993-01-19,97,3.52,,a
1993-01-20,98,3.68,,a
1993-01-21,98,3.68,,a
1993-01-22,97,3.52,,a
1993-01-23,96,3.36,,a
1993-01-24,96,3.36,,a
1993-01-25,96,3.36,,a
1993-01-26,95,3.21,,a
1993-01-27,90,2.52,,a
1993-01-28,88,2.28,,a
1993-01-29,85,1.96,,a
1993-01-30,84,1.86,,a
1993-01-31,84,1.86,,a
1993-02-01,85,1.96,,a
1993-02-02,84,1.86,,a
1993-02-03,84,1.86,,a
1993-02-04,83,1.77,,a
1993-02-05,83,1.77,,a
1993-02-06,83,1.77,,a
1993-02-07,84,1.86,,a
1993-02-08,84,1.86,,a
1993-02-09,84,1.86,,a
1993-02-10,85,1.96,,a
1993-02-11,85,1.96,,a
1993-02-12,85,1.96,,a
1993-02-13,84,1.86,,a
1993-02-14,84,1.86,,a
1993-02-15,82,1.68,,a
1993-02-16,81,1.6,,a
1993-02-17,81,1.6,,a
1993-02-18,80,1.52,,a
1993-02-19,82,1.68,,a
1993-02-20,81,1.6,,a
1993-02-21,82,1.68,,a
1993-02-22,81,1.6,,a
1993-02-23,81,1.6,,a
1993-02-24,80,1.52,,a
1993-02-25,80,1.52,,a
1993-02-26,79,1.44,,a
1993-02-27,79,1.44,,a
1993-02-28,78,1.37,,a
1993-03-01,78,1.37,,a
1993-03-02,78,1.37,,a
1993-03-03,79,1.44,,a
1993-03-04,79,1.44,,a
1993-03-05,79,1.44,,a
1993-03-06,80,1.52,,a
1993-03-07,81,1.6,,a
1993-03-08,80,1.52,,a
1993-03-09,79,1.44,,a
1993-03-10,79,1.44,,a
1993-03-11,79,1.44,,a
1993-03-12,79,1.44,,a
1993-03-13,78,1.37,,a
1993-03-14,78,1.37,,a
1993-03-15,77,1.3,,a
1993-03-16,77,1.3,,a
1993-03-17,76,1.23,,a
1993-03-18,76,1.23,,a
1993-03-19,76,1.23,,a
1993-03-20,75,1.17,,a
1993-03-21,75,1.17,,a
1993-03-22,75,1.17,,a
1993-03-23,75,1.17,,a
1993-03-24,74,1.12,,a
1993-03-25,74,1.12,,a
1993-03-26,73,1.06,,a
1993-03-27,74,1.12,,a
1993-03-28,75,1.17,,a
1993-03-29,78,1.37,,a
1993-03-30,78,1.37,,a
1993-03-31,78,1.37,,a
1993-04-01,78,1.37,,a
1993-04-02,78,1.37,,a
1993-04-03,80,1.52,,a
1993-04-04,82,1.68,,a
1993-04-05,83,1.77,,a
1993-04-06,83,1.77,,a
1993-04-07,84,1.86,,a
1993-04-08,84,1.86,,a
1993-04-09,85,1.96,,a
1993-04-10,85,1.96,,a
1993-04-11,87,2.17,,a
1993-04-12,90,2.52,,a
1993-04-13,100,3.96,,a
1993-04-14,130,10.2,,a
1993-04-15,128,9.71,,a
1993-04-16,120,7.9,,a
1993-04-17,110,5.83,,a
1993-04-18,107,5.25,,a
1993-04-19,104,4.68,,a
1993-04-20,100,3.96,,a
1993-04-21,99,3.85,,a
1993-04-22,97,3.52,,a
1993-04-23,96,3.36,,a
1993-04-24,94,3.06,,a
1993-04-25,90,2.52,,a
1993-04-26,90,2.52,,a
1993-04-27,89,2.4,,a
1993-04-28,89,2.4,,a
1993-04-29,88,2.28,,a
1993-04-30,88,2.28,,a
1993-05-01,88,2.28,,a
1993-05-02,88,2.28,,a
1993-05-03,86,2.06,,a
1993-05-04,86,2.06,,a
1993-05-05,85,1.96,,a
1993-05-06,85,1.96,,a
1993-05-07,84,1.86,,a
1993-05-08,84,1.86,,a
1993-05-09,86,2.06,,a
1993-05-10,86,2.06,,a
1993-05-11,85,1.96,,a
1993-05-12,86,2.06,,a
1993-05-13,86,2.06,,a
1993-05-14,85,1.96,,a
1993-05-15,85,1.96,,a
1993-05-16,84,1.86,,a
1993-05-17,84,1.86,,a
1993-05-18,83,1.77,,a
1993-05-19,82,1.68,,a
1993-05-20,83,1.77,,a
1993-05-21,83,1.77,,a
1993-05-22,83,1.77,,a
1993-05-23,82,1.68,,a
1993-05-24,84,1.86,,a
1993-05-25,84,1.86,,a
1993-05-26,83,1.77,,a
1993-05-27,84,1.86,,a
1993-05-28,84,1.86,,a
1993-05-29,83,1.77,,a
1993-05-30,83,1.77,,a
1993-05-31,82,1.68,,a
1993-06-01,82,1.68,,a
1993-06-02,83,1.77,,a
1993-06-03,84,1.86,,a
1993-06-04,88,2.28,,a
1993-06-05,88,2.28,,a
1993-06-06,88,2.28,,a
1993-06-07,87,2.17,,a
1993-06-08,87,2.17,,a
1993-06-09,86,2.06,,a
1993-06-10,86,2.06,,a
1993-06-11,85,1.96,,a
1993-06-12,84,1.86,,a
1993-06-13,84,1.86,,a
1993-06-14,84,1.86,,a
1993-06-15,84,1.86,,a
1993-06-16,83,1.77,,a
1993-06-17,83,1.77,,a
1993-06-18,85,1.96,,a
1993-06-19,86,2.06,,a
1993-06-20,87,2.17,,a
1993-06-21,86,2.06,,a
1993-06-22,86,2.06,,a
1993-06-23,88,2.28,,a
1993-06-24,104,4.68,,a
1993-06-25,90,2.52,,a
1993-06-26,89,2.4,,a
1993-06-27,89,2.4,,a
1993-06-28,88,2.28,,a
1993-06-29,88,2.28,,a
1993-06-30,88,2.28,,a
1993-07-01,87,2.17,,a
1993-07-02,87,2.17,,a
1993-07-03,88,2.28,,a
1993-07-04,87,2.17,,a
1993-07-05,88,2.28,,a
1993-07-06,90,2.52,,a
1993-07-07,90,2.52,,a
1993-07-08,93,2.92,,a
1993-07-09,95,3.21,,a
1993-07-10,96,3.36,,a
1993-07-11,97,3.52,,a
1993-07-12,98,3.68,,a
1993-07-13,97,3.52,,a
1993-07-14,96,3.36,,a
1993-07-15,94,3.06,,a
1993-07-16,93,2.92,,a
1993-07-17,90,2.52,,a
1993-07-18,90,2.52,,a
1993-07-19,92,2.78,,a
1993-07-20,91,2.65,,a
1993-07-21,90,2.52,,a
1993-07-22,89,2.4,,a
1993-07-23,88,2.28,,a
1993-07-24,88,2.28,,a
1993-07-25,87,2.17,,a
1993-07-26,90,2.52,,a
1993-07-27,92,2.78,,a
1993-07-28,90,2.52,,a
1993-07-29,89,2.4,,a
1993-07-30,88,2.28,,a
1993-07-31,87,2.17,,a
1993-08-01,87,2.17,,a
1993-08-02,88,2.28,,a
1993-08-03,88,2.28,,a
1993-08-04,87,2.17,,a
1993-08-05,86,2.06,,a
1993-08-06,86,2.06,,a
1993-08-07,85,1.96,,a
1993-08-08,85,1.96,,a
1993-08-09,84,1.86,,a
1993-08-10,84,1.86,,a
1993-08-11,83,1.77,,a
1993-08-12,83,1.77,,a
1993-08-13,83,1.77,,a
1993-08-14,85,1.96,,a
1993-08-15,86,2.06,,a
1993-08-16,86,2.06,,a
1993-08-17,87,2.17,,a
1993-08-18,50,0.188,,a
1993-08-19,50,0.188,,a
1993-08-20,49,0.169,,a
1993-08-21,49,0.169,,a
1993-08-22,49,0.169,,a
1993-08-23,48,0.151,,a
1993-08-24,49,0.169,,a
1993-08-25,69,0.865,,a
1993-08-26,85,1.96,,a
1993-08-27,84,1.86,,a
1993-08-28,83,1.77,,a
1993-08-29,82,1.68,,a
1993-08-30,82,1.68,,a
1993-08-31,80,1.52,,a
1993-09-01,80,1.52,,a
1993-09-02,80,1.52,,a
1993-09-03,79,1.44,,a
1993-09-04,78,1.37,,a
1993-09-05,90,2.52,,a
1993-09-06,93,2.92,,a
1993-09-07,92,2.78,,a
1993-09-08,90,2.52,,a
1993-09-09,90,2.52,,a
1993-09-10,100,3.96,,a
1993-09-11,99,3.85,,a
1993-09-12,98,3.68,,a
1993-09-13,98,3.68,,a
1993-09-14,100,3.96,,a
1993-09-15,101,4.14,,a
1993-09-16,100,3.96,,a
1993-09-17,99,3.85,,a
1993-09-18,101,4.14,,a
1993-09-19,100,3.96,,a
1993-09-20,99,3.85,,a
1993-09-21,90,2.52,,a
1993-09-22,89,2.4,,a
1993-09-23,89,2.4,,a
1993-09-24,90,2.52,,a
1993-09-25,100,3.96,,a
1993-09-26,120,7.9,,a
1993-09-27,100,3.96,,a
1993-09-28,98,3.68,,a
1993-09-29,99,3.85,,a
1993-09-30,100,3.96,,a
1993-10-01,110,5.83,,a
1993-10-02,120,7.9,,a
1993-10-03,140,12.7,,a
1993-10-04,120,7.9,,a
1993-10-05,110,5.83,,a
1993-10-06,90,2.52,,a
1993-10-07,89,2.4,,a
1993-10-08,89,2.4,,a
1993-10-09,90,2.52,,a
1993-10-10,95,3.21,,a
1993-10-11,97,3.52,,a
1993-10-12,94,3.06,,a
1993-10-13,93,2.92,,a
1993-10-14,90,2.52,,a
1993-10-15,91,2.65,,a
1993-10-16,90,2.52,,a
1993-10-17,90,2.52,,a
1993-10-18,91,2.65,,a
1993-10-19,89,2.4,,a
1993-10-20,89,2.4,,a
1993-10-21,102,4.32,,a
1993-10-22,213,37.3,,a
1993-10-23,190,28.4,,a
1993-10-24,149,15.1,,a
1993-10-25,120,7.9,,a
1993-10-26,110,5.83,,a
1993-10-27,100,3.96,,a
1993-10-28,99,3.85,,a
1993-10-29,98,3.68,,a
1993-10-30,98,3.68,,a
1993-10-31,98,3.68,,a
1993-11-01,97,3.52,,a
1993-11-02,96,3.36,,a
1993-11-03,95,3.21,,a
1993-11-04,98,3.68,,a
1993-11-05,90,2.52,,a
1993-11-06,95,3.21,,a
1993-11-07,100,3.96,,a
1993-11-08,99,3.85,,a
1993-11-09,98,3.68,,a
1993-11-10,97,3.52,,a
1993-11-11,97,3.52,,a
1993-11-12,97,3.52,,a
1993-11-13,91,2.65,,a
1993-11-14,90,2.52,,a
1993-11-15,95,3.21,,a
1993-11-16,115,6.84,,a
1993-11-17,110,5.83,,a
1993-11-18,100,3.96,,a
1993-11-19,99,3.85,,a
1993-11-20,110,5.83,,a
1993-11-21,115,6.84,,a
1993-11-22,111,6.03,,a
1993-11-23,110,5.83,,a
1993-11-24,100,3.96,,a
1993-11-25,90,2.52,,a
1993-11-26,97,3.52,,a
1993-11-27,96,3.36,,a
1993-11-28,94,3.06,,a
1993-11-29,90,2.52,,a
1993-11-30,90,2.52,,a
1993-12-01,89,2.4,,a
1993-12-02,89,2.4,,a
1993-12-03,88,2.28,,a
1993-12-04,88,2.28,,a
1993-12-05,89,2.4,,a
1993-12-06,90,2.52,,a
1993-12-07,91,2.65,,a
1993-12-08,93,2.92,,a
1993-12-09,95,3.21,,a
1993-12-10,100,3.96,,a
1993-12-11,115,6.84,,a
1993-12-12,112,6.23,,a
1993-12-13,118,7.47,,a
1993-12-14,120,7.9,,a
1993-12-15,164,19.5,,a
1993-12-16,140,12.7,,a
1993-12-17,130,10.2,,a
1993-12-18,125,9.01,,a
1993-12-19,120,7.9,,a
1993-12-20,118,7.47,,a
1993-12-21,117,7.26,,a
1993-12-22,119,7.68,,a
1993-12-23,120,7.9,,a
1993-12-24,125,9.01,,a
1993-12-25,130,10.2,,a
1993-12-26,125,9.01,,a
1993-12-27,122,8.34,,a
1993-12-28,119,7.68,,a
1993-12-29,115,6.84,,a
1993-12-30,112,6.23,,a
1993-12-31,109,5.63,,a
1994-01-01,100,3.959,,a
1994-01-02,110,5.828,,a
1994-01-03,112,6.226,,a
1994-01-04,111,6.026,,a
1994-01-05,110,5.828,,a
1994-01-06,111,6.026,,a
1994-01-07,115,6.838,,a
1994-01-08,112,6.226,,a
1994-01-09,111,6.026,,a
1994-01-10,110,5.828,,a
1994-01-11,109,5.632,,a
1994-01-12,108,5.438,,a
1994-01-13,107,5.246,,a
1994-01-14,100,3.959,,a
1994-01-15,120,7.899,,a
1994-01-16,118,7.469,,a
1994-01-17,117,7.256,,a
1994-01-18,115,6.838,,a
1994-01-19,112,6.226,,a
1994-01-20,110,5.828,,a
1994-01-21,109,5.632,,a
1994-01-22,100,3.959,,a
1994-01-23,99,3.847,,a
1994-01-24,98,3.679,,a
1994-01-25,96,3.358,,a
1994-01-26,93,2.917,,a
1994-01-27,92,2.78,,a
1994-01-28,91,2.649,,a
1994-01-29,90,2.522,,a
1994-01-30,91,2.649,,a
1994-01-31,91,2.649,,a
1994-02-01,91,2.649,,a
1994-02-02,92,2.78,,a
1994-02-03,93,2.917,,a
1994-02-04,92,2.78,,a
1994-02-05,93,2.917,,a
1994-02-06,95,3.205,,a
1994-02-07,97,3.515,,a
1994-02-08,96,3.358,,a
1994-02-09,95,3.205,,a
1994-02-10,95,3.205,,a
1994-02-11,96,3.358,,a
1994-02-12,99,3.847,,a
1994-02-13,98,3.679,,a
1994-02-14,98,3.679,,a
1994-02-15,97,3.515,,a
1994-02-16,96,3.358,,a
1994-02-17,96,3.358,,a
1994-02-18,95,3.205,,a
1994-02-19,95,3.205,,a
1994-02-20,95,3.205,,a
1994-02-21,94,3.058,,a
1994-02-22,94,3.058,,a
1994-02-23,93,2.917,,a
1994-02-24,93,2.917,,a
1994-02-25,92,2.78,,a
1994-02-26,93,2.917,,a
1994-02-27,93,2.917,,a
1994-02-28,93,2.917,,a
1994-03-01,95,3.205,,a
1994-03-02,94,3.058,,a
1994-03-03,94,3.058,,a
1994-03-04,94,3.058,,a
1994-03-05,93,2.917,,a
1994-03-06,93,2.917,,a
1994-03-07,93,2.917,,a
1994-03-08,93,2.917,,a
1994-03-09,94,3.058,,a
1994-03-10,93,2.917,,a
1994-03-11,93,2.917,,a
1994-03-12,93,2.917,,a
1994-03-13,92,2.78,,a
1994-03-14,92,2.78,,a
1994-03-15,93,2.917,,a
1994-03-16,91,2.649,,a
1994-03-17,91,2.649,,a
1994-03-18,92,2.78,,a
1994-03-19,91,2.649,,a
1994-03-20,90,2.522,,a
1994-03-21,90,2.522,,a
1994-03-22,90,2.522,,a
1994-03-23,89,2.401,,a
1994-03-24,89,2.401,,a
1994-03-25,88,2.284,,a
1994-03-26,88,2.284,,a
1994-03-27,89,2.401,,a
1994-03-28,90,2.522,,a
1994-03-29,90,2.522,,a
1994-03-30,91,2.649,,a
1994-03-31,90,2.522,,a
1994-04-01,92,2.78,,a
1994-04-02,120,7.899,,a
1994-04-03,109,5.632,,a
1994-04-04,99,3.847,,a
1994-04-05,90,2.522,,a
1994-04-06,98,3.679,,a
1994-04-07,98,3.679,,a
1994-04-08,88,2.284,,a
1994-04-09,94,3.058,,a
1994-04-10,108,5.438,,a
1994-04-11,122,8.338,,a
1994-04-12,116,7.046,,a
1994-04-13,116,7.046,,a
1994-04-14,110,5.828,,a
1994-04-15,109,5.632,,a
1994-04-16,109,5.632,,a
1994-04-17,110,5.828,,a
1994-04-18,121,8.118,,a
1994-04-19,118,7.469,,a
1994-04-20,114,6.632,,a
1994-04-21,108,5.438,,a
1994-04-22,106,5.056,,a
1994-04-23,105,4.868,,a
1994-04-24,103,4.499,,a
1994-04-25,99,3.847,,a
1994-04-26,89,2.401,,a
1994-04-27,90,2.522,,a
1994-04-28,89,2.401,,a
1994-04-29,89,2.401,,a
1994-04-30,89,2.401,,a
1994-05-01,89,2.401,,a
1994-05-02,88,2.284,,a
1994-05-03,89,2.401,,a
1994-05-04,95,3.205,,a
1994-05-05,99,3.847,,a
1994-05-06,104,4.683,,a
1994-05-07,99,3.847,,a
1994-05-08,97,3.515,,a
1994-05-09,95,3.205,,a
1994-05-10,98,3.679,,a
1994-05-11,99,3.847,,a
1994-05-12,98,3.679,,a
1994-05-13,94,3.058,,a
1994-05-14,96,3.358,,a
1994-05-15,94,3.058,,a
1994-05-16,95,3.205,,a
1994-05-17,98,3.679,,a
1994-05-18,98,3.679,,a
1994-05-19,99,3.847,,a
1994-05-20,102,4.317,,a
1994-05-21,105,4.868,,a
1994-05-22,99,3.847,,a
1994-05-23,95,3.205,,a
1994-05-24,93,2.917,,a
1994-05-25,94,3.058,,a
1994-05-26,95,3.205,,a
1994-05-27,97,3.515,,a
1994-05-28,95,3.205,,a
1994-05-29,98,3.679,,a
1994-05-30,104,4.683,,a
1994-05-31,100,3.959,,a
1994-06-01,96,3.358,,a
1994-06-02,94,3.058,,a
1994-06-03,95,3.205,,a
1994-06-04,94,3.058,,a
1994-06-05,124,8.786,,a
1994-06-06,103,4.499,,a
1994-06-07,99,3.847,,a
1994-06-08,94,3.058,,a
1994-06-09,93,2.917,,a
1994-06-10,95,3.205,,a
1994-06-11,98,3.679,,a
1994-06-12,99,3.847,,a
1994-06-13,110,5.828,,a
1994-06-14,106,5.056,,a
1994-06-15,110,5.828,,a
1994-06-16,98,3.679,,a
1994-06-17,97,3.515,,a
1994-06-18,110,5.828,,a
1994-06-19,96,3.358,,a
1994-06-20,104,4.683,,a
1994-06-21,98,3.679,,a
1994-06-22,95,3.205,,a
1994-06-23,94,3.058,,a
1994-06-24,96,3.358,,a
1994-06-25,97,3.515,,a
1994-06-26,92,2.78,,a
1994-06-27,91,2.649,,a
1994-06-28,91,2.649,,a
1994-06-29,109,5.632,,a
1994-06-30,96,3.358,,a
1994-07-01,91,2.649,,a
1994-07-02,90,2.522,,a
1994-07-03,90,2.522,,a
1994-07-04,90,2.522,,a
1994-07-05,96,3.358,,a
1994-07-06,132,10.658,,a
1994-07-07,121,8.118,,a
1994-07-08,113,6.428,,a
1994-07-09,108,5.438,,a
1994-07-10,102,4.317,,a
1994-07-11,97,3.515,,a
1994-07-12,95,3.205,,a
1994-07-13,95,3.205,,a
1994-07-14,95,3.205,,a
1994-07-15,94,3.058,,a
1994-07-16,93,2.917,,a
1994-07-17,92,2.78,,a
1994-07-18,93,2.917,,a
1994-07-19,99,3.847,,a
1994-07-20,104,4.683,,a
1994-07-21,98,3.679,,a
1994-07-22,95,3.205,,a
1994-07-23,92,2.78,,a
1994-07-24,92,2.78,,a
1994-07-25,88,2.284,,a
1994-07-26,91,2.649,,a
1994-07-27,90,2.522,,a
1994-07-28,91,2.649,,a
1994-07-29,90,2.522,,a
1994-07-30,90,2.522,,a
1994-07-31,92,2.78,,a
1994-08-01,92,2.78,,a
1994-08-02,87,2.172,,a
1994-08-03,86,2.065,,a
1994-08-04,85,1.962,,a
1994-08-05,87,2.172,,a
1994-08-06,87,2.172,,a
1994-08-07,67,0.762,,a
1994-08-08,61,0.501,,a
1994-08-09,62,0.54,,a
1994-08-10,61,0.501,,a
1994-08-11,60,0.465,,a
1994-08-12,74,1.117,,a
1994-08-13,70,0.925,,a
1994-08-14,119,7.683,,a
1994-08-15,94,3.058,,a
1994-08-16,81,1.597,,a
1994-08-17,83,1.771,,a
1994-08-18,86,2.065,,a
1994-08-19,80,1.516,,a
1994-08-20,80,1.516,,a
1994-08-21,81,1.597,,a
1994-08-22,78,1.367,,a
1994-08-23,77,1.299,,a
1994-08-24,108,5.438,,a
1994-08-25,132,10.658,,a
1994-08-26,130,10.178,,a
1994-08-27,100,3.959,,a
1994-08-28,98,3.679,,a
1994-08-29,94,3.058,,a
1994-08-30,103,4.499,,a
1994-08-31,98,3.679,,a
1994-09-01,96,3.358,,a
1994-09-02,95,3.205,,a
1994-09-03,97,3.515,,a
1994-09-04,94,3.058,,a
1994-09-05,94,3.058,,a
1994-09-06,94,3.058,,a
1994-09-07,94,3.058,,a
1994-09-08,95,3.205,,a
1994-09-09,98,3.679,,a
1994-09-10,95,3.205,,a
1994-09-11,93,2.917,,a
1994-09-12,95,3.205,,a
1994-09-13,96,3.358,,a
1994-09-14,96,3.358,,a
1994-09-15,114,6.632,,a
1994-09-16,127,9.472,,a
1994-09-17,169,21.118,,a
1994-09-18,122,8.338,,a
1994-09-19,114,6.632,,a
1994-09-20,108,5.438,,a
1994-09-21,104,4.683,,a
1994-09-22,102,4.317,,a
1994-09-23,100,3.959,,a
1994-09-24,95,3.205,,a
1994-09-25,92,2.78,,a
1994-09-26,90,2.522,,a
1994-09-27,90,2.522,,a
1994-09-28,92,2.78,,a
1994-09-29,89,2.401,,a
1994-09-30,87,2.172,,a
1994-10-01,87,2.172,,a
1994-10-02,88,2.284,,a
1994-10-03,126,9.241,,a
1994-10-04,247,51.36,,a
1994-10-05,171,21.77,,a
1994-10-06,132,10.658,,a
1994-10-07,120,7.899,,a
1994-10-08,115,6.838,,a
1994-10-09,112,6.226,,a
1994-10-10,108,5.438,,a
1994-10-11,108,5.438,,a
1994-10-12,109,5.632,,a
1994-10-13,98,3.679,,a
1994-10-14,96,3.358,,a
1994-10-15,93,2.917,,a
1994-10-16,93,2.917,,a
1994-10-17,93,2.917,,a
1994-10-18,93,2.917,,a
1994-10-19,94,3.058,,a
1994-10-20,93,2.917,,a
1994-10-21,92,2.78,,a
1994-10-22,90,2.522,,a
1994-10-23,91,2.649,,a
1994-10-24,118,7.469,,a
1994-10-25,110,5.828,,a
1994-10-26,100,3.959,,a
1994-10-27,144,13.722,,a
1994-10-28,126,9.241,,a
1994-10-29,235,46.315,,a
1994-10-30,147,14.537,,a
1994-10-31,125,9.012,,a
1994-11-01,114,6.632,,a
1994-11-02,109,5.632,,a
1994-11-03,107,5.246,,a
1994-11-04,103,4.499,,a
1994-11-05,101,4.137,,a
1994-11-06,100,3.959,,a
1994-11-07,105,4.868,,a
1994-11-08,106,5.056,,a
1994-11-09,102,4.317,,a
1994-11-10,105,4.868,,a
1994-11-11,176,23.441,,a
1994-11-12,138,12.152,,a
1994-11-13,121,8.118,,a
1994-11-14,114,6.632,,a
1994-11-15,110,5.828,,a
1994-11-16,107,5.246,,a
1994-11-17,109,5.632,,a
1994-11-18,107,5.246,,a
1994-11-19,102,4.317,,a
1994-11-20,102,4.317,,a
1994-11-21,102,4.317,,a
1994-11-22,101,4.137,,a
1994-11-23,100,3.959,,a
1994-11-24,100,3.959,,a
1994-11-25,95,3.205,,a
1994-11-26,95,3.205,,a
1994-11-27,95,3.205,,a
1994-11-28,95,3.205,,a
1994-11-29,94,3.058,,a
1994-11-30,96,3.358,,a
1994-12-01,95,3.205,,a
1994-12-02,95,3.205,,a
1994-12-03,94,3.058,,a
1994-12-04,89,2.401,,a
1994-12-05,94,3.058,,a
1994-12-06,95,3.205,,a
1994-12-07,104,4.683,,a
1994-12-08,97,3.515,,a
1994-12-09,95,3.205,,a
1994-12-10,97,3.515,,a
1994-12-11,97,3.515,,a
1994-12-12,95,3.205,,a
1994-12-13,95,3.205,,a
1994-12-14,96,3.358,,a
1994-12-15,95,3.205,,a
1994-12-16,94,3.058,,a
1994-12-17,94,3.058,,a
1994-12-18,93,2.917,,a
1994-12-19,94,3.058,,a
1994-12-20,94,3.058,,a
1994-12-21,93,2.917,,a
1994-12-22,92,2.78,,a
1994-12-23,92,2.78,,a
1994-12-24,93,2.917,,a
1994-12-25,92,2.78,,a
1994-12-26,89,2.401,,a
1994-12-27,93,2.917,,a
1994-12-28,93,2.917,,a
1994-12-29,96,3.358,,a
1994-12-30,126,9.241,,a
1994-12-31,203,33.399,,a
1995-01-01,154,16.514,,a
1995-01-02,130,10.178,,a
1995-01-03,116,7.046,,a
1995-01-04,111,6.026,,a
1995-01-05,106,5.056,,a
1995-01-06,106,5.056,,a
1995-01-07,103,4.499,,a
1995-01-08,100,3.959,,a
1995-01-09,99,3.847,,a
1995-01-10,98,3.679,,a
1995-01-11,98,3.679,,a
1995-01-12,94,3.058,,a
1995-01-13,94,3.058,,a
1995-01-14,92,2.78,,a
1995-01-15,93,2.917,,a
1995-01-16,91,2.649,,a
1995-01-17,92,2.78,,a
1995-01-18,93,2.917,,a
1995-01-19,93,2.917,,a
1995-01-20,99,3.847,,a
1995-01-21,106,5.056,,a
1995-01-22,103,4.499,,a
1995-01-23,108,5.438,,a
1995-01-24,165,19.841,,a
1995-01-25,122,8.338,,a
1995-01-26,118,7.469,,a
1995-01-27,139,12.408,,a
1995-01-28,119,7.683,,a
1995-01-29,116,7.046,,a
1995-01-30,108,5.438,,a
1995-01-31,108,5.438,,a
1995-02-01,105,4.868,,a
1995-02-02,103,4.499,,a
1995-02-03,102,4.317,,a
1995-02-04,102,4.317,,a
1995-02-05,101,4.137,,a
1995-02-06,100,3.959,,a
1995-02-07,99,3.847,,a
1995-02-08,99,3.847,,a
1995-02-09,99,3.847,,a
1995-02-10,100,3.959,,a
1995-02-11,99,3.847,,a
1995-02-12,99,3.847,,a
1995-02-13,97,3.515,,a
1995-02-14,98,3.679,,a
1995-02-15,99,3.847,,a
1995-02-16,101,4.137,,a
1995-02-17,108,5.438,,a
1995-02-18,155,16.805,,a
1995-02-19,167,20.475,,a
1995-02-20,132,10.658,,a
1995-02-21,122,8.338,,a
1995-02-22,116,7.046,,a
1995-02-23,124,8.786,,a
1995-02-24,153,16.225,,a
1995-02-25,142,13.19,,a
1995-02-26,172,22.1,,a
1995-02-27,186,26.955,,a
1995-02-28,139,12.408,,a
1995-03-01,123,8.561,,a
1995-03-02,142,13.19,,a
1995-03-03,161,18.6,,a
1995-03-04,187,27.32,,a
1995-03-05,169,21.118,,a
1995-03-06,142,13.19,,a
1995-03-07,133,10.902,,a
1995-03-08,124,8.786,,a
1995-03-09,119,7.683,,a
1995-03-10,115,6.838,,a
1995-03-11,112,6.226,,a
1995-03-12,110,5.828,,a
1995-03-13,107,5.246,,a
1995-03-14,107,5.246,,a
1995-03-15,105,4.868,,a
1995-03-16,107,5.246,,a
1995-03-17,108,5.438,,a
1995-03-18,107,5.246,,a
1995-03-19,105,4.868,,a
1995-03-20,116,7.046,,a
1995-03-21,117,7.256,,a
1995-03-22,111,6.026,,a
1995-03-23,111,6.026,,a
1995-03-24,108,5.438,,a
1995-03-25,106,5.056,,a
1995-03-26,107,5.246,,a
1995-03-27,106,5.056,,a
1995-03-28,118,7.469,,a
1995-03-29,115,6.838,,a
1995-03-30,110,5.828,,a
1995-03-31,107,5.246,,a
1995-04-01,107,5.246,,a
1995-04-02,106,5.056,,a
1995-04-03,103,4.499,,a
1995-04-04,102,4.317,,a
1995-04-05,101,4.137,,a
1995-04-06,100,3.959,,a
1995-04-07,100,3.959,,a
1995-04-08,99,3.847,,a
1995-04-09,97,3.515,,a
1995-04-10,95,3.205,,a
1995-04-11,97,3.515,,a
1995-04-12,96,3.358,,a
1995-04-13,96,3.358,,a
1995-04-14,95,3.205,,a
1995-04-15,94,3.058,,a
1995-04-16,94,3.058,,a
1995-04-17,94,3.058,,a
1995-04-18,94,3.058,,a
1995-04-19,95,3.205,,a
1995-04-20,96,3.358,,a
1995-04-21,96,3.358,,a
1995-04-22,93,2.917,,a
1995-04-23,81,1.597,,a
1995-04-24,73,1.063,,a
1995-04-25,86,2.065,,a
1995-04-26,81,1.597,,a
1995-04-27,77,1.299,,a
1995-04-28,76,1.234,,a
1995-04-29,77,1.299,,a
1995-04-30,75,1.174,,a
1995-05-01,73,1.063,,a
1995-05-02,72,1.014,,a
1995-05-03,72,1.014,,a
1995-05-04,72,1.014,,a
1995-05-05,72,1.014,,a
1995-05-06,71,0.968,,a
1995-05-07,71,0.968,,a
1995-05-08,74,1.117,,a
1995-05-09,83,1.771,,a
1995-05-10,86,2.065,,a
1995-05-11,90,2.522,,a
1995-05-12,99,3.847,,a
1995-05-13,120,7.899,,a
1995-05-14,101,4.137,,a
1995-05-15,95,3.205,,a
1995-05-16,93,2.917,,a
1995-05-17,94,3.058,,a
1995-05-18,94,3.058,,a
1995-05-19,100,3.959,,a
1995-05-20,113,6.428,,a
1995-05-21,103,4.499,,a
1995-05-22,98,3.679,,a
1995-05-23,95,3.205,,a
1995-05-24,93,2.917,,a
1995-05-25,93,2.917,,a
1995-05-26,91,2.649,,a
1995-05-27,91,2.649,,a
1995-05-28,89,2.401,,a
1995-05-29,89,2.401,,a
1995-05-30,90,2.522,,a
1995-05-31,93,2.917,,a
1995-06-01,98,3.679,,a
1995-06-02,99,3.847,,a
1995-06-03,100,3.959,,a
1995-06-04,94,3.058,,a
1995-06-05,94,3.058,,a
1995-06-06,113,6.428,,a
1995-06-07,101,4.137,,a
1995-06-08,97,3.515,,a
1995-06-09,95,3.205,,a
1995-06-10,93,2.917,,a
1995-06-11,114,6.632,,a
1995-06-12,119,7.683,,a
1995-06-13,115,6.838,,a
1995-06-14,108,5.438,,a
1995-06-15,108,5.438,,a
1995-06-16,110,5.828,,a
1995-06-17,103,4.499,,a
1995-06-18,101,4.137,,a
1995-06-19,98,3.679,,a
1995-06-20,97,3.515,,a
1995-06-21,96,3.358,,a
1995-06-22,107,5.246,,a
1995-06-23,119,7.683,,a
1995-06-24,110,5.828,,a
1995-06-25,116,7.046,,a
1995-06-26,109,5.632,,a
1995-06-27,105,4.868,,a
1995-06-28,102,4.317,,a
1995-06-29,100,3.959,,a
1995-06-30,99,3.847,,a
1995-07-01,97,3.515,,a
1995-07-02,95,3.205,,a
1995-07-03,96,3.358,,a
1995-07-04,98,3.679,,a
1995-07-05,96,3.358,,a
1995-07-06,104,4.683,,a
1995-07-07,101,4.137,,a
1995-07-08,96,3.358,,a
1995-07-09,93,2.917,,a
1995-07-10,92,2.78,,a
1995-07-11,89,2.401,,a
1995-07-12,92,2.78,,a
1995-07-13,90,2.522,,a
1995-07-14,91,2.649,,a
1995-07-15,92,2.78,,a
1995-07-16,95,3.205,,a
1995-07-17,92,2.78,,a
1995-07-18,93,2.917,,a
1995-07-19,93,2.917,,a
1995-07-20,90,2.522,,a
1995-07-21,91,2.649,,a
1995-07-22,90,2.522,,a
1995-07-23,91,2.649,,a
1995-07-24,88,2.284,,a
1995-07-25,90,2.522,,a
1995-07-26,91,2.649,,a
1995-07-27,90,2.522,,a
1995-07-28,92,2.78,,a
1995-07-29,94,3.058,,a
1995-07-30,94,3.058,,a
1995-07-31,92,2.78,,a
1995-08-01,94,3.058,,a
1995-08-02,97,3.515,,a
1995-08-03,94,3.058,,a
1995-08-04,92,2.78,,a
1995-08-05,93,2.917,,a
1995-08-06,95,3.205,,a
1995-08-07,95,3.205,,a
1995-08-08,94,3.058,,a
1995-08-09,97,3.515,,a
1995-08-10,96,3.358,,a
1995-08-11,95,3.205,,a
1995-08-12,95,3.205,,a
1995-08-13,92,2.78,,a
1995-08-14,89,2.401,,a
1995-08-15,87,2.172,,a
1995-08-16,77,1.299,,a
1995-08-17,73,1.063,,a
1995-08-18,85,1.962,,a
1995-08-19,95,3.205,,a
1995-08-20,93,2.917,,a
1995-08-21,96,3.358,,a
1995-08-22,111,6.026,,a
1995-08-23,99,3.847,,a
1995-08-24,93,2.917,,a
1995-08-25,92,2.78,,a
1995-08-26,93,2.917,,a
1995-08-27,92,2.78,,a
1995-08-28,155,16.805,,a
1995-08-29,143,13.455,,a
1995-08-30,108,5.438,,a
1995-08-31,101,4.137,,a
1995-09-01,98,3.679,,a
1995-09-02,96,3.358,,a
1995-09-03,97,3.515,,a
1995-09-04,144,13.722,,a
1995-09-05,116,7.046,,a
1995-09-06,104,4.683,,a
1995-09-07,101,4.137,,a
1995-09-08,137,11.898,,a
1995-09-09,168,20.795,,a
1995-09-10,155,16.805,,a
1995-09-11,123,8.561,,a
1995-09-12,112,6.226,,a
1995-09-13,109,5.632,,a
1995-09-14,166,20.157,,a
1995-09-15,202,33.01,,a
1995-09-16,158,17.693,,a
1995-09-17,161,18.6,,a
1995-09-18,134,11.148,,a
1995-09-19,129,9.94,,a
1995-09-20,201,32.622,,a
1995-09-21,151,15.654,,a
1995-09-22,135,11.396,,a
1995-09-23,125,9.012,,a
1995-09-24,119,7.683,,a
1995-09-25,114,6.632,,a
1995-09-26,110,5.828,,a
1995-09-27,108,5.438,,a
1995-09-28,108,5.438,,a
1995-09-29,119,7.683,,a
1995-09-30,111,6.026,,a
1995-10-01,108,5.438,,a
1995-10-02,105,4.868,,a
1995-10-03,102,4.317,,a
1995-10-04,100,3.959,,a
1995-10-05,100,3.959,,a
1995-10-06,101,4.137,,a
1995-10-07,99,3.847,,a
1995-10-08,97,3.515,,a
1995-10-09,97,3.515,,a
1995-10-10,97,3.515,,a
1995-10-11,97,3.515,,a
1995-10-12,97,3.515,,a
1995-10-13,97,3.515,,a
1995-10-14,95,3.205,,a
1995-10-15,95,3.205,,a
1995-10-16,93,2.917,,a
1995-10-17,92,2.78,,a
1995-10-18,91,2.649,,a
1995-10-19,91,2.649,,a
1995-10-20,91,2.649,,a
1995-10-21,89,2.401,,a
1995-10-22,92,2.78,,a
1995-10-23,95,3.205,,a
1995-10-24,96,3.358,,a
1995-10-25,95,3.205,,a
1995-10-26,96,3.358,,a
1995-10-27,95,3.205,,a
1995-10-28,94,3.058,,a
1995-10-29,93,2.917,,a
1995-10-30,91,2.649,,a
1995-10-31,94,3.058,,a
1995-11-01,94,3.058,,a
1995-11-02,91,2.649,,a
1995-11-03,95,3.205,,a
1995-11-04,92,2.78,,a
1995-11-05,88,2.284,,a
1995-11-06,90,2.522,,a
1995-11-07,91,2.649,,a
1995-11-08,91,2.649,,a
1995-11-09,91,2.649,,a
1995-11-10,92,2.78,,a
1995-11-11,94,3.058,,a
1995-11-12,94,3.058,,a
1995-11-13,94,3.058,,a
1995-11-14,94,3.058,,a
1995-11-15,94,3.058,,a
1995-11-16,91,2.649,,a
1995-11-17,90,2.522,,a
1995-11-18,111,6.026,,a
1995-11-19,95,3.205,,a
1995-11-20,91,2.649,,a
1995-11-21,86,2.065,,a
1995-11-22,91,2.649,,a
1995-11-23,94,3.058,,a
1995-11-24,95,3.205,,a
1995-11-25,95,3.205,,a
1995-11-26,96,3.358,,a
1995-11-27,96,3.358,,a
1995-11-28,97,3.515,,a
1995-11-29,97,3.515,,a
1995-11-30,97,3.515,,a
1995-12-01,96,3.358,,a
1995-12-02,95,3.205,,a
1995-12-03,96,3.358,,a
1995-12-04,95,3.205,,a
1995-12-05,95,3.205,,a
1995-12-06,95,3.205,,a
1995-12-07,96,3.358,,a
1995-12-08,94,3.058,,a
1995-12-09,94,3.058,,a
1995-12-10,96,3.358,,a
1995-12-11,97,3.515,,a
1995-12-12,97,3.515,,a
1995-12-13,97,3.515,,a
1995-12-14,96,3.358,,a
1995-12-15,97,3.515,,a
1995-12-16,97,3.515,,a
1995-12-17,99,3.847,,a
1995-12-18,102,4.317,,a
1995-12-19,105,4.868,,a
1995-12-20,106,5.056,,a
1995-12-21,104,4.683,,a
1995-12-22,103,4.499,,a
1995-12-23,152,15.938,,a
1995-12-24,161,18.6,,a
1995-12-25,126,9.241,,a
1995-12-26,147,14.537,,a
1995-12-27,148,14.813,,a
1995-12-28,128,9.705,,a
1995-12-29,120,7.899,,a
1995-12-30,115,6.838,,a
1995-12-31,114,6.632,,a
1996-01-01,113,6.428,,a
1996-01-02,110,5.828,,a
1996-01-03,108,5.438,,a
1996-01-04,109,5.632,,a
1996-01-05,110,5.828,,a
1996-01-06,110,5.828,,a
1996-01-07,109,5.632,,a
1996-01-08,142,13.19,,a
1996-01-09,146,14.263,,a
1996-01-10,154,16.514,,a
1996-01-11,155,16.805,,a
1996-01-12,162,18.907,,a
1996-01-13,157,17.716,,a
1996-01-14,147,14.881,,a
1996-01-15,135,11.698,,a
1996-01-16,127,9.711,,a
1996-01-17,121,8.293,,a
1996-01-18,118,7.607,,a
1996-01-19,116,7.158,,a
1996-01-20,114,6.717,,a
1996-01-21,112,6.282,,a
1996-01-22,110,5.855,,a
1996-01-23,110,5.855,,a
1996-01-24,109,5.751,,a
1996-01-25,108,5.562,,a
1996-01-26,107,5.378,,a
1996-01-27,107,5.378,,a
1996-01-28,106,5.198,,a
1996-01-29,106,5.198,,a
1996-01-30,105,5.022,,a
1996-01-31,104,4.851,,a
1996-02-01,103,4.684,,a
1996-02-02,103,4.684,,a
1996-02-03,104,4.851,,a
1996-02-04,109,5.751,,a
1996-02-05,105,5.022,,a
1996-02-06,100,4.207,,a
1996-02-07,101,4.362,,a
1996-02-08,100,4.207,,a
1996-02-09,101,4.362,,a
1996-02-10,102,4.521,,a
1996-02-11,101,4.362,,a
1996-02-12,99,4.057,,a
1996-02-13,98,3.91,,a
1996-02-14,96,3.628,,a
1996-02-15,96,3.628,,a
1996-02-16,95,3.492,,a
1996-02-17,96,3.628,,a
1996-02-18,96,3.628,,a
1996-02-19,120,8.062,,a
1996-02-20,145,14.334,,a
1996-02-21,127,9.711,,a
1996-02-22,115,6.937,,a
1996-02-23,110,5.855,,a
1996-02-24,106,5.198,,a
1996-02-25,104,4.851,,a
1996-02-26,102,4.521,,a
1996-02-27,102,4.521,,a
1996-02-28,101,4.362,,a
1996-02-29,100,4.207,,a
1996-03-01,101,4.362,,a
1996-03-02,102,4.521,,a
1996-03-03,101,4.362,,a
1996-03-04,99,4.057,,a
1996-03-05,99,4.057,,a
1996-03-06,99,4.057,,a
1996-03-07,99,4.057,,a
1996-03-08,98,3.91,,a
1996-03-09,98,3.91,,a
1996-03-10,98,3.91,,a
1996-03-11,98,3.91,,a
1996-03-12,97,3.767,,a
1996-03-13,96,3.628,,a
1996-03-14,96,3.628,,a
1996-03-15,102,4.521,,a
1996-03-16,106,5.198,,a
1996-03-17,107,5.378,,a
1996-03-18,110,5.855,,a
1996-03-19,112,6.282,,a
1996-03-20,112,6.282,,a
1996-03-21,112,6.282,,a
1996-03-22,114,6.717,,a
1996-03-23,116,7.158,,a
1996-03-24,117,7.382,,a
1996-03-25,116,7.158,,a
1996-03-26,111,6.068,,a
1996-03-27,107,5.378,,a
1996-03-28,104,4.851,,a
1996-03-29,101,4.362,,a
1996-03-30,100,4.207,,a
1996-03-31,99,4.057,,a
1996-04-01,97,3.767,,a
1996-04-02,154,16.849,,a
1996-04-03,153,16.595,,a
1996-04-04,138,12.564,,a
1996-04-05,133,11.309,,a
1996-04-06,129,10.336,,a
1996-04-07,121,8.475,,a
1996-04-08,115,7.155,,a
1996-04-09,111,6.31,,a
1996-04-10,108,5.852,,a
1996-04-11,106,5.483,,a
1996-04-12,104,5.131,,a
1996-04-13,104,5.131,,a
1996-04-14,102,4.795,,a
1996-04-15,100,4.475,,a
1996-04-16,98,4.171,,a
1996-04-17,98,4.171,,a
1996-04-18,97,4.024,,a
1996-04-19,96,3.881,,a
1996-04-20,95,3.742,,a
1996-04-21,94,3.607,,a
1996-04-22,93,3.475,,a
1996-04-23,92,3.347,,a
1996-04-24,92,3.347,,a
1996-04-25,95,3.742,,a
1996-04-26,95,3.742,,a
1996-04-27,95,3.742,,a
1996-04-28,95,3.742,,a
1996-04-29,94,3.607,,a
1996-04-30,94,3.607,,a
1996-05-01,100,4.475,,a
1996-05-02,98,4.171,,a
1996-05-03,107,5.665,,a
1996-05-04,114,6.941,,a
1996-05-05,102,4.795,,a
1996-05-06,99,4.321,,a
1996-05-07,99,4.321,,a
1996-05-08,99,4.321,,a
1996-05-09,98,4.171,,a
1996-05-10,97,4.024,,a
1996-05-11,98,4.171,,a
1996-05-12,100,4.475,,a
1996-05-13,128,10.097,,a
1996-05-14,111,6.31,,a
1996-05-15,108,5.852,,a
1996-05-16,105,5.305,,a
1996-05-17,103,4.961,,a
1996-05-18,100,4.475,,a
1996-05-19,99,4.321,,a
1996-05-20,99,4.321,,a
1996-05-21,98,4.171,,a
1996-05-22,97,4.024,,a
1996-05-23,97,4.024,,a
1996-05-24,95,3.742,,a
1996-05-25,95,3.742,,a
1996-05-26,94,3.607,,a
1996-05-27,107,5.665,,a
1996-05-28,123,8.93,,a
1996-05-29,103,4.961,,a
1996-05-30,100,4.475,,a
1996-05-31,97,4.024,,a
1996-06-01,97,4.024,,a
1996-06-02,96,3.881,,a
1996-06-03,94,3.607,,a
1996-06-04,93,3.475,,a
1996-06-05,94,3.607,,a
1996-06-06,94,3.607,,a
1996-06-07,92,3.347,,a
1996-06-08,91,3.222,,a
1996-06-09,90,3.101,,a
1996-06-10,93,3.475,,a
1996-06-11,92,3.347,,a
1996-06-12,92,3.347,,a
1996-06-13,93,3.475,,a
1996-06-14,92,3.347,,a
1996-06-15,91,3.222,,a
1996-06-16,91,3.222,,a
1996-06-17,92,3.347,,a
1996-06-18,91,3.222,,a
1996-06-19,91,3.222,,a
1996-06-20,96,3.881,,a
1996-06-21,96,3.881,,a
1996-06-22,103,4.961,,a
1996-06-23,112,6.519,,a
1996-06-24,95,3.742,,a
1996-06-25,95,3.742,,a
1996-06-26,115,7.155,,a
1996-06-27,116,7.37,,a
1996-06-28,103,4.961,,a
1996-06-29,99,4.321,,a
1996-06-30,124,9.16,,a
1996-07-01,118,7.807,,a
1996-07-02,207,34.316,,a
1996-07-03,233,44.849,,a
1996-07-04,146,14.607,,a
1996-07-05,124,8.994,,a
1996-07-06,115,6.937,,a
1996-07-07,111,6.068,,a
1996-07-08,119,7.834,,a
1996-07-09,120,8.062,,a
1996-07-10,111,6.068,,a
1996-07-11,107,5.378,,a
1996-07-12,104,4.851,,a
1996-07-13,102,4.521,,a
1996-07-14,101,4.362,,a
1996-07-15,100,4.207,,a
1996-07-16,109,5.751,,a
1996-07-17,115,6.937,,a
1996-07-18,103,4.684,,a
1996-07-19,101,4.362,,a
1996-07-20,99,4.057,,a
1996-07-21,99,4.057,,a
1996-07-22,99,4.057,,a
1996-07-23,97,3.767,,a
1996-07-24,98,3.91,,a
1996-07-25,95,3.492,,a
1996-07-26,84,2.242,,a
1996-07-27,82,2.058,,a
1996-07-28,84,2.242,,a
1996-07-29,88,2.648,,a
1996-07-30,96,3.628,,a
1996-07-31,96,3.628,,a
1996-08-01,95,3.492,,a
1996-08-02,95,3.492,,a
1996-08-03,94,3.361,,a
1996-08-04,98,3.91,,a
1996-08-05,95,3.492,,a
1996-08-06,96,3.628,,a
1996-08-07,96,3.628,,a
1996-08-08,103,4.684,,a
1996-08-09,99,4.057,,a
1996-08-10,97,3.767,,a
1996-08-11,96,3.628,,a
1996-08-12,111,6.068,,a
1996-08-13,111,6.068,,a
1996-08-14,111,6.068,,a
1996-08-15,108,5.562,,a
1996-08-16,108,5.562,,a
1996-08-17,102,4.521,,a
1996-08-18,100,4.207,,a
1996-08-19,98,3.91,,a
1996-08-20,98,3.91,,a
1996-08-21,97,3.767,,a
1996-08-22,98,3.91,,a
1996-08-23,98,3.91,,a
1996-08-24,96,3.628,,a
1996-08-25,100,4.207,,a
1996-08-26,101,4.362,,a
1996-08-27,97,3.767,,a
1996-08-28,112,6.282,,a
1996-08-29,112,6.282,,a
1996-08-30,105,5.022,,a
1996-08-31,102,4.521,,a
1996-09-01,99,4.057,,a
1996-09-02,99,4.057,,a
1996-09-03,100,4.207,,a
1996-09-04,100,4.207,,a
1996-09-05,101,4.362,,a
1996-09-06,101,4.362,,a
1996-09-07,98,3.91,,a
1996-09-08,97,3.767,,a
1996-09-09,97,3.767,,a
1996-09-10,96,3.628,,a
1996-09-11,96,3.628,,a
1996-09-12,96,3.628,,a
1996-09-13,102,4.521,,a
1996-09-14,102,4.521,,a
1996-09-15,98,3.91,,a
1996-09-16,96,3.628,,a
1996-09-17,97,3.767,,a
1996-09-18,97,3.767,,a
1996-09-19,96,3.628,,a
1996-09-20,97,3.767,,a
1996-09-21,97,3.767,,a
1996-09-22,128,9.953,,a
1996-09-23,129,10.197,,a
1996-09-24,120,8.062,,a
1996-09-25,144,14.063,,a
1996-09-26,123,8.758,,a
1996-09-27,111,6.068,,a
1996-09-28,107,5.378,,a
1996-09-29,102,4.521,,a
1996-09-30,101,4.362,,a
1996-10-01,98,3.91,,a
1996-10-02,109,5.751,,a
1996-10-03,158,18.009,,a
1996-10-04,120,8.062,,a
1996-10-05,121,8.293,,a
1996-10-06,169,21.334,,a
1996-10-07,143,13.793,,a
1996-10-08,120,8.062,,a
1996-10-09,110,5.855,,a
1996-10-10,105,5.022,,a
1996-10-11,101,4.362,,a
1996-10-12,99,4.057,,a
1996-10-13,98,3.91,,a
1996-10-14,97,3.767,,a
1996-10-15,97,3.767,,a
1996-10-16,111,6.068,,a
1996-10-17,156,17.426,,a
1996-10-18,163,19.496,,a
1996-10-19,143,13.793,,a
1996-10-20,123,8.758,,a
1996-10-21,115,6.937,,a
1996-10-22,111,6.068,,a
1996-10-23,108,5.562,,a
1996-10-24,105,5.022,,a
1996-10-25,104,4.851,,a
1996-10-26,102,4.521,,a
1996-10-27,98,3.91,,a
1996-10-28,98,3.91,,a
1996-10-29,101,4.362,,a
1996-10-30,116,7.158,,a
1996-10-31,105,5.022,,a
1996-11-01,102,4.521,,a
1996-11-02,101,4.362,,a
1996-11-03,99,4.057,,a
1996-11-04,99,4.057,,a
1996-11-05,100,4.207,,a
1996-11-06,100,4.207,,a
1996-11-07,100,4.207,,a
1996-11-08,99,4.057,,a
1996-11-09,98,3.91,,a
1996-11-10,97,3.767,,a
1996-11-11,100,4.207,,a
1996-11-12,100,4.207,,a
1996-11-13,100,4.207,,a
1996-11-14,100,4.207,,a
1996-11-15,100,4.207,,a
1996-11-16,108,5.562,,a
1996-11-17,138,12.471,,a
1996-11-18,214,37.089,,a
1996-11-19,182,25.493,,a
1996-11-20,170,21.636,,a
1996-11-21,194,29.596,,a
1996-11-22,151,16.035,,a
1996-11-23,138,12.564,,a
1996-11-24,120,8.251,,a
1996-11-25,110,6.104,,a
1996-11-26,109,6.042,,a
1996-11-27,108,5.852,,a
1996-11-28,108,5.852,,a
1996-11-29,107,5.665,,a
1996-11-30,106,5.483,,a
1996-12-01,105,5.305,,a
1996-12-02,104,5.131,,a
1996-12-03,103,4.961,,a
1996-12-04,103,4.961,,a
1996-12-05,102,4.795,,a
1996-12-06,102,4.795,,a
1996-12-07,101,4.633,,a
1996-12-08,101,4.633,,a
1996-12-09,101,4.633,,a
1996-12-10,100,4.475,,a
1996-12-11,101,4.633,,a
1996-12-12,101,4.633,,a
1996-12-13,103,4.961,,a
1996-12-14,129,10.336,,a
1996-12-15,123,8.93,,a
1996-12-16,114,6.941,,a
1996-12-17,110,6.104,,a
1996-12-18,108,5.852,,a
1996-12-19,104,5.131,,a
1996-12-20,104,5.131,,a
1996-12-21,121,8.475,,a
1996-12-22,115,7.155,,a
1996-12-23,125,9.391,,a
1996-12-24,126,9.625,,a
1996-12-25,117,7.588,,a
1996-12-26,108,5.852,,a
1996-12-27,103,4.961,,a
1996-12-28,102,4.795,,a
1996-12-29,103,4.961,,a
1996-12-30,102,4.795,,a
1996-12-31,101,4.633,,a
1997-01-01,100,4.475,,a
1997-01-02,100,4.475,,a
1997-01-03,101,4.633,,a
1997-01-04,105,5.305,,a
1997-01-05,103,4.961,,a
1997-01-06,101,4.633,,a
1997-01-07,100,4.475,,a
1997-01-08,100,4.475,,a
1997-01-09,99,4.321,,a
1997-01-10,99,4.321,,a
1997-01-11,99,4.321,,a
1997-01-12,99,4.321,,a
1997-01-13,99,4.321,,a
1997-01-14,100,4.475,,a
1997-01-15,100,4.475,,a
1997-01-16,100,4.475,,a
1997-01-17,100,4.475,,a
1997-01-18,101,4.633,,a
1997-01-19,101,4.633,,a
1997-01-20,101,4.633,,a
1997-01-21,117,7.588,,a
1997-01-22,117,7.588,,a
1997-01-23,116,7.37,,a
1997-01-24,116,7.37,,a
1997-01-25,108,5.852,,a
1997-01-26,108,5.852,,a
1997-01-27,108,5.852,,a
1997-01-28,112,6.519,,a
1997-01-29,108,5.852,,a
1997-01-30,107,5.665,,a
1997-01-31,106,5.483,,a
1997-02-01,104,5.131,,a
1997-02-02,102,4.795,,a
1997-02-03,100,4.475,,a
1997-02-04,100,4.475,,a
1997-02-05,99,4.321,,a
1997-02-06,100,4.475,,a
1997-02-07,100,4.475,,a
1997-02-08,100,4.475,,a
1997-02-09,100,4.475,,a
1997-02-10,100,4.475,,a
1997-02-11,100,4.475,,a
1997-02-12,101,4.633,,a
1997-02-13,115,7.155,,a
1997-02-14,140,13.079,,a
1997-02-15,115,7.155,,a
1997-02-16,108,5.852,,a
1997-02-17,105,5.305,,a
1997-02-18,103,4.961,,a
1997-02-19,103,4.961,,a
1997-02-20,103,4.961,,a
1997-02-21,102,4.795,,a
1997-02-22,102,4.795,,a
1997-02-23,102,4.795,,a
1997-02-24,102,4.795,,a
1997-02-25,102,4.795,,a
1997-02-26,107,5.665,,a
1997-02-27,124,9.16,,a
1997-02-28,106,5.483,,a
1997-03-01,103,4.961,,a
1997-03-02,102,4.795,,a
1997-03-03,102,4.795,,a
1997-03-04,101,4.633,,a
1997-03-05,100,4.475,,a
1997-03-06,100,4.475,,a
1997-03-07,99,4.321,,a
1997-03-08,98,4.171,,a
1997-03-09,99,4.321,,a
1997-03-10,99,4.321,,a
1997-03-11,98,4.171,,a
1997-03-12,98,4.171,,a
1997-03-13,97,4.024,,a
1997-03-14,98,4.171,,a
1997-03-15,98,4.171,,a
1997-03-16,97,4.024,,a
1997-03-17,98,4.171,,a
1997-03-18,98,4.171,,a
1997-03-19,98,4.171,,a
1997-03-20,98,4.171,,a
1997-03-21,98,4.171,,a
1997-03-22,98,4.171,,a
1997-03-23,98,4.171,,a
1997-03-24,99,4.321,,a
1997-03-25,97,4.024,,a
1997-03-26,94,3.607,,a
1997-03-27,96,3.881,,a
1997-03-28,96,3.881,,a
1997-03-29,96,3.881,,a
1997-03-30,97,4.024,,a
1997-03-31,94,3.607,,a
1997-04-01,95,3.742,,a
1997-04-02,95,3.742,,a
1997-04-03,95,3.742,,a
1997-04-04,93,3.475,,a
1997-04-05,94,3.607,,a
1997-04-06,94,3.607,,a
1997-04-07,89,2.983,,a
1997-04-08,85,2.544,,a
1997-04-09,83,2.345,,a
1997-04-10,80,2.068,,a
1997-04-11,81,2.157,,a
1997-04-12,82,2.249,,a
1997-04-13,81,2.157,,a
1997-04-14,83,2.345,,a
1997-04-15,81,2.157,,a
1997-04-16,81,2.157,,a
1997-04-17,84,2.443,,a
1997-04-18,84,2.443,,a
1997-04-19,82,2.249,,a
1997-04-20,85,2.544,,a
1997-04-21,88,2.868,,a
1997-04-22,88,2.868,,a
1997-04-23,84,2.443,,a
1997-04-24,86,2.649,,a
1997-04-25,85,2.544,,a
1997-04-26,84,2.443,,a
1997-04-27,86,2.649,,a
1997-04-28,89,2.983,,a
1997-04-29,90,3.101,,a
1997-04-30,91,3.222,,a
1997-05-01,92,3.347,,a
1997-05-02,90,3.101,,a
1997-05-03,90,3.101,,a
1997-05-04,89,2.983,,a
1997-05-05,88,2.868,,a
1997-05-06,89,2.983,,a
1997-05-07,92,3.347,,a
1997-05-08,96,3.881,,a
1997-05-09,93,3.475,,a
1997-05-10,94,3.607,,a
1997-05-11,93,3.475,,a
1997-05-12,93,3.475,,a
1997-05-13,94,3.607,,a
1997-05-14,95,3.742,,a
1997-05-15,93,3.475,,a
1997-05-16,93,3.475,,a
1997-05-17,95,3.742,,a
1997-05-18,92,3.347,,a
1997-05-19,91,3.222,,a
1997-05-20,91,3.222,,a
1997-05-21,90,3.101,,a
1997-05-22,90,3.101,,a
1997-05-23,89,2.983,,a
1997-05-24,88,2.868,,a
1997-05-25,90,3.101,,a
1997-05-26,92,3.347,,a
1997-05-27,90,3.101,,a
1997-05-28,90,3.101,,a
1997-05-29,89,2.983,,a
1997-05-30,88,2.868,,a
1997-05-31,87,2.757,,a
1997-06-01,88,2.284,,a
1997-06-02,87,2.172,,a
1997-06-03,87,2.172,,a
1997-06-04,86,2.065,,a
1997-06-05,86,2.065,,a
1997-06-06,88,2.284,,a
1997-06-07,87,2.172,,a
1997-06-08,87,2.172,,a
1997-06-09,86,2.065,,a
1997-06-10,86,2.065,,a
1997-06-11,85,1.962,,a
1997-06-12,87,2.172,,a
1997-06-13,89,2.401,,a
1997-06-14,90,2.522,,a
1997-06-15,100,3.959,,a
1997-06-16,150,15.371,,a
1997-06-17,157,17.395,,a
1997-06-18,159,17.993,,a
1997-06-19,159,17.993,,a
1997-06-20,160,18.295,,a
1997-06-21,158,17.693,,a
1997-06-22,157,17.395,,a
1997-06-23,156,17.099,,a
1997-06-24,154,16.514,,a
1997-06-25,152,15.938,,a
1997-06-26,149,15.091,,a
1997-06-27,130,10.178,,a
1997-06-28,128,9.705,,a
1997-06-29,120,7.899,,a
1997-06-30,119,7.683,,a
1997-07-01,113,6.428,,a
1997-07-02,100,3.959,,a
1997-07-03,99,3.847,,a
1997-07-04,98,3.679,,a
1997-07-05,96,3.358,,a
1997-07-06,99,3.847,,a
1997-07-07,102,4.317,,a
1997-07-08,110,5.828,,a
1997-07-09,130,10.178,,a
1997-07-10,125,9.012,,a
1997-07-11,123,8.561,,a
1997-07-12,115,6.838,,a
1997-07-13,111,6.026,,a
1997-07-14,110,5.828,,a
1997-07-15,100,3.959,,a
1997-07-16,99,3.847,,a
1997-07-17,99,3.847,,a
1997-07-18,99,3.847,,a
1997-07-19,110,5.828,,a
1997-07-20,115,6.838,,a
1997-07-21,112,6.226,,a
1997-07-22,110,5.828,,a
1997-07-23,100,3.959,,a
1997-07-24,102,4.317,,a
1997-07-25,100,3.959,,a
1997-07-26,99,3.847,,a
1997-07-27,98,3.679,,a
1997-07-28,98,3.679,,a
1997-07-29,97,3.515,,a
1997-07-30,95,3.205,,a
1997-07-31,95,3.205,,a
1997-08-01,94,3.058,,a
1997-08-02,96,3.358,,a
1997-08-03,97,3.515,,a
1997-08-04,96,3.358,,a
1997-08-05,95,3.205,,a
1997-08-06,97,3.515,,a
1997-08-07,98,3.679,,a
1997-08-08,97,3.515,,a
1997-08-09,97,3.515,,a
1997-08-10,96,3.358,,a
1997-08-11,96,3.358,,a
1997-08-12,97,3.515,,a
1997-08-13,93,2.917,,a
1997-08-14,100,3.959,,a
1997-08-15,101,4.137,,a
1997-08-16,100,3.959,,a
1997-08-17,99,3.847,,a
1997-08-18,98,3.679,,a
1997-08-19,98,3.679,,a
1997-08-20,97,3.515,,a
1997-08-21,97,3.515,,a
1997-08-22,96,3.358,,a
1997-08-23,95,3.205,,a
1997-08-24,95,3.205,,a
1997-08-25,94,3.058,,a
1997-08-26,95,3.205,,a
1997-08-27,96,3.358,,a
1997-08-28,104,4.683,,a
1997-08-29,100,3.959,,a
1997-08-30,99,3.847,,a
1997-08-31,99,3.847,,a
1997-09-01,99,3.847,,a
1997-09-02,98,3.679,,a
1997-09-03,97,3.515,,a
1997-09-04,97,3.515,,a
1997-09-05,95,3.205,,a
1997-09-06,98,3.679,,a
1997-09-07,97,3.515,,a
1997-09-08,96,3.358,,a
1997-09-09,96,3.358,,a
1997-09-10,95,3.205,,a
1997-09-11,94,3.058,,a
1997-09-12,93,2.917,,a
1997-09-13,93,2.917,,a
1997-09-14,135,11.396,,a
1997-09-15,100,3.959,,a
1997-09-16,100,4.475,,a
1997-09-17,99,4.321,,a
1997-09-18,99,4.321,,a
1997-09-19,98,4.171,,a
1997-09-20,98,4.171,,a
1997-09-21,97,4.024,,a
1997-09-22,97,4.024,,a
1997-09-23,96,3.881,,a
1997-09-24,95,3.742,,a
1997-09-25,95,3.742,,a
1997-09-26,94,3.607,,a
1997-09-27,95,3.742,,a
1997-09-28,93,3.475,,a
1997-09-29,92,3.347,,a
1997-09-30,90,3.101,,a
1997-10-01,89,2.983,,a
1997-10-02,89,2.983,,a
1997-10-03,88,2.868,,a
1997-10-04,87,2.757,,a
1997-10-05,87,2.757,,a
1997-10-06,86,2.649,,a
1997-10-07,85,2.544,,a
1997-10-08,82,2.249,,a
1997-10-09,78,1.898,,a
1997-10-10,78,1.898,,a
1997-10-11,78,1.898,,a
1997-10-12,78,1.898,,a
1997-10-13,77,1.818,,a
1997-10-14,75,1.665,,a
1997-10-15,79,1.982,,a
1997-10-16,80,2.068,,a
1997-10-17,81,2.157,,a
1997-10-18,82,2.249,,a
1997-10-19,80,2.068,,a
1997-10-20,79,1.982,,a
1997-10-21,80,2.068,,a
1997-10-22,80,2.068,,a
1997-10-23,81,2.157,,a
1997-10-24,80,2.068,,a
1997-10-25,79,1.982,,a
1997-10-26,78,1.898,,a
1997-10-27,77,1.818,,a
1997-10-28,78,1.898,,a
1997-10-29,79,1.982,,a
1997-10-30,80,2.068,,a
1997-10-31,80,2.068,,a
1997-11-01,79,1.982,,a
1997-11-02,78,1.898,,a
1997-11-03,77,1.818,,a
1997-11-04,78,1.898,,a
1997-11-05,79,1.982,,a
1997-11-06,80,2.068,,a
1997-11-07,84,2.443,,a
1997-11-08,201,31.979,,a
1997-11-09,158,18.026,,a
1997-11-10,138,12.564,,a
1997-11-11,120,8.251,,a
1997-11-12,114,6.941,,a
1997-11-13,120,8.251,,a
1997-11-14,123,8.93,,a
1997-11-15,110,6.104,,a
1997-11-16,110,6.104,,a
1997-11-17,109,6.042,,a
1997-11-18,108,5.852,,a
1997-11-19,108,5.852,,a
1997-11-20,102,4.795,,a
1997-11-21,100,4.475,,a
1997-11-22,100,4.475,,a
1997-11-23,99,4.321,,a
1997-11-24,99,4.321,,a
1997-11-25,98,4.171,,a
1997-11-26,96,3.881,,a
1997-11-27,94,3.607,,a
1997-11-28,93,3.475,,a
1997-11-29,109,6.042,,a
1997-11-30,115,7.155,,a
1997-12-01,112,6.519,,a
1997-12-02,121,8.475,,a
1997-12-03,168,21.017,,a
1997-12-04,149,15.482,,a
1997-12-05,131,10.819,,a
1997-12-06,124,9.16,,a
1997-12-07,117,7.588,,a
1997-12-08,114,6.941,,a
1997-12-09,110,6.104,,a
1997-12-10,111,6.31,,a
1997-12-11,110,6.104,,a
1997-12-12,118,7.807,,a
1997-12-13,116,7.37,,a
1997-12-14,120,8.251,,a
1997-12-15,123,8.93,,a
1997-12-16,120,8.251,,a
1997-12-17,104,5.131,,a
1997-12-18,101,4.633,,a
1997-12-19,107,5.665,,a
1997-12-20,158,18.026,,a
1997-12-21,162,19.201,,a
1997-12-22,141,13.339,,a
1997-12-23,130,10.576,,a
1997-12-24,124,9.16,,a
1997-12-25,118,7.807,,a
1997-12-26,133,11.309,,a
1997-12-27,199,31.377,,a
1997-12-28,149,15.482,,a
1997-12-29,135,11.806,,a
1997-12-30,128,10.097,,a
1997-12-31,121,8.475,,a
1998-01-01,111,6.31,,a
1998-01-02,108,5.852,,a
1998-01-03,112,6.519,,a
1998-01-04,115,7.155,,a
1998-01-05,112,6.519,,a
1998-01-06,108,5.852,,a
1998-01-07,106,5.483,,a
1998-01-08,103,4.961,,a
1998-01-09,103,4.961,,a
1998-01-10,101,4.633,,a
1998-01-11,101,4.633,,a
1998-01-12,99,4.321,,a
1998-01-13,99,4.321,,a
1998-01-14,99,4.321,,a
1998-01-15,102,4.374,,a
1998-01-16,101,4.226,,a
1998-01-17,99,3.934,,a
1998-01-18,99,3.934,,a
1998-01-19,98,3.791,,a
1998-01-20,97,3.648,,a
1998-01-21,97,3.648,,a
1998-01-22,97,3.648,,a
1998-01-23,97,3.648,,a
1998-01-24,97,3.648,,a
1998-01-25,97,3.648,,a
1998-01-26,97,3.648,,a
1998-01-27,97,3.648,,a
1998-01-28,95,3.369,,a
1998-01-29,94,3.231,,a
1998-01-30,94,3.231,,a
1998-01-31,94,3.231,,a
1998-02-01,93,3.095,,a
1998-02-02,93,3.095,,a
1998-02-03,93,3.095,,a
1998-02-04,92,2.961,,a
1998-02-05,92,2.961,,a
1998-02-06,92,2.961,,a
1998-02-07,92,2.961,,a
1998-02-08,92,2.961,,a
1998-02-09,92,2.961,,a
1998-02-10,92,2.961,,a
1998-02-11,92,2.961,,a
1998-02-12,92,2.961,,a
1998-02-13,92,2.961,,a
1998-02-14,92,2.961,,a
1998-02-15,92,2.961,,a
1998-02-16,92,2.961,,a
1998-02-17,92,2.961,,a
1998-02-18,92,2.961,,a
1998-02-19,92,2.961,,a
1998-02-20,92,2.961,,a
1998-02-21,92,2.961,,a
1998-02-22,92,2.961,,a
1998-02-23,92,2.961,,a
1998-02-24,92,2.961,,a
1998-02-25,92,2.961,,a
1998-02-26,92,2.961,,a
1998-02-27,92,2.961,,a
1998-02-28,92,2.961,,a
1998-03-01,97,3.648,,a
1998-03-02,97,3.648,,a
1998-03-03,97,3.648,,a
1998-03-04,94,3.231,,a
1998-03-05,94,3.231,,a
1998-03-06,94,3.231,,a
1998-03-07,106,4.982,,a
1998-03-08,99,3.934,,a
1998-03-09,97,3.648,,a
1998-03-10,97,3.648,,a
1998-03-11,97,3.648,,a
1998-03-12,95,3.369,,a
1998-03-13,94,3.231,,a
1998-03-14,94,3.231,,a
1998-03-15,94,3.231,,a
1998-03-16,93,3.095,,a
1998-03-17,93,3.095,,a
1998-03-18,92,2.961,,a
1998-03-19,92,2.961,,a
1998-03-20,92,2.961,,a
1998-03-21,92,2.961,,a
1998-03-22,92,2.961,,a
1998-03-23,92,2.961,,a
1998-03-24,92,2.961,,a
1998-03-25,91,2.828,,a
1998-03-26,91,2.828,,a
1998-03-27,90,2.696,,a
1998-03-28,90,2.696,,a
1998-03-29,90,2.696,,a
1998-03-30,90,2.696,,a
1998-03-31,90,2.696,,a
1998-04-01,90,2.696,,a
1998-04-02,90,2.696,,a
1998-04-03,90,2.696,,a
1998-04-04,90,2.696,,a
1998-04-05,90,2.696,,a
1998-04-06,152,15.01,,a
1998-04-07,139,11.472,,a
1998-04-08,125,8.297,,a
1998-04-09,119,7.13,,a
1998-04-10,121,7.502,,a
1998-04-11,114,6.273,,a
1998-04-12,152,15.01,,a
1998-04-13,146,13.304,,a
1998-04-14,179,23.441,,a
1998-04-15,140,11.724,,a
1998-04-16,137,10.98,,a
1998-04-17,160,17.51,,a
1998-04-18,149,14.141,,a
1998-04-19,143,12.498,,a
1998-04-20,143,12.498,,a
1998-04-21,140,11.724,,a
1998-04-22,137,10.98,,a
1998-04-23,106,4.982,,a
1998-04-24,104,4.675,,a
1998-04-25,102,4.374,,a
1998-04-26,102,4.374,,a
1998-04-27,102,4.374,,a
1998-04-28,102,4.374,,a
1998-04-29,102,4.374,,a
1998-04-30,101,4.226,,a
1998-05-01,101,4.226,,a
1998-05-02,97,3.648,,a
1998-05-03,97,3.648,,a
1998-05-04,97,3.648,,a
1998-05-05,95,3.369,,a
1998-05-06,95,3.369,,a
1998-05-07,95,3.369,,a
1998-05-08,94,3.231,,a
1998-05-09,94,3.231,,a
1998-05-10,94,3.231,,a
1998-05-11,93,3.095,,a
1998-05-12,92,2.961,,a
1998-05-13,92,2.961,,a
1998-05-14,92,2.961,,a
1998-05-15,92,2.961,,a
1998-05-16,91,2.828,,a
1998-05-17,92,2.961,,a
1998-05-18,92,2.961,,a
1998-05-19,91,2.828,,a
1998-05-20,91,2.828,,a
1998-05-21,90,2.696,,a
1998-05-22,90,2.696,,a
1998-05-23,90,2.696,,a
1998-05-24,91,2.828,,a
1998-05-25,94,3.231,,a
1998-05-26,92,2.961,,a
1998-05-27,90,2.696,,a
1998-05-28,90,2.696,,a
1998-05-29,92,2.961,,a
1998-05-30,91,2.828,,a
1998-05-31,90,2.696,,a
1998-06-01,90,2.696,,a
1998-06-02,90,2.696,,a
1998-06-03,89,2.585,,a
1998-06-04,89,2.585,,a
1998-06-05,88,2.467,,a
1998-06-06,88,2.467,,a
1998-06-07,92,2.961,,a
1998-06-08,102,4.374,,a
1998-06-09,94,3.231,,a
1998-06-10,90,2.696,,a
1998-06-11,89,2.585,,a
1998-06-12,89,2.585,,a
1998-06-13,88,2.467,,a
1998-06-14,88,2.467,,a
1998-06-15,88,2.467,,a
1998-06-16,87,2.354,,a
1998-06-17,87,2.354,,a
1998-06-18,87,2.354,,a
1998-06-19,87,2.354,,a
1998-06-20,87,2.354,,a
1998-06-21,87,2.354,,a
1998-06-22,86,2.246,,a
1998-06-23,114,6.273,,a
1998-06-24,102,4.374,,a
1998-06-25,99,3.934,,a
1998-06-26,95,3.369,,a
1998-06-27,89,2.585,,a
1998-06-28,87,2.354,,a
1998-06-29,87,2.354,,a
1998-06-30,87,2.354,,a
1998-07-01,87,2.354,,a
1998-07-02,87,2.354,,a
1998-07-03,102,4.374,,a
1998-07-04,121,7.502,,a
1998-07-05,99,3.934,,a
1998-07-06,95,3.369,,a
1998-07-07,102,4.374,,a
1998-07-08,152,15.01,,a
1998-07-09,102,4.374,,a
1998-07-10,99,3.934,,a
1998-07-11,95,3.369,,a
1998-07-12,102,4.374,,a
1998-07-13,99,3.934,,a
1998-07-14,213,36.063,,a
1998-07-15,167,19.604,,a
1998-07-16,125,8.297,,a
1998-07-17,114,6.273,,a
1998-07-18,102,4.374,,a
1998-07-19,99,3.934,,a
1998-07-20,97,3.648,,a
1998-07-21,95,3.369,,a
1998-07-22,93,3.095,,a
1998-07-23,92,2.961,,a
1998-07-24,92,2.961,,a
1998-07-25,92,2.961,,a
1998-07-26,99,3.934,,a
1998-07-27,97,3.648,,a
1998-07-28,131,9.581,,a
1998-07-29,114,6.273,,a
1998-07-30,99,3.934,,a
1998-07-31,97,3.648,,a
1998-08-01,92,2.961,,a
1998-08-02,90,2.696,,a
1998-08-03,90,2.696,,a
1998-08-04,89,2.585,,a
1998-08-05,112,5.941,,a
1998-08-06,97,3.648,,a
1998-08-07,94,3.231,,a
1998-08-08,92,2.961,,a
1998-08-09,90,2.696,,a
1998-08-10,89,2.585,,a
1998-08-11,87,2.354,,a
1998-08-12,87,2.354,,a
1998-08-13,87,2.354,,a
1998-08-14,87,2.354,,a
1998-08-15,87,2.354,,a
1998-08-16,87,2.354,,a
1998-08-17,87,2.354,,a
1998-08-18,87,2.354,,a
1998-08-19,87,2.354,,a
1998-08-20,87,2.354,,a
1998-08-21,87,2.354,,a
1998-08-22,87,2.354,,a
1998-08-23,121,7.502,,a
1998-08-24,97,3.648,,a
1998-08-25,102,4.374,,a
1998-08-26,92,2.961,,a
1998-08-27,97,3.648,,a
1998-08-28,149,14.141,,a
1998-08-29,114,6.273,,a
1998-08-30,110,5.615,,a
1998-08-31,99,3.934,,a
1998-09-01,95,3.369,,a
1998-09-02,92,2.961,,a
1998-09-03,90,2.696,,a
1998-09-04,94,3.231,,a
1998-09-05,154,15.608,,a
1998-09-06,140,11.724,,a
1998-09-07,121,7.502,,a
1998-09-08,106,4.982,,a
1998-09-09,99,3.934,,a
1998-09-10,98,3.791,,a
1998-09-11,98,3.791,,a
1998-09-12,170,20.534,,a
1998-09-13,171,20.848,,a
1998-09-14,178,23.109,,a
1998-09-15,137,10.98,,a
1998-09-16,121,7.502,,a
1998-09-17,126,8.503,,a
1998-09-18,117,6.782,,a
1998-09-19,103,4.524,,a
1998-09-20,110,5.615,,a
1998-09-21,102,4.374,,a
1998-09-22,99,3.934,,a
1998-09-23,98,3.791,,a
1998-09-24,97,3.648,,a
1998-09-25,97,3.648,,a
1998-09-26,97,3.648,,a
1998-09-27,125,8.297,,a
1998-09-28,146,13.304,,a
1998-09-29,137,10.98,,a
1998-09-30,143,12.498,,a
1998-10-01,158,16.849,,a
1998-10-02,149,14.141,,a
1998-10-03,137,10.98,,a
1998-10-04,114,6.273,,a
1998-10-05,114,6.273,,a
1998-10-06,202,31.69,,a
1998-10-07,168,19.912,,a
1998-10-08,152,15.01,,a
1998-10-09,140,11.724,,a
1998-10-10,131,9.581,,a
1998-10-11,126,8.503,,a
1998-10-12,123,7.894,,a
1998-10-13,121,7.502,,a
1998-10-14,117,6.782,,a
1998-10-15,114,6.273,,a
1998-10-16,110,5.615,,a
1998-10-17,110,5.615,,a
1998-10-18,249,51.908,,a
1998-10-19,230,43.491,,a
1998-10-20,189,26.882,,a
1998-10-21,172,21.165,,a
1998-10-22,152,15.01,,a
1998-10-23,131,9.581,,a
1998-10-24,121,7.502,,a
1998-10-25,125,8.297,,a
1998-10-26,125,8.297,,a
1998-10-27,125,8.297,,a
1998-10-28,117,6.782,,a
1998-10-29,175,22.127,,a
1998-10-30,152,15.01,,a
1998-10-31,140,11.724,,a
1998-11-01,131,9.581,,a
1998-11-02,246,50.572,,a
1998-11-03,121,7.502,,a
1998-11-04,246,50.572,,a
1998-11-05,224,40.863,,a
1998-11-06,192,27.957,,a
1998-11-07,175,22.127,,a
1998-11-08,157,16.533,,a
1998-11-09,157,16.533,,a
1998-11-10,133,10.034,,a
1998-11-11,133,10.034,,a
1998-11-12,129,9.141,,a
1998-11-13,128,8.925,,a
1998-11-14,122,7.696,,a
1998-11-15,119,7.13,,a
1998-11-16,117,6.782,,a
1998-11-17,115,6.441,,a
1998-11-18,115,6.441,,a
1998-11-19,115,6.441,,a
1998-11-20,115,6.441,,a
1998-11-21,112,5.941,,a
1998-11-22,110,5.615,,a
1998-11-23,108,5.296,,a
1998-11-24,108,5.296,,a
1998-11-25,105,4.828,,a
1998-11-26,105,4.828,,a
1998-11-27,104,4.675,,a
1998-11-28,104,4.675,,a
1998-11-29,102,4.374,,a
1998-11-30,102,4.374,,a
1998-12-01,102,4.374,,a
1998-12-02,102,4.374,,a
1998-12-03,102,4.374,,a
1998-12-04,102,4.374,,a
1998-12-05,99,3.934,,a
1998-12-06,99,3.934,,a
1998-12-07,98,3.791,,a
1998-12-08,96,3.508,,a
1998-12-09,96,3.508,,a
1998-12-10,96,3.508,,a
1998-12-11,96,3.508,,a
1998-12-12,96,3.508,,a
1998-12-13,96,3.508,,a
1998-12-14,96,3.508,,a
1998-12-15,96,3.508,,a
1998-12-16,96,3.508,,a
1998-12-17,96,3.508,,a
1998-12-18,96,3.508,,a
1998-12-19,96,3.508,,a
1998-12-20,96,3.508,,a
1998-12-21,96,3.508,,a
1998-12-22,96,3.508,,a
1998-12-23,94,3.231,,a
1998-12-24,94,3.231,,a
1998-12-25,94,3.231,,a
1998-12-26,94,3.231,,a
1998-12-27,94,3.231,,a
1998-12-28,94,3.231,,a
1998-12-29,94,3.231,,a
1998-12-30,94,3.231,,a
1998-12-31,94,3.231,,a
1999-01-01,100,4.079,,a
1999-01-02,110,5.615,,a
1999-01-03,113,6.106,,a
1999-01-04,115,6.441,,a
1999-01-05,118,6.955,,a
1999-01-06,120,7.311,,a
1999-01-07,119,7.13,,a
1999-01-08,120,7.311,,a
1999-01-09,123,7.894,,a
1999-01-10,124,8.094,,a
1999-01-11,130,9.359,,a
1999-01-12,128,7.783,,a
1999-01-13,129,7.996,,a
1999-01-14,128,7.783,,a
1999-01-15,128,7.783,,a
1999-01-16,127,7.573,,a
1999-01-17,126,7.365,,a
1999-01-18,125,7.159,,a
1999-01-19,120,6.168,,a
1999-01-20,119,5.977,,a
1999-01-21,119,5.977,,a
1999-01-22,118,5.788,,a
1999-01-23,117,5.602,,a
1999-01-24,116,5.418,,a
1999-01-25,116,5.418,,a
1999-01-26,114,5.057,,a
1999-01-27,116,5.418,,a
1999-01-28,118,5.788,,a
1999-01-29,117,5.602,,a
1999-01-30,116,5.418,,a
1999-01-31,115,5.237,,a
1999-02-01,114,5.057,,a
1999-02-02,110,4.364,,a
1999-02-03,100,2.813,,a
1999-02-04,98,2.564,,a
1999-02-05,93,2.009,,a
1999-02-06,93,2.009,,a
1999-02-07,93,2.009,,a
1999-02-08,94,2.112,,a
1999-02-09,94,2.112,,a
1999-02-10,97,2.445,,a
1999-02-11,100,2.813,,a
1999-02-12,97,2.445,,a
1999-02-13,96,2.33,,a
1999-02-14,95,2.219,,a
1999-02-15,94,2.112,,a
1999-02-16,95,2.219,,a
1999-02-17,95,2.219,,a
1999-02-18,93,2.009,,a
1999-02-19,93,2.009,,a
1999-02-20,95,2.219,,a
1999-02-21,101,2.944,,a
1999-02-22,132,8.65,,a
1999-02-23,137,9.792,,a
1999-02-24,120,6.168,,a
1999-02-25,113,4.881,,a
1999-02-26,111,4.534,,a
1999-02-27,113,4.881,,a
1999-02-28,116,5.418,,a
1999-03-01,118,5.788,,a
1999-03-02,123,6.755,,a
1999-03-03,130,8.212,,a
1999-03-04,126,7.365,,a
1999-03-05,133,8.873,,a
1999-03-06,134,9.851,,a
1999-03-07,134,9.851,,a
1999-03-08,131,9.172,,a
1999-03-09,124,7.661,,a
1999-03-10,122,7.249,,a
1999-03-11,118,6.448,,a
1999-03-12,115,5.869,,a
1999-03-13,111,5.126,,a
1999-03-14,108,4.581,,a
1999-03-15,107,4.416,,a
1999-03-16,107,4.416,,a
1999-03-17,105,4.097,,a
1999-03-18,104,3.943,,a
1999-03-19,103,3.793,,a
1999-03-20,101,3.502,,a
1999-03-21,102,3.646,,a
1999-03-22,102,3.646,,a
1999-03-23,111,5.126,,a
1999-03-24,105,4.097,,a
1999-03-25,103,3.793,,a
1999-03-26,103,3.793,,a
1999-03-27,108,4.581,,a
1999-03-28,111,5.126,,a
1999-03-29,116,6.06,,a
1999-03-30,107,4.416,,a
1999-03-31,101,3.502,,a
1999-04-01,93,2.472,,a
1999-04-02,92,2.357,,a
1999-04-03,88,1.929,,a
1999-04-04,87,1.829,,a
1999-04-05,100,3.362,,a
1999-04-06,99,3.225,,a
1999-04-07,100,3.362,,a
1999-04-08,102,3.646,,a
1999-04-09,116,6.06,,a
1999-04-10,106,4.255,,a
1999-04-11,102,3.646,,a
1999-04-12,102,3.646,,a
1999-04-13,106,4.255,,a
1999-04-14,110,4.945,,a
1999-04-15,104,3.943,,a
1999-04-16,124,7.661,,a
1999-04-17,146,12.763,,a
1999-04-18,145,12.508,,a
1999-04-19,142,11.757,,a
1999-04-20,132,9.396,,a
1999-04-21,120,6.844,,a
1999-04-22,143,12.005,,a
1999-04-23,140,11.268,,a
1999-04-24,126,8.082,,a
1999-04-25,123,7.454,,a
1999-04-26,122,7.249,,a
1999-04-27,120,6.844,,a
1999-04-28,114,5.68,,a
1999-04-29,110,4.945,,a
1999-04-30,108,4.581,,a
1999-05-01,105,4.097,,a
1999-05-02,104,3.943,,a
1999-05-03,103,3.793,,a
1999-05-04,103,3.793,,a
1999-05-05,102,3.646,,a
1999-05-06,100,3.362,,a
1999-05-07,99,3.225,,a
1999-05-08,108,4.581,,a
1999-05-09,104,3.943,,a
1999-05-10,101,3.502,,a
1999-05-11,99,3.225,,a
1999-05-12,111,5.126,,a
1999-05-13,107,4.416,,a
1999-05-14,169,19.251,,a
1999-05-15,142,11.757,,a
1999-05-16,124,7.661,,a
1999-05-17,113,5.493,,a
1999-05-18,107,4.416,,a
1999-05-19,112,5.308,,a
1999-05-20,156,15.434,,a
1999-05-21,130,8.95,,a
1999-05-22,118,6.448,,a
1999-05-23,111,5.126,,a
1999-05-24,106,4.255,,a
1999-05-25,105,4.097,,a
1999-05-26,103,3.793,,a
1999-05-27,99,3.225,,a
1999-05-28,98,3.092,,a
1999-05-29,97,2.961,,a
1999-05-30,96,2.834,,a
1999-05-31,96,2.834,,a
1999-06-01,95,2.71,,a
1999-06-02,95,2.71,,a
1999-06-03,94,2.59,,a
1999-06-04,94,2.59,,a
1999-06-05,89,2.032,,a
1999-06-06,85,1.638,,a
1999-06-07,85,1.638,,a
1999-06-08,87,1.829,,a
1999-06-09,86,1.732,,a
1999-06-10,81,1.289,,a
1999-06-11,104,3.943,,a
1999-06-12,119,6.645,,a
1999-06-13,132,9.396,,a
1999-06-14,106,4.255,,a
1999-06-15,103,3.793,,a
1999-06-16,114,5.68,,a
1999-06-17,104,3.943,,a
1999-06-18,103,3.793,,a
1999-06-19,100,3.362,,a
1999-06-20,99,3.225,,a
1999-06-21,113,5.493,,a
1999-06-22,130,8.95,,a
1999-06-23,105,4.097,,a
1999-06-24,101,3.502,,a
1999-06-25,98,3.092,,a
1999-06-26,97,2.961,,a
1999-06-27,95,2.71,,a
1999-06-28,95,2.71,,a
1999-06-29,94,2.59,,a
1999-06-30,94,2.59,,a
1999-07-01,109,4.749,,a
1999-07-02,97,2.961,,a
1999-07-03,96,2.834,,a
1999-07-04,94,2.59,,a
1999-07-05,93,2.472,,a
1999-07-06,92,2.357,,a
1999-07-07,98,3.092,,a
1999-07-08,98,3.092,,a
1999-07-09,115,5.869,,a
1999-07-10,130,8.95,,a
1999-07-11,187,25.55,,a
1999-07-12,143,11.248,,a
1999-07-13,112,4.706,,a
1999-07-14,111,4.534,,a
1999-07-15,113,4.881,,a
1999-07-16,131,8.43,,a
1999-07-17,127,7.573,,a
1999-07-18,108,3.982,,a
1999-07-19,104,3.363,,a
1999-07-20,102,3.08,,a
1999-07-21,100,2.813,,a
1999-07-22,100,2.813,,a
1999-07-23,148,12.535,,a
1999-07-24,114,5.057,,a
1999-07-25,110,4.364,,a
1999-07-26,109,4.148,,a
1999-07-27,105,3.511,,a
1999-07-28,104,3.363,,a
1999-07-29,102,3.08,,a
1999-07-30,101,2.944,,a
1999-07-31,100,2.813,,a
1999-08-01,98,2.564,,a
1999-08-02,99,2.686,,a
1999-08-03,99,2.686,,a
1999-08-04,96,2.33,,a
1999-08-05,95,2.219,,a
1999-08-06,94,2.112,,a
1999-08-07,95,2.219,,a
1999-08-08,95,2.219,,a
1999-08-09,95,2.219,,a
1999-08-10,95,2.219,,a
1999-08-11,96,2.33,,a
1999-08-12,96,2.33,,a
1999-08-13,101,2.944,,a
1999-08-14,100,2.813,,a
1999-08-15,98,2.564,,a
1999-08-16,98,2.564,,a
1999-08-17,141,10.752,,a
1999-08-18,104,4.675,,a
1999-08-19,102,4.374,,a
1999-08-20,104,4.675,,a
1999-08-21,175,22.127,,a
1999-08-22,112,5.941,,a
1999-08-23,105,4.828,,a
1999-08-24,103,4.524,,a
1999-08-25,100,4.079,,a
1999-08-26,97,3.648,,a
1999-08-27,97,3.648,,a
1999-08-28,97,3.648,,a
1999-08-29,96,3.508,,a
1999-08-30,98,3.791,,a
1999-08-31,98,3.791,,a
1999-09-01,98,3.791,,a
1999-09-02,101,4.226,,a
1999-09-03,98,3.791,,a
1999-09-04,99,3.934,,a
1999-09-05,98,3.791,,a
1999-09-06,97,3.648,,a
1999-09-07,97,3.648,,a
1999-09-08,96,3.508,,a
1999-09-09,96,3.508,,a
1999-09-10,96,3.508,,a
1999-09-11,96,3.508,,a
1999-09-12,96,3.508,,a
1999-09-13,96,3.508,,a
1999-09-14,95,3.369,,a
1999-09-15,95,3.369,,a
1999-09-16,96,3.508,,a
1999-09-17,96,3.508,,a
1999-09-18,96,3.508,,a
1999-09-19,96,3.508,,a
1999-09-20,96,3.508,,a
1999-09-21,127,8.713,,a
1999-09-22,102,4.374,,a
1999-09-23,100,3.362,,a
1999-09-24,98,3.092,,a
1999-09-25,97,2.961,,a
1999-09-26,98,3.092,,a
1999-09-27,98,3.092,,a
1999-09-28,100,3.362,,a
1999-09-29,98,3.092,,a
1999-09-30,94,2.59,,a
1999-10-01,105,4.097,,a
1999-10-02,99,3.225,,a
1999-10-03,98,3.092,,a
1999-10-04,108,4.581,,a
1999-10-05,108,4.581,,a
1999-10-06,102,3.646,,a
1999-10-07,99,3.225,,a
1999-10-08,98,3.092,,a
1999-10-09,98,3.092,,a
1999-10-10,96,2.834,,a
1999-10-11,93,2.472,,a
1999-10-12,93,2.472,,a
1999-10-13,92,2.357,,a
1999-10-14,90,2.137,,a
1999-10-15,89,2.032,,a
1999-10-16,88,1.929,,a
1999-10-17,88,1.929,,a
1999-10-18,89,2.032,,a
1999-10-19,87,1.829,,a
1999-10-20,86,1.732,,a
1999-10-21,86,1.732,,a
1999-10-22,85,1.638,,a
1999-10-23,85,1.638,,a
1999-10-24,88,1.929,,a
1999-10-25,90,2.137,,a
1999-10-26,90,2.137,,a
1999-10-27,89,2.032,,a
1999-10-28,88,1.929,,a
1999-10-29,87,1.829,,a
1999-10-30,88,1.929,,a
1999-10-31,89,2.032,,a
1999-11-01,88,1.929,,a
1999-11-02,87,1.829,,a
1999-11-03,40,2.35,,a
1999-11-04,39,2.284,,a
1999-11-05,40,2.35,,a
1999-11-06,54,3.51,,a
1999-11-07,60,4.126,,a
1999-11-08,49,3.042,,a
1999-11-09,48,2.956,,a
1999-11-10,48,2.956,,a
1999-11-11,48,2.956,,a
1999-11-12,49,3.042,,a
1999-11-13,48,2.956,,a
1999-11-14,47,2.872,,a
1999-11-15,47,2.872,,a
1999-11-16,46,2.791,,a
1999-11-17,47,2.872,,a
1999-11-18,47,2.872,,a
1999-11-19,49,3.042,,a
1999-11-20,49,3.042,,a
1999-11-21,48,2.956,,a
1999-11-22,47,2.872,,a
1999-11-23,47,2.872,,a
1999-11-24,46,2.791,,a
1999-11-25,45,2.711,,a
1999-11-26,43,2.56,,a
1999-11-27,43,2.56,,a
1999-11-28,44,2.635,,a
1999-11-29,43,2.56,,a
1999-11-30,42,2.488,,a
1999-12-01,43,2.56,,a
1999-12-02,43,2.56,,a
1999-12-03,44,2.635,,a
1999-12-04,43,2.56,,a
1999-12-05,45,2.711,,a
1999-12-06,44,2.635,,a
1999-12-07,43,2.56,,a
1999-12-08,45,2.711,,a
1999-12-09,85,7.426,,a
1999-12-10,95,9.046,,a
1999-12-11,100,9.92,,a
1999-12-12,155,23.083,,a
1999-12-13,165,25.983,,a
1999-12-14,113,11.305,,a
1999-12-15,160,24.04,,a
1999-12-16,150,21.049,,a
1999-12-17,145,19.601,,a
1999-12-18,140,18.186,,a
1999-12-19,100,8.742,,a
1999-12-20,98,8.395,,a
1999-12-21,65,3.839,,a
1999-12-22,63,3.614,,a
1999-12-23,60,3.292,,a
1999-12-24,58,3.088,,a
1999-12-25,58,3.088,,a
1999-12-26,50,2.354,,a
1999-12-27,65,3.839,,a
1999-12-28,72,4.694,,a
1999-12-29,73,4.826,,a
1999-12-30,72,4.694,,a
1999-12-31,70,4.439,,a
2000-01-01,62,3.5,,a
2000-01-02,61,3.4,,a
2000-01-03,60,3.29,,a
2000-01-04,59,3.19,,a
2000-01-05,59,3.19,,a
2000-01-06,58,3.09,,a
2000-01-07,57,2.99,,a
2000-01-08,57,2.99,,a
2000-01-09,57,2.99,,a
2000-01-10,56,2.89,,a
2000-01-11,56,2.89,,a
2000-01-12,54,2.71,,a
2000-01-13,54,2.71,,a
2000-01-14,53,2.61,,a
2000-01-15,53,2.61,,a
2000-01-16,53,2.61,,a
2000-01-17,53,2.61,,a
2000-01-18,52,2.53,,a
2000-01-19,52,2.53,,a
2000-01-20,52,2.53,,a
2000-01-21,52,2.53,,a
2000-01-22,52,2.53,,a
2000-01-23,52,2.53,,a
2000-01-24,52,2.53,,a
2000-01-25,52,2.53,,a
2000-01-26,52,2.53,,a
2000-01-27,52,2.53,,a
2000-01-28,52,2.53,,a
2000-01-29,52,2.53,,a
2000-01-30,52,2.53,,a
2000-01-31,52,2.53,,a
2000-02-01,52,2.53,,a
2000-02-02,52,2.53,,a
2000-02-03,52,2.53,,a
2000-02-04,53,2.61,,a
2000-02-05,53,2.61,,a
2000-02-06,53,2.61,,a
2000-02-07,53,2.61,,a
2000-02-08,53,2.61,,a
2000-02-09,53,2.61,,a
2000-02-10,53,2.61,,a
2000-02-11,53,2.61,,a
2000-02-12,52,2.53,,a
2000-02-13,52,2.53,,a
2000-02-14,53,2.61,,a
2000-02-15,53,2.61,,a
2000-02-16,53,2.61,,a
2000-02-17,55,2.8,,a
2000-02-18,54,2.71,,a
2000-02-19,53,2.61,,a
2000-02-20,53,2.61,,a
2000-02-21,52,2.53,,a
2000-02-22,52,2.53,,a
2000-02-23,51,2.44,,a
2000-02-24,51,2.44,,a
2000-02-25,51,2.44,,a
2000-02-26,51,2.44,,a
2000-02-27,51,2.44,,a
2000-02-28,51,2.44,,a
2000-02-29,51,2.44,,a
2000-03-01,56,2.89,,a
2000-03-02,88,6.84,,a
2000-03-03,63,3.85,,a
2000-03-04,57,3.23,,a
2000-03-05,54,2.96,,a
2000-03-06,53,2.87,,a
2000-03-07,53,2.87,,a
2000-03-08,52,2.78,,a
2000-03-09,52,2.78,,a
2000-03-10,52,2.78,,a
2000-03-11,52,2.78,,a
2000-03-12,52,2.78,,a
2000-03-13,52,2.78,,a
2000-03-14,49,2.53,,a
2000-03-15,50,2.61,,a
2000-03-16,48,2.45,,a
2000-03-17,51,2.7,,a
2000-03-18,50,2.61,,a
2000-03-19,47,2.38,,a
2000-03-20,47,2.38,,a
2000-03-21,47,2.38,,a
2000-03-22,46,2.32,,a
2000-03-23,46,2.32,,a
2000-03-24,45,2.25,,a
2000-03-25,45,2.25,,a
2000-03-26,46,2.32,,a
2000-03-27,50,2.61,,a
2000-03-28,55,3.05,,a
2000-03-29,60,3.53,,a
2000-03-30,67,4.31,,a
2000-03-31,72,4.94,,a
2000-04-01,65,4.3,,a
2000-04-02,69,4.77,,a
2000-04-03,68,4.65,,a
2000-04-04,66,4.41,,a
2000-04-05,63,4.07,,a
2000-04-06,62,3.96,,a
2000-04-07,61,3.86,,a
2000-04-08,55,3.27,,a
2000-04-09,50,2.83,,a
2000-04-10,47,2.6,,a
2000-04-11,45,2.25,,a
2000-04-12,47,2.38,,a
2000-04-13,48,2.45,,a
2000-04-14,50,2.61,,a
2000-04-15,50,2.61,,a
2000-04-16,49,2.53,,a
2000-04-17,50,2.61,,a
2000-04-18,53,2.87,,a
2000-04-19,54,2.96,,a
2000-04-20,55,3.05,,a
2000-04-21,55,3.05,,a
2000-04-22,54,2.96,,a
2000-04-23,54,2.96,,a
2000-04-24,53,2.87,,a
2000-04-25,53,2.87,,a
2000-04-26,53,2.87,,a
2000-04-27,52,2.78,,a
2000-04-28,52,2.78,,a
2000-04-29,51,2.7,,a
2000-04-30,51,2.7,,a
2000-05-01,51,2.7,,a
2000-05-02,50,2.61,,a
2000-05-03,50,2.61,,a
2000-05-04,49,2.53,,a
2000-05-05,48,2.45,,a
2000-05-06,46,2.32,,a
2000-05-07,47,2.38,,a
2000-05-08,47,2.38,,a
2000-05-09,48,2.45,,a
2000-05-10,46,2.32,,a
2000-05-11,46,2.32,,a
2000-05-12,47,2.38,,a
2000-05-13,47,2.38,,a
2000-05-14,49,2.53,,a
2000-05-15,48,2.45,,a
2000-05-16,47,2.38,,a
2000-05-17,46,2.32,,a
2000-05-18,46,2.32,,a
2000-05-19,49,2.53,,a
2000-05-20,51,2.7,,a
2000-05-21,50,2.61,,a
2000-05-22,57,3.45,,a
2000-05-23,52,3,,a
2000-05-24,48,2.67,,a
2000-05-25,46,2.54,,a
2000-05-26,44,2.41,,a
2000-05-27,43,2.36,,a
2000-05-28,43,2.36,,a
2000-05-29,45,2.47,,a
2000-05-30,50,2.83,,a
2000-05-31,46,2.54,,a
2000-06-01,44,2.41,,a
2000-06-02,43,2.36,,a
2000-06-03,43,2.36,,a
2000-06-04,43,2.36,,a
2000-06-05,42,2.31,,a
2000-06-06,42,2.31,,a
2000-06-07,44,2.41,,a
2000-06-08,43,2.36,,a
2000-06-09,41,2.26,,a
2000-06-10,42,2.31,,a
2000-06-11,42,2.31,,a
2000-06-12,42,2.31,,a
2000-06-13,45,2.47,,a
2000-06-14,43,2.36,,a
2000-06-15,43,2.36,,a
2000-06-16,43,2.36,,a
2000-06-17,42,2.31,,a
2000-06-18,41,2.26,,a
2000-06-19,41,2.26,,a
2000-06-20,40,2.21,,a
2000-06-21,40,2.21,,a
2000-06-22,40,2.21,,a
2000-06-23,39,2.17,,a
2000-06-24,40,2.21,,a
2000-06-25,50,2.83,,a
2000-06-26,45,2.47,,a
2000-06-27,43,2.36,,a
2000-06-28,42,2.31,,a
2000-06-29,44,2.41,,a
2000-06-30,45,2.47,,a
2000-07-01,43,2.36,,a
2000-07-02,41,2.26,,a
2000-07-03,41,2.26,,a
2000-07-04,41,2.26,,a
2000-07-05,39,2.17,,a
2000-07-06,39,2.17,,a
2000-07-07,40,2.21,,a
2000-07-08,43,2.36,,a
2000-07-09,64,4.18,,a
2000-07-10,47,2.6,,a
2000-07-11,80,6.27,,a
2000-07-12,61,3.86,,a
2000-07-13,49,2.75,,a
2000-07-14,48,2.67,,a
2000-07-15,66,4.41,,a
2000-07-16,58,3.55,,a
2000-07-17,56,3.36,,a
2000-07-18,49,2.75,,a
2000-07-19,46,2.54,,a
2000-07-20,45,2.47,,a
2000-07-21,44,2.41,,a
2000-07-22,44,2.41,,a
2000-07-23,42,2.31,,a
2000-07-24,41,2.26,,a
2000-07-25,41,2.26,,a
2000-07-26,41,2.26,,a
2000-07-27,42,2.31,,a
2000-07-28,45,2.47,,a
2000-07-29,47,2.6,,a
2000-07-30,46,2.54,,a
2000-07-31,44,2.41,,a
2000-08-01,41,2.26,,a
2000-08-02,40,2.21,,a
2000-08-03,41,2.26,,a
2000-08-04,42,2.31,,a
2000-08-05,44,2.41,,a
2000-08-06,74,5.2,,a
2000-08-07,49,2.53,,a
2000-08-08,46,2.32,,a
2000-08-09,44,2.19,,a
2000-08-10,44,2.19,,a
2000-08-11,43,2.14,,a
2000-08-12,42,2.09,,a
2000-08-13,42,2.09,,a
2000-08-14,41,2.04,,a
2000-08-15,41,2.04,,a
2000-08-16,41,2.04,,a
2000-08-17,40,1.99,,a
2000-08-18,40,1.99,,a
2000-08-19,39,1.95,,a
2000-08-20,37,1.88,,a
2000-08-21,37,1.88,,a
2000-08-22,38,1.91,,a
2000-08-23,36,1.85,,a
2000-08-24,36,1.85,,a
2000-08-25,36,1.85,,a
2000-08-26,34,1.79,,a
2000-08-27,34,1.79,,a
2000-08-28,35,1.82,,a
2000-08-29,34,1.79,,a
2000-08-30,33,1.76,,a
2000-08-31,34,1.79,,a
2000-09-01,53,2.87,,a
2000-09-02,37,1.88,,a
2000-09-03,77,5.62,,a
2000-09-04,57,3.23,,a
2000-09-05,59,3.43,,a
2000-09-06,48,2.45,,a
2000-09-07,48,2.45,,a
2000-09-08,44,2.19,,a
2000-09-09,42,2.09,,a
2000-09-10,40,1.99,,a
2000-09-11,40,1.99,,a
2000-09-12,39,1.95,,a
2000-09-13,37,1.88,,a
2000-09-14,36,1.85,,a
2000-09-15,35,1.82,,a
2000-09-16,38,1.91,,a
2000-09-17,78,5.77,,a
2000-09-18,50,2.61,,a
2000-09-19,54,2.96,,a
2000-09-20,54,2.96,,a
2000-09-21,50,2.61,,a
2000-09-22,46,2.32,,a
2000-09-23,45,2.25,,a
2000-09-24,44,2.19,,a
2000-09-25,43,2.14,,a
2000-09-26,42,2.09,,a
2000-09-27,41,2.04,,a
2000-09-28,41,2.04,,a
2000-09-29,41,2.04,,a
2000-09-30,43,2.14,,a
2000-10-01,69,4.55,,a
2000-10-02,72,4.94,,a
2000-10-03,89,7.33,,a
2000-10-04,71,4.8,,a
2000-10-05,60,3.53,,a
2000-10-06,55,3.05,,a
2000-10-07,65,4.08,,a
2000-10-08,117,12.6,,a
2000-10-09,78,5.77,,a
2000-10-10,70,4.68,,a
2000-10-11,130,15.9,,a
2000-10-12,77,5.62,,a
2000-10-13,62,3.74,,a
2000-10-14,55,3.05,,a
2000-10-15,52,2.78,,a
2000-10-16,50,2.61,,a
2000-10-17,48,2.45,,a
2000-10-18,47,2.38,,a
2000-10-19,47,2.38,,a
2000-10-20,46,2.32,,a
2000-10-21,46,2.32,,a
2000-10-22,45,2.25,,a
2000-10-23,45,2.25,,a
2000-10-24,44,2.19,,a
2000-10-25,44,2.19,,a
2000-10-26,43,2.14,,a
2000-10-27,43,2.14,,a
2000-10-28,44,2.19,,a
2000-10-29,44,2.19,,a
2000-10-30,44,2.19,,a
2000-10-31,44,2.19,,a
2000-11-01,49,2.53,,a
2000-11-02,47,2.38,,a
2000-11-03,58,3.33,,a
2000-11-04,163,24.9,,a
2000-11-05,159,23.7,,a
2000-11-06,117,12.6,,a
2000-11-07,185,31.7,,a
2000-11-08,167,26,,a
2000-11-09,167,26,,a
2000-11-10,116,12.4,,a
2000-11-11,93,7.97,,a
2000-11-12,83,6.46,,a
2000-11-13,84,6.6,,a
2000-11-14,82,6.32,,a
2000-11-15,77,5.62,,a
2000-11-16,199,36.4,,a
2000-11-17,161,24.3,,a
2000-11-18,167,26,,a
2000-11-19,118,12.8,,a
2000-11-20,106,10.3,,a
2000-11-21,186,32,,a
2000-11-22,162,24.6,,a
2000-11-23,130,15.9,,a
2000-11-24,110,11.1,,a
2000-11-25,122,13.8,,a
2000-11-26,114,12,,a
2000-11-27,98,8.81,,a
2000-11-28,89,7.33,,a
2000-11-29,83,6.46,,a
2000-11-30,80,6.05,,a
2000-12-01,77,5.62,,a
2000-12-02,73,5.07,,a
2000-12-03,72,4.94,,a
2000-12-04,69,4.55,,a
2000-12-05,66,4.19,,a
2000-12-06,62,3.74,,a
2000-12-07,61,3.64,,a
2000-12-08,61,3.64,,a
2000-12-09,65,4.08,,a
2000-12-10,90,7.49,,a
2000-12-11,76,5.48,,a
2000-12-12,71,4.8,,a
2000-12-13,69,4.55,,a
2000-12-14,68,4.43,,a
2000-12-15,102,9.53,,a
2000-12-16,107,10.5,,a
2000-12-17,87,7.03,,a
2000-12-18,79,5.92,,a
2000-12-19,75,5.34,,a
2000-12-20,72,4.94,,a
2000-12-21,69,4.55,,a
2000-12-22,68,4.43,,a
2000-12-23,65,4.08,,a
2000-12-24,63,3.85,,a
2000-12-25,68,4.43,,a
2000-12-26,81,6.18,,a
2000-12-27,84,6.6,,a
2000-12-28,111,11.3,,a
2000-12-29,98,8.81,,a
2000-12-30,90,7.49,,a
2000-12-31,80,6.05,,a
2001-01-01,71,4.805,,a
2001-01-02,68,4.43,,a
2001-01-03,71,4.805,,a
2001-01-04,67,4.309,,a
2001-01-05,64,3.963,,a
2001-01-06,66,4.191,,a
2001-01-07,97,8.636,,a
2001-01-08,136,17.397,,a
2001-01-09,131,16.141,,a
2001-01-10,104,9.909,,a
2001-01-11,92,7.803,,a
2001-01-12,83,6.456,,a
2001-01-13,78,5.768,,a
2001-01-14,73,5.068,,a
2001-01-15,67,4.309,,a
2001-01-16,64,3.963,,a
2001-01-17,62,3.743,,a
2001-01-18,62,3.743,,a
2001-01-19,61,3.637,,a
2001-01-20,59,3.431,,a
2001-01-21,57,3.234,,a
2001-01-22,56,3.139,,a
2001-01-23,52,2.781,,a
2001-01-24,51,2.696,,a
2001-01-25,135,17.143,,a
2001-01-26,163,24.852,,a
2001-01-27,109,10.896,,a
2001-01-28,106,10.296,,a
2001-01-29,91,7.644,,a
2001-01-30,84,6.596,,a
2001-01-31,78,5.768,,a
2001-02-01,74,5.203,,a
2001-02-02,71,4.805,,a
2001-02-03,68,4.43,,a
2001-02-04,66,4.191,,a
2001-02-05,64,3.963,,a
2001-02-06,66,4.191,,a
2001-02-07,60,3.533,,a
2001-02-08,58,3.332,,a
2001-02-09,67,4.309,,a
2001-02-10,64,3.963,,a
2001-02-11,62,3.743,,a
2001-02-12,57,3.234,,a
2001-02-13,57,3.234,,a
2001-02-14,54,2.956,,a
2001-02-15,50,2.614,,a
2001-02-16,50,2.614,,a
2001-02-17,55,3.046,,a
2001-02-18,53,2.867,,a
2001-02-19,51,2.696,,a
2001-02-20,51,2.696,,a
2001-02-21,51,2.696,,a
2001-02-22,52,2.781,,a
2001-02-23,53,2.867,,a
2001-02-24,54,2.956,,a
2001-02-25,51,2.696,,a
2001-02-26,52,2.781,,a
2001-02-27,52,2.781,,a
2001-02-28,52,2.781,,a
2001-03-01,54,2.956,,a
2001-03-02,55,3.046,,a
2001-03-03,125,14.516,,a
2001-03-04,135,17.143,,a
2001-03-05,158,23.939,,a
2001-03-06,120,14.034,,a
2001-03-07,95,9.046,,a
2001-03-08,85,7.426,,a
2001-03-09,81,6.825,,a
2001-03-10,84,7.273,,a
2001-03-11,75,5.976,,a
2001-03-12,74,5.841,,a
2001-03-13,158,23.939,,a
2001-03-14,140,18.987,,a
2001-03-15,101,10.099,,a
2001-03-16,90,8.215,,a
2001-03-17,87,7.737,,a
2001-03-18,82,6.973,,a
2001-03-19,78,6.393,,a
2001-03-20,97,9.391,,a
2001-03-21,84,7.273,,a
2001-03-22,97,9.391,,a
2001-03-23,88,7.894,,a
2001-03-24,81,6.825,,a
2001-03-25,79,6.535,,a
2001-03-26,91,8.378,,a
2001-03-27,84,7.273,,a
2001-03-28,78,6.393,,a
2001-03-29,79,6.535,,a
2001-03-30,92,8.543,,a
2001-03-31,81,6.825,,a
2001-04-01,77,6.252,,a
2001-04-02,73,5.707,,a
2001-04-03,70,5.316,,a
2001-04-04,68,5.064,,a
2001-04-05,85,7.426,,a
2001-04-06,76,6.113,,a
2001-04-07,74,5.841,,a
2001-04-08,108,11.404,,a
2001-04-09,90,8.215,,a
2001-04-10,82,6.973,,a
2001-04-11,83,7.122,,a
2001-04-12,77,6.252,,a
2001-04-13,68,5.064,,a
2001-04-14,64,4.581,,a
2001-04-15,62,4.35,,a
2001-04-16,62,4.35,,a
2001-04-17,64,4.581,,a
2001-04-18,61,4.237,,a
2001-04-19,59,4.016,,a
2001-04-20,65,4.699,,a
2001-04-21,78,6.393,,a
2001-04-22,80,6.68,,a
2001-04-23,67,4.94,,a
2001-04-24,62,4.35,,a
2001-04-25,58,3.909,,a
2001-04-26,61,4.237,,a
2001-04-27,57,3.803,,a
2001-04-28,55,3.597,,a
2001-04-29,54,3.51,,a
2001-04-30,52,3.316,,a
2001-05-01,50,3.131,,a
2001-05-02,49,3.042,,a
2001-05-03,49,3.042,,a
2001-05-04,50,3.131,,a
2001-05-05,51,3.222,,a
2001-05-06,67,4.94,,a
2001-05-07,61,4.237,,a
2001-05-08,61,4.237,,a
2001-05-09,63,4.464,,a
2001-05-10,64,4.581,,a
2001-05-11,61,4.237,,a
2001-05-12,60,4.126,,a
2001-05-13,58,3.909,,a
2001-05-14,56,3.699,,a
2001-05-15,56,3.699,,a
2001-05-16,56,3.699,,a
2001-05-17,54,3.51,,a
2001-05-18,55,3.597,,a
2001-05-19,62,4.35,,a
2001-05-20,55,3.597,,a
2001-05-21,54,3.51,,a
2001-05-22,58,3.909,,a
2001-05-23,53,3.412,,a
2001-05-24,52,3.316,,a
2001-05-25,51,3.222,,a
2001-05-26,50,3.131,,a
2001-05-27,49,3.042,,a
2001-05-28,48,2.956,,a
2001-05-29,47,2.872,,a
2001-05-30,47,2.872,,a
2001-05-31,137,18.206,,a
2001-06-01,120,14.034,,a
2001-06-02,80,6.68,,a
2001-06-03,78,6.393,,a
2001-06-04,69,5.189,,a
2001-06-05,61,4.237,,a
2001-06-06,62,4.35,,a
2001-06-07,59,4.016,,a
2001-06-08,55,3.597,,a
2001-06-09,53,3.412,,a
2001-06-10,53,3.412,,a
2001-06-11,77,6.252,,a
2001-06-12,71,5.444,,a
2001-06-13,58,3.909,,a
2001-06-14,59,4.016,,a
2001-06-15,56,3.699,,a
2001-06-16,52,3.316,,a
2001-06-17,60,4.126,,a
2001-06-18,60,4.126,,a
2001-06-19,53,3.412,,a
2001-06-20,52,3.316,,a
2001-06-21,49,3.042,,a
2001-06-22,49,3.042,,a
2001-06-23,48,2.956,,a
2001-06-24,48,2.956,,a
2001-06-25,48,2.956,,a
2001-06-26,47,2.872,,a
2001-06-27,44,2.635,,a
2001-06-28,42,2.488,,a
2001-06-29,45,2.711,,a
2001-06-30,43,2.56,,a
2001-07-01,46,2.017,,a
2001-07-02,45,1.937,,a
2001-07-03,42,1.711,,a
2001-07-04,44,1.86,,a
2001-07-05,41,1.64,,a
2001-07-06,38,1.44,,a
2001-07-07,38,1.44,,a
2001-07-08,37,1.379,,a
2001-07-09,37,1.379,,a
2001-07-10,37,1.379,,a
2001-07-11,37,1.379,,a
2001-07-12,36,1.319,,a
2001-07-13,38,1.44,,a
2001-07-14,38,1.44,,a
2001-07-15,37,1.379,,a
2001-07-16,38,1.44,,a
2001-07-17,39,1.504,,a
2001-07-18,39,1.504,,a
2001-07-19,41,1.64,,a
2001-07-20,42,1.711,,a
2001-07-21,42,1.711,,a
2001-07-22,39,1.504,,a
2001-07-23,40,1.571,,a
2001-07-24,40,1.571,,a
2001-07-25,39,1.504,,a
2001-07-26,38,1.44,,a
2001-07-27,40,1.571,,a
2001-07-28,40,1.571,,a
2001-07-29,42,1.711,,a
2001-07-30,41,1.64,,a
2001-07-31,38,1.44,,a
2001-08-01,36,1.319,,a
2001-08-02,38,1.44,,a
2001-08-03,38,1.44,,a
2001-08-04,38,1.44,,a
2001-08-05,40,1.571,,a
2001-08-06,42,1.711,,a
2001-08-07,42,1.711,,a
2001-08-08,42,1.711,,a
2001-08-09,43,1.784,,a
2001-08-10,41,1.64,,a
2001-08-11,47,2.099,,a
2001-08-12,42,1.711,,a
2001-08-13,39,1.504,,a
2001-08-14,39,1.504,,a
2001-08-15,38,1.44,,a
2001-08-16,39,1.504,,a
2001-08-17,38,1.44,,a
2001-08-18,40,1.571,,a
2001-08-19,41,1.64,,a
2001-08-20,41,1.64,,a
2001-08-21,40,1.571,,a
2001-08-22,40,1.571,,a
2001-08-23,40,1.571,,a
2001-08-24,39,1.504,,a
2001-08-25,39,1.504,,a
2001-08-26,37,1.379,,a
2001-08-27,37,1.379,,a
2001-08-28,38,1.44,,a
2001-08-29,38,1.44,,a
2001-08-30,35,1.263,,a
2001-08-31,37,1.379,,a
2001-09-01,41,1.64,,a
2001-09-02,40,1.571,,a
2001-09-03,39,1.504,,a
2001-09-04,38,1.44,,a
2001-09-05,53,2.614,,a
2001-09-06,42,1.711,,a
2001-09-07,38,1.44,,a
2001-09-08,38,1.44,,a
2001-09-09,47,2.099,,a
2001-09-10,44,1.86,,a
2001-09-11,37,1.379,,a
2001-09-12,39,1.504,,a
2001-09-13,37,1.379,,a
2001-09-14,44,1.86,,a
2001-09-15,103,10.464,,a
2001-09-16,66,4.819,,a
2001-09-17,77,6.252,,a
2001-09-18,65,4.699,,a
2001-09-19,59,4.016,,a
2001-09-20,54,3.51,,a
2001-09-21,54,3.51,,a
2001-09-22,50,3.131,,a
2001-09-23,57,3.803,,a
2001-09-24,117,13.344,,a
2001-09-25,77,6.252,,a
2001-09-26,152,21.637,,a
2001-09-27,96,8.061,,a
2001-09-28,75,5.095,,a
2001-09-29,60,3.292,,a
2001-09-30,55,2.798,,a
2001-10-01,56,2.893,,a
2001-10-02,52,2.526,,a
2001-10-03,49,2.268,,a
2001-10-04,73,4.826,,a
2001-10-05,137,17.354,,a
2001-10-06,85,6.428,,a
2001-10-07,73,4.826,,a
2001-10-08,66,3.954,,a
2001-10-09,57,2.989,,a
2001-10-10,51,2.439,,a
2001-10-11,49,2.268,,a
2001-10-12,47,2.099,,a
2001-10-13,47,2.099,,a
2001-10-14,46,2.017,,a
2001-10-15,46,2.017,,a
2001-10-16,46,2.017,,a
2001-10-17,45,1.937,,a
2001-10-18,45,1.937,,a
2001-10-19,44,1.86,,a
2001-10-20,44,1.86,,a
2001-10-21,46,2.017,,a
2001-10-22,50,2.354,,a
2001-10-23,44,1.86,,a
2001-10-24,42,1.711,,a
2001-10-25,44,1.86,,a
2001-10-26,49,2.268,,a
2001-10-27,49,2.268,,a
2001-10-28,45,1.937,,a
2001-10-29,46,2.017,,a
2001-10-30,45,1.937,,a
2001-10-31,39,1.504,,a
2001-11-01,35,1.263,,a
2001-11-02,41,1.64,,a
2001-11-03,44,1.86,,a
2001-11-04,45,1.937,,a
2001-11-05,44,1.86,,a
2001-11-06,42,1.711,,a
2001-11-07,43,1.784,,a
2001-11-08,43,1.784,,a
2001-11-09,71,4.566,,a
2001-11-10,62,3.504,,a
2001-11-11,59,3.189,,a
2001-11-12,102,9.101,,a
2001-11-13,77,5.373,,a
2001-11-14,72,4.694,,a
2001-11-15,67,4.072,,a
2001-11-16,64,3.725,,a
2001-11-17,64,3.725,,a
2001-11-18,64,3.725,,a
2001-11-19,61,3.397,,a
2001-11-20,55,2.798,,a
2001-11-21,49,2.268,,a
2001-11-22,51,2.439,,a
2001-11-23,55,2.798,,a
2001-11-24,51,2.439,,a
2001-11-25,49,2.268,,a
2001-11-26,50,2.354,,a
2001-11-27,50,2.354,,a
2001-11-28,50,2.354,,a
2001-11-29,48,2.182,,a
2001-11-30,49,2.268,,a
2001-12-01,47,2.099,,a
2001-12-02,46,2.017,,a
2001-12-03,45,1.937,,a
2001-12-04,44,1.86,,a
2001-12-05,44,1.86,,a
2001-12-06,50,2.354,,a
2001-12-07,46,2.017,,a
2001-12-08,41,1.64,,a
2001-12-09,39,1.504,,a
2001-12-10,39,1.504,,a
2001-12-11,41,1.64,,a
2001-12-12,43,1.784,,a
2001-12-13,42,1.711,,a
2001-12-14,39,1.504,,a
2001-12-15,37,1.379,,a
2001-12-16,40,1.571,,a
2001-12-17,40,1.571,,a
2001-12-18,39,1.504,,a
2001-12-19,39,1.504,,a
2001-12-20,41,1.64,,a
2001-12-21,42,1.711,,a
2001-12-22,44,1.86,,a
2001-12-23,43,1.784,,a
2001-12-24,38,1.44,,a
2001-12-25,40,1.571,,a
2001-12-26,45,1.937,,a
2001-12-27,44,1.86,,a
2001-12-28,42,1.711,,a
2001-12-29,47,2.099,,a
2001-12-30,71,4.566,,a
2001-12-31,60,3.292,,a
2002-01-01,57,2.989,,a
2002-01-02,52,2.526,,a
2002-01-03,46,2.017,,a
2002-01-04,43,1.784,,a
2002-01-05,44,1.86,,a
2002-01-06,46,2.017,,a
2002-01-07,45,1.937,,a
2002-01-08,44,1.86,,a
2002-01-09,42,1.711,,a
2002-01-10,41,1.64,,a
2002-01-11,41,1.64,,a
2002-01-12,41,1.64,,a
2002-01-13,46,2.017,,a
2002-01-14,42,1.711,,a
2002-01-15,41,1.64,,a
2002-01-16,41,1.64,,a
2002-01-17,41,1.64,,a
2002-01-18,40,1.571,,a
2002-01-19,40,1.571,,a
2002-01-20,40,1.571,,a
2002-01-21,40,1.571,,a
2002-01-22,40,1.571,,a
2002-01-23,43,1.784,,a
2002-01-24,56,2.893,,a
2002-01-25,54,2.705,,a
2002-01-26,48,2.182,,a
2002-01-27,47,2.099,,a
2002-01-28,51,2.439,,a
2002-01-29,52,2.526,,a
2002-01-30,49,2.268,,a
2002-01-31,48,2.182,,a
2002-02-01,49,2.268,,a
2002-02-02,49,2.268,,a
2002-02-03,47,2.099,,a
2002-02-04,45,1.937,,a
2002-02-05,45,1.937,,a
2002-02-06,47,2.099,,a
2002-02-07,55,2.798,,a
2002-02-08,54,2.705,,a
2002-02-09,49,2.268,,a
2002-02-10,52,2.526,,a
2002-02-11,51,2.439,,a
2002-02-12,49,2.268,,a
2002-02-13,48,2.182,,a
2002-02-14,47,2.099,,a
2002-02-15,46,2.017,,a
2002-02-16,47,2.099,,a
2002-02-17,50,2.354,,a
2002-02-18,85,6.428,,a
2002-02-19,88,6.84,,a
2002-02-20,85,6.428,,a
2002-02-21,84,6.296,,a
2002-02-22,78,5.515,,a
2002-02-23,71,4.566,,a
2002-02-24,65,3.839,,a
2002-02-25,61,3.397,,a
2002-02-26,59,3.189,,a
2002-02-27,57,2.989,,a
2002-02-28,59,3.189,,a
2002-03-01,102,9.101,,a
2002-03-02,89,6.982,,a
2002-03-03,82,6.04,,a
2002-03-04,77,5.373,,a
2002-03-05,72,4.694,,a
2002-03-06,69,4.314,,a
2002-03-07,66,3.954,,a
2002-03-08,63,3.614,,a
2002-03-09,58,3.088,,a
2002-03-10,54,2.705,,a
2002-03-11,52,2.526,,a
2002-03-12,52,2.526,,a
2002-03-13,54,2.705,,a
2002-03-14,60,3.292,,a
2002-03-15,62,3.504,,a
2002-03-16,55,2.798,,a
2002-03-17,52,2.526,,a
2002-03-18,49,2.268,,a
2002-03-19,51,2.439,,a
2002-03-20,51,2.439,,a
2002-03-21,50,2.354,,a
2002-03-22,52,2.526,,a
2002-03-23,49,2.268,,a
2002-03-24,48,2.182,,a
2002-03-25,48,2.182,,a
2002-03-26,48,2.182,,a
2002-03-27,48,2.182,,a
2002-03-28,49,2.268,,a
2002-03-29,48,2.182,,a
2002-03-30,48,2.182,,a
2002-03-31,50,2.354,,a
2002-04-01,48,2.182,,a
2002-04-02,47,2.099,,a
2002-04-03,47,2.099,,a
2002-04-04,44,1.86,,a
2002-04-05,44,1.86,,a
2002-04-06,45,1.937,,a
2002-04-07,45,1.937,,a
2002-04-08,45,1.937,,a
2002-04-09,46,2.017,,a
2002-04-10,49,2.268,,a
2002-04-11,47,2.099,,a
2002-04-12,66,3.954,,a
2002-04-13,97,8.227,,a
2002-04-14,81,5.917,,a
2002-04-15,84,6.296,,a
2002-04-16,79,5.66,,a
2002-04-17,70,4.439,,a
2002-04-18,69,4.314,,a
2002-04-19,69,4.314,,a
2002-04-20,64,3.725,,a
2002-04-21,65,3.839,,a
2002-04-22,63,3.614,,a
2002-04-23,67,4.072,,a
2002-04-24,62,3.504,,a
2002-04-25,59,3.189,,a
2002-04-26,56,2.893,,a
2002-04-27,81,5.917,,a
2002-04-28,78,5.515,,a
2002-04-29,69,4.314,,a
2002-04-30,64,3.725,,a
2002-05-01,60,3.292,,a
2002-05-02,57,2.989,,a
2002-05-03,55,2.798,,a
2002-05-04,54,2.705,,a
2002-05-05,53,2.614,,a
2002-05-06,51,2.439,,a
2002-05-07,49,2.268,,a
2002-05-08,48,2.182,,a
2002-05-09,49,2.268,,a
2002-05-10,55,2.798,,a
2002-05-11,49,2.268,,a
2002-05-12,47,2.099,,a
2002-05-13,47,2.099,,a
2002-05-14,47,2.099,,a
2002-05-15,46,2.017,,a
2002-05-16,46,2.017,,a
2002-05-17,45,1.937,,a
2002-05-18,44,1.86,,a
2002-05-19,42,1.711,,a
2002-05-20,48,2.182,,a
2002-05-21,46,2.017,,a
2002-05-22,44,1.86,,a
2002-05-23,46,2.017,,a
2002-05-24,49,2.268,,a
2002-05-25,48,2.182,,a
2002-05-26,64,3.725,,a
2002-05-27,61,3.397,,a
2002-05-28,63,3.614,,a
2002-05-29,59,3.189,,a
2002-05-30,52,2.526,,a
2002-05-31,49,2.268,,a
2002-06-01,48,2.182,,a
2002-06-02,49,2.268,,a
2002-06-03,49,2.268,,a
2002-06-04,48,2.182,,a
2002-06-05,48,2.182,,a
2002-06-06,53,2.614,,a
2002-06-07,85,6.739,,a
2002-06-08,67,4.309,,a
2002-06-09,57,3.234,,a
2002-06-10,54,2.956,,a
2002-06-11,51,2.696,,a
2002-06-12,47,2.361,,a
2002-06-13,45,2.203,,a
2002-06-14,44,2.126,,a
2002-06-15,44,2.126,,a
2002-06-16,43,2.05,,a
2002-06-17,44,2.126,,a
2002-06-18,43,2.05,,a
2002-06-19,42,1.976,,a
2002-06-20,42,1.976,,a
2002-06-21,41,1.904,,a
2002-06-22,40,1.834,,a
2002-06-23,40,1.834,,a
2002-06-24,44,2.126,,a
2002-06-25,45,2.203,,a
2002-06-26,50,2.614,,a
2002-06-27,49,2.521,,a
2002-06-28,75,5.34,,a
2002-06-29,68,4.43,,a
2002-06-30,49,2.521,,a
2002-07-01,45,2.203,,a
2002-07-02,46,2.281,,a
2002-07-03,45,2.203,,a
2002-07-04,46,2.281,,a
2002-07-05,46,2.281,,a
2002-07-06,48,2.441,,a
2002-07-07,49,2.521,,a
2002-07-08,48,2.441,,a
2002-07-09,46,2.281,,a
2002-07-10,45,2.203,,a
2002-07-11,44,2.126,,a
2002-07-12,43,2.05,,a
2002-07-13,44,2.126,,a
2002-07-14,48,2.441,,a
2002-07-15,61,3.637,,a
2002-07-16,65,4.076,,a
2002-07-17,50,2.614,,a
2002-07-18,52,2.781,,a
2002-07-19,54,2.956,,a
2002-07-20,46,2.281,,a
2002-07-21,45,2.203,,a
2002-07-22,45,2.203,,a
2002-07-23,46,2.281,,a
2002-07-24,65,4.076,,a
2002-07-25,83,6.456,,a
2002-07-26,58,3.332,,a
2002-07-27,46,2.281,,a
2002-07-28,44,2.126,,a
2002-07-29,43,2.05,,a
2002-07-30,43,2.05,,a
2002-07-31,45,2.203,,a
2002-08-01,47,2.361,,a
2002-08-02,42,1.976,,a
2002-08-03,42,1.976,,a
2002-08-04,47,2.361,,a
2002-08-05,50,2.614,,a
2002-08-06,136,17.397,,a
2002-08-07,141,18.694,,a
2002-08-08,84,6.596,,a
2002-08-09,69,4.552,,a
2002-08-10,64,3.963,,a
2002-08-11,126,14.767,,a
2002-08-12,185,31.717,,a
2002-08-13,117,12.616,,a
2002-08-14,90,7.487,,a
2002-08-15,76,5.48,,a
2002-08-16,66,4.191,,a
2002-08-17,60,3.533,,a
2002-08-18,58,3.332,,a
2002-08-19,56,3.139,,a
2002-08-20,55,3.046,,a
2002-08-21,65,4.076,,a
2002-08-22,67,4.309,,a
2002-08-23,59,3.431,,a
2002-08-24,56,3.139,,a
2002-08-25,52,2.781,,a
2002-08-26,50,2.614,,a
2002-08-27,47,2.361,,a
2002-08-28,45,2.203,,a
2002-08-29,40,1.834,,a
2002-08-30,51,2.696,,a
2002-08-31,58,3.332,,a
2002-09-01,48,2.441,,a
2002-09-02,45,2.203,,a
2002-09-03,44,2.126,,a
2002-09-04,36,1.582,,a
2002-09-05,36,1.582,,a
2002-09-06,43,2.05,,a
2002-09-07,44,2.126,,a
2002-09-08,44,2.126,,a
2002-09-09,45,2.203,,a
2002-09-10,40,1.834,,a
2002-09-11,45,2.203,,a
2002-09-12,41,1.904,,a
2002-09-13,45,2.203,,a
2002-09-14,45,2.203,,a
2002-09-15,46,2.281,,a
2002-09-16,43,2.05,,a
2002-09-17,44,2.126,,a
2002-09-18,44,2.126,,a
2002-09-19,46,2.281,,a
2002-09-20,48,2.441,,a
2002-09-21,49,2.521,,a
2002-09-22,50,2.614,,a
2002-09-23,54,2.956,,a
2002-09-24,58,3.332,,a
2002-09-25,59,3.431,,a
2002-09-26,48,2.441,,a
2002-09-27,47,2.361,,a
2002-09-28,45,2.203,,a
2002-09-29,45,2.203,,a
2002-09-30,42,1.976,,a
2002-10-01,41,1.904,,a
2002-10-02,40,1.834,,a
2002-10-03,46,2.281,,a
2002-10-04,45,2.203,,a
2002-10-05,44,2.126,,a
2002-10-06,45,2.203,,a
2002-10-07,45,2.203,,a
2002-10-08,44,2.126,,a
2002-10-09,46,2.281,,a
2002-10-10,51,2.696,,a
2002-10-11,76,5.48,,a
2002-10-12,99,8.987,,a
2002-10-13,72,4.935,,a
2002-10-14,58,3.332,,a
2002-10-15,78,5.768,,a
2002-10-16,74,5.203,,a
2002-10-17,82,6.318,,a
2002-10-18,80,6.049,,a
2002-10-19,79,5.916,,a
2002-10-20,72,4.935,,a
2002-10-21,61,3.637,,a
2002-10-22,120,13.307,,a
2002-10-23,115,12.169,,a
2002-10-24,143,19.443,,a
2002-10-25,98,9.03,,a
2002-10-26,84,6.816,,a
2002-10-27,78,5.988,,a
2002-10-28,70,4.897,,a
2002-10-29,64,4.183,,a
2002-10-30,56,3.359,,a
2002-10-31,58,3.552,,a
2002-11-01,55,3.266,,a
2002-11-02,50,2.834,,a
2002-11-03,63,4.072,,a
2002-11-04,72,5.155,,a
2002-11-05,58,3.552,,a
2002-11-06,50,2.834,,a
2002-11-07,56,3.359,,a
2002-11-08,56,3.359,,a
2002-11-09,54,3.176,,a
2002-11-10,52,3.001,,a
2002-11-11,52,3.001,,a
2002-11-12,51,2.916,,a
2002-11-13,49,2.744,,a
2002-11-14,47,2.593,,a
2002-11-15,47,2.593,,a
2002-11-16,47,2.593,,a
2002-11-17,47,2.593,,a
2002-11-18,81,6.402,,a
2002-11-19,98,9.03,,a
2002-11-20,84,6.816,,a
2002-11-21,76,5.7,,a
2002-11-22,94,8.349,,a
2002-11-23,88,7.401,,a
2002-11-24,85,6.959,,a
2002-11-25,70,4.897,,a
2002-11-26,68,4.65,,a
2002-11-27,70,4.897,,a
2002-11-28,79,6.136,,a
2002-11-29,80,6.269,,a
2002-11-30,76,5.7,,a
2002-12-01,79,6.136,,a
2002-12-02,79,6.136,,a
2002-12-03,75,5.56,,a
2002-12-04,79,6.136,,a
2002-12-05,78,5.988,,a
2002-12-06,80,6.269,,a
2002-12-07,55,3.266,,a
2002-12-08,53,3.087,,a
2002-12-09,58,3.552,,a
2002-12-10,60,3.753,,a
2002-12-11,65,4.296,,a
2002-12-12,65,4.296,,a
2002-12-13,64,4.183,,a
2002-12-14,60,3.753,,a
2002-12-15,60,3.753,,a
2002-12-16,59,3.651,,a
2002-12-17,58,3.552,,a
2002-12-18,63,4.072,,a
2002-12-19,58,3.552,,a
2002-12-20,57,3.454,,a
2002-12-21,59,3.651,,a
2002-12-22,57,3.454,,a
2002-12-23,58,3.552,,a
2002-12-24,56,3.359,,a
2002-12-25,56,3.359,,a
2002-12-26,57,3.454,,a
2002-12-27,60,3.753,,a
2002-12-28,59,3.651,,a
2002-12-29,58,3.552,,a
2002-12-30,69,4.772,,a
2002-12-31,65,4.296,,a
2003-01-01,66,4.411,,a
2003-01-02,69,4.772,,a
2003-01-03,76,5.7,,a
2003-01-04,70,4.897,,a
2003-01-05,68,4.65,,a
2003-01-06,64,4.183,,a
2003-01-07,64,4.183,,a
2003-01-08,62,3.963,,a
2003-01-09,59,3.651,,a
2003-01-10,59,3.651,,a
2003-01-11,58,3.552,,a
2003-01-12,57,3.454,,a
2003-01-13,57,3.454,,a
2003-01-14,57,3.454,,a
2003-01-15,56,3.359,,a
2003-01-16,56,3.359,,a
2003-01-17,56,3.359,,a
2003-01-18,56,3.359,,a
2003-01-19,56,3.359,,a
2003-01-20,56,3.359,,a
2003-01-21,55,3.266,,a
2003-01-22,73,5.288,,a
2003-01-23,68,4.65,,a
2003-01-24,65,4.296,,a
2003-01-25,62,3.963,,a
2003-01-26,61,3.857,,a
2003-01-27,60,3.753,,a
2003-01-28,59,3.651,,a
2003-01-29,59,3.651,,a
2003-01-30,58,3.552,,a
2003-01-31,57,3.454,,a
2003-02-01,56,3.359,,a
2003-02-02,53,3.087,,a
2003-02-03,60,3.753,,a
2003-02-04,63,4.072,,a
2003-02-05,58,3.552,,a
2003-02-06,56,3.359,,a
2003-02-07,55,3.266,,a
2003-02-08,54,3.176,,a
2003-02-09,52,3.001,,a
2003-02-10,51,2.916,,a
2003-02-11,51,2.916,,a
2003-02-12,52,3.001,,a
2003-02-13,51,2.916,,a
2003-02-14,50,2.834,,a
2003-02-15,49,2.744,,a
2003-02-16,49,2.744,,a
2003-02-17,47,2.593,,a
2003-02-18,48,2.668,,a
2003-02-19,47,2.593,,a
2003-02-20,47,2.593,,a
2003-02-21,47,2.593,,a
2003-02-22,46,2.519,,a
2003-02-23,46,2.519,,a
2003-02-24,47,2.593,,a
2003-02-25,47,2.593,,a
2003-02-26,47,2.593,,a
2003-02-27,50,2.834,,a
2003-02-28,55,3.266,,a
2003-03-01,57,3.454,,a
2003-03-02,57,3.454,,a
2003-03-03,59,3.651,,a
2003-03-04,63,4.072,,a
2003-03-05,62,3.963,,a
2003-03-06,60,3.753,,a
2003-03-07,58,3.552,,a
2003-03-08,55,3.266,,a
2003-03-09,54,3.176,,a
2003-03-10,54,3.176,,a
2003-03-11,54,3.176,,a
2003-03-12,55,3.266,,a
2003-03-13,53,3.087,,a
2003-03-14,51,2.916,,a
2003-03-15,50,2.834,,a
2003-03-16,50,2.834,,a
2003-03-17,49,2.744,,a
2003-03-18,49,2.744,,a
2003-03-19,50,2.834,,a
2003-03-20,50,2.834,,a
2003-03-21,48,2.668,,a
2003-03-22,47,2.593,,a
2003-03-23,46,2.519,,a
2003-03-24,46,2.519,,a
2003-03-25,47,2.593,,a
2003-03-26,47,2.593,,a
2003-03-27,45,2.447,,a
2003-03-28,43,2.305,,a
2003-03-29,45,2.447,,a
2003-03-30,44,2.375,,a
2003-03-31,43,2.305,,a
2003-04-01,45,2.447,,a
2003-04-02,45,2.447,,a
2003-04-03,49,2.744,,a
2003-04-04,52,3.001,,a
2003-04-05,55,3.266,,a
2003-04-06,53,3.087,,a
2003-04-07,51,2.916,,a
2003-04-08,52,3.001,,a
2003-04-09,52,3.001,,a
2003-04-10,51,2.916,,a
2003-04-11,56,3.359,,a
2003-04-12,60,3.753,,a
2003-04-13,60,3.753,,a
2003-04-14,56,3.359,,a
2003-04-15,53,3.087,,a
2003-04-16,53,3.087,,a
2003-04-17,51,2.916,,a
2003-04-18,49,2.744,,a
2003-04-19,49,2.744,,a
2003-04-20,49,2.744,,a
2003-04-21,48,2.668,,a
2003-04-22,48,2.668,,a
2003-04-23,47,2.593,,a
2003-04-24,47,2.593,,a
2003-04-25,47,2.593,,a
2003-04-26,46,2.519,,a
2003-04-27,49,2.744,,a
2003-04-28,49,2.744,,a
2003-04-29,47,2.593,,a
2003-04-30,47,2.593,,a
2003-05-01,47,2.593,,a
2003-05-02,46,2.519,,a
2003-05-03,46,2.519,,a
2003-05-04,45,2.447,,a
2003-05-05,45,2.447,,a
2003-05-06,44,2.375,,a
2003-05-07,43,2.305,,a
2003-05-08,44,2.375,,a
2003-05-09,43,2.305,,a
2003-05-10,43,2.305,,a
2003-05-11,43,2.305,,a
2003-05-12,42,2.237,,a
2003-05-13,42,2.237,,a
2003-05-14,43,2.305,,a
2003-05-15,42,2.237,,a
2003-05-16,42,2.237,,a
2003-05-17,41,2.17,,a
2003-05-18,41,2.17,,a
2003-05-19,41,2.17,,a
2003-05-20,49,2.744,,a
2003-05-21,52,3.001,,a
2003-05-22,46,2.519,,a
2003-05-23,44,2.375,,a
2003-05-24,43,2.305,,a
2003-05-25,43,2.305,,a
2003-05-26,49,2.744,,a
2003-05-27,49,2.268,,a
2003-05-28,45,1.937,,a
2003-05-29,43,1.784,,a
2003-05-30,40,1.571,,a
2003-05-31,38,1.44,,a
2003-06-01,41,1.64,,a
2003-06-02,40,1.571,,a
2003-06-03,40,1.571,,a
2003-06-04,40,1.571,,a
2003-06-05,39,1.504,,a
2003-06-06,40,1.571,,a
2003-06-07,41,1.64,,a
2003-06-08,41,1.64,,a
2003-06-09,38,1.44,,a
2003-06-10,38,1.44,,a
2003-06-11,38,1.44,,a
2003-06-12,38,1.44,,a
2003-06-13,37,1.379,,a
2003-06-14,38,1.44,,a
2003-06-15,38,1.44,,a
2003-06-16,38,1.44,,a
2003-06-17,37,1.379,,a
2003-06-18,37,1.379,,a
2003-06-19,37,1.379,,a
2003-06-20,36,1.319,,a
2003-06-21,36,1.319,,a
2003-06-22,35,1.263,,a
2003-06-23,35,1.263,,a
2003-06-24,35,1.263,,a
2003-06-25,34,1.209,,a
2003-06-26,35,1.263,,a
2003-06-27,36,1.319,,a
2003-06-28,36,1.319,,a
2003-06-29,39,1.504,,a
2003-06-30,36,1.319,,a
2003-07-01,35,1.263,,a
2003-07-02,35,1.263,,a
2003-07-03,37,1.379,,a
2003-07-04,44,1.86,,a
2003-07-05,40,1.571,,a
2003-07-06,38,1.44,,a
2003-07-07,36,1.319,,a
2003-07-08,35,1.263,,a
2003-07-09,35,1.263,,a
2003-07-10,35,1.263,,a
2003-07-11,34,1.209,,a
2003-07-12,34,1.209,,a
2003-07-13,34,1.209,,a
2003-07-14,34,1.209,,a
2003-07-15,33,1.157,,a
2003-07-16,34,1.209,,a
2003-07-17,33,1.157,,a
2003-07-18,35,1.263,,a
2003-07-19,34,1.209,,a
2003-07-20,32,1.109,,a
2003-07-21,32,1.109,,a
2003-07-22,33,1.157,,a
2003-07-23,32,1.109,,a
2003-07-24,33,1.157,,a
2003-07-25,31,1.063,,a
2003-07-26,29,0.979,,a
2003-07-27,30,1.02,,a
2003-07-28,33,1.157,,a
2003-07-29,34,1.209,,a
2003-07-30,32,1.109,,a
2003-07-31,31,1.063,,a
2003-08-01,34,1.209,,a
2003-08-02,32,1.109,,a
2003-08-03,32,1.109,,a
2003-08-04,31,1.063,,a
2003-08-05,31,1.063,,a
2003-08-06,32,1.109,,a
2003-08-07,31,1.063,,a
2003-08-08,32,1.109,,a
2003-08-09,32,1.109,,a
2003-08-10,31,1.063,,a
2003-08-11,32,1.109,,a
2003-08-12,32,1.109,,a
2003-08-13,30,1.02,,a
2003-08-14,30,1.02,,a
2003-08-15,33,1.157,,a
2003-08-16,34,1.209,,a
2003-08-17,33,1.157,,a
2003-08-18,33,1.157,,a
2003-08-19,32,1.109,,a
2003-08-20,31,1.063,,a
2003-08-21,32,1.109,,a
2003-08-22,31,1.063,,a
2003-08-23,30,1.02,,a
2003-08-24,30,1.02,,a
2003-08-25,33,1.43,,a
2003-08-26,32,1.388,,a
2003-08-27,32,1.388,,a
2003-08-28,31,1.35,,a
2003-08-29,34,1.477,,a
2003-08-30,37,1.64,,a
2003-08-31,41,1.904,,a
2003-09-01,41,1.904,,a
2003-09-02,38,1.702,,a
2003-09-03,37,1.64,,a
2003-09-04,38,1.702,,a
2003-09-05,37,1.64,,a
2003-09-06,37,1.64,,a
2003-09-07,36,1.582,,a
2003-09-08,38,1.702,,a
2003-09-09,39,1.766,,a
2003-09-10,45,2.203,,a
2003-09-11,41,1.904,,a
2003-09-12,40,1.834,,a
2003-09-13,40,1.834,,a
2003-09-14,39,1.766,,a
2003-09-15,39,1.766,,a
2003-09-16,39,1.766,,a
2003-09-17,39,1.766,,a
2003-09-18,39,1.766,,a
2003-09-19,39,1.766,,a
2003-09-20,39,1.766,,a
2003-09-21,39,1.766,,a
2003-09-22,39,1.766,,a
2003-09-23,39,1.766,,a
2003-09-24,47,2.361,,a
2003-09-25,40,1.834,,a
2003-09-26,39,1.766,,a
2003-09-27,39,1.766,,a
2003-09-28,37,1.64,,a
2003-09-29,44,2.126,,a
2003-09-30,44,2.126,,a
2003-10-01,40,1.834,,a
2003-10-02,39,1.766,,a
2003-10-03,38,1.702,,a
2003-10-04,48,2.441,,a
2003-10-05,69,4.552,,a
2003-10-06,55,3.046,,a
2003-10-07,48,2.441,,a
2003-10-08,65,4.076,,a
2003-10-09,54,2.956,,a
2003-10-10,45,2.203,,a
2003-10-11,44,2.126,,a
2003-10-12,42,1.976,,a
2003-10-13,41,1.904,,a
2003-10-14,40,1.834,,a
2003-10-15,40,1.834,,a
2003-10-16,40,1.834,,a
2003-10-17,40,1.834,,a
2003-10-18,41,1.904,,a
2003-10-19,39,1.766,,a
2003-10-20,38,1.702,,a
2003-10-21,48,2.441,,a
2003-10-22,95,8.296,,a
2003-10-23,82,6.04,,a
2003-10-24,70,4.439,,a
2003-10-25,71,4.566,,a
2003-10-26,59,3.189,,a
2003-10-27,52,2.526,,a
2003-10-28,49,2.268,,a
2003-10-29,49,2.268,,a
2003-10-30,59,3.189,,a
2003-10-31,65,3.839,,a
2003-11-01,64,3.725,,a
2003-11-02,113,11.305,,a
2003-11-03,83,6.167,,a
2003-11-04,66,3.954,,a
2003-11-05,54,2.705,,a
2003-11-06,51,2.439,,a
2003-11-07,50,2.354,,a
2003-11-08,49,2.268,,a
2003-11-09,48,2.182,,a
2003-11-10,47,2.099,,a
2003-11-11,45,1.937,,a
2003-11-12,45,1.937,,a
2003-11-13,44,1.86,,a
2003-11-14,44,1.86,,a
2003-11-15,44,1.86,,a
2003-11-16,43,1.784,,a
2003-11-17,45,1.937,,a
2003-11-18,47,2.099,,a
2003-11-19,45,1.937,,a
2003-11-20,45,1.937,,a
2003-11-21,43,1.784,,a
2003-11-22,43,1.784,,a
2003-11-23,42,1.711,,a
2003-11-24,38,1.44,,a
2003-11-25,37,1.379,,a
2003-11-26,40,1.571,,a
2003-11-27,143,19.443,,a
2003-11-28,95,8.516,,a
2003-11-29,83,6.676,,a
2003-11-30,69,4.772,,a
2003-12-01,63,4.072,,a
2003-12-02,56,3.359,,a
2003-12-03,53,3.087,,a
2003-12-04,51,2.916,,a
2003-12-05,50,2.834,,a
2003-12-06,49,2.744,,a
2003-12-07,48,2.668,,a
2003-12-08,47,2.593,,a
2003-12-09,47,2.593,,a
2003-12-10,48,2.668,,a
2003-12-11,48,2.668,,a
2003-12-12,48,2.668,,a
2003-12-13,45,2.447,,a
2003-12-14,46,2.519,,a
2003-12-15,45,2.447,,a
2003-12-16,42,2.237,,a
2003-12-17,41,2.17,,a
2003-12-18,41,2.17,,a
2003-12-19,41,2.17,,a
2003-12-20,41,2.17,,a
2003-12-21,85,6.959,,a
2003-12-22,103,9.939,,a
2003-12-23,73,5.288,,a
2003-12-24,55,3.266,,a
2003-12-25,52,3.001,,a
2003-12-26,43,2.305,,a
2003-12-27,42,2.237,,a
2003-12-28,41,2.17,,a
2003-12-29,57,3.454,,a
2003-12-30,90,7.707,,a
2003-12-31,90,7.707,,a
2004-01-01,88,7.401,,a
2004-01-02,74,5.423,,a
2004-01-03,69,4.772,,a
2004-01-04,65,4.296,,a
2004-01-05,62,3.963,,a
2004-01-06,59,3.651,,a
2004-01-07,56,3.359,,a
2004-01-08,53,3.087,,a
2004-01-09,53,3.087,,a
2004-01-10,53,3.087,,a
2004-01-11,53,3.087,,a
2004-01-12,52,3.001,,a
2004-01-13,57,3.454,,a
2004-01-14,56,3.359,,a
2004-01-15,69,4.772,,a
2004-01-16,64,4.183,,a
2004-01-17,136,17.617,,a
2004-01-18,128,15.497,,a
2004-01-19,104,10.129,,a
2004-01-20,94,8.349,,a
2004-01-21,80,6.269,,a
2004-01-22,72,5.155,,a
2004-01-23,68,4.65,,a
2004-01-24,64,4.183,,a
2004-01-25,62,3.963,,a
2004-01-26,61,3.857,,a
2004-01-27,60,3.753,,a
2004-01-28,57,3.454,,a
2004-01-29,55,3.266,,a
2004-01-30,52,3.001,,a
2004-01-31,51,2.916,,a
2004-02-01,50,2.834,,a
2004-02-02,50,2.834,,a
2004-02-03,51,2.916,,a
2004-02-04,51,2.916,,a
2004-02-05,51,2.916,,a
2004-02-06,50,2.834,,a
2004-02-07,52,3.001,,a
2004-02-08,53,3.087,,a
2004-02-09,53,3.087,,a
2004-02-10,57,3.454,,a
2004-02-11,56,3.359,,a
2004-02-12,52,3.001,,a
2004-02-13,51,2.916,,a
2004-02-14,51,2.916,,a
2004-02-15,50,2.834,,a
2004-02-16,50,2.834,,a
2004-02-17,48,2.668,,a
2004-02-18,47,2.593,,a
2004-02-19,47,2.593,,a
2004-02-20,47,2.593,,a
2004-02-21,48,2.668,,a
2004-02-22,77,5.843,,a
2004-02-23,72,5.155,,a
2004-02-24,62,3.963,,a
2004-02-25,59,3.651,,a
2004-02-26,60,3.753,,a
2004-02-27,60,3.753,,a
2004-02-28,60,3.753,,a
2004-02-29,59,3.651,,a
2004-03-01,57,3.454,,a
2004-03-02,56,3.359,,a
2004-03-03,56,3.359,,a
2004-03-04,56,3.359,,a
2004-03-05,55,3.266,,a
2004-03-06,54,3.176,,a
2004-03-07,57,3.454,,a
2004-03-08,56,3.359,,a
2004-03-09,55,3.266,,a
2004-03-10,54,3.176,,a
2004-03-11,54,3.176,,a
2004-03-12,54,3.176,,a
2004-03-13,55,3.266,,a
2004-03-14,63,4.072,,a
2004-03-15,92,8.023,,a
2004-03-16,101,9.568,,a
2004-03-17,96,8.685,,a
2004-03-18,87,7.251,,a
2004-03-19,76,5.7,,a
2004-03-20,80,6.269,,a
2004-03-21,77,5.843,,a
2004-03-22,107,10.713,,a
2004-03-23,122,14.002,,a
2004-03-24,124,14.489,,a
2004-03-25,120,13.527,,a
2004-03-26,102,9.752,,a
2004-03-27,95,8.516,,a
2004-03-28,87,7.251,,a
2004-03-29,76,5.7,,a
2004-03-30,70,4.897,,a
2004-03-31,67,4.529,,a
2004-04-01,64,4.183,,a
2004-04-02,62,3.963,,a
2004-04-03,60,3.753,,a
2004-04-04,58,3.552,,a
2004-04-05,58,3.552,,a
2004-04-06,124,14.489,,a
2004-04-07,156,23.034,,a
2004-04-08,121,13.763,,a
2004-04-09,107,10.713,,a
2004-04-10,108,10.913,,a
2004-04-11,94,8.349,,a
2004-04-12,85,6.959,,a
2004-04-13,82,6.538,,a
2004-04-14,78,5.988,,a
2004-04-15,74,5.423,,a
2004-04-16,72,5.155,,a
2004-04-17,70,4.897,,a
2004-04-18,67,4.529,,a
2004-04-19,70,4.897,,a
2004-04-20,73,5.288,,a
2004-04-21,67,4.529,,a
2004-04-22,65,4.296,,a
2004-04-23,63,4.072,,a
2004-04-24,68,4.65,,a
2004-04-25,68,4.65,,a
2004-04-26,64,4.183,,a
2004-04-27,63,4.072,,a
2004-04-28,60,3.753,,a
2004-04-29,59,3.651,,a
2004-04-30,58,3.552,,a
2004-05-01,56,3.359,,a
2004-05-02,55,3.266,,a
2004-05-03,54,3.176,,a
2004-05-04,53,3.087,,a
2004-05-05,59,3.651,,a
2004-05-06,97,8.856,,a
2004-05-07,88,7.401,,a
2004-05-08,84,6.816,,a
2004-05-09,81,6.402,,a
2004-05-10,75,5.56,,a
2004-05-11,69,4.772,,a
2004-05-12,66,4.411,,a
2004-05-13,65,4.296,,a
2004-05-14,62,3.963,,a
2004-05-15,58,3.552,,a
2004-05-16,57,3.454,,a
2004-05-17,55,3.266,,a
2004-05-18,53,3.087,,a
2004-05-19,52,3.001,,a
2004-05-20,52,3.001,,a
2004-05-21,51,2.916,,a
2004-05-22,52,3.001,,a
2004-05-23,69,4.772,,a
2004-05-24,58,3.552,,a
2004-05-25,55,3.266,,a
2004-05-26,54,3.176,,a
2004-05-27,52,3.001,,a
2004-05-28,53,3.087,,a
2004-05-29,53,3.087,,a
2004-05-30,50,2.834,,a
2004-05-31,51,2.916,,a
2004-06-01,51,2.916,,a
2004-06-02,55,3.266,,a
2004-06-03,54,3.176,,a
2004-06-04,51,2.916,,a
2004-06-05,50,2.834,,a
2004-06-06,50,2.834,,a
2004-06-07,49,2.744,,a
2004-06-08,47,2.593,,a
2004-06-09,47,2.593,,a
2004-06-10,46,2.519,,a
2004-06-11,45,2.447,,a
2004-06-12,43,2.305,,a
2004-06-13,70,4.897,,a
2004-06-14,61,3.857,,a
2004-06-15,53,3.087,,a
2004-06-16,53,3.087,,a
2004-06-17,58,3.552,,a
2004-06-18,53,3.087,,a
2004-06-19,50,2.834,,a
2004-06-20,77,5.843,,a
2004-06-21,108,10.913,,a
2004-06-22,78,5.988,,a
2004-06-23,66,4.411,,a
2004-06-24,60,3.753,,a
2004-06-25,61,3.857,,a
2004-06-26,57,3.454,,a
2004-06-27,53,3.087,,a
2004-06-28,63,4.072,,a
2004-06-29,94,8.349,,a
2004-06-30,77,5.843,,a
2004-07-01,67,4.529,,a
2004-07-02,145,21.318,,a
2004-07-03,118,14.363,,a
2004-07-04,90,8.78,,a
2004-07-05,78,6.924,,a
2004-07-06,69,5.715,,a
2004-07-07,64,5.105,,a
2004-07-08,58,4.428,,a
2004-07-09,54,4.007,,a
2004-07-10,51,3.708,,a
2004-07-11,53,3.906,,a
2004-07-12,52,3.806,,a
2004-07-13,51,3.708,,a
2004-07-14,51,3.708,,a
2004-07-15,49,3.515,,a
2004-07-16,47,3.328,,a
2004-07-17,46,3.236,,a
2004-07-18,45,3.146,,a
2004-07-19,45,3.146,,a
2004-07-20,44,3.057,,a
2004-07-21,43,2.969,,a
2004-07-22,43,2.969,,a
2004-07-23,44,3.057,,a
2004-07-24,53,3.906,,a
2004-07-25,49,3.515,,a
2004-07-26,46,3.236,,a
2004-07-27,50,3.611,,a
2004-07-28,46,3.236,,a
2004-07-29,44,3.057,,a
2004-07-30,43,2.969,,a
2004-07-31,41,2.798,,a
2004-08-01,42,2.883,,a
2004-08-02,43,2.969,,a
2004-08-03,43,2.969,,a
2004-08-04,39,2.631,,a
2004-08-05,39,2.631,,a
2004-08-06,40,2.714,,a
2004-08-07,41,2.798,,a
2004-08-08,44,3.057,,a
2004-08-09,48,3.421,,a
2004-08-10,44,3.057,,a
2004-08-11,44,3.057,,a
2004-08-12,41,2.798,,a
2004-08-13,41,2.798,,a
2004-08-14,50,3.611,,a
2004-08-15,48,3.421,,a
2004-08-16,43,2.969,,a
2004-08-17,43,2.969,,a
2004-08-18,42,2.883,,a
2004-08-19,42,2.883,,a
2004-08-20,42,2.883,,a
2004-08-21,67,5.466,,a
2004-08-22,66,5.344,,a
2004-08-23,51,3.708,,a
2004-08-24,46,3.236,,a
2004-08-25,43,2.969,,a
2004-08-26,48,3.421,,a
2004-08-27,46,3.236,,a
2004-08-28,43,2.969,,a
2004-08-29,42,2.883,,a
2004-08-30,42,2.883,,a
2004-08-31,42,2.883,,a
2004-09-01,50,3.611,,a
2004-09-02,45,3.146,,a
2004-09-03,43,2.969,,a
2004-09-04,42,2.883,,a
2004-09-05,42,2.883,,a
2004-09-06,41,2.798,,a
2004-09-07,41,2.798,,a
2004-09-08,41,2.798,,a
2004-09-09,41,2.798,,a
2004-09-10,41,2.798,,a
2004-09-11,41,2.798,,a
2004-09-12,41,2.798,,a
2004-09-13,41,2.798,,a
2004-09-14,41,2.798,,a
2004-09-15,42,2.883,,a
2004-09-16,49,3.515,,a
2004-09-17,49,3.515,,a
2004-09-18,50,3.611,,a
2004-09-19,49,3.515,,a
2004-09-20,49,3.515,,a
2004-09-21,48,3.421,,a
2004-09-22,45,3.146,,a
2004-09-23,48,3.421,,a
2004-09-24,60,4.647,,a
2004-09-25,57,4.32,,a
2004-09-26,52,3.806,,a
2004-09-27,49,3.515,,a
2004-09-28,49,3.515,,a
2004-09-29,50,3.611,,a
2004-09-30,47,3.328,,a
2004-10-01,46,3.236,,a
2004-10-02,47,3.328,,a
2004-10-03,49,3.515,,a
2004-10-04,48,3.421,,a
2004-10-05,48,3.421,,a
2004-10-06,46,3.236,,a
2004-10-07,47,3.328,,a
2004-10-08,47,3.328,,a
2004-10-09,45,3.146,,a
2004-10-10,143,20.781,,a
2004-10-11,106,11.739,,a
2004-10-12,64,5.105,,a
2004-10-13,52,3.806,,a
2004-10-14,50,3.611,,a
2004-10-15,63,4.988,,a
2004-10-16,103,11.139,,a
2004-10-17,194,36.099,,a
2004-10-18,103,11.139,,a
2004-10-19,75,6.504,,a
2004-10-20,67,5.466,,a
2004-10-21,65,5.223,,a
2004-10-22,161,25.807,,a
2004-10-23,123,15.568,,a
2004-10-24,83,7.662,,a
2004-10-25,70,5.842,,a
2004-10-26,65,5.223,,a
2004-10-27,62,4.873,,a
2004-10-28,70,5.842,,a
2004-10-29,64,5.105,,a
2004-10-30,82,7.51,,a
2004-10-31,180,31.573,,a
2004-11-01,132,17.91,,a
2004-11-02,92,9.118,,a
2004-11-03,78,6.924,,a
2004-11-04,72,6.101,,a
2004-11-05,69,5.715,,a
2004-11-06,80,7.213,,a
2004-11-07,74,6.368,,a
2004-11-08,70,5.842,,a
2004-11-09,66,5.344,,a
2004-11-10,66,5.344,,a
2004-11-11,86,8.128,,a
2004-11-12,74,6.368,,a
2004-11-13,72,6.101,,a
2004-11-14,64,5.105,,a
2004-11-15,60,4.647,,a
2004-11-16,58,4.428,,a
2004-11-17,54,4.007,,a
2004-11-18,52,3.806,,a
2004-11-19,52,3.806,,a
2004-11-20,52,3.806,,a
2004-11-21,48,3.421,,a
2004-11-22,47,3.328,,a
2004-11-23,46,3.236,,a
2004-11-24,46,3.236,,a
2004-11-25,45,3.146,,a
2004-11-26,45,3.146,,a
2004-11-27,45,3.146,,a
2004-11-28,44,3.057,,a
2004-11-29,44,3.057,,a
2004-11-30,51,3.708,,a
2004-12-01,72,6.101,,a
2004-12-02,58,4.428,,a
2004-12-03,54,4.007,,a
2004-12-04,52,3.806,,a
2004-12-05,50,3.611,,a
2004-12-06,49,3.515,,a
2004-12-07,48,3.421,,a
2004-12-08,47,3.328,,a
2004-12-09,47,3.328,,a
2004-12-10,46,3.236,,a
2004-12-11,46,3.236,,a
2004-12-12,46,3.236,,a
2004-12-13,46,3.236,,a
2004-12-14,45,3.146,,a
2004-12-15,45,3.146,,a
2004-12-16,45,3.146,,a
2004-12-17,45,3.146,,a
2004-12-18,45,3.146,,a
2004-12-19,45,3.146,,a
2004-12-20,45,3.146,,a
2004-12-21,45,3.146,,a
2004-12-22,45,3.146,,a
2004-12-23,45,3.146,,a
2004-12-24,45,3.146,,a
2004-12-25,45,3.146,,a
2004-12-26,51,3.708,,a
2004-12-27,151,22.96,,a
2004-12-28,124,15.817,,a
2004-12-29,79,7.067,,a
2004-12-30,63,4.988,,a
2004-12-31,58,4.428,,a
2005-01-01,62,3.963,,a
2005-01-02,60,3.753,,a
2005-01-03,57,3.454,,a
2005-01-04,55,3.266,,a
2005-01-05,53,3.087,,a
2005-01-06,52,3.001,,a
2005-01-07,50,2.834,,a
2005-01-08,50,2.834,,a
2005-01-09,50,2.834,,a
2005-01-10,49,2.744,,a
2005-01-11,49,2.744,,a
2005-01-12,49,2.744,,a
2005-01-13,48,2.668,,a
2005-01-14,47,2.593,,a
2005-01-15,47,2.593,,a
2005-01-16,46,2.519,,a
2005-01-17,47,2.593,,a
2005-01-18,47,2.593,,a
2005-01-19,46,2.519,,a
2005-01-20,47,2.593,,a
2005-01-21,47,2.593,,a
2005-01-22,47,2.593,,a
2005-01-23,47,2.593,,a
2005-01-24,47,2.593,,a
2005-01-25,47,2.593,,a
2005-01-26,47,2.593,,a
2005-01-27,46,2.519,,a
2005-01-28,47,2.593,,a
2005-01-29,47,2.593,,a
2005-01-30,47,2.593,,a
2005-01-31,47,2.593,,a
2005-02-01,47,2.593,,a
2005-02-02,46,2.519,,a
2005-02-03,47,2.593,,a
2005-02-04,46,2.519,,a
2005-02-05,45,2.447,,a
2005-02-06,45,2.447,,a
2005-02-07,45,2.447,,a
2005-02-08,45,2.447,,a
2005-02-09,44,2.375,,a
2005-02-10,53,3.087,,a
2005-02-11,50,2.834,,a
2005-02-12,48,2.668,,a
2005-02-13,49,2.744,,a
2005-02-14,49,2.744,,a
2005-02-15,46,2.519,,a
2005-02-16,48,2.668,,a
2005-02-17,48,2.668,,a
2005-02-18,43,2.305,,a
2005-02-19,40,2.105,,a
2005-02-20,42,2.237,,a
2005-02-21,44,2.375,,a
2005-02-22,44,2.375,,a
2005-02-23,44,2.375,,a
2005-02-24,45,2.447,,a
2005-02-25,46,2.519,,a
2005-02-26,45,2.447,,a
2005-02-27,45,2.447,,a
2005-02-28,44,2.375,,a
2005-03-01,43,2.305,,a
2005-03-02,42,2.237,,a
2005-03-03,41,2.17,,a
2005-03-04,45,2.447,,a
2005-03-05,45,2.447,,a
2005-03-06,44,2.375,,a
2005-03-07,43,2.305,,a
2005-03-08,43,2.305,,a
2005-03-09,43,2.305,,a
2005-03-10,42,2.237,,a
2005-03-11,41,2.17,,a
2005-03-12,46,2.519,,a
2005-03-13,75,5.56,,a
2005-03-14,72,5.155,,a
2005-03-15,71,5.025,,a
2005-03-16,69,4.772,,a
2005-03-17,70,4.897,,a
2005-03-18,67,4.529,,a
2005-03-19,63,4.072,,a
2005-03-20,59,3.651,,a
2005-03-21,55,3.266,,a
2005-03-22,52,3.001,,a
2005-03-23,51,2.916,,a
2005-03-24,51,2.916,,a
2005-03-25,52,3.001,,a
2005-03-26,56,3.359,,a
2005-03-27,56,3.359,,a
2005-03-28,54,3.176,,a
2005-03-29,52,3.001,,a
2005-03-30,51,2.916,,a
2005-03-31,56,3.359,,a
2005-04-01,52,3.001,,a
2005-04-02,50,2.834,,a
2005-04-03,48,2.668,,a
2005-04-04,48,2.668,,a
2005-04-05,48,2.668,,a
2005-04-06,47,2.593,,a
2005-04-07,48,2.668,,a
2005-04-08,48,2.668,,a
2005-04-09,78,5.988,,a
2005-04-10,120,13.527,,a
2005-04-11,99,9.207,,a
2005-04-12,83,6.676,,a
2005-04-13,75,5.56,,a
2005-04-14,67,4.529,,a
2005-04-15,62,3.963,,a
2005-04-16,59,3.651,,a
2005-04-17,59,3.651,,a
2005-04-18,56,3.359,,a
2005-04-19,58,3.552,,a
2005-04-20,62,3.963,,a
2005-04-21,74,5.423,,a
2005-04-22,65,4.296,,a
2005-04-23,60,3.753,,a
2005-04-24,57,3.454,,a
2005-04-25,62,3.963,,a
2005-04-26,71,5.025,,a
2005-04-27,61,3.857,,a
2005-04-28,57,3.454,,a
2005-04-29,54,3.176,,a
2005-04-30,53,3.087,,a
2005-05-01,52,3.001,,a
2005-05-02,50,2.834,,a
2005-05-03,49,2.744,,a
2005-05-04,55,3.266,,a
2005-05-05,101,9.568,,a
2005-05-06,82,6.538,,a
2005-05-07,69,4.772,,a
2005-05-08,68,4.65,,a
2005-05-09,64,4.183,,a
2005-05-10,60,3.753,,a
2005-05-11,58,3.552,,a
2005-05-12,54,3.176,,a
2005-05-13,52,3.001,,a
2005-05-14,51,2.916,,a
2005-05-15,54,3.176,,a
2005-05-16,52,3.001,,a
2005-05-17,51,2.916,,a
2005-05-18,118,13.064,,a
2005-05-19,94,8.349,,a
2005-05-20,69,4.772,,a
2005-05-21,62,3.963,,a
2005-05-22,59,3.651,,a
2005-05-23,56,3.359,,a
2005-05-24,53,3.087,,a
2005-05-25,51,2.916,,a
2005-05-26,49,2.744,,a
2005-05-27,48,2.668,,a
2005-05-28,47,2.593,,a
2005-05-29,45,2.447,,a
2005-05-30,43,2.305,,a
2005-05-31,49,2.744,,a
2005-06-01,48,2.668,,a
2005-06-02,50,2.834,,a
2005-06-03,47,2.593,,a
2005-06-04,51,2.916,,a
2005-06-05,57,3.454,,a
2005-06-06,57,3.454,,a
2005-06-07,60,3.753,,a
2005-06-08,61,3.857,,a
2005-06-09,60,3.753,,a
2005-06-10,61,3.857,,a
2005-06-11,61,3.857,,a
2005-06-12,61,3.857,,a
2005-06-13,69,4.772,,a
2005-06-14,70,4.897,,a
2005-06-15,73,5.288,,a
2005-06-16,52,3.001,,a
2005-06-17,54,3.176,,a
2005-06-18,52,3.001,,a
2005-06-19,53,3.087,,a
2005-06-20,51,2.916,,a
2005-06-21,54,3.176,,a
2005-06-22,51,2.916,,a
2005-06-23,55,3.266,,a
2005-06-24,55,3.266,,a
2005-06-25,57,3.454,,a
2005-06-26,55,3.266,,a
2005-06-27,63,4.072,,a
2005-06-28,63,4.072,,a
2005-06-29,63,4.072,,a
2005-06-30,83,6.676,,a
2005-07-01,124,14.489,,a
2005-07-02,99,9.207,,a
2005-07-03,69,4.772,,a
2005-07-04,63,4.072,,a
2005-07-05,97,8.856,,a
2005-07-06,114,12.17,,a
2005-07-07,77,5.843,,a
2005-07-08,100,9.386,,a
2005-07-09,109,11.116,,a
2005-07-10,91,7.864,,a
2005-07-11,109,11.116,,a
2005-07-12,91,7.864,,a
2005-07-13,83,6.676,,a
2005-07-14,74,5.423,,a
2005-07-15,69,4.772,,a
2005-07-16,66,4.411,,a
2005-07-17,66,4.411,,a
2005-07-18,64,4.183,,a
2005-07-19,64,4.183,,a
2005-07-20,63,4.072,,a
2005-07-21,71,5.025,,a
2005-07-22,71,5.025,,a
2005-07-23,71,5.025,,a
2005-07-24,68,4.65,,a
2005-07-25,65,4.296,,a
2005-07-26,60,3.753,,a
2005-07-27,46,2.519,,a
2005-07-28,42,2.237,,a
2005-07-29,42,2.237,,a
2005-07-30,41,2.17,,a
2005-07-31,41,2.17,,a
2005-08-01,39,2.042,,a
2005-08-02,38,1.981,,a
2005-08-03,45,2.447,,a
2005-08-04,60,3.753,,a
2005-08-05,45,2.447,,a
2005-08-06,118,13.064,,a
2005-08-07,108,10.913,,a
2005-08-08,71,5.025,,a
2005-08-09,65,4.296,,a
2005-08-10,73,5.288,,a
2005-08-11,70,4.897,,a
2005-08-12,77,5.843,,a
2005-08-13,70,4.897,,a
2005-08-14,83,6.676,,a
2005-08-15,169,26.876,,a
2005-08-16,108,10.913,,a
2005-08-17,92,8.023,,a
2005-08-18,79,6.136,,a
2005-08-19,72,5.155,,a
2005-08-20,69,4.772,,a
2005-08-21,100,9.386,,a
2005-08-22,194,36.099,,a
2005-08-23,136,18.949,,a
2005-08-24,94,9.465,,a
2005-08-25,79,7.067,,a
2005-08-26,83,7.662,,a
2005-08-27,87,8.288,,a
2005-08-28,77,6.782,,a
2005-08-29,71,5.971,,a
2005-08-30,67,5.466,,a
2005-08-31,63,4.988,,a
2005-09-01,61,4.759,,a
2005-09-02,73,6.234,,a
2005-09-03,145,21.318,,a
2005-09-04,142,20.515,,a
2005-09-05,88,8.45,,a
2005-09-06,76,6.642,,a
2005-09-07,71,5.971,,a
2005-09-08,67,5.466,,a
2005-09-09,66,5.344,,a
2005-09-10,75,6.504,,a
2005-09-11,69,5.715,,a
2005-09-12,65,5.223,,a
2005-09-13,61,4.759,,a
2005-09-14,60,4.647,,a
2005-09-15,56,4.214,,a
2005-09-16,56,4.214,,a
2005-09-17,84,7.815,,a
2005-09-18,115,13.672,,a
2005-09-19,110,12.573,,a
2005-09-20,98,10.186,,a
2005-09-21,86,8.128,,a
2005-09-22,79,7.067,,a
2005-09-23,73,6.234,,a
2005-09-24,69,5.715,,a
2005-09-25,67,5.466,,a
2005-09-26,64,5.105,,a
2005-09-27,64,5.105,,a
2005-09-28,75,6.504,,a
2005-09-29,120,14.837,,a
2005-09-30,175,30.012,,a
2005-10-01,96,9.821,,a
2005-10-02,82,7.51,,a
2005-10-03,75,6.504,,a
2005-10-04,101,10.751,,a
2005-10-05,162,26.1,,a
2005-10-06,130,17.37,,a
2005-10-07,99,10.372,,a
2005-10-08,86,8.128,,a
2005-10-09,79,7.067,,a
2005-10-10,73,6.234,,a
2005-10-11,69,5.715,,a
2005-10-12,65,5.223,,a
2005-10-13,63,4.988,,a
2005-10-14,62,4.873,,a
2005-10-15,62,4.873,,a
2005-10-16,60,4.647,,a
2005-10-17,54,4.007,,a
2005-10-18,57,4.32,,a
2005-10-19,56,4.214,,a
2005-10-20,56,4.214,,a
2005-10-21,55,4.11,,a
2005-10-22,53,3.906,,a
2005-10-23,52,3.806,,a
2005-10-24,51,3.708,,a
2005-10-25,51,3.708,,a
2005-10-26,51,3.708,,a
2005-10-27,51,3.708,,a
2005-10-28,50,3.611,,a
2005-10-29,50,3.611,,a
2005-10-30,50,3.611,,a
2005-10-31,49,3.515,,a
2005-11-01,50,3.611,,a
2005-11-02,51,3.708,,a
2005-11-03,51,3.708,,a
2005-11-04,50,3.611,,a
2005-11-05,49,3.515,,a
2005-11-06,50,3.611,,a
2005-11-07,51,3.708,,a
2005-11-08,51,3.708,,a
2005-11-09,50,3.611,,a
2005-11-10,50,3.611,,a
2005-11-11,50,3.611,,a
2005-11-12,50,3.611,,a
2005-11-13,50,3.611,,a
2005-11-14,50,3.611,,a
2005-11-15,50,3.611,,a
2005-11-16,49,3.515,,a
2005-11-17,49,3.515,,a
2005-11-18,49,3.515,,a
2005-11-19,49,3.515,,a
2005-11-20,49,3.515,,a
2005-11-21,49,3.515,,a
2005-11-22,49,3.515,,a
2005-11-23,49,3.515,,a
2005-11-24,49,3.515,,a
2005-11-25,49,3.515,,a
2005-11-26,49,3.515,,a
2005-11-27,160,25.517,,a
2005-11-28,85,7.971,,a
2005-11-29,72,6.101,,a
2005-11-30,119,14.599,,a
2005-12-01,92,9.118,,a
2005-12-02,85,7.971,,a
2005-12-03,128,16.841,,a
2005-12-04,145,21.318,,a
2005-12-05,210,40.537,,a
2005-12-06,218,43.458,,a
2005-12-07,138,18.131,,a
2005-12-08,106,10.516,,a
2005-12-09,92,8.023,,a
2005-12-10,84,6.816,,a
2005-12-11,80,6.269,,a
2005-12-12,76,5.7,,a
2005-12-13,74,5.423,,a
2005-12-14,72,5.155,,a
2005-12-15,70,4.897,,a
2005-12-16,69,4.772,,a
2005-12-17,69,4.772,,a
2005-12-18,66,4.411,,a
2005-12-19,64,4.183,,a
2005-12-20,63,4.072,,a
2005-12-21,62,3.963,,a
2005-12-22,61,3.857,,a
2005-12-23,61,3.857,,a
2005-12-24,57,3.454,,a
2005-12-25,57,3.454,,a
2005-12-26,60,3.753,,a
2005-12-27,61,3.857,,a
2005-12-28,61,3.857,,a
2005-12-29,60,3.753,,a
2005-12-30,67,4.529,,a
2005-12-31,72,5.155,,a
2006-01-01,78,5.988,,a
2006-01-02,77,5.843,,a
2006-01-03,75,5.56,,a
2006-01-04,73,5.288,,a
2006-01-05,69,4.772,,a
2006-01-06,65,4.296,,a
2006-01-07,63,4.072,,a
2006-01-08,62,3.963,,a
2006-01-09,61,3.857,,a
2006-01-10,60,3.753,,a
2006-01-11,58,3.552,,a
2006-01-12,57,3.454,,a
2006-01-13,56,3.359,,a
2006-01-14,55,3.266,,a
2006-01-15,54,3.176,,a
2006-01-16,54,3.176,,a
2006-01-17,53,3.087,,a
2006-01-18,54,3.176,,a
2006-01-19,53,3.087,,a
2006-01-20,53,3.087,,a
2006-01-21,53,3.087,,a
2006-01-22,53,3.087,,a
2006-01-23,50,2.834,,a
2006-01-24,49,2.744,,a
2006-01-25,47,2.593,,a
2006-01-26,49,2.744,,a
2006-01-27,49,2.744,,a
2006-01-28,49,2.744,,a
2006-01-29,50,2.834,,a
2006-01-30,50,2.834,,a
2006-01-31,50,2.834,,a
2006-02-01,50,2.834,,a
2006-02-02,51,2.916,,a
2006-02-03,52,3.001,,a
2006-02-04,51,2.916,,a
2006-02-05,50,2.834,,a
2006-02-06,49,2.744,,a
2006-02-07,48,2.668,,a
2006-02-08,49,2.744,,a
2006-02-09,49,2.744,,a
2006-02-10,49,2.744,,a
2006-02-11,48,2.668,,a
2006-02-12,47,2.593,,a
2006-02-13,47,2.593,,a
2006-02-14,47,2.593,,a
2006-02-15,47,2.593,,a
2006-02-16,52,3.001,,a
2006-02-17,80,6.269,,a
2006-02-18,74,5.423,,a
2006-02-19,101,9.568,,a
2006-02-20,110,11.321,,a
2006-02-21,103,9.939,,a
2006-02-22,86,7.104,,a
2006-02-23,78,5.988,,a
2006-02-24,74,5.423,,a
2006-02-25,73,5.288,,a
2006-02-26,71,5.025,,a
2006-02-27,69,4.772,,a
2006-02-28,66,4.411,,a
2006-03-01,63,4.072,,a
2006-03-02,62,3.963,,a
2006-03-03,61,3.857,,a
2006-03-04,81,6.402,,a
2006-03-05,131,16.361,,a
2006-03-06,102,9.752,,a
2006-03-07,86,7.104,,a
2006-03-08,79,6.136,,a
2006-03-09,77,5.843,,a
2006-03-10,127,15.241,,a
2006-03-11,122,15.321,,a
2006-03-12,101,10.751,,a
2006-03-13,85,7.971,,a
2006-03-14,79,7.067,,a
2006-03-15,76,6.642,,a
2006-03-16,73,6.234,,a
2006-03-17,71,5.971,,a
2006-03-18,72,6.101,,a
2006-03-19,71,5.971,,a
2006-03-20,71,5.971,,a
2006-03-21,73,6.234,,a
2006-03-22,82,7.51,,a
2006-03-23,85,7.971,,a
2006-03-24,76,6.642,,a
2006-03-25,71,5.971,,a
2006-03-26,68,5.589,,a
2006-03-27,66,5.344,,a
2006-03-28,66,5.344,,a
2006-03-29,66,5.344,,a
2006-03-30,62,4.873,,a
2006-03-31,61,4.759,,a
2006-04-01,59,4.537,,a
2006-04-02,60,4.647,,a
2006-04-03,84,7.815,,a
2006-04-04,91,8.948,,a
2006-04-05,75,6.504,,a
2006-04-06,89,8.614,,a
2006-04-07,85,7.971,,a
2006-04-08,75,6.504,,a
2006-04-09,71,5.971,,a
2006-04-10,68,5.589,,a
2006-04-11,90,8.78,,a
2006-04-12,85,7.971,,a
2006-04-13,77,6.782,,a
2006-04-14,72,6.101,,a
2006-04-15,69,5.715,,a
2006-04-16,67,5.466,,a
2006-04-17,68,5.589,,a
2006-04-18,68,5.589,,a
2006-04-19,66,5.344,,a
2006-04-20,63,4.988,,a
2006-04-21,61,4.759,,a
2006-04-22,60,4.647,,a
2006-04-23,59,4.537,,a
2006-04-24,58,4.428,,a
2006-04-25,56,4.214,,a
2006-04-26,55,4.11,,a
2006-04-27,58,4.428,,a
2006-04-28,62,4.873,,a
2006-04-29,70,5.842,,a
2006-04-30,79,7.067,,a
2006-05-01,73,6.234,,a
2006-05-02,66,5.344,,a
2006-05-03,62,4.873,,a
2006-05-04,61,4.759,,a
2006-05-05,58,4.428,,a
2006-05-06,57,4.32,,a
2006-05-07,55,4.11,,a
2006-05-08,55,4.11,,a
2006-05-09,55,4.11,,a
2006-05-10,56,4.214,,a
2006-05-11,54,4.007,,a
2006-05-12,52,3.806,,a
2006-05-13,43,2.969,,a
2006-05-14,42,2.883,,a
2006-05-15,39,2.631,,a
2006-05-16,37,2.469,,a
2006-05-17,38,2.55,,a
2006-05-18,37,2.469,,a
2006-05-19,36,2.39,,a
2006-05-20,37,2.469,,a
2006-05-21,36,2.39,,a
2006-05-22,35,2.312,,a
2006-05-23,36,2.39,,a
2006-05-24,86,8.128,,a
2006-05-25,72,6.101,,a
2006-05-26,51,3.708,,a
2006-05-27,46,3.236,,a
2006-05-28,42,2.883,,a
2006-05-29,115,13.672,,a
2006-05-30,185,33.164,,a
2006-05-31,148,22.133,,a
2006-06-01,93,9.291,,a
2006-06-02,76,5.48,,a
2006-06-03,64,3.963,,a
2006-06-04,58,3.332,,a
2006-06-05,54,2.956,,a
2006-06-06,59,3.431,,a
2006-06-07,52,2.781,,a
2006-06-08,48,2.441,,a
2006-06-09,46,2.281,,a
2006-06-10,45,2.203,,a
2006-06-11,44,2.126,,a
2006-06-12,43,2.05,,a
2006-06-13,43,2.05,,a
2006-06-14,43,2.05,,a
2006-06-15,41,1.904,,a
2006-06-16,39,1.766,,a
2006-06-17,38,1.702,,a
2006-06-18,38,1.702,,a
2006-06-19,36,1.582,,a
2006-06-20,36,1.582,,a
2006-06-21,34,1.477,,a
2006-06-22,33,1.43,,a
2006-06-23,33,1.43,,a
2006-06-24,32,1.388,,a
2006-06-25,33,1.43,,a
2006-06-26,32,1.388,,a
2006-06-27,32,1.388,,a
2006-06-28,30,1.317,,a
2006-06-29,41,1.904,,a
2006-06-30,42,1.976,,a
2006-07-01,33,1.43,,a
2006-07-02,33,1.43,,a
2006-07-03,32,1.388,,a
2006-07-04,31,1.35,,a
2006-07-05,31,1.35,,a
2006-07-06,31,1.35,,a
2006-07-07,32,1.388,,a
2006-07-08,32,1.388,,a
2006-07-09,31,1.35,,a
2006-07-10,33,1.43,,a
2006-07-11,31,1.35,,a
2006-07-12,30,1.317,,a
2006-07-13,30,1.317,,a
2006-07-14,30,1.317,,a
2006-07-15,39,1.766,,a
2006-07-16,38,1.702,,a
2006-07-17,37,1.64,,a
2006-07-18,38,1.702,,a
2006-07-19,39,1.766,,a
2006-07-20,40,1.834,,a
2006-07-21,39,1.766,,a
2006-07-22,40,1.834,,a
2006-07-23,39,1.766,,a
2006-07-24,40,1.834,,a
2006-07-25,38,1.702,,a
2006-07-26,40,1.834,,a
2006-07-27,41,1.904,,a
2006-07-28,39,1.766,,a
2006-07-29,38,1.702,,a
2006-07-30,40,1.834,,a
2006-07-31,41,1.904,,a
2006-08-01,32,1.388,,a
2006-08-02,29,1.29,,a
2006-08-03,30,1.317,,a
2006-08-04,29,1.29,,a
2006-08-05,30,1.317,,a
2006-08-06,29,1.29,,a
2006-08-07,29,1.29,,a
2006-08-08,30,1.317,,a
2006-08-09,29,1.29,,a
2006-08-10,28,1.268,,a
2006-08-11,29,1.29,,a
2006-08-12,30,1.317,,a
2006-08-13,29,1.29,,a
2006-08-14,30,1.317,,a
2006-08-15,39,1.766,,a
2006-08-16,38,1.702,,a
2006-08-17,37,1.64,,a
2006-08-18,38,1.702,,a
2006-08-19,39,1.766,,a
2006-08-20,40,1.834,,a
2006-08-21,39,1.766,,a
2006-08-22,40,1.834,,a
2006-08-23,39,1.766,,a
2006-08-24,46,2.281,,a
2006-08-25,63,3.852,,a
2006-08-26,53,2.867,,a
2006-08-27,50,2.614,,a
2006-08-28,49,2.521,,a
2006-08-29,72,4.935,,a
2006-08-30,69,4.552,,a
2006-08-31,64,3.963,,a
2006-09-01,56,3.139,,a
2006-09-02,52,2.781,,a
2006-09-03,50,2.614,,a
2006-09-04,48,2.441,,a
2006-09-05,46,2.281,,a
2006-09-06,45,2.203,,a
2006-09-07,45,2.203,,a
2006-09-08,45,2.203,,a
2006-09-09,44,2.126,,a
2006-09-10,44,2.126,,a
2006-09-11,44,2.126,,a
2006-09-12,44,2.126,,a
2006-09-13,44,2.126,,a
2006-09-14,44,2.126,,a
2006-09-15,51,2.696,,a
2006-09-16,52,2.781,,a
2006-09-17,77,5.623,,a
2006-09-18,71,4.805,,a
2006-09-19,61,3.637,,a
2006-09-20,54,2.956,,a
2006-09-21,50,2.614,,a
2006-09-22,48,2.441,,a
2006-09-23,44,2.126,,a
2006-09-24,46,2.281,,a
2006-09-25,46,2.281,,a
2006-09-26,45,2.203,,a
2006-09-27,45,2.203,,a
2006-09-28,46,2.281,,a
2006-09-29,45,2.203,,a
2006-09-30,45,2.203,,a
2006-10-01,46,2.281,,a
2006-10-02,46,2.281,,a
2006-10-03,46,2.281,,a
2006-10-04,41,1.904,,a
2006-10-05,41,1.904,,a
2006-10-06,40,1.834,,a
2006-10-07,39,1.766,,a
2006-10-08,38,1.702,,a
2006-10-09,39,1.766,,a
2006-10-10,40,1.834,,a
2006-10-11,39,1.766,,a
2006-10-12,40,1.834,,a
2006-10-13,43,2.05,,a
2006-10-14,44,2.126,,a
2006-10-15,45,2.203,,a
2006-10-16,45,2.203,,a
2006-10-17,47,2.361,,a
2006-10-18,47,2.361,,a
2006-10-19,47,2.361,,a
2006-10-20,47,2.361,,a
2006-10-21,45,2.203,,a
2006-10-22,44,2.126,,a
2006-10-23,44,2.126,,a
2006-10-24,45,2.203,,a
2006-10-25,43,2.05,,a
2006-10-26,43,2.05,,a
2006-10-27,40,1.834,,a
2006-10-28,41,1.904,,a
2006-10-29,42,1.976,,a
2006-10-30,40,1.834,,a
2006-10-31,43,2.05,,a
2006-11-01,45,2.203,,a
2006-11-02,45,2.203,,a
2006-11-03,46,2.281,,a
2006-11-04,46,2.281,,a
2006-11-05,47,2.361,,a
2006-11-06,46,2.281,,a
2006-11-07,46,2.281,,a
2006-11-08,46,2.281,,a
2006-11-09,47,2.361,,a
2006-11-10,46,2.281,,a
2006-11-11,46,2.281,,a
2006-11-12,45,2.203,,a
2006-11-13,46,2.281,,a
2006-11-14,45,2.203,,a
2006-11-15,44,2.126,,a
2006-11-16,44,2.126,,a
2006-11-17,44,2.126,,a
2006-11-18,43,2.05,,a
2006-11-19,43,2.05,,a
2006-11-20,44,2.126,,a
2006-11-21,44,2.126,,a
2006-11-22,54,2.956,,a
2006-11-23,50,2.614,,a
2006-11-24,48,2.441,,a
2006-11-25,46,2.281,,a
2006-11-26,46,2.281,,a
2006-11-27,46,2.281,,a
2006-11-28,46,2.281,,a
2006-11-29,46,2.281,,a
2006-11-30,45,2.203,,a
2006-12-01,45,2.203,,a
2006-12-02,45,2.203,,a
2006-12-03,44,2.126,,a
2006-12-04,44,2.126,,a
2006-12-05,44,2.126,,a
2006-12-06,44,2.126,,a
2006-12-07,44,2.126,,a
2006-12-08,44,2.126,,a
2006-12-09,56,3.139,,a
2006-12-10,93,7.965,,a
2006-12-11,65,4.076,,a
2006-12-12,54,2.956,,a
2006-12-13,50,2.614,,a
2006-12-14,51,2.696,,a
2006-12-15,51,2.696,,a
2006-12-16,50,2.614,,a
2006-12-17,49,2.521,,a
2006-12-18,54,2.956,,a
2006-12-19,60,3.533,,a
2006-12-20,54,2.956,,a
2006-12-21,51,2.696,,a
2006-12-22,49,2.521,,a
2006-12-23,48,2.441,,a
2006-12-24,47,2.361,,a
2006-12-25,47,2.361,,a
2006-12-26,46,2.281,,a
2006-12-27,45,2.203,,a
2006-12-28,45,2.203,,a
2006-12-29,45,2.203,,a
2006-12-30,45,2.203,,a
2006-12-31,46,2.281,,a
2007-01-01,48,2.441,,a
2007-01-02,48,2.441,,a
2007-01-03,48,2.441,,a
2007-01-04,49,2.521,,a
2007-01-05,47,2.361,,a
2007-01-06,47,2.361,,a
2007-01-07,47,2.361,,a
2007-01-08,48,2.441,,a
2007-01-09,48,2.441,,a
2007-01-10,47,2.361,,a
2007-01-11,46,2.281,,a
2007-01-12,47,2.361,,a
2007-01-13,46,2.281,,a
2007-01-14,46,2.281,,a
2007-01-15,46,2.281,,a
2007-01-16,46,2.281,,a
2007-01-17,46,2.281,,a
2007-01-18,46,2.281,,a
2007-01-19,46,2.281,,a
2007-01-20,45,2.203,,a
2007-01-21,45,2.203,,a
2007-01-22,52,2.781,,a
2007-01-23,74,5.203,,a
2007-01-24,169,26.656,,a
2007-01-25,101,10.751,,a
2007-01-26,78,6.924,,a
2007-01-27,69,5.715,,a
2007-01-28,63,4.988,,a
2007-01-29,60,4.647,,a
2007-01-30,58,4.428,,a
2007-01-31,56,4.214,,a
2007-02-01,54,4.007,,a
2007-02-02,53,3.906,,a
2007-02-03,53,3.906,,a
2007-02-04,52,3.806,,a
2007-02-05,52,3.806,,a
2007-02-06,52,3.806,,a
2007-02-07,62,4.873,,a
2007-02-08,72,6.101,,a
2007-02-09,80,7.213,,a
2007-02-10,80,7.213,,a
2007-02-11,67,5.466,,a
2007-02-12,65,5.223,,a
2007-02-13,100,10.56,,a
2007-02-14,81,7.361,,a
2007-02-15,74,6.368,,a
2007-02-16,67,5.466,,a
2007-02-17,62,4.873,,a
2007-02-18,60,4.647,,a
2007-02-19,59,4.537,,a
2007-02-20,56,4.214,,a
2007-02-21,55,4.11,,a
2007-02-22,55,4.11,,a
2007-02-23,52,3.806,,a
2007-02-24,51,3.708,,a
2007-02-25,52,3.806,,a
2007-02-26,131,17.639,,a
2007-02-27,81,7.361,,a
2007-02-28,70,5.842,,a
2007-03-01,63,4.988,,a
2007-03-02,59,4.537,,a
2007-03-03,59,4.537,,a
2007-03-04,58,4.428,,a
2007-03-05,59,4.537,,a
2007-03-06,58,4.428,,a
2007-03-07,60,4.647,,a
2007-03-08,84,7.815,,a
2007-03-09,79,7.067,,a
2007-03-10,59,4.537,,a
2007-03-11,60,4.647,,a
2007-03-12,59,4.537,,a
2007-03-13,60,4.647,,a
2007-03-14,58,4.428,,a
2007-03-15,56,4.214,,a
2007-03-16,48,3.421,,a
2007-03-17,44,3.057,,a
2007-03-18,43,2.969,,a
2007-03-19,54,4.007,,a
2007-03-20,71,5.971,,a
2007-03-21,73,6.234,,a
2007-03-22,78,6.924,,a
2007-03-23,87,8.288,,a
2007-03-24,100,10.56,,a
2007-03-25,94,8.129,,a
2007-03-26,91,7.644,,a
2007-03-27,78,5.768,,a
2007-03-28,70,4.677,,a
2007-03-29,64,3.963,,a
2007-03-30,60,3.533,,a
2007-03-31,57,3.234,,a
2007-04-01,53,2.867,,a
2007-04-02,50,2.614,,a
2007-04-03,48,2.441,,a
2007-04-04,48,2.441,,a
2007-04-05,47,2.361,,a
2007-04-06,45,2.203,,a
2007-04-07,44,2.126,,a
2007-04-08,44,2.126,,a
2007-04-09,43,2.05,,a
2007-04-10,42,1.976,,a
2007-04-11,41,1.904,,a
2007-04-12,41,1.904,,a
2007-04-13,41,1.904,,a
2007-04-14,40,1.834,,a
2007-04-15,39,1.766,,a
2007-04-16,38,1.702,,a
2007-04-17,38,1.702,,a
2007-04-18,37,1.64,,a
2007-04-19,36,1.582,,a
2007-04-20,36,1.582,,a
2007-04-21,36,1.582,,a
2007-04-22,36,1.582,,a
2007-04-23,35,1.527,,a
2007-04-24,36,1.582,,a
2007-04-25,36,1.582,,a
2007-04-26,36,1.582,,a
2007-04-27,36,1.582,,a
2007-04-28,35,1.527,,a
2007-04-29,48,2.441,,a
2007-04-30,63,3.852,,a
2007-05-01,54,2.956,,a
2007-05-02,52,2.781,,a
2007-05-03,51,2.696,,a
2007-05-04,50,2.614,,a
2007-05-05,51,2.696,,a
2007-05-06,51,2.696,,a
2007-05-07,52,2.781,,a
2007-05-08,50,2.614,,a
2007-05-09,51,2.696,,a
2007-05-10,51,2.696,,a
2007-05-11,51,2.696,,a
2007-05-12,51,2.696,,a
2007-05-13,51,2.696,,a
2007-05-14,51,2.696,,a
2007-05-15,49,2.521,,a
2007-05-16,49,2.521,,a
2007-05-17,48,2.441,,a
2007-05-18,50,2.614,,a
2007-05-19,48,2.441,,a
2007-05-20,48,2.441,,a
2007-05-21,47,2.361,,a
2007-05-22,47,2.361,,a
2007-05-23,56,3.139,,a
2007-05-24,52,2.781,,a
2007-05-25,50,2.614,,a
2007-05-26,49,2.521,,a
2007-05-27,49,2.521,,a
2007-05-28,53,2.867,,a
2007-05-29,65,4.076,,a
2007-05-30,55,3.046,,a
2007-05-31,52,2.781,,a
2007-06-01,51,2.696,,a
2007-06-02,51,2.696,,a
2007-06-03,50,2.614,,a
2007-06-04,57,3.234,,a
2007-06-05,54,2.956,,a
2007-06-06,53,2.867,,a
2007-06-07,52,2.781,,a
2007-06-08,51,2.696,,a
2007-06-09,49,2.521,,a
2007-06-10,49,2.521,,a
2007-06-11,48,2.441,,a
2007-06-12,48,2.441,,a
2007-06-13,47,2.361,,a
2007-06-14,45,2.203,,a
2007-06-15,45,2.203,,a
2007-06-16,48,2.441,,a
2007-06-17,46,2.281,,a
2007-06-18,45,2.203,,a
2007-06-19,44,2.126,,a
2007-06-20,45,2.203,,a
2007-06-21,44,2.126,,a
2007-06-22,44,2.126,,a
2007-06-23,47,2.361,,a
2007-06-24,43,2.05,,a
2007-06-25,43,2.05,,a
2007-06-26,44,2.126,,a
2007-06-27,50,2.614,,a
2007-06-28,50,2.614,,a
2007-06-29,49,2.521,,a
2007-06-30,49,2.521,,a
2007-07-01,48,2.441,,a
2007-07-02,47,2.361,,a
2007-07-03,50,2.614,,a
2007-07-04,86,6.884,,a
2007-07-05,73,5.288,,a
2007-07-06,57,3.454,,a
2007-07-07,53,3.087,,a
2007-07-08,51,2.916,,a
2007-07-09,49,2.744,,a
2007-07-10,53,3.087,,a
2007-07-11,51,2.916,,a
2007-07-12,50,2.834,,a
2007-07-13,48,2.668,,a
2007-07-14,47,2.593,,a
2007-07-15,46,2.519,,a
2007-07-16,46,2.519,,a
2007-07-17,46,2.519,,a
2007-07-18,46,2.519,,a
2007-07-19,43,2.305,,a
2007-07-20,43,2.305,,a
2007-07-21,43,2.305,,a
2007-07-22,42,2.237,,a
2007-07-23,41,2.17,,a
2007-07-24,43,2.305,,a
2007-07-25,44,2.375,,a
2007-07-26,43,2.305,,a
2007-07-27,42,2.237,,a
2007-07-28,41,2.17,,a
2007-07-29,41,2.17,,a
2007-07-30,42,2.237,,a
2007-07-31,73,5.288,,a
2007-08-01,64,4.183,,a
2007-08-02,45,2.447,,a
2007-08-03,43,2.305,,a
2007-08-04,43,2.305,,a
2007-08-05,44,2.375,,a
2007-08-06,44,2.375,,a
2007-08-07,44,2.375,,a
2007-08-08,44,2.375,,a
2007-08-09,44,2.375,,a
2007-08-10,43,2.305,,a
2007-08-11,43,2.305,,a
2007-08-12,43,2.305,,a
2007-08-13,43,2.305,,a
2007-08-14,43,2.305,,a
2007-08-15,42,2.237,,a
2007-08-16,42,2.237,,a
2007-08-17,45,2.447,,a
2007-08-18,45,2.447,,a
2007-08-19,46,2.519,,a
2007-08-20,61,3.857,,a
2007-08-21,60,3.753,,a
2007-08-22,63,4.072,,a
2007-08-23,60,3.753,,a
2007-08-24,57,3.454,,a
2007-08-25,52,3.001,,a
2007-08-26,49,2.744,,a
2007-08-27,47,2.593,,a
2007-08-28,46,2.519,,a
2007-08-29,46,2.519,,a
2007-08-30,45,2.447,,a
2007-08-31,45,2.447,,a
2007-09-01,73,5.288,,a
2007-09-02,88,7.401,,a
2007-09-03,98,9.03,,a
2007-09-04,104,10.129,,a
2007-09-05,70,4.897,,a
2007-09-06,63,4.072,,a
2007-09-07,59,3.651,,a
2007-09-08,52,3.001,,a
2007-09-09,51,2.916,,a
2007-09-10,51,2.916,,a
2007-09-11,51,2.916,,a
2007-09-12,50,2.834,,a
2007-09-13,51,2.916,,a
2007-09-14,51,2.916,,a
2007-09-15,51,2.916,,a
2007-09-16,51,2.916,,a
2007-09-17,51,2.916,,a
2007-09-18,200,37,,a
2007-09-19,248,57.558,,a
2007-09-20,197,35.963,,a
2007-09-21,139,18.391,,a
2007-09-22,106,10.516,,a
2007-09-23,83,6.676,,a
2007-09-24,71,5.025,,a
2007-09-25,58,3.552,,a
2007-09-26,61,3.857,,a
2007-09-27,74,5.423,,a
2007-09-28,156,23.034,,a
2007-09-29,100,9.386,,a
2007-09-30,78,5.988,,a
2007-10-01,69,4.772,,a
2007-10-02,66,4.411,,a
2007-10-03,64,4.183,,a
2007-10-04,62,3.963,,a
2007-10-05,63,4.072,,a
2007-10-06,173,28.108,,a
2007-10-07,123,14.244,,a
2007-10-08,84,6.816,,a
2007-10-09,73,5.288,,a
2007-10-10,69,4.772,,a
2007-10-11,65,4.296,,a
2007-10-12,63,4.072,,a
2007-10-13,60,3.753,,a
2007-10-14,58,3.552,,a
2007-10-15,57,3.454,,a
2007-10-16,57,3.454,,a
2007-10-17,57,3.454,,a
2007-10-18,59,3.651,,a
2007-10-19,59,3.651,,a
2007-10-20,57,3.454,,a
2007-10-21,56,3.359,,a
2007-10-22,55,3.266,,a
2007-10-23,62,3.963,,a
2007-10-24,61,3.857,,a
2007-10-25,58,3.552,,a
2007-10-26,62,3.963,,a
2007-10-27,88,7.401,,a
2007-10-28,85,6.959,,a
2007-10-29,79,6.136,,a
2007-10-30,73,5.288,,a
2007-10-31,71,5.025,,a
2007-11-01,67,4.529,,a
2007-11-02,65,4.296,,a
2007-11-03,65,4.296,,a
2007-11-04,63,4.072,,a
2007-11-05,61,3.857,,a
2007-11-06,59,3.651,,a
2007-11-07,57,3.454,,a
2007-11-08,56,3.359,,a
2007-11-09,62,3.963,,a
2007-11-10,61,3.857,,a
2007-11-11,57,3.454,,a
2007-11-12,54,3.176,,a
2007-11-13,54,3.176,,a
2007-11-14,55,3.266,,a
2007-11-15,54,3.176,,a
2007-11-16,52,3.001,,a
2007-11-17,51,2.916,,a
2007-11-18,52,3.001,,a
2007-11-19,51,2.916,,a
2007-11-20,51,2.916,,a
2007-11-21,51,2.916,,a
2007-11-22,51,2.916,,a
2007-11-23,50,2.834,,a
2007-11-24,52,3.001,,a
2007-11-25,65,4.296,,a
2007-11-26,63,4.072,,a
2007-11-27,55,3.266,,a
2007-11-28,47,2.593,,a
2007-11-29,47,2.593,,a
2007-11-30,54,3.176,,a
2007-12-01,56,3.359,,a
2007-12-02,55,3.266,,a
2007-12-03,65,4.296,,a
2007-12-04,65,4.296,,a
2007-12-05,58,3.552,,a
2007-12-06,57,3.454,,a
2007-12-07,57,3.454,,a
2007-12-08,95,8.516,,a
2007-12-09,80,6.269,,a
2007-12-10,79,6.136,,a
2007-12-11,71,5.025,,a
2007-12-12,66,4.411,,a
2007-12-13,63,4.072,,a
2007-12-14,61,3.857,,a
2007-12-15,60,3.753,,a
2007-12-16,58,3.552,,a
2007-12-17,57,3.454,,a
2007-12-18,56,3.359,,a
2007-12-19,55,3.266,,a
2007-12-20,55,3.266,,a
2007-12-21,55,3.266,,a
2007-12-22,54,3.176,,a
2007-12-23,54,3.176,,a
2007-12-24,54,3.176,,a
2007-12-25,53,3.087,,a
2007-12-26,53,3.087,,a
2007-12-27,52,3.001,,a
2007-12-28,51,2.916,,a
2007-12-29,52,3.001,,a
2007-12-30,51,2.916,,a
2007-12-31,51,2.916,,a
2008-01-01,51,2.916,,a
2008-01-02,50,2.834,,a
2008-01-03,50,2.834,,a
2008-01-04,50,2.834,,a
2008-01-05,50,2.834,,a
2008-01-06,53,3.087,,a
2008-01-07,52,3.001,,a
2008-01-08,52,3.001,,a
2008-01-09,53,3.087,,a
2008-01-10,53,3.087,,a
2008-01-11,53,3.087,,a
2008-01-12,61,3.857,,a
2008-01-13,64,4.183,,a
2008-01-14,68,4.65,,a
2008-01-15,64,4.183,,a
2008-01-16,62,3.963,,a
2008-01-17,70,4.897,,a
2008-01-18,82,6.538,,a
2008-01-19,78,5.988,,a
2008-01-20,73,5.288,,a
2008-01-21,68,4.65,,a
2008-01-22,63,4.072,,a
2008-01-23,60,3.753,,a
2008-01-24,60,3.753,,a
2008-01-25,59,3.651,,a
2008-01-26,58,3.552,,a
2008-01-27,57,3.454,,a
2008-01-28,57,3.454,,a
2008-01-29,56,3.359,,a
2008-01-30,56,3.359,,a
2008-01-31,56,3.359,,a
2008-02-01,55,3.266,,a
2008-02-02,58,3.552,,a
2008-02-03,67,4.529,,a
2008-02-04,69,4.772,,a
2008-02-05,88,7.401,,a
2008-02-06,77,5.843,,a
2008-02-07,70,4.897,,a
2008-02-08,66,4.411,,a
2008-02-09,64,4.183,,a
2008-02-10,62,3.963,,a
2008-02-11,61,3.857,,a
2008-02-12,59,3.651,,a
2008-02-13,58,3.552,,a
2008-02-14,56,3.359,,a
2008-02-15,55,3.266,,a
2008-02-16,54,3.176,,a
2008-02-17,52,3.001,,a
2008-02-18,53,3.087,,a
2008-02-19,53,3.087,,a
2008-02-20,52,3.001,,a
2008-02-21,52,3.001,,a
2008-02-22,51,2.916,,a
2008-02-23,51,2.916,,a
2008-02-24,49,2.744,,a
2008-02-25,49,2.744,,a
2008-02-26,49,2.744,,a
2008-02-27,50,2.834,,a
2008-02-28,50,2.834,,a
2008-02-29,49,2.744,,a
2008-03-01,50,2.834,,a
2008-03-02,49,2.744,,a
2008-03-03,49,2.744,,a
2008-03-04,49,2.744,,a
2008-03-05,50,2.834,,a
2008-03-06,53,3.087,,a
2008-03-07,53,3.087,,a
2008-03-08,53,3.087,,a
2008-03-09,53,3.087,,a
2008-03-10,53,3.087,,a
2008-03-11,53,3.087,,a
2008-03-12,54,3.176,,a
2008-03-13,57,3.454,,a
2008-03-14,56,3.359,,a
2008-03-15,51,2.916,,a
2008-03-16,53,3.087,,a
2008-03-17,55,3.266,,a
2008-03-18,59,3.651,,a
2008-03-19,63,4.072,,a
2008-03-20,68,4.65,,a
2008-03-21,74,5.423,,a
2008-03-22,85,6.959,,a
2008-03-23,97,8.856,,a
2008-03-24,102,9.752,,a
2008-03-25,108,10.913,,a
2008-03-26,99,9.207,,a
2008-03-27,94,8.349,,a
2008-03-28,83,6.676,,a
2008-03-29,80,6.269,,a
2008-03-30,76,5.7,,a
2008-03-31,72,5.155,,a
2008-04-01,63,4.072,,a
2008-04-02,62,3.963,,a
2008-04-03,69,4.772,,a
2008-04-04,64,4.183,,a
2008-04-05,62,3.963,,a
2008-04-06,61,3.857,,a
2008-04-07,66,4.411,,a
2008-04-08,64,4.183,,a
2008-04-09,64,4.183,,a
2008-04-10,62,3.963,,a
2008-04-11,74,5.423,,a
2008-04-12,100,9.386,,a
2008-04-13,167,26.269,,a
2008-04-14,102,9.752,,a
2008-04-15,87,7.251,,a
2008-04-16,80,6.269,,a
2008-04-17,76,5.7,,a
2008-04-18,75,5.56,,a
2008-04-19,81,6.402,,a
2008-04-20,76,5.7,,a
2008-04-21,79,6.136,,a
2008-04-22,105,10.321,,a
2008-04-23,99,9.207,,a
2008-04-24,84,6.816,,a
2008-04-25,79,6.136,,a
2008-04-26,76,5.7,,a
2008-04-27,76,5.7,,a
2008-04-28,74,5.423,,a
2008-04-29,75,5.56,,a
2008-04-30,74,5.423,,a
2008-05-01,71,5.025,,a
2008-05-02,70,4.897,,a
2008-05-03,68,4.65,,a
2008-05-04,68,4.65,,a
2008-05-05,73,5.288,,a
2008-05-06,73,5.288,,a
2008-05-07,69,4.772,,a
2008-05-08,68,4.65,,a
2008-05-09,67,4.529,,a
2008-05-10,65,4.296,,a
2008-05-11,65,4.296,,a
2008-05-12,64,4.183,,a
2008-05-13,64,4.183,,a
2008-05-14,63,4.072,,a
2008-05-15,63,4.072,,a
2008-05-16,63,4.072,,a
2008-05-17,62,3.963,,a
2008-05-18,66,4.411,,a
2008-05-19,72,5.155,,a
2008-05-20,90,7.707,,a
2008-05-21,78,5.988,,a
2008-05-22,71,5.025,,a
2008-05-23,68,4.65,,a
2008-05-24,66,4.411,,a
2008-05-25,65,4.296,,a
2008-05-26,64,4.183,,a
2008-05-27,63,4.072,,a
2008-05-28,62,3.963,,a
2008-05-29,61,3.857,,a
2008-05-30,54,3.176,,a
2008-05-31,54,3.176,,a
2008-06-01,53,3.087,,a
2008-06-02,53,3.087,,a
2008-06-03,75,5.56,,a
2008-06-04,116,12.611,,a
2008-06-05,161,24.482,,a
2008-06-06,163,25.072,,a
2008-06-07,126,14.987,,a
2008-06-08,114,12.17,,a
2008-06-09,89,7.553,,a
2008-06-10,78,5.988,,a
2008-06-11,70,4.897,,a
2008-06-12,68,4.65,,a
2008-06-13,70,4.897,,a
2008-06-14,72,5.155,,a
2008-06-15,71,5.025,,a
2008-06-16,65,4.296,,a
2008-06-17,71,5.025,,a
2008-06-18,127,15.241,,a
2008-06-19,84,6.816,,a
2008-06-20,74,5.423,,a
2008-06-21,66,4.411,,a
2008-06-22,61,3.857,,a
2008-06-23,58,3.552,,a
2008-06-24,57,3.454,,a
2008-06-25,55,3.266,,a
2008-06-26,54,3.176,,a
2008-06-27,55,3.266,,a
2008-06-28,54,3.176,,a
2008-06-29,54,3.176,,a
2008-06-30,54,3.176,,a
2008-07-01,54,3.176,,a
2008-07-02,54,3.176,,a
2008-07-03,54,3.176,,a
2008-07-04,55,3.266,,a
2008-07-05,55,3.266,,a
2008-07-06,55,3.266,,a
2008-07-07,55,3.266,,a
2008-07-08,56,3.359,,a
2008-07-09,55,3.266,,a
2008-07-10,55,3.266,,a
2008-07-11,52,3.001,,a
2008-07-12,49,2.744,,a
2008-07-13,49,2.744,,a
2008-07-14,82,6.538,,a
2008-07-15,77,5.843,,a
2008-07-16,64,4.183,,a
2008-07-17,58,3.552,,a
2008-07-18,67,4.529,,a
2008-07-19,76,5.7,,a
2008-07-20,63,4.072,,a
2008-07-21,60,3.753,,a
2008-07-22,59,3.651,,a
2008-07-23,57,3.454,,a
2008-07-24,52,3.001,,a
2008-07-25,54,3.176,,a
2008-07-26,56,3.359,,a
2008-07-27,58,3.552,,a
2008-07-28,61,3.857,,a
2008-07-29,63,4.072,,a
2008-07-30,52,3.001,,a
2008-07-31,52,3.001,,a
2008-08-01,53,3.087,,a
2008-08-02,51,2.916,,a
2008-08-03,51,2.916,,a
2008-08-04,50,2.834,,a
2008-08-05,64,4.183,,a
2008-08-06,55,3.266,,a
2008-08-07,52,3.001,,a
2008-08-08,62,3.963,,a
2008-08-09,81,6.402,,a
2008-08-10,60,3.753,,a
2008-08-11,55,3.266,,a
2008-08-12,53,3.087,,a
2008-08-13,51,2.916,,a
2008-08-14,55,3.266,,a
2008-08-15,54,3.176,,a
2008-08-16,116,12.611,,a
2008-08-17,78,5.988,,a
2008-08-18,66,4.411,,a
2008-08-19,61,3.857,,a
2008-08-20,58,3.552,,a
2008-08-21,56,3.359,,a
2008-08-22,55,3.266,,a
2008-08-23,75,5.56,,a
2008-08-24,176,28.827,,a
2008-08-25,93,7.965,,a
2008-08-26,73,5.068,,a
2008-08-27,64,3.963,,a
2008-08-28,61,3.637,,a
2008-08-29,60,3.533,,a
2008-08-30,59,3.431,,a
2008-08-31,57,3.234,,a
2008-09-01,57,3.234,,a
2008-09-02,55,3.046,,a
2008-09-03,55,3.046,,a
2008-09-04,55,3.046,,a
2008-09-05,55,3.046,,a
2008-09-06,54,2.956,,a
2008-09-07,53,2.867,,a
2008-09-08,54,2.956,,a
2008-09-09,52,2.781,,a
2008-09-10,52,2.781,,a
2008-09-11,52,2.781,,a
2008-09-12,52,2.781,,a
2008-09-13,52,2.781,,a
2008-09-14,52,2.781,,a
2008-09-15,52,2.781,,a
2008-09-16,54,2.956,,a
2008-09-17,51,2.696,,a
2008-09-18,49,2.521,,a
2008-09-19,48,2.441,,a
2008-09-20,47,2.361,,a
2008-09-21,47,2.361,,a
2008-09-22,46,2.281,,a
2008-09-23,46,2.281,,a
2008-09-24,46,2.281,,a
2008-09-25,46,2.281,,a
2008-09-26,45,2.203,,a
2008-09-27,44,2.126,,a
2008-09-28,43,2.05,,a
2008-09-29,43,2.05,,a
2008-09-30,42,1.976,,a
2008-10-01,42,1.976,,a
2008-10-02,43,2.05,,a
2008-10-03,44,2.126,,a
2008-10-04,45,2.203,,a
2008-10-05,46,2.281,,a
2008-10-06,47,2.361,,a
2008-10-07,47,2.361,,a
2008-10-08,46,2.281,,a
2008-10-09,45,2.203,,a
2008-10-10,42,1.976,,a
2008-10-11,43,2.05,,a
2008-10-12,43,2.05,,a
2008-10-13,42,1.976,,a
2008-10-14,47,2.361,,a
2008-10-15,48,2.441,,a
2008-10-16,48,2.441,,a
2008-10-17,69,4.552,,a
2008-10-18,68,4.43,,a
2008-10-19,69,4.552,,a
2008-10-20,69,4.552,,a
2008-10-21,55,3.046,,a
2008-10-22,47,2.361,,a
2008-10-23,47,2.361,,a
2008-10-24,46,2.281,,a
2008-10-25,46,2.281,,a
2008-10-26,47,2.361,,a
2008-10-27,44,2.126,,a
2008-10-28,54,2.956,,a
2008-10-29,54,2.956,,a
2008-10-30,53,2.867,,a
2008-10-31,54,2.956,,a
2008-11-01,54,2.956,,a
2008-11-02,54,2.956,,a
2008-11-03,70,4.677,,a
2008-11-04,89,7.333,,a
2008-11-05,85,6.739,,a
2008-11-06,78,5.768,,a
2008-11-07,69,4.552,,a
2008-11-08,73,5.068,,a
2008-11-09,66,4.191,,a
2008-11-10,63,3.852,,a
2008-11-11,62,3.743,,a
2008-11-12,61,3.637,,a
2008-11-13,63,3.852,,a
2008-11-14,71,4.805,,a
2008-11-15,66,4.191,,a
2008-11-16,62,3.743,,a
2008-11-17,61,3.637,,a
2008-11-18,59,3.431,,a
2008-11-19,58,3.332,,a
2008-11-20,57,3.234,,a
2008-11-21,57,3.234,,a
2008-11-22,58,3.332,,a
2008-11-23,56,3.139,,a
2008-11-24,57,3.234,,a
2008-11-25,59,3.431,,a
2008-11-26,57,3.234,,a
2008-11-27,54,2.956,,a
2008-11-28,54,2.956,,a
2008-11-29,55,3.046,,a
2008-11-30,99,8.987,,a
2008-12-01,144,19.49,,a
2008-12-02,176,28.827,,a
2008-12-03,140,18.431,,a
2008-12-04,130,15.894,,a
2008-12-05,200,36.78,,a
2008-12-06,174,28.199,,a
2008-12-07,99,8.987,,a
2008-12-08,105,10.101,,a
2008-12-09,122,13.782,,a
2008-12-10,130,15.894,,a
2008-12-11,164,25.149,,a
2008-12-12,163,24.852,,a
2008-12-13,97,8.636,,a
2008-12-14,89,7.333,,a
2008-12-15,90,7.487,,a
2008-12-16,112,11.52,,a
2008-12-17,128,15.277,,a
2008-12-18,95,8.296,,a
2008-12-19,88,7.181,,a
2008-12-20,82,6.318,,a
2008-12-21,78,5.768,,a
2008-12-22,77,5.623,,a
2008-12-23,76,5.48,,a
2008-12-24,75,5.34,,a
2008-12-25,75,5.34,,a
2008-12-26,75,5.34,,a
2008-12-27,72,4.935,,a
2008-12-28,66,4.191,,a
2008-12-29,61,3.637,,a
2008-12-30,61,3.637,,a
2008-12-31,61,3.637,,a
2009-01-01,62,3.997,,a
2009-01-02,61,3.871,,a
2009-01-03,61,3.871,,a
2009-01-04,60,3.748,,a
2009-01-05,60,3.748,,a
2009-01-06,58,3.508,,a
2009-01-07,58,3.508,,a
2009-01-08,56,3.278,,a
2009-01-09,52,2.815,,a
2009-01-10,51,2.764,,a
2009-01-11,50,2.693,,a
2009-01-12,50,2.651,,a
2009-01-13,50,2.615,,a
2009-01-14,51,2.738,,a
2009-01-15,51,2.768,,a
2009-01-16,52,2.806,,a
2009-01-17,51,2.771,,a
2009-01-18,52,2.826,,a
2009-01-19,55,3.145,,a
2009-01-20,75,6.056,,a
2009-01-21,112,13.556,,a
2009-01-22,146,21.769,,a
2009-01-23,99,10.104,,a
2009-01-24,88,8.118,,a
2009-01-25,83,7.222,,a
2009-01-26,79,6.46,,a
2009-01-27,87,8.024,,a
2009-01-28,101,10.52,,a
2009-01-29,90,8.514,,a
2009-01-30,84,7.398,,a
2009-01-31,80,6.597,,a
2009-02-01,76,6.027,,a
2009-02-02,74,5.674,,a
2009-02-03,74,5.758,,a
2009-02-04,84,7.264,,a
2009-02-05,91,8.723,,a
2009-02-06,126,16.504,,a
2009-02-07,161,25.795,,a
2009-02-08,161,25.822,,a
2009-02-09,128,17.018,,a
2009-02-10,110,12.465,,a
2009-02-11,110,12.581,,a
2009-02-12,97,9.716,,a
2009-02-13,88,8.141,,a
2009-02-14,84,7.25,,a
2009-02-15,79,6.445,,a
2009-02-16,75,5.888,,a
2009-02-17,74,5.661,,a
2009-02-18,72,5.371,,a
2009-02-19,69,4.955,,a
2009-02-20,68,4.843,,a
2009-02-21,69,4.884,,a
2009-02-22,68,4.813,,a
2009-02-23,67,4.702,,a
2009-02-24,65,4.386,,a
2009-02-25,62,3.987,,a
2009-02-26,61,3.924,,a
2009-02-27,61,3.851,,a
2009-02-28,59,3.683,,a
2009-03-01,59,3.597,,a
2009-03-02,59,3.607,,a
2009-03-03,59,3.618,,a
2009-03-04,60,3.769,,a
2009-03-05,105,11.423,,a
2009-03-06,119,14.714,,a
2009-03-07,95,9.423,,a
2009-03-08,85,7.434,,a
2009-03-09,83,7.077,,a
2009-03-10,79,6.413,,a
2009-03-11,76,5.934,,a
2009-03-12,73,5.533,,a
2009-03-13,70,5.087,,a
2009-03-14,68,4.801,,a
2009-03-15,65,4.389,,a
2009-03-16,63,4.125,,a
2009-03-17,60,3.748,,a
2009-03-18,58,3.508,,a
2009-03-19,55,3.167,,a
2009-03-20,55,3.199,,a
2009-03-21,53,2.921,,a
2009-03-22,52,2.839,,a
2009-03-23,51,2.73,,a
2009-03-24,54,3.011,,a
2009-03-25,54,3.073,,a
2009-03-26,53,2.899,,a
2009-03-27,52,2.86,,a
2009-03-28,51,2.78,,a
2009-03-29,76,7.235,,a
2009-03-30,208,39.85,,a
2009-03-31,124,16.038,,a
2009-04-01,102,10.799,,a
2009-04-02,96,9.541,,a
2009-04-03,103,11.008,,a
2009-04-04,88,8.045,,a
2009-04-05,82,7.034,,a
2009-04-06,78,6.322,,a
2009-04-07,74,5.727,,a
2009-04-08,71,5.296,,a
2009-04-09,71,5.167,,a
2009-04-10,68,4.831,,a
2009-04-11,66,4.587,,a
2009-04-12,64,4.24,,a
2009-04-13,62,4.045,,a
2009-04-14,61,3.84,,a
2009-04-15,62,3.978,,a
2009-04-16,62,3.997,,a
2009-04-17,62,3.997,,a
2009-04-18,62,3.945,,a
2009-04-19,61,3.913,,a
2009-04-20,62,3.956,,a
2009-04-21,62,4.051,,a
2009-04-22,62,3.955,,a
2009-04-23,68,4.78,,a
2009-04-24,73,5.49,,a
2009-04-25,66,4.584,,a
2009-04-26,63,4.174,,a
2009-04-27,63,4.142,,a
2009-04-28,63,4.088,,a
2009-04-29,74,5.817,,a
2009-04-30,77,6.215,,a
2009-05-01,71,5.2,,a
2009-05-02,65,4.436,,a
2009-05-03,63,4.125,,a
2009-05-04,62,3.997,,a
2009-05-05,62,3.997,,a
2009-05-06,61,3.871,,a
2009-05-07,61,3.871,,a
2009-05-08,60,3.748,,a
2009-05-09,60,3.748,,a
2009-05-10,59,3.627,,a
2009-05-11,58,3.508,,a
2009-05-12,58,3.508,,a
2009-05-13,57,3.392,,a
2009-05-14,57,3.392,,a
2009-05-15,56,3.278,,a
2009-05-16,56,3.278,,a
2009-05-17,55,3.167,,a
2009-05-18,55,3.167,,a
2009-05-19,55,3.167,,a
2009-05-20,55,3.167,,a
2009-05-21,58,3.508,,a
2009-05-22,56,3.278,,a
2009-05-23,54,3.058,,a
2009-05-24,54,3.058,,a
2009-05-25,54,3.058,,a
2009-05-26,54,3.058,,a
2009-05-27,56,3.29,,a
2009-05-28,57,3.411,,a
2009-05-29,54,3.032,,a
2009-05-30,53,2.917,,a
2009-05-31,54,3.09,,a
2009-06-01,53,2.912,,a
2009-06-02,51,2.792,,a
2009-06-03,51,2.725,,a
2009-06-04,50,2.647,,a
2009-06-05,52,2.886,,a
2009-06-06,57,3.442,,a
2009-06-07,70,5.266,,a
2009-06-08,65,4.422,,a
2009-06-09,58,3.509,,a
2009-06-10,55,3.163,,a
2009-06-11,53,2.997,,a
2009-06-12,51,2.713,,a
2009-06-13,50,2.652,,a
2009-06-14,49,2.595,,a
2009-06-15,49,2.512,,a
2009-06-16,48,2.431,,a
2009-06-17,56,3.336,,a
2009-06-18,51,2.706,,a
2009-06-19,49,2.56,,a
2009-06-20,76,6.487,,a
2009-06-21,65,4.405,,a
2009-06-22,58,3.489,,a
2009-06-23,59,3.692,,a
2009-06-24,89,8.414,,a
2009-06-25,80,6.723,,a
2009-06-26,69,4.929,,a
2009-06-27,63,4.174,,a
2009-06-28,62,4.051,,a
2009-06-29,86,7.701,,a
2009-06-30,79,6.441,,a
2009-07-01,66,4.592,,a
2009-07-02,61,3.919,,a
2009-07-03,57,3.422,,a
2009-07-04,58,3.516,,a
2009-07-05,52,2.875,,a
2009-07-06,57,3.484,,a
2009-07-07,71,5.502,,a
2009-07-08,167,27.94,,a
2009-07-09,108,12.372,,a
2009-07-10,155,24.312,,a
2009-07-11,102,10.863,,a
2009-07-12,82,6.939,,a
2009-07-13,75,5.799,,a
2009-07-14,71,5.259,,a
2009-07-15,70,5.021,,a
2009-07-16,69,4.991,,a
2009-07-17,68,4.791,,a
2009-07-18,88,8.299,,a
2009-07-19,76,6.105,,a
2009-07-20,65,4.336,,a
2009-07-21,61,3.913,,a
2009-07-22,60,3.748,,a
2009-07-23,58,3.559,,a
2009-07-24,58,3.508,,a
2009-07-25,59,3.639,,a
2009-07-26,57,3.431,,a
2009-07-27,56,3.241,,a
2009-07-28,55,3.144,,a
2009-07-29,54,3.058,,a
2009-07-30,53,2.992,,a
2009-07-31,52,2.882,,a
2009-08-01,52,2.848,,a
2009-08-02,52,2.801,,a
2009-08-03,56,3.461,,a
2009-08-04,84,7.352,,a
2009-08-05,62,4.045,,a
2009-08-06,59,3.608,,a
2009-08-07,57,3.345,,a
2009-08-08,55,3.19,,a
2009-08-09,54,3.049,,a
2009-08-10,53,2.948,,a
2009-08-11,53,2.987,,a
2009-08-12,53,2.942,,a
2009-08-13,52,2.882,,a
2009-08-14,53,2.904,,a
2009-08-15,50,2.677,,a
2009-08-16,47,2.406,,a
2009-08-17,50,2.662,,a
2009-08-18,50,2.615,,a
2009-08-19,48,2.477,,a
2009-08-20,48,2.42,,a
2009-08-21,48,2.442,,a
2009-08-22,50,2.694,,a
2009-08-23,56,3.287,,a
2009-08-24,48,2.473,,a
2009-08-25,47,2.365,,a
2009-08-26,46,2.295,,a
2009-08-27,45,2.194,,a
2009-08-28,45,2.198,,a
2009-08-29,62,4.301,,a
2009-08-30,57,3.37,,a
2009-08-31,48,2.457,,a
2009-09-01,47,2.365,,a
2009-09-02,48,2.457,,a
2009-09-03,47,2.365,,a
2009-09-04,48,2.457,,a
2009-09-05,48,2.457,,a
2009-09-06,48,2.457,,a
2009-09-07,48,2.457,,a
2009-09-08,48,2.457,,a
2009-09-09,47,2.354,,a
2009-09-10,45,2.217,,a
2009-09-11,46,2.266,,a
2009-09-12,46,2.306,,a
2009-09-13,45,2.182,,a
2009-09-14,45,2.173,,a
2009-09-15,49,2.546,,a
2009-09-16,49,2.561,,a
2009-09-17,67,4.623,,a
2009-09-18,55,3.203,,a
2009-09-19,52,2.86,,a
2009-09-20,51,2.726,,a
2009-09-21,50,2.647,,a
2009-09-22,49,2.535,,a
2009-09-23,48,2.423,,a
2009-09-24,47,2.366,,a
2009-09-25,46,2.318,,a
2009-09-26,46,2.252,,a
2009-09-27,46,2.238,,a
2009-09-28,45,2.201,,a
2009-09-29,44,2.121,,a
2009-09-30,44,2.122,,a
2009-10-01,44,2.107,,a
2009-10-02,46,2.277,,a
2009-10-03,45,2.19,,a
2009-10-04,44,2.107,,a
2009-10-05,43,2.026,,a
2009-10-06,46,2.277,,a
2009-10-07,48,2.457,,a
2009-10-08,50,2.647,,a
2009-10-09,58,3.508,,a
2009-10-10,56,3.278,,a
2009-10-11,51,2.746,,a
2009-10-12,50,2.647,,a
2009-10-13,49,2.551,,a
2009-10-14,48,2.457,,a
2009-10-15,47,2.365,,a
2009-10-16,46,2.277,,a
2009-10-17,44,2.118,,a
2009-10-18,43,2.026,,a
2009-10-19,42,1.965,,a
2009-10-20,41,1.888,,a
2009-10-21,40,1.79,,a
2009-10-22,46,2.336,,a
2009-10-23,52,2.809,,a
2009-10-24,64,4.273,,a
2009-10-25,57,3.446,,a
2009-10-26,53,2.939,,a
2009-10-27,52,2.822,,a
2009-10-28,50,2.684,,a
2009-10-29,49,2.595,,a
2009-10-30,47,2.41,,a
2009-10-31,48,2.5,,a
2009-11-01,47,2.363,,a
2009-11-02,47,2.389,,a
2009-11-03,80,6.954,,a
2009-11-04,67,4.732,,a
2009-11-05,77,6.261,,a
2009-11-06,77,6.336,,a
2009-11-07,85,7.642,,a
2009-11-08,71,5.223,,a
2009-11-09,79,6.549,,a
2009-11-10,69,4.929,,a
2009-11-11,62,4.014,,a
2009-11-12,59,3.623,,a
2009-11-13,55,3.206,,a
2009-11-14,54,3.058,,a
2009-11-15,54,3.058,,a
2009-11-16,54,3.022,,a
2009-11-17,53,2.951,,a
2009-11-18,52,2.847,,a
2009-11-19,51,2.78,,a
2009-11-20,49,2.51,,a
2009-11-21,48,2.433,,a
2009-11-22,50,2.603,,a
2009-11-23,50,2.6,,a
2009-11-24,49,2.55,,a
2009-11-25,49,2.516,,a
2009-11-26,48,2.446,,a
2009-11-27,53,2.991,,a
2009-11-28,66,4.692,,a
2009-11-29,69,4.952,,a
2009-11-30,65,4.367,,a
2009-12-01,95,9.459,,a
2009-12-02,75,5.816,,a
2009-12-03,66,4.481,,a
2009-12-04,63,4.088,,a
2009-12-05,60,3.776,,a
2009-12-06,59,3.657,,a
2009-12-07,59,3.577,,a
2009-12-08,69,5.198,,a
2009-12-09,86,7.729,,a
2009-12-10,70,5.044,,a
2009-12-11,66,4.457,,a
2009-12-12,63,4.137,,a
2009-12-13,61,3.918,,a
2009-12-14,60,3.698,,a
2009-12-15,58,3.509,,a
2009-12-16,57,3.392,,a
2009-12-17,56,3.331,,a
2009-12-18,55,3.127,,a
2009-12-19,55,3.127,,a
2009-12-20,55,3.122,,a
2009-12-21,54,3.047,,a
2009-12-22,70,5.394,,a
2009-12-23,173,29.278,,a
2009-12-24,135,18.798,,a
2009-12-25,167,27.498,,a
2009-12-26,174,29.48,,a
2009-12-27,118,14.515,,a
2009-12-28,90,8.358,,a
2009-12-29,82,6.919,,a
2009-12-30,77,6.094,,a
2009-12-31,78,6.307,,a
2010-01-01,93,8.918,,a
2010-01-02,85,7.462,,a
2010-01-03,78,6.271,,a
2010-01-04,73,5.597,,a
2010-01-05,72,5.371,,a
2010-01-06,70,5.157,,a
2010-01-07,67,4.719,,a
2010-01-08,67,4.657,,a
2010-01-09,68,4.86,,a
2010-01-10,67,4.667,,a
2010-01-11,67,4.661,,a
2010-01-12,67,4.661,,a
2010-01-13,67,4.696,,a
2010-01-14,66,4.541,,a
2010-01-15,66,4.473,,a
2010-01-16,65,4.323,,a
2010-01-17,64,4.256,,a
2010-01-18,63,4.147,,a
2010-01-19,62,4.029,,a
2010-01-20,62,3.976,,a
2010-01-21,61,3.82,,a
2010-01-22,60,3.738,,a
2010-01-23,58,3.543,,a
2010-01-24,58,3.455,,a
2010-01-25,57,3.397,,a
2010-01-26,56,3.278,,a
2010-01-27,54,3.105,,a
2010-01-28,55,3.15,,a
2010-01-29,56,3.317,,a
2010-01-30,57,3.436,,a
2010-01-31,57,3.349,,a
2010-02-01,52,2.865,,a
2010-02-02,51,2.71,,a
2010-02-03,51,2.752,,a
2010-02-04,51,2.725,,a
2010-02-05,53,2.916,,a
2010-02-06,73,5.621,,a
2010-02-07,67,4.721,,a
2010-02-08,62,4.029,,a
2010-02-09,59,3.59,,a
2010-02-10,58,3.465,,a
2010-02-11,57,3.421,,a
2010-02-12,56,3.251,,a
2010-02-13,55,3.218,,a
2010-02-14,55,3.199,,a
2010-02-15,55,3.126,,a
2010-02-16,54,3.063,,a
2010-02-17,55,3.167,,a
2010-02-18,59,3.675,,a
2010-02-19,73,5.629,,a
2010-02-20,173,29.692,,a
2010-02-21,148,22.158,,a
2010-02-22,108,12.259,,a
2010-02-23,96,9.583,,a
2010-02-24,87,7.871,,a
2010-02-25,89,8.238,,a
2010-02-26,125,16.069,,a
2010-02-27,149,22.512,,a
2010-02-28,112,12.966,,a
2010-03-01,102,10.853,,a
2010-03-02,90,8.487,,a
2010-03-03,82,7,,a
2010-03-04,78,6.275,,a
2010-03-05,73,5.599,,a
2010-03-06,69,4.979,,a
2010-03-07,66,4.577,,a
2010-03-08,63,4.142,,a
2010-03-09,63,4.138,,a
2010-03-10,63,4.147,,a
2010-03-11,63,4.158,,a
2010-03-12,62,4.003,,a
2010-03-13,62,3.939,,a
2010-03-14,62,4.018,,a
2010-03-15,62,4.046,,a
2010-03-16,61,3.929,,a
2010-03-17,61,3.871,,a
2010-03-18,61,3.851,,a
2010-03-19,62,4.018,,a
2010-03-20,62,3.997,,a
2010-03-21,62,3.997,,a
2010-03-22,61,3.862,,a
2010-03-23,60,3.784,,a
2010-03-24,60,3.784,,a
2010-03-25,60,3.713,,a
2010-03-26,59,3.657,,a
2010-03-27,61,3.825,,a
2010-03-28,60,3.758,,a
2010-03-29,59,3.632,,a
2010-03-30,59,3.647,,a
2010-03-31,68,4.886,,a
2010-04-01,82,7.08,,a
2010-04-02,87,7.873,,a
2010-04-03,79,6.512,,a
2010-04-04,72,5.371,,a
2010-04-05,72,5.34,,a
2010-04-06,69,4.879,,a
2010-04-07,66,4.462,,a
2010-04-08,64,4.251,,a
2010-04-09,63,4.062,,a
2010-04-10,61,3.913,,a
2010-04-11,61,3.845,,a
2010-04-12,59,3.632,,a
2010-04-13,60,3.693,,a
2010-04-14,60,3.703,,a
2010-04-15,59,3.587,,a
2010-04-16,57,3.373,,a
2010-04-17,55,3.209,,a
2010-04-18,56,3.28,,a
2010-04-19,56,3.278,,a
2010-04-20,55,3.19,,a
2010-04-21,55,3.218,,a
2010-04-22,56,3.298,,a
2010-04-23,56,3.255,,a
2010-04-24,55,3.195,,a
2010-04-25,55,3.162,,a
2010-04-26,55,3.196,,a
2010-04-27,55,3.167,,a
2010-04-28,56,3.278,,a
2010-04-29,55,3.167,,a
2010-04-30,55,3.167,,a
2010-05-01,55,3.167,,a
2010-05-02,56,3.278,,a
2010-05-03,56,3.278,,a
2010-05-04,56,3.278,,a
2010-05-05,56,3.278,,a
2010-05-06,55,3.167,,a
2010-05-07,55,3.167,,a
2010-05-08,55,3.167,,a
2010-05-09,55,3.167,,a
2010-05-10,55,3.167,,a
2010-05-11,50,2.693,,a
2010-05-12,52,2.801,,a
2010-05-13,61,3.908,,a
2010-05-14,62,3.967,,a
2010-05-15,56,3.311,,a
2010-05-16,56,3.289,,a
2010-05-17,53,2.952,,a
2010-05-18,51,2.759,,a
2010-05-19,52,2.873,,a
2010-05-20,54,3.104,,a
2010-05-21,55,3.117,,a
2010-05-22,53,2.969,,a
2010-05-23,53,2.916,,a
2010-05-24,52,2.851,,a
2010-05-25,52,2.852,,a
2010-05-26,53,2.983,,a
2010-05-27,55,3.14,,a
2010-05-28,57,3.373,,a
2010-05-29,58,3.484,,a
2010-05-30,63,4.066,,a
2010-05-31,58,3.488,,a
2010-06-01,59,3.58,,a
2010-06-02,60,3.79,,a
2010-06-03,58,3.453,,a
2010-06-04,53,2.948,,a
2010-06-05,53,2.903,,a
2010-06-06,51,2.771,,a
2010-06-07,51,2.705,,a
2010-06-08,50,2.647,,a
2010-06-09,52,2.815,,a
2010-06-10,51,2.738,,a
2010-06-11,52,2.824,,a
2010-06-12,52,2.89,,a
2010-06-13,52,2.839,,a
2010-06-14,52,2.805,,a
2010-06-15,54,3.051,,a
2010-06-16,48,2.493,,a
2010-06-17,54,3.035,,a
2010-06-18,59,3.58,,a
2010-06-19,64,4.191,,a
2010-06-20,55,3.245,,a
2010-06-21,58,3.508,,a
2010-06-22,61,3.846,,a
2010-06-23,60,3.779,,a
2010-06-24,58,3.548,,a
2010-06-25,56,3.261,,a
2010-06-26,53,2.978,,a
2010-06-27,52,2.81,,a
2010-06-28,48,2.492,,a
2010-06-29,48,2.501,,a
2010-06-30,48,2.428,,a
2010-07-01,49,2.613,,a
2010-07-02,48,2.415,,a
2010-07-03,48,2.457,,a
2010-07-04,46,2.299,,a
2010-07-05,46,2.259,,a
2010-07-06,47,2.349,,a
2010-07-07,47,2.385,,a
2010-07-08,45,2.205,,a
2010-07-09,45,2.152,,a
2010-07-10,44,2.117,,a
2010-07-11,44,2.067,,a
2010-07-12,44,2.119,,a
2010-07-13,51,2.771,,a
2010-07-14,52,2.879,,a
2010-07-15,47,2.409,,a
2010-07-16,43,2.052,,a
2010-07-17,42,1.984,,a
2010-07-18,43,2.054,,a
2010-07-19,41,1.88,,a
2010-07-20,35,1.498,,a
2010-07-21,32,1.304,,a
2010-07-22,38,1.646,,a
2010-07-23,38,1.631,,a
2010-07-24,42,1.932,,a
2010-07-25,41,1.902,,a
2010-07-26,38,1.667,,a
2010-07-27,40,1.787,,a
2010-07-28,41,1.886,,a
2010-07-29,45,2.304,,a
2010-07-30,91,8.626,,a
2010-07-31,77,6.143,,a
2010-08-01,64,4.207,,a
2010-08-02,51,2.784,,a
2010-08-03,44,2.082,,a
2010-08-04,46,2.314,,a
2010-08-05,50,2.817,,a
2010-08-06,63,4.167,,a
2010-08-07,64,4.332,,a
2010-08-08,53,2.943,,a
2010-08-09,62,3.993,,a
2010-08-10,52,2.841,,a
2010-08-11,49,2.524,,a
2010-08-12,47,2.377,,a
2010-08-13,50,2.702,,a
2010-08-14,55,3.126,,a
2010-08-15,63,4.188,,a
2010-08-16,57,3.354,,a
2010-08-17,53,2.905,,a
2010-08-18,50,2.639,,a
2010-08-19,49,2.57,,a
2010-08-20,48,2.436,,a
2010-08-21,47,2.388,,a
2010-08-22,47,2.336,,a
2010-08-23,47,2.333,,a
2010-08-24,47,2.321,,a
2010-08-25,48,2.438,,a
2010-08-26,47,2.349,,a
2010-08-27,44,2.146,,a
2010-08-28,58,3.616,,a
2010-08-29,55,3.122,,a
2010-08-30,51,2.773,,a
2010-08-31,52,2.844,,a
2010-09-01,48,2.497,,a
2010-09-02,47,2.329,,a
2010-09-03,46,2.241,,a
2010-09-04,45,2.23,,a
2010-09-05,47,2.347,,a
2010-09-06,48,2.411,,a
2010-09-07,50,2.688,,a
2010-09-08,66,4.919,,a
2010-09-09,101,11.163,,a
2010-09-10,72,5.421,,a
2010-09-11,61,3.814,,a
2010-09-12,56,3.228,,a
2010-09-13,52,2.828,,a
2010-09-14,50,2.689,,a
2010-09-15,50,2.607,,a
2010-09-16,52,2.815,,a
2010-09-17,204,39.589,,a
2010-09-18,271,60.245,,a
2010-09-19,337,83.666,,a
2010-09-20,234,48.207,,a
2010-09-21,174,29.581,,a
2010-09-22,146,21.716,,a
2010-09-23,129,17.167,,a
2010-09-24,90,8.685,,a
2010-09-25,110,13.395,,a
2010-09-26,108,12.331,,a
2010-09-27,89,8.203,,a
2010-09-28,82,6.965,,a
2010-09-29,76,5.944,,a
2010-09-30,71,5.278,,a
2010-10-01,69,4.985,,a
2010-10-02,67,4.639,,a
2010-10-03,64,4.312,,a
2010-10-04,65,4.403,,a
2010-10-05,72,5.459,,a
2010-10-06,76,6.013,,a
2010-10-07,68,4.744,,a
2010-10-08,64,4.284,,a
2010-10-09,63,4.093,,a
2010-10-10,62,3.939,,a
2010-10-11,61,3.861,,a
2010-10-12,59,3.658,,a
2010-10-13,59,3.612,,a
2010-10-14,58,3.503,,a
2010-10-15,57,3.383,,a
2010-10-16,57,3.368,,a
2010-10-17,61,3.927,,a
2010-10-18,62,4.005,,a
2010-10-19,59,3.647,,a
2010-10-20,58,3.553,,a
2010-10-21,57,3.426,,a
2010-10-22,56,3.293,,a
2010-10-23,55,3.209,,a
2010-10-24,56,3.247,,a
2010-10-25,90,8.923,,a
2010-10-26,96,9.585,,a
2010-10-27,80,6.577,,a
2010-10-28,73,5.497,,a
2010-10-29,71,5.173,,a
2010-10-30,69,4.997,,a
2010-10-31,68,4.795,,a
2010-11-01,69,4.942,,a
2010-11-02,69,4.89,,a
2010-11-03,67,4.667,,a
2010-11-04,66,4.518,,a
2010-11-05,64,4.29,,a
2010-11-06,63,4.137,,a
2010-11-07,62,4.045,,a
2010-11-08,97,10.453,,a
2010-11-09,119,14.808,,a
2010-11-10,116,13.934,,a
2010-11-11,101,10.612,,a
2010-11-12,90,8.493,,a
2010-11-13,82,6.909,,a
2010-11-14,76,5.928,,a
2010-11-15,72,5.328,,a
2010-11-16,70,5.046,,a
2010-11-17,81,6.856,,a
2010-11-18,75,5.772,,a
2010-11-19,95,9.578,,a
2010-11-20,85,7.467,,a
2010-11-21,83,7.276,,a
2010-11-22,132,17.939,,a
2010-11-23,98,9.946,,a
2010-11-24,87,7.849,,a
2010-11-25,80,6.673,,a
2010-11-26,77,6.146,,a
2010-11-27,75,5.862,,a
2010-11-28,72,5.408,,a
2010-11-29,76,5.95,,a
2010-11-30,81,6.806,,a
2010-12-01,81,6.784,,a
2010-12-02,82,6.982,,a
2010-12-03,86,7.773,,a
2010-12-04,82,7.018,,a
2010-12-05,80,6.616,,a
2010-12-06,88,8.175,,a
2010-12-07,159,25.309,,a
2010-12-08,205,38.651,,a
2010-12-09,191,34.478,,a
2010-12-10,155,23.983,,a
2010-12-11,132,17.765,,a
2010-12-12,114,13.614,,a
2010-12-13,89,8.267,,a
2010-12-14,82,7.012,,a
2010-12-15,78,6.39,,a
2010-12-16,75,5.803,,a
2010-12-17,74,5.676,,a
2010-12-18,73,5.533,,a
2010-12-19,71,5.234,,a
2010-12-20,70,5.087,,a
2010-12-21,68,4.801,,a
2010-12-22,83,7.161,,a
2010-12-23,106,11.662,,a
2010-12-24,193,35.041,,a
2010-12-25,170,28.268,,a
2010-12-26,126,16.324,,a
2010-12-27,109,12.32,,a
2010-12-28,100,10.393,,a
2010-12-29,93,8.995,,a
2010-12-30,88,8.053,,a
2010-12-31,83,7.161,,a
2011-01-01,76,5.999,,a
2011-01-02,69,4.943,,a
2011-01-03,67,4.661,,a
2011-01-04,66,4.524,,a
2011-01-05,65,4.367,,a
2011-01-06,64,4.201,,a
2011-01-07,64,4.278,,a
2011-01-08,65,4.428,,a
2011-01-09,65,4.451,,a
2011-01-10,65,4.423,,a
2011-01-11,91,8.985,,a
2011-01-12,85,7.313,,a
2011-01-13,75,5.561,,a
2011-01-14,72,5.123,,a
2011-01-15,70,4.771,,a
2011-01-16,67,4.425,,a
2011-01-17,66,4.259,,a
2011-01-18,65,4.119,,a
2011-01-19,66,4.176,,a
2011-01-20,68,4.548,,a
2011-01-21,65,4.137,,a
2011-01-22,63,3.902,,a
2011-01-23,63,3.844,,a
2011-01-24,63,3.78,,a
2011-01-25,62,3.722,,a
2011-01-26,62,3.717,,a
2011-01-27,62,3.656,,a
2011-01-28,60,3.471,,a
2011-01-29,59,3.324,,a
2011-01-30,58,3.243,,a
2011-01-31,56,3.068,,a
2011-02-01,55,2.939,,a
2011-02-02,53,2.739,,a
2011-02-03,53,2.71,,a
2011-02-04,52,2.648,,a
2011-02-05,52,2.652,,a
2011-02-06,52,2.608,,a
2011-02-07,52,2.607,,a
2011-02-08,50,2.416,,a
2011-02-09,48,2.222,,a
2011-02-10,47,2.154,,a
2011-02-11,46,2.095,,a
2011-02-12,46,2.063,,a
2011-02-13,46,2.039,,a
2011-02-14,45,2.002,,a
2011-02-15,45,1.995,,a
2011-02-16,46,2.047,,a
2011-02-17,51,2.553,,a
2011-02-18,51,2.559,,a
2011-02-19,51,2.512,,a
2011-02-20,52,2.572,,a
2011-02-21,51,2.531,,a
2011-02-22,51,2.492,,a
2011-02-23,50,2.383,,a
2011-02-24,48,2.212,,a
2011-02-25,46,2.098,,a
2011-02-26,46,2.029,,a
2011-02-27,46,2.07,,a
2011-02-28,46,2.07,,a
2011-03-01,44,1.945,,a
2011-03-02,44,1.909,,a
2011-03-03,43,1.864,,a
2011-03-04,44,1.883,,a
2011-03-05,44,1.9,,a
2011-03-06,44,1.909,,a
2011-03-07,43,1.861,,a
2011-03-08,43,1.821,,a
2011-03-09,43,1.805,,a
2011-03-10,43,1.798,,a
2011-03-11,43,1.832,,a
2011-03-12,43,1.795,,a
2011-03-13,42,1.785,,a
2011-03-14,54,2.838,,a
2011-03-15,57,3.128,,a
2011-03-16,69,4.879,,a
2011-03-17,131,17.678,,a
2011-03-18,97,9.541,,a
2011-03-19,78,6.002,,a
2011-03-20,67,4.41,,a
2011-03-21,64,3.95,,a
2011-03-22,62,3.682,,a
2011-03-23,61,3.55,,a
2011-03-24,56,3.031,,a
2011-03-25,53,2.679,,a
2011-03-26,57,3.147,,a
2011-03-27,57,3.136,,a
2011-03-28,58,3.212,,a
2011-03-29,59,3.325,,a
2011-03-30,57,3.096,,a
2011-03-31,55,2.938,,a
2011-04-01,54,2.811,,a
2011-04-02,54,2.773,,a
2011-04-03,54,2.782,,a
2011-04-04,53,2.736,,a
2011-04-05,54,2.791,,a
2011-04-06,53,2.71,,a
2011-04-07,53,2.71,,a
2011-04-08,53,2.71,,a
2011-04-09,53,2.702,,a
2011-04-10,52,2.611,,a
2011-04-11,52,2.607,,a
2011-04-12,52,2.62,,a
2011-04-13,54,2.792,,a
2011-04-14,51,2.515,,a
2011-04-15,49,2.361,,a
2011-04-16,48,2.215,,a
2011-04-17,47,2.155,,a
2011-04-18,46,2.071,,a
2011-04-19,45,2.009,,a
2011-04-20,45,1.988,,a
2011-04-21,46,2.05,,a
2011-04-22,47,2.168,,a
2011-04-23,48,2.282,,a
2011-04-24,48,2.281,,a
2011-04-25,49,2.321,,a
2011-04-26,55,2.889,,a
2011-04-27,50,2.425,,a
2011-04-28,49,2.367,,a
2011-04-29,50,2.457,,a
2011-04-30,50,2.464,,a
2011-05-01,50,2.454,,a
2011-05-02,50,2.394,,a
2011-05-03,50,2.394,,a
2011-05-04,51,2.48,,a
2011-05-05,50,2.413,,a
2011-05-06,49,2.364,,a
2011-05-07,50,2.402,,a
2011-05-08,50,2.383,,a
2011-05-09,49,2.337,,a
2011-05-10,48,2.259,,a
2011-05-11,49,2.296,,a
2011-05-12,49,2.314,,a
2011-05-13,49,2.314,,a
2011-05-14,49,2.292,,a
2011-05-15,57,3.228,,a
2011-05-16,57,3.179,,a
2011-05-17,51,2.496,,a
2011-05-18,50,2.448,,a
2011-05-19,49,2.356,,a
2011-05-20,49,2.329,,a
2011-05-21,49,2.292,,a
2011-05-22,48,2.277,,a
2011-05-23,49,2.318,,a
2011-05-24,48,2.262,,a
2011-05-25,48,2.24,,a
2011-05-26,48,2.208,,a
2011-05-27,48,2.236,,a
2011-05-28,67,4.568,,a
2011-05-29,55,2.888,,a
2011-05-30,51,2.484,,a
2011-05-31,50,2.421,,a
2011-06-01,49,2.329,,a
2011-06-02,49,2.307,,a
2011-06-03,49,2.327,,a
2011-06-04,54,2.824,,a
2011-06-05,54,2.783,,a
2011-06-06,54,2.797,,a
2011-06-07,69,5.26,,a
2011-06-08,99,10.168,,a
2011-06-09,81,6.709,,a
2011-06-10,72,5.181,,a
2011-06-11,61,3.554,,a
2011-06-12,57,3.127,,a
2011-06-13,54,2.812,,a
2011-06-14,53,2.661,,a
2011-06-15,53,2.661,,a
2011-06-16,51,2.527,,a
2011-06-17,50,2.464,,a
2011-06-18,50,2.457,,a
2011-06-19,61,3.685,,a
2011-06-20,57,3.09,,a
2011-06-21,54,2.811,,a
2011-06-22,54,2.811,,a
2011-06-23,48,2.326,,a
2011-06-24,46,2.134,,a
2011-06-25,50,2.403,,a
2011-06-26,46,2.105,,a
2011-06-27,46,2.032,,a
2011-06-28,45,2.022,,a
2011-06-29,45,1.985,,a
2011-06-30,46,2.045,,a
2011-07-01,46,2.053,,a
2011-07-02,45,2.022,,a
2011-07-03,45,2.019,,a
2011-07-04,44,1.935,,a
2011-07-05,49,2.351,,a
2011-07-06,51,2.47,,a
2011-07-07,42,1.757,,a
2011-07-08,38,1.474,,a
2011-07-09,38,1.479,,a
2011-07-10,39,1.526,,a
2011-07-11,39,1.568,,a
2011-07-12,45,2.036,,a
2011-07-13,41,1.703,,a
2011-07-14,42,1.731,,a
2011-07-15,42,1.736,,a
2011-07-16,41,1.719,,a
2011-07-17,40,1.619,,a
2011-07-18,51,2.513,,a
2011-07-19,47,2.149,,a
2011-07-20,48,2.206,,a
2011-07-21,46,2.048,,a
2011-07-22,45,2.02,,a
2011-07-23,53,2.724,,a
2011-07-24,77,6.101,,a
2011-07-25,61,3.6,,a
2011-07-26,53,2.733,,a
2011-07-27,50,2.449,,a
2011-07-28,50,2.429,,a
2011-07-29,49,2.296,,a
2011-07-30,47,2.159,,a
2011-07-31,49,2.34,,a
2011-08-01,48,2.276,,a
2011-08-02,48,2.248,,a
2011-08-03,46,2.105,,a
2011-08-04,46,2.102,,a
2011-08-05,45,1.992,,a
2011-08-06,44,1.9,,a
2011-08-07,42,1.779,,a
2011-08-08,44,1.901,,a
2011-08-09,72,5.188,,a
2011-08-10,52,2.626,,a
2011-08-11,49,2.314,,a
2011-08-12,48,2.255,,a
2011-08-13,47,2.172,,a
2011-08-14,46,2.102,,a
2011-08-15,46,2.057,,a
2011-08-16,45,2.005,,a
2011-08-17,43,1.851,,a
2011-08-18,43,1.826,,a
2011-08-19,43,1.841,,a
2011-08-20,42,1.76,,a
2011-08-21,41,1.685,,a
2011-08-22,41,1.694,,a
2011-08-23,40,1.581,,a
2011-08-24,38,1.504,,a
2011-08-25,38,1.477,,a
2011-08-26,39,1.553,,a
2011-08-27,39,1.538,,a
2011-08-28,38,1.482,,a
2011-08-29,37,1.391,,a
2011-08-30,34,1.216,,a
2011-08-31,31,1.088,,a
2011-09-01,29,0.999,,a
2011-09-02,30,1.049,,a
2011-09-03,35,1.305,,a
2011-09-04,33,1.208,,a
2011-09-05,41,1.706,,a
2011-09-06,39,1.563,,a
2011-09-07,38,1.455,,a
2011-09-08,38,1.477,,a
2011-09-09,37,1.436,,a
2011-09-10,37,1.432,,a
2011-09-11,35,1.303,,a
2011-09-12,33,1.172,,a
2011-09-13,32,1.141,,a
2011-09-14,32,1.156,,a
2011-09-15,31,1.073,,a
2011-09-16,28,0.962,,a
2011-09-17,26,0.85,,a
2011-09-18,28,0.958,,a
2011-09-19,53,2.926,,a
2011-09-20,51,2.489,,a
2011-09-21,48,2.252,,a
2011-09-22,49,2.307,,a
2011-09-23,45,2.005,,a
2011-09-24,42,1.792,,a
2011-09-25,41,1.703,,a
2011-09-26,39,1.556,,a
2011-09-27,38,1.471,,a
2011-09-28,37,1.442,,a
2011-09-29,37,1.418,,a
2011-09-30,37,1.39,,a
2011-10-01,37,1.398,,a
2011-10-02,37,1.393,,a
2011-10-03,36,1.36,,a
2011-10-04,36,1.332,,a
2011-10-05,35,1.303,,a
2011-10-06,36,1.335,,a
2011-10-07,55,3.496,,a
2011-10-08,60,3.592,,a
2011-10-09,47,2.157,,a
2011-10-10,43,1.864,,a
2011-10-11,44,1.871,,a
2011-10-12,43,1.848,,a
2011-10-13,43,1.813,,a
2011-10-14,41,1.686,,a
2011-10-15,40,1.592,,a
2011-10-16,39,1.52,,a
2011-10-17,38,1.463,,a
2011-10-18,38,1.453,,a
2011-10-19,37,1.393,,a
2011-10-20,63,4.475,,a
2011-10-21,76,5.739,,a
2011-10-22,57,3.125,,a
2011-10-23,52,2.657,,a
2011-10-24,51,2.527,,a
2011-10-25,51,2.468,,a
2011-10-26,66,4.528,,a
2011-10-27,114,13.478,,a
2011-10-28,80,6.346,,a
2011-10-29,67,4.388,,a
2011-10-30,63,3.881,,a
2011-10-31,60,3.452,,a
2011-11-01,57,3.086,,a
2011-11-02,55,2.915,,a
2011-11-03,52,2.611,,a
2011-11-04,52,2.611,,a
2011-11-05,51,2.515,,a
2011-11-06,52,2.611,,a
2011-11-07,52,2.611,,a
2011-11-08,52,2.611,,a
2011-11-09,51,2.515,,a
2011-11-10,51,2.515,,a
2011-11-11,50,2.441,,a
2011-11-12,49,2.337,,a
2011-11-13,49,2.292,,a
2011-11-14,48,2.24,,a
2011-11-15,47,2.176,,a
2011-11-16,46,2.057,,a
2011-11-17,45,1.968,,a
2011-11-18,43,1.867,,a
2011-11-19,43,1.851,,a
2011-11-20,42,1.782,,a
2011-11-21,42,1.745,,a
2011-11-22,41,1.65,,a
2011-11-23,40,1.587,,a
2011-11-24,39,1.547,,a
2011-11-25,39,1.547,,a
2011-11-26,39,1.547,,a
2011-11-27,39,1.547,,a
2011-11-28,39,1.547,,a
2011-11-29,39,1.547,,a
2011-11-30,39,1.547,,a
2011-12-01,40,1.616,,a
2011-12-02,39,1.57,,a
2011-12-03,41,1.691,,a
2011-12-04,53,2.701,,a
2011-12-05,53,2.749,,a
2011-12-06,56,3.055,,a
2011-12-07,53,2.736,,a
2011-12-08,51,2.496,,a
2011-12-09,50,2.421,,a
2011-12-10,50,2.421,,a
2011-12-11,50,2.441,,a
2011-12-12,49,2.372,,a
2011-12-13,55,2.935,,a
2011-12-14,45,2.04,,a
2011-12-15,74,6.042,,a
2011-12-16,97,9.767,,a
2011-12-17,150,23.137,,a
2011-12-18,81,6.562,,a
2011-12-19,63,3.846,,a
2011-12-20,54,2.838,,a
2011-12-21,49,2.361,,a
2011-12-22,45,2.013,,a
2011-12-23,43,1.811,,a
2011-12-24,41,1.665,,a
2011-12-25,40,1.593,,a
2011-12-26,38,1.49,,a
2011-12-27,38,1.482,,a
2011-12-28,38,1.482,,a
2011-12-29,38,1.482,,a
2011-12-30,37,1.431,,a
2011-12-31,36,1.362,,a
2012-01-01,40,1.615,,a
2012-01-02,41,1.685,,a
2012-01-03,76,5.682,,a
2012-01-04,77,5.84,,a
2012-01-05,76,5.682,,a
2012-01-06,72,5.08,,a
2012-01-07,57,3.086,,a
2012-01-08,54,2.851,,a
2012-01-09,52,2.636,,a
2012-01-10,50,2.421,,a
2012-01-11,48,2.241,,a
2012-01-12,47,2.144,,a
2012-01-13,46,2.098,,a
2012-01-14,45,1.979,,a
2012-01-15,43,1.838,,a
2012-01-16,42,1.779,,a
2012-01-17,41,1.683,,a
2012-01-18,41,1.665,,a
2012-01-19,40,1.627,,a
2012-01-20,41,1.656,,a
2012-01-21,42,1.727,,a
2012-01-22,41,1.685,,a
2012-01-23,41,1.685,,a
2012-01-24,41,1.685,,a
2012-01-25,40,1.591,,a
2012-01-26,37,1.432,,a
2012-01-27,37,1.406,,a
2012-01-28,37,1.395,,a
2012-01-29,36,1.378,,a
2012-01-30,36,1.33,,a
2012-01-31,36,1.335,,a
2012-02-01,38,1.461,,a
2012-02-02,38,1.464,,a
2012-02-03,36,1.361,,a
2012-02-04,37,1.42,,a
2012-02-05,37,1.431,,a
2012-02-06,37,1.409,,a
2012-02-07,37,1.408,,a
2012-02-08,36,1.383,,a
2012-02-09,35,1.324,,a
2012-02-10,35,1.289,,a
2012-02-11,33,1.201,,a
2012-02-12,33,1.212,,a
2012-02-13,35,1.27,,a
2012-02-14,34,1.24,,a
2012-02-15,34,1.252,,a
2012-02-16,35,1.286,,a
2012-02-17,35,1.284,,a
2012-02-18,35,1.294,,a
2012-02-19,36,1.35,,a
2012-02-20,50,2.462,,a
2012-02-21,44,1.941,,a
2012-02-22,42,1.73,,a
2012-02-23,42,1.721,,a
2012-02-24,43,1.838,,a
2012-02-25,50,2.469,,a
2012-02-26,53,2.754,,a
2012-02-27,51,2.492,,a
2012-02-28,47,2.133,,a
2012-02-29,46,2.088,,a
2012-03-01,46,2.063,,a
2012-03-02,46,2.029,,a
2012-03-03,45,1.988,,a
2012-03-04,45,1.962,,a
2012-03-05,44,1.89,,a
2012-03-06,43,1.826,,a
2012-03-07,42,1.752,,a
2012-03-08,40,1.621,,a
2012-03-09,39,1.575,,a
2012-03-10,39,1.52,,a
2012-03-11,39,1.515,,a
2012-03-12,39,1.531,,a
2012-03-13,38,1.466,,a
2012-03-14,37,1.426,,a
2012-03-15,37,1.39,,a
2012-03-16,36,1.362,,a
2012-03-17,35,1.323,,a
2012-03-18,35,1.32,,a
2012-03-19,37,1.422,,a
2012-03-20,46,2.116,,a
2012-03-21,40,1.633,,a
2012-03-22,39,1.534,,a
2012-03-23,38,1.456,,a
2012-03-24,37,1.439,,a
2012-03-25,37,1.4,,a
2012-03-26,37,1.41,,a
2012-03-27,37,1.43,,a
2012-03-28,36,1.342,,a
2012-03-29,35,1.303,,a
2012-03-30,35,1.318,,a
2012-03-31,36,1.357,,a
2012-04-01,36,1.382,,a
2012-04-02,36,1.37,,a
2012-04-03,37,1.395,,a
2012-04-04,36,1.382,,a
2012-04-05,37,1.439,,a
2012-04-06,41,1.684,,a
2012-04-07,55,2.959,,a
2012-04-08,91,8.439,,a
2012-04-09,64,4.008,,a
2012-04-10,56,3.015,,a
2012-04-11,52,2.653,,a
2012-04-12,58,3.266,,a
2012-04-13,54,2.812,,a
2012-04-14,53,2.681,,a
2012-04-15,52,2.626,,a
2012-04-16,60,3.529,,a
2012-04-17,59,3.359,,a
2012-04-18,56,3.05,,a
2012-04-19,56,3.031,,a
2012-04-20,55,2.943,,a
2012-04-21,54,2.778,,a
2012-04-22,55,2.955,,a
2012-04-23,74,5.452,,a
2012-04-24,76,5.783,,a
2012-04-25,80,6.299,,a
2012-04-26,67,4.423,,a
2012-04-27,63,3.886,,a
2012-04-28,61,3.581,,a
2012-04-29,59,3.368,,a
2012-04-30,58,3.225,,a
2012-05-01,58,3.192,,a
2012-05-02,58,3.201,,a
2012-05-03,57,3.164,,a
2012-05-04,56,2.991,,a
2012-05-05,55,2.947,,a
2012-05-06,56,2.996,,a
2012-05-07,61,3.595,,a
2012-05-08,55,2.908,,a
2012-05-09,51,2.515,,a
2012-05-10,50,2.414,,a
2012-05-11,50,2.41,,a
2012-05-12,49,2.315,,a
2012-05-13,86,7.552,,a
2012-05-14,63,3.909,,a
2012-05-15,59,3.358,,a
2012-05-16,56,3.022,,a
2012-05-17,57,3.131,,a
2012-05-18,54,2.811,,a
2012-05-19,50,2.421,,a
2012-05-20,52,2.611,,a
2012-05-21,54,2.811,,a
2012-05-22,56,3.022,,a
2012-05-23,58,3.243,,a
2012-05-24,53,2.71,,a
2012-05-25,52,2.611,,a
2012-05-26,53,2.71,,a
2012-05-27,52,2.611,,a
2012-05-28,52,2.611,,a
2012-05-29,51,2.555,,a
2012-05-30,52,2.607,,a
2012-05-31,52,2.607,,a
2012-06-01,52,2.638,,a
2012-06-02,61,3.556,,a
2012-06-03,55,2.913,,a
2012-06-04,53,2.745,,a
2012-06-05,77,5.837,,a
2012-06-06,59,3.389,,a
2012-06-07,53,2.703,,a
2012-06-08,51,2.5,,a
2012-06-09,56,3.144,,a
2012-06-10,59,3.34,,a
2012-06-11,66,4.266,,a
2012-06-12,103,11.395,,a
2012-06-13,122,15.58,,a
2012-06-14,98,9.849,,a
2012-06-15,78,5.983,,a
2012-06-16,66,4.259,,a
2012-06-17,61,3.637,,a
2012-06-18,59,3.412,,a
2012-06-19,59,3.305,,a
2012-06-20,58,3.187,,a
2012-06-21,57,3.099,,a
2012-06-22,55,2.942,,a
2012-06-23,55,2.88,,a
2012-06-24,54,2.838,,a
2012-06-25,55,2.915,,a
2012-06-26,56,3.022,,a
2012-06-27,56,3.022,,a
2012-06-28,54,2.811,,a
2012-06-29,51,2.515,,a
2012-06-30,47,2.147,,a
2012-07-01,45,1.979,,a
2012-07-02,45,1.983,,a
2012-07-03,43,1.84,,a
2012-07-04,41,1.65,,a
2012-07-05,38,1.504,,a
2012-07-06,37,1.434,,a
2012-07-07,36,1.352,,a
2012-07-08,34,1.258,,a
2012-07-09,34,1.267,,a
2012-07-10,38,1.491,,a
2012-07-11,49,2.454,,a
2012-07-12,50,2.472,,a
2012-07-13,44,1.9,,a
2012-07-14,42,1.746,,a
2012-07-15,47,2.129,,a
2012-07-16,48,2.213,,a
2012-07-17,44,1.903,,a
2012-07-18,41,1.72,,a
2012-07-19,40,1.59,,a
2012-07-20,39,1.57,,a
2012-07-21,42,1.773,,a
2012-07-22,44,1.871,,a
2012-07-23,40,1.645,,a
2012-07-24,39,1.52,,a
2012-07-25,41,1.653,,a
2012-07-26,40,1.635,,a
2012-07-27,40,1.595,,a
2012-07-28,40,1.635,,a
2012-07-29,39,1.535,,a
2012-07-30,37,1.429,,a
2012-07-31,36,1.373,,a
2012-08-01,35,1.298,,a
2012-08-02,35,1.298,,a
2012-08-03,34,1.241,,a
2012-08-04,33,1.187,,a
2012-08-05,32,1.134,,a
2012-08-06,32,1.134,,a
2012-08-07,31,1.083,,a
2012-08-08,31,1.083,,a
2012-08-09,30,1.035,,a
2012-08-10,30,1.035,,a
2012-08-11,31,1.083,,a
2012-08-12,31,1.083,,a
2012-08-13,32,1.134,,a
2012-08-14,32,1.134,,a
2012-08-15,32,1.134,,a
2012-08-16,31,1.083,,a
2012-08-17,31,1.083,,a
2012-08-18,31,1.083,,a
2012-08-19,31,1.083,,a
2012-08-20,31,1.083,,a
2012-08-21,30,1.035,,a
2012-08-22,30,1.035,,a
2012-08-23,30,1.035,,a
2012-08-24,31,1.083,,a
2012-08-25,32,1.134,,a
2012-08-26,48,2.24,,a
2012-08-27,51,2.515,,a
2012-08-28,49,2.329,,a
2012-08-29,50,2.421,,a
2012-08-30,48,2.24,,a
2012-08-31,55,2.915,,a
2012-09-01,88,7.746,,a
2012-09-02,64,3.971,,a
2012-09-03,53,2.71,,a
2012-09-04,50,2.421,,a
2012-09-05,50,2.421,,a
2012-09-06,53,2.71,,a
2012-09-07,50,2.421,,a
2012-09-08,48,2.24,,a
2012-09-09,48,2.24,,a
2012-09-10,49,2.329,,a
2012-09-11,51,2.515,,a
2012-09-12,51,2.515,,a
2012-09-13,125,16.092,,a
2012-09-14,77,5.84,,a
2012-09-15,73,5.227,,a
2012-09-16,69,4.654,,a
2012-09-17,62,3.717,,a
2012-09-18,58,3.243,,a
2012-09-19,53,2.71,,a
2012-09-20,54,2.811,,a
2012-09-21,53,2.71,,a
2012-09-22,53,2.71,,a
2012-09-23,53,2.71,,a
2012-09-24,53,2.71,,a
2012-09-25,69,4.654,,a
2012-09-26,65,4.102,,a
2012-09-27,62,3.717,,a
2012-09-28,61,3.595,,a
2012-09-29,61,3.595,,a
2012-09-30,58,3.243,,a
2012-10-01,54,2.811,,a
2012-10-02,54,2.811,,a
2012-10-03,54,2.811,,a
2012-10-04,54,2.811,,a
2012-10-05,54,2.811,,a
2012-10-06,54,2.811,,a
2012-10-07,54,2.811,,a
2012-10-08,55,2.915,,a
2012-10-09,54,2.811,,a
2012-10-10,54,2.811,,a
2012-10-11,54,2.811,,a
2012-10-12,54,2.811,,a
2012-10-13,54,2.811,,a
2012-10-14,54,2.811,,a
2012-10-15,80,6.327,,a
2012-10-16,185,32.647,,a
2012-10-17,121,15.109,,a
2012-10-18,94,8.93,,a
2012-10-19,90,8.129,,a
2012-10-20,86,7.375,,a
2012-10-21,80,6.327,,a
2012-10-22,71,4.936,,a
2012-10-23,61,3.595,,a
2012-10-24,59,3.358,,a
2012-10-25,57,3.131,,a
2012-10-26,53,2.71,,a
2012-10-27,195,36.314,,a
2012-10-28,233,47.705,,a
2012-10-29,168,27.776,,a
2012-10-30,133,18.236,,a
2012-10-31,100,10.35,,a
2012-11-01,158,25.823,,a
2012-11-02,148,22.137,,a
2012-11-03,116,13.966,,a
2012-11-04,102,10.818,,a
2012-11-05,177,30.925,,a
2012-11-06,158,25.043,,a
2012-11-07,111,12.67,,a
2012-11-08,94,8.938,,a
2012-11-09,85,7.135,,a
2012-11-10,78,5.955,,a
2012-11-11,72,5.137,,a
2012-11-12,70,4.813,,a
2012-11-13,71,5.003,,a
2012-11-14,70,4.841,,a
2012-11-15,69,4.689,,a
2012-11-16,67,4.419,,a
2012-11-17,66,4.265,,a
2012-11-18,64,3.988,,a
2012-11-19,69,4.673,,a
2012-11-20,66,4.226,,a
2012-11-21,64,3.977,,a
2012-11-22,63,3.812,,a
2012-11-23,63,3.791,,a
2012-11-24,62,3.676,,a
2012-11-25,62,3.666,,a
2012-11-26,63,3.785,,a
2012-11-27,62,3.801,,a
2012-11-28,108,12.31,,a
2012-11-29,131,17.879,,a
2012-11-30,92,8.552,,a
2012-12-01,81,6.504,,a
2012-12-02,76,5.696,,a
2012-12-03,74,5.334,,a
2012-12-04,71,5.028,,a
2012-12-05,75,5.505,,a
2012-12-06,74,5.473,,a
2012-12-07,71,4.895,,a
2012-12-08,69,4.695,,a
2012-12-09,66,4.242,,a
2012-12-10,65,4.069,,a
2012-12-11,63,3.833,,a
2012-12-12,61,3.57,,a
2012-12-13,59,3.373,,a
2012-12-14,59,3.402,,a
2012-12-15,87,8.88,,a
2012-12-16,132,18.004,,a
2012-12-17,94,9.043,,a
2012-12-18,83,6.904,,a
2012-12-19,76,5.718,,a
2012-12-20,72,5.075,,a
2012-12-21,70,4.736,,a
2012-12-22,67,4.374,,a
2012-12-23,65,4.103,,a
2012-12-24,63,3.891,,a
2012-12-25,62,3.717,,a
2012-12-26,75,6.234,,a
2012-12-27,102,10.824,,a
2012-12-28,79,6.263,,a
2012-12-29,72,5.052,,a
2012-12-30,69,4.671,,a
2012-12-31,67,4.35,,a
2013-01-01,65,4.147,5.4,a
2013-01-02,64,3.993,6.1,a
2013-01-03,62,3.728,6.9,a
2013-01-04,61,3.58,6.3,a
2013-01-05,60,3.485,6.6,a
2013-01-06,59,3.382,7.1,a
2013-01-07,58,3.281,6.7,a
2013-01-08,57,3.178,6.8,a
2013-01-09,57,3.122,7,a
2013-01-10,57,3.113,7.7,a
2013-01-11,56,3.027,6.8,a
2013-01-12,55,2.876,6.3,a
2013-01-13,55,2.867,5.8,a
2013-01-14,56,3.013,4.2,a
2013-01-15,55,2.915,5.2,a
2013-01-16,55,2.928,5.6,a
2013-01-17,55,2.951,5.3,a
2013-01-18,55,2.915,5.6,a
2013-01-19,55,2.911,5.8,a
2013-01-20,60,3.594,5.9,a
2013-01-21,97,9.665,5.7,a
2013-01-22,112,13.016,5.9,a
2013-01-23,94,9.159,6.2,a
2013-01-24,83,7.164,6.2,a
2013-01-25,76,6.016,5.6,a
2013-01-26,70,5.156,4.7,a
2013-01-27,67,4.656,4.4,a
2013-01-28,65,4.412,5.2,a
2013-01-29,63,4.093,6.2,a
2013-01-30,62,3.976,5.9,a
2013-01-31,61,3.851,6,a
2013-02-01,60,3.758,5.6,a
2013-02-02,126,18.836,6,a
2013-02-03,160,25.531,5.9,a
2013-02-04,110,12.607,5.8,a
2013-02-05,88,8.121,5.9,a
2013-02-06,93,8.996,5.8,a
2013-02-07,89,8.212,5.7,a
2013-02-08,82,6.936,5.4,a
2013-02-09,77,6.12,5.2,a
2013-02-10,73,5.591,4.9,a
2013-02-11,71,5.234,4,a
2013-02-12,70,5.106,4.4,a
2013-02-13,67,4.708,5.1,a
2013-02-14,66,4.507,5.7,a
2013-02-15,65,4.389,6,a
2013-02-16,64,4.284,5.9,a
2013-02-17,64,4.284,6.3,a
2013-02-18,64,4.328,6.2,a
2013-02-19,65,4.35,5.5,a
2013-02-20,64,4.323,5.8,a
2013-02-21,63,4.163,5.5,a
2013-02-22,63,4.098,4.6,a
2013-02-23,63,4.131,4.2,a
2013-02-24,64,4.218,3.3,a
2013-02-25,62,4.045,4.9,a
2013-02-26,62,4.05,5.6,a
2013-02-27,66,4.49,6,a
2013-02-28,74,5.694,6.2,a
2013-03-01,90,8.521,6.3,a
2013-03-02,102,10.867,6.1,a
2013-03-03,95,9.413,5.8,a
2013-03-04,88,8.019,5.9,a
2013-03-05,83,7.25,6,a
2013-03-06,83,7.249,6.5,a
2013-03-07,115,13.689,6.8,a
2013-03-08,123,15.715,7.6,a
2013-03-09,116,13.895,7.9,a
2013-03-10,126,16.573,7.8,a
2013-03-11,112,13.106,8,a
2013-03-12,97,9.73,8.1,a
2013-03-13,96,9.803,8,a
2013-03-14,101,10.623,7.2,a
2013-03-15,89,8.259,6.5,a
2013-03-16,81,6.885,6,a
2013-03-17,78,6.288,6,a
2013-03-18,104,12.311,6,a
2013-03-19,155,24.395,7.1,a
2013-03-20,108,12.255,7.5,a
2013-03-21,93,8.947,8.3,a
2013-03-22,84,7.412,7.6,a
2013-03-23,79,6.514,7.2,a
2013-03-24,76,6,6.3,a
2013-03-25,74,5.641,4.6,a
2013-03-26,72,5.382,5,a
2013-03-27,70,5.064,5.5,a
2013-03-28,72,5.436,6.6,a
2013-03-29,118,15.026,6.5,a
2013-03-30,146,21.792,6.8,a
2013-03-31,172,28.944,7,a
2013-04-01,144,21.06,6.8,a
2013-04-02,122,15.418,6.7,a
2013-04-03,104,11.372,6.8,a
2013-04-04,95,9.356,7.4,a
2013-04-05,92,8.811,7.7,a
2013-04-06,89,8.227,7.9,a
2013-04-07,85,7.588,7.9,a
2013-04-08,82,6.961,7.8,a
2013-04-09,79,6.459,8.7,a
2013-04-10,76,5.967,9.8,a
2013-04-11,73,5.553,9.7,a
2013-04-12,73,5.471,9.8,a
2013-04-13,113,13.497,10.1,a
2013-04-14,89,8.314,10.6,a
2013-04-15,80,6.64,11.8,a
2013-04-16,75,5.876,11.9,a
2013-04-17,72,5.377,11.8,a
2013-04-18,70,5.088,12.5,a
2013-04-19,68,4.784,12.6,a
2013-04-20,66,4.564,12.2,a
2013-04-21,65,4.428,11.9,a
2013-04-22,66,4.514,11.4,a
2013-04-23,65,4.413,11.9,a
2013-04-24,62,4.024,12,a
2013-04-25,61,3.887,12.2,a
2013-04-26,61,3.851,12.4,a
2013-04-27,61,3.835,12.1,a
2013-04-28,60,3.759,12.2,a
2013-04-29,59,3.617,12.2,a
2013-04-30,58,3.513,12.3,a
2013-05-01,57,3.436,12.5,a
2013-05-02,57,3.445,12.3,a
2013-05-03,57,3.455,12.7,a
2013-05-04,59,3.651,12.7,a
2013-05-05,65,4.366,12.1,a
2013-05-06,69,5.022,12.2,a
2013-05-07,75,5.921,12.7,a
2013-05-08,79,6.584,13.2,a
2013-05-09,66,4.511,12.8,a
2013-05-10,63,4.093,12.7,a
2013-05-11,96,9.967,12.8,a
2013-05-12,91,8.683,12.4,a
2013-05-13,78,6.391,12.3,a
2013-05-14,70,5.059,12.3,a
2013-05-15,66,4.497,12.4,a
2013-05-16,65,4.469,12,a
2013-05-17,76,6.135,12,a
2013-05-18,85,7.582,12.5,a
2013-05-19,71,5.273,11.9,a
2013-05-20,68,4.804,12,a
2013-05-21,65,4.435,12.2,a
2013-05-22,64,4.218,12.3,a
2013-05-23,63,4.174,12.2,a
2013-05-24,80,6.992,11.1,a
2013-05-25,87,7.945,11,a
2013-05-26,80,6.634,11.2,a
2013-05-27,74,5.716,11.6,a
2013-05-28,69,4.903,12.1,a
2013-05-29,66,4.524,12,a
2013-05-30,69,4.981,11.6,a
2013-05-31,83,7.135,11.1,a
2013-06-01,80,6.733,11.5,a
2013-06-02,74,5.753,11.9,a
2013-06-03,69,5.017,12.3,a
2013-06-04,67,4.645,12.5,a
2013-06-05,66,4.474,12.9,a
2013-06-06,64,4.24,13.1,a
2013-06-07,64,4.315,13.3,a
2013-06-08,79,6.839,13.9,a
2013-06-09,88,8.246,13.7,a
2013-06-10,70,4.82,13.8,a
2013-06-11,65,4.076,13.3,a
2013-06-12,62,3.682,13.3,a
2013-06-13,60,3.441,13.7,a
2013-06-14,58,3.296,14.3,a
2013-06-15,57,3.159,14.7,a
2013-06-16,57,3.086,15.2,a
2013-06-17,55,2.964,15.4,a
2013-06-18,54,2.846,15.6,a
2013-06-19,53,2.765,15.7,a
2013-06-20,53,2.681,15.5,a
2013-06-21,52,2.661,15.4,a
2013-06-22,52,2.644,14.8,a
2013-06-23,52,2.64,14.8,a
2013-06-24,67,4.576,14.8,a
2013-06-25,61,3.643,13.5,a
2013-06-26,60,3.648,13.3,a
2013-06-27,65,4.091,13.4,a
2013-06-28,56,3.077,13,a
2013-06-29,55,2.872,13.5,a
2013-06-30,54,2.777,14.2,a
2013-07-01,52,2.644,14.5,a
2013-07-02,52,2.579,14.8,a
2013-07-03,51,2.492,15.1,a
2013-07-04,51,2.476,15.1,a
2013-07-05,50,2.43,15.1,a
2013-07-06,51,2.508,15.1,a
2013-07-07,50,2.417,15.2,a
2013-07-08,49,2.356,15.7,a
2013-07-09,41,1.73,16.5,a
2013-07-10,47,2.185,15.6,a
2013-07-11,51,2.516,15.3,a
2013-07-12,51,2.561,14.8,a
2013-07-13,49,2.322,15,a
2013-07-14,52,2.689,15.7,a
2013-07-15,50,2.395,15.5,a
2013-07-16,51,2.507,15.6,a
2013-07-17,50,2.472,15.3,a
2013-07-18,50,2.41,15.4,a
2013-07-19,49,2.352,15.4,a
2013-07-20,49,2.344,15.7,a
2013-07-21,49,2.367,16.3,a
2013-07-22,48,2.223,16,a
2013-07-23,45,1.979,16.4,a
2013-07-24,43,1.862,16.4,a
2013-07-25,43,1.832,16.6,a
2013-07-26,42,1.73,17.3,a
2013-07-27,41,1.673,17.7,a
2013-07-28,41,1.682,18.2,a
2013-07-29,39,1.566,18,a
2013-07-30,40,1.648,17.3,a
2013-07-31,39,1.56,16.6,a
2013-08-01,37,1.437,17,a
2013-08-02,35,1.333,17.7,a
2013-08-03,34,1.256,18.4,a
2013-08-04,34,1.265,18.9,a
2013-08-05,34,1.246,19.2,a
2013-08-06,34,1.244,19.5,a
2013-08-07,34,1.219,19.5,a
2013-08-08,33,1.19,19.3,a
2013-08-09,33,1.18,18.5,a
2013-08-10,33,1.201,18.1,a
2013-08-11,32,1.142,17.6,a
2013-08-12,30,1.057,18.2,a
2013-08-13,30,1.045,18.3,a
2013-08-14,36,1.383,17.7,a
2013-08-15,35,1.29,16.5,a
2013-08-16,33,1.174,16.6,a
2013-08-17,32,1.134,17.1,a
2013-08-18,32,1.126,17.7,a
2013-08-19,31,1.098,18,a
2013-08-20,31,1.107,17.4,a
2013-08-21,33,1.219,16.8,a
2013-08-22,34,1.228,17.4,a
2013-08-23,32,1.161,16.3,a
2013-08-24,43,1.91,16.5,a
2013-08-25,42,1.826,15.3,a
2013-08-26,50,2.401,14.3,a
2013-08-27,48,2.293,14.5,a
2013-08-28,49,2.319,14.8,a
2013-08-29,49,2.369,15,a
2013-08-30,45,1.996,14.8,a
2013-08-31,41,1.709,15.1,a
2013-09-01,40,1.656,15.2,a
2013-09-02,41,1.689,15.1,a
2013-09-03,38,1.468,15.3,a
2013-09-04,35,1.328,16.2,a
2013-09-05,33,1.17,17.2,a
2013-09-06,32,1.139,17.5,a
2013-09-07,33,1.18,17.3,a
2013-09-08,33,1.18,17.4,a
2013-09-09,42,1.816,17.1,a
2013-09-10,57,3.155,15.4,a
2013-09-11,84,7.333,14.8,a
2013-09-12,64,3.985,13.7,a
2013-09-13,54,2.832,13,a
2013-09-14,50,2.464,12.9,a
2013-09-15,49,2.31,12.9,a
2013-09-16,48,2.27,13.7,a
2013-09-17,72,5.518,13.6,a
2013-09-18,64,4.07,12.5,a
2013-09-19,55,2.892,12.7,a
2013-09-20,51,2.515,12.8,a
2013-09-21,50,2.441,12.5,a
2013-09-22,49,2.322,12.6,a
2013-09-23,48,2.251,12.4,a
2013-09-24,48,2.236,12.7,a
2013-09-25,48,2.219,13,a
2013-09-26,48,2.219,13.1,a
2013-09-27,48,2.268,13,a
2013-09-28,49,2.322,12.5,a
2013-09-29,78,6.941,12.6,a
2013-09-30,90,8.44,12.4,a
2013-10-01,68,4.607,11.8,a
2013-10-02,60,3.445,11.7,a
2013-10-03,55,2.899,10.9,a
2013-10-04,52,2.644,10.2,a
2013-10-05,51,2.539,9.9,a
2013-10-06,51,2.515,10.7,a
2013-10-07,50,2.429,11.6,a
2013-10-08,49,2.348,11.9,a
2013-10-09,48,2.259,11.7,a
2013-10-10,49,2.303,11.9,a
2013-10-11,78,6.59,12,a
2013-10-12,73,5.302,11,a
2013-10-13,68,4.58,11.4,a
2013-10-14,58,3.254,10.8,a
2013-10-15,54,2.834,10.7,a
2013-10-16,51,2.572,11.1,a
2013-10-17,49,2.375,9.9,a
2013-10-18,48,2.292,9.7,a
2013-10-19,48,2.211,9.8,a
2013-10-20,47,2.137,10.5,a
2013-10-21,46,2.123,11.4,a
2013-10-22,48,2.281,12.2,a
2013-10-23,50,2.41,13.1,a
2013-10-24,49,2.379,12.9,a
2013-10-25,49,2.337,13.3,a
2013-10-26,48,2.266,13,a
2013-10-27,48,2.215,12.6,a
2013-10-28,48,2.245,13.4,a
2013-10-29,48,2.24,13.5,a
2013-10-30,48,2.273,12.4,a
2013-10-31,48,2.236,11.7,a
2013-11-01,47,2.176,11.2,a
2013-11-02,47,2.204,11,a
2013-11-03,53,3.048,12.1,a
2013-11-04,63,3.85,11.6,a
2013-11-05,125,16.762,11.7,a
2013-11-06,92,8.762,11,a
2013-11-07,68,4.487,10.7,a
2013-11-08,60,3.517,11.1,a
2013-11-09,62,3.81,11.8,a
2013-11-10,102,10.676,10.8,a
2013-11-11,138,19.542,10.2,a
2013-11-12,90,8.405,9.9,a
2013-11-13,73,5.31,9.9,a
2013-11-14,68,4.565,9.8,a
2013-11-15,65,4.099,9.2,a
2013-11-16,62,3.672,9.4,a
2013-11-17,60,3.417,9.3,a
2013-11-18,58,3.281,9.5,a
2013-11-19,58,3.241,9.7,a
2013-11-20,71,5.03,9.5,a
2013-11-21,67,4.353,9.5,a
2013-11-22,82,6.95,9,a
2013-11-23,108,12.462,9.1,a
2013-11-24,160,25.646,9.4,a
2013-11-25,116,13.995,8.5,a
2013-11-26,85,7.445,7.1,a
2013-11-27,74,5.404,6.6,a
2013-11-28,69,4.742,6.1,a
2013-11-29,67,4.35,5.9,a
2013-11-30,65,4.075,6.5,a
2013-12-01,62,3.734,6.7,a
2013-12-02,60,3.465,6.1,a
2013-12-03,59,3.353,5.9,a
2013-12-04,58,3.196,5.4,a
2013-12-05,56,3.018,5.3,a
2013-12-06,55,2.969,5.5,a
2013-12-07,54,2.867,5.5,a
2013-12-08,53,2.757,5.4,a
2013-12-09,53,2.71,6.1,a
2013-12-10,52,2.628,6.6,a
2013-12-11,52,2.599,7.4,a
2013-12-12,51,2.519,7.5,a
2013-12-13,51,2.499,6.7,a
2013-12-14,51,2.484,6.1,a
2013-12-15,51,2.499,6.1,a
2013-12-16,50,2.433,5.9,a
2013-12-17,50,2.417,5.5,a
2013-12-18,49,2.364,5,a
2013-12-19,49,2.314,4.9,a
2013-12-20,49,2.307,6,a
2013-12-21,49,2.341,7.2,a
2013-12-22,48,2.233,8,a
2013-12-23,48,2.244,8.8,a
2013-12-24,48,2.229,9,a
2013-12-25,48,2.215,9.3,a
2013-12-26,53,2.737,9.1,a
2013-12-27,61,3.668,8.8,a
2013-12-28,57,3.168,8.4,a
2013-12-29,58,3.314,8.4,a
2013-12-30,86,7.482,7.7,a
2013-12-31,70,4.757,7.6,a
2014-01-01,63,3.858,7.8,a
2014-01-02,59,3.325,7.5,a
2014-01-03,56,3.023,8.1,a
2014-01-04,57,3.15,8.1,a
2014-01-05,125,16.906,8.4,a
2014-01-06,129,17.355,8.5,a
2014-01-07,93,8.798,8.5,a
2014-01-08,80,6.351,8.2,a
2014-01-09,73,5.31,7.9,a
2014-01-10,70,4.865,8.8,a
2014-01-11,68,4.495,8.8,a
2014-01-12,65,4.098,8.3,a
2014-01-13,63,3.828,8.3,a
2014-01-14,65,4.1,8.7,a
2014-01-15,69,4.667,8.8,a
2014-01-16,64,4.005,8.5,a
2014-01-17,64,3.962,8.5,a
2014-01-18,83,6.905,8.7,a
2014-01-19,120,15.792,8.7,a
2014-01-20,179,31.047,8.9,a
2014-01-21,132,17.88,8.8,a
2014-01-22,116,14.035,8.6,a
2014-01-23,96,9.656,8.6,a
2014-01-24,89,8.378,7.4,a
2014-01-25,89,8.186,6.9,a
2014-01-26,81,6.857,6.7,a
2014-01-27,77,6.153,6.5,a
2014-01-28,74,5.617,6,a
2014-01-29,70,5.155,5.7,a
2014-01-30,69,4.878,5,a
2014-01-31,78,6.568,5.2,a
2014-02-01,89,8.3,5.6,a
2014-02-02,110,12.626,5.2,a
2014-02-03,97,9.881,5.5,a
2014-02-04,84,7.334,5.6,a
2014-02-05,79,6.561,5.8,a
2014-02-06,81,6.887,6.2,a
2014-02-07,91,8.732,6.4,a
2014-02-08,154,24.128,6.4,a
2014-02-09,168,27.745,6.7,a
2014-02-10,159,25.284,6.8,a
2014-02-11,183,32.105,7,a
2014-02-12,193,35.263,7,a
2014-02-13,154,23.954,7.2,a
2014-02-14,151,23.118,7.5,a
2014-02-15,127,16.619,7.5,a
2014-02-16,104,11.241,8.7,a
2014-02-17,162,26.562,7.3,a
2014-02-18,145,21.334,7.5,a
2014-02-19,121,15.184,7.8,a
2014-02-20,146,21.584,8.1,a
2014-02-21,120,15.007,8.4,a
2014-02-22,122,15.464,8.2,a
2014-02-23,117,14.134,8.2,a
2014-02-24,101,10.642,8.3,a
2014-02-25,91,8.7,8,a
2014-02-26,84,7.323,8.1,a
2014-02-27,80,6.679,8.7,a
2014-02-28,77,6.22,8.4,a
2014-03-01,75,5.927,8.8,a
2014-03-02,73,5.521,9,a
2014-03-03,70,5.142,8.5,a
2014-03-04,69,4.932,8.9,a
2014-03-05,66,4.581,9.1,a
2014-03-06,65,4.384,9.3,a
2014-03-07,63,4.147,9.4,a
2014-03-08,62,3.987,9.4,a
2014-03-09,61,3.846,8.8,a
2014-03-10,60,3.769,9.1,a
2014-03-11,60,3.769,9,a
2014-03-12,59,3.688,8.7,a
2014-03-13,59,3.647,9.1,a
2014-03-14,59,3.607,9.2,a
2014-03-15,59,3.617,9.1,a
2014-03-16,59,3.602,9.5,a
2014-03-17,58,3.533,10,a
2014-03-18,58,3.489,10.4,a
2014-03-19,57,3.402,10.7,a
2014-03-20,56,3.326,10.4,a
2014-03-21,56,3.26,10.3,a
2014-03-22,56,3.316,10.1,a
2014-03-23,64,4.34,10.2,a
2014-03-24,73,5.564,9.3,a
2014-03-25,63,4.167,8.8,a
2014-03-26,59,3.683,8.8,a
2014-03-27,59,3.627,9.4,a
2014-03-28,58,3.508,9.9,a
2014-03-29,58,3.484,10.4,a
2014-03-30,57,3.392,10.6,a
2014-03-31,57,3.378,10.8,a
2014-04-01,57,3.368,11.3,a
2014-04-02,56,3.26,11.4,a
2014-04-03,55,3.176,10.7,a
2014-04-04,55,3.158,11.2,a
2014-04-05,55,3.159,11.4,a
2014-04-06,58,3.47,11.8,a
2014-04-07,58,3.516,12.1,a
2014-04-08,55,3.19,12,a
2014-04-09,56,3.246,12,a
2014-04-10,54,3.085,10.7,a
2014-04-11,54,3.018,10.7,a
2014-04-12,53,2.982,10.8,a
2014-04-13,53,2.973,10.9,a
2014-04-14,53,2.951,11,a
2014-04-15,53,2.947,11.2,a
2014-04-16,52,2.826,9.6,a
2014-04-17,51,2.784,9.7,a
2014-04-18,51,2.763,10.7,a
2014-04-19,51,2.75,11.7,a
2014-04-20,55,3.193,11.3,a
2014-04-21,56,3.242,11.2,a
2014-04-22,59,3.568,12.2,a
2014-04-23,55,3.191,12.1,a
2014-04-24,54,3.045,12.1,a
2014-04-25,53,2.969,11.9,a
2014-04-26,53,2.925,12.3,a
2014-04-27,53,2.98,12.1,a
2014-04-28,61,3.892,12.4,a
2014-04-29,56,3.246,12.4,a
2014-04-30,54,3.076,12.4,a
2014-05-01,53,2.996,12,a
2014-05-02,53,2.987,12,a
2014-05-03,54,3.036,11.8,a
2014-05-04,52,2.891,11.7,a
2014-05-05,50,2.649,11.5,a
2014-05-06,49,2.524,12,a
2014-05-07,49,2.516,11.8,a
2014-05-08,49,2.559,12.4,a
2014-05-09,49,2.528,12.5,a
2014-05-10,49,2.567,13.1,a
2014-05-11,52,2.966,12.2,a
2014-05-12,83,7.324,12.3,a
2014-05-13,82,7.296,11.9,a
2014-05-14,76,6.003,11.6,a
2014-05-15,63,4.093,11.1,a
2014-05-16,58,3.519,11.2,a
2014-05-17,56,3.255,11.6,a
2014-05-18,54,3.103,12.2,a
2014-05-19,54,3.04,13,a
2014-05-20,53,2.921,13.4,a
2014-05-21,51,2.788,13.4,a
2014-05-22,51,2.771,13.7,a
2014-05-23,50,2.689,13.3,a
2014-05-24,50,2.685,13.5,a
2014-05-25,49,2.595,13.3,a
2014-05-26,57,3.548,13.7,a
2014-05-27,58,3.492,13.9,a
2014-05-28,53,2.981,12.8,a
2014-05-29,55,3.152,13.2,a
2014-05-30,53,3.023,12.7,a
2014-05-31,48,2.51,12.4,a
2014-06-01,50,2.643,12.1,a
2014-06-02,49,2.536,12.8,a
2014-06-03,49,2.543,13.2,a
2014-06-04,50,2.655,13.6,a
2014-06-05,49,2.552,13.6,a
2014-06-06,49,2.555,13.9,a
2014-06-07,49,2.508,14.1,a
2014-06-08,48,2.457,14.3,a
2014-06-09,48,2.457,14.5,a
2014-06-10,47,2.403,14.4,a
2014-06-11,47,2.369,14.5,a
2014-06-12,52,2.986,14.6,a
2014-06-13,61,3.935,15.9,a
2014-06-14,57,3.38,15.1,a
2014-06-15,51,2.789,14.1,a
2014-06-16,49,2.583,13.3,a
2014-06-17,48,2.5,12.8,a
2014-06-18,48,2.469,12.8,a
2014-06-19,47,2.351,12.7,a
2014-06-20,40,1.898,14.3,a
2014-06-21,28,1.131,17.4,a
2014-06-22,41,1.9,14.5,a
2014-06-23,41,1.862,15.3,a
2014-06-24,61,3.921,16,a
2014-06-25,118,14.555,15.5,a
2014-06-26,83,7.267,15.1,a
2014-06-27,62,4.049,14.7,a
2014-06-28,57,3.393,14.9,a
2014-06-29,55,3.195,14.9,a
2014-06-30,167,28.516,15.4,a
2014-07-01,101,10.695,14.6,a
2014-07-02,75,5.508,14.2,a
2014-07-03,70,4.838,15,a
2014-07-04,62,3.778,14.9,a
2014-07-05,59,3.374,15.2,a
2014-07-06,56,3.078,15.7,a
2014-07-07,54,2.842,16,a
2014-07-08,54,2.843,15.6,a
2014-07-09,64,4.103,15.4,a
2014-07-10,71,5.068,14.4,a
2014-07-11,71,4.971,14.5,a
2014-07-12,61,3.636,14.5,a
2014-07-13,57,3.15,14.6,a
2014-07-14,57,3.126,14.9,a
2014-07-15,65,4.076,15.8,a
2014-07-16,57,3.137,15.6,a
2014-07-17,55,2.92,15.7,a
2014-07-18,50,2.48,15.9,a
2014-07-19,49,2.307,16.4,a
2014-07-20,48,2.222,16.8,a
2014-07-21,53,2.75,16,a
2014-07-22,60,3.518,15.2,a
2014-07-23,77,5.914,16.3,a
2014-07-24,66,4.293,15.3,a
2014-07-25,59,3.311,15,a
2014-07-26,55,3.053,16.4,a
2014-07-27,66,4.289,16.2,a
2014-07-28,62,3.701,15.8,a
2014-07-29,62,3.801,15.9,a
2014-07-30,80,6.691,15.9,a
2014-07-31,81,6.667,15.7,a
2014-08-01,71,4.989,15.5,a
2014-08-02,64,4.023,15.7,a
2014-08-03,60,3.467,15.9,a
2014-08-04,57,3.155,15.9,a
2014-08-05,65,4.14,16.2,a
2014-08-06,61,3.609,15.3,a
2014-08-07,57,3.123,15.3,a
2014-08-08,55,2.895,15.7,a
2014-08-09,53,2.715,16,a
2014-08-10,52,2.624,16.3,a
2014-08-11,51,2.543,16.3,a
2014-08-12,50,2.449,15.9,a
2014-08-13,56,3.063,15.5,a
2014-08-14,98,10.229,16.6,a
2014-08-15,82,6.786,14.9,a
2014-08-16,68,4.517,14.5,a
2014-08-17,63,3.835,14.3,a
2014-08-18,59,3.311,14.3,a
2014-08-19,57,3.077,14.3,a
2014-08-20,56,3.054,14.5,a
2014-08-21,101,11.04,15.9,a
2014-08-22,73,5.336,14.6,a
2014-08-23,68,4.596,14.4,a
2014-08-24,73,5.295,14.8,a
2014-08-25,67,4.425,14.4,a
2014-08-26,63,3.822,13.8,a
2014-08-27,76,5.812,15.2,a
2014-08-28,73,5.262,15.1,a
2014-08-29,65,4.133,14.4,a
2014-08-30,62,3.698,14.7,a
2014-08-31,59,3.412,14.9,a
2014-09-01,110,13.112,14.7,a
2014-09-02,96,9.448,13.7,a
2014-09-03,108,12.119,13.9,a
2014-09-04,86,7.403,14.2,a
2014-09-05,77,5.912,14.4,a
2014-09-06,73,5.284,14.2,a
2014-09-07,70,4.766,14.1,a
2014-09-08,65,4.16,14.1,a
2014-09-09,64,3.996,14.5,a
2014-09-10,72,5.149,14.9,a
2014-09-11,90,8.788,14.5,a
2014-09-12,120,14.929,14,a
2014-09-13,219,43.386,13.8,a
2014-09-14,152,23.378,13.6,a
2014-09-15,122,15.456,13.8,a
2014-09-16,110,12.523,13.8,a
2014-09-17,101,10.674,13.8,a
2014-09-18,96,9.691,13.8,a
2014-09-19,74,5.656,13.8,a
2014-09-20,69,4.967,14.3,a
2014-09-21,67,4.645,14.7,a
2014-09-22,71,5.239,14.7,a
2014-09-23,92,8.929,13.9,a
2014-09-24,72,5.416,13.2,a
2014-09-25,68,4.86,12.6,a
2014-09-26,66,4.519,12.3,a
2014-09-27,63,4.191,13,a
2014-09-28,62,3.955,13.6,a
2014-09-29,60,3.744,13.3,a
2014-09-30,59,3.617,13.4,a
2014-10-01,58,3.538,13.6,a
2014-10-02,57,3.44,13.8,a
2014-10-03,56,3.335,13.5,a
2014-10-04,56,3.278,13.3,a
2014-10-05,54,3.071,13,a
2014-10-06,54,3.091,13,a
2014-10-07,53,2.984,13.1,a
2014-10-08,52,2.851,13.2,a
2014-10-09,52,2.856,14,a
2014-10-10,52,2.826,14.1,a
2014-10-11,51,2.75,13.9,a
2014-10-12,51,2.734,14.1,a
2014-10-13,50,2.684,14.3,a
2014-10-14,50,2.693,14.3,a
2014-10-15,52,2.884,13.9,a
2014-10-16,51,2.726,14.2,a
2014-10-17,49,2.575,14.5,a
2014-10-18,48,2.477,14.6,a
2014-10-19,48,2.43,13.6,a
2014-10-20,48,2.458,13.5,a
2014-10-21,48,2.44,13.7,a
2014-10-22,192,35.769,13.1,a
2014-10-23,140,20.255,11.5,a
2014-10-24,115,14.093,11.8,a
2014-10-25,91,9.113,11.6,a
2014-10-26,71,5.781,10.4,a
2014-10-27,66,5.155,10.3,a
2014-10-28,63,4.825,9.9,a
2014-10-29,61,4.569,8.9,a
2014-10-30,59,4.329,9.5,a
2014-10-31,56,3.934,9.4,a
2014-11-01,55,3.857,10,a
2014-11-02,55,3.814,9.8,a
2014-11-03,54,3.759,10,a
2014-11-04,52,3.504,11.3,a
2014-11-05,53,3.629,11.3,a
2014-11-06,107,13.878,12.1,a
2014-11-07,268,59.459,12.4,a
2014-11-08,256,55.536,12.2,a
2014-11-09,156,24.42,11.9,a
2014-11-10,128,17.299,12,a
2014-11-11,115,14.013,12,a
2014-11-12,118,14.938,12.2,a
2014-11-13,115,14.111,12,a
2014-11-14,109,12.652,11.8,a
2014-11-15,103,11.363,11.6,a
2014-11-16,88,8.34,11.6,a
2014-11-17,79,6.99,11,a
2014-11-18,142,20.972,11,a
2014-11-19,119,15.191,10.5,a
2014-11-20,94,9.63,9.9,a
2014-11-21,87,8.152,9.7,a
2014-11-22,82,7.371,9.5,a
2014-11-23,77,6.68,9,a
2014-11-24,74,6.248,8.9,a
2014-11-25,72,5.929,8.9,a
2014-11-26,70,5.685,8.8,a
2014-11-27,68,5.471,8.6,a
2014-11-28,67,5.285,8.8,a
2014-11-29,66,5.211,9.3,a
2014-11-30,65,5.07,9.2,a
2014-12-01,78,7.081,8.5,a
2014-12-02,86,8.149,8.1,a
2014-12-03,76,6.49,8,a
2014-12-04,75,6.305,8.1,a
2014-12-05,72,6.01,8.5,a
2014-12-06,76,6.472,8.6,a
2014-12-07,80,7.079,8.6,a
2014-12-08,76,6.5,8.8,a
2014-12-09,71,5.839,8.3,a
2014-12-10,69,5.525,6.9,a
2014-12-11,69,5.599,6.8,a
2014-12-12,67,5.359,6.4,a
2014-12-13,66,5.19,7,a
2014-12-14,65,5.023,8.8,a
2014-12-15,63,4.8,9.4,a
2014-12-16,61,4.559,9,a
2014-12-17,63,4.754,9,a
2014-12-18,60,4.428,8.6,a
2014-12-19,58,4.243,8.3,a
2014-12-20,58,4.203,8.6,a
2014-12-21,58,4.134,8.1,a
2014-12-22,58,4.213,6.8,a
2014-12-23,58,4.188,7.4,a
2014-12-24,58,4.154,8,a
2014-12-25,57,4.08,8,a
2014-12-26,60,4.383,7.7,a
2014-12-27,58,4.144,6,a
2014-12-28,59,4.318,4.9,a
2014-12-29,57,4.021,4.4,a
2014-12-30,55,3.891,3.3,a
2014-12-31,55,3.857,3.5,a
2015-01-01,55,3.795,3.7,a
2015-01-02,55,3.824,4.4,a
2015-01-03,55,3.857,5,a
2015-01-04,57,4.046,5.8,a
2015-01-05,57,4.129,5.5,a
2015-01-06,57,4.041,5.3,a
2015-01-07,55,3.881,5.3,a
2015-01-08,54,3.766,5,a
2015-01-09,54,3.724,6.1,a
2015-01-10,56,4.025,6.5,a
2015-01-11,83,8.872,6.1,a
2015-01-12,96,10.268,5.8,a
2015-01-13,74,6.157,5.9,a
2015-01-14,69,5.594,7.1,a
2015-01-15,66,5.206,6.9,a
2015-01-16,64,4.96,7.8,a
2015-01-17,64,4.978,8.4,a
2015-01-18,66,5.155,7.7,a
2015-01-19,63,4.779,7.6,a
2015-01-20,61,4.549,6.8,a
2015-01-21,59,4.308,6.9,a
2015-01-22,61,4.57,7.5,a
2015-01-23,60,4.438,7.7,a
2015-01-24,59,4.352,7.8,a
2015-01-25,59,4.362,7.3,a
2015-01-26,58,4.149,6.3,a
2015-01-27,57,4.021,5.8,a
2015-01-28,55,3.838,5.3,a
2015-01-29,55,3.853,5.2,a
2015-01-30,65,5.095,4.8,a
2015-01-31,68,5.424,5.2,a
2015-02-01,65,4.992,5.9,a
2015-02-02,62,4.718,6,a
2015-02-03,61,4.499,5,a
2015-02-04,60,4.378,5.6,a
2015-02-05,58,4.218,5.6,a
2015-02-06,57,4.134,5.3,a
2015-02-07,56,3.983,5.3,a
2015-02-08,55,3.824,4.2,a
2015-02-09,53,3.634,4.5,a
2015-02-10,53,3.597,5.2,a
2015-02-11,52,3.515,6.3,a
2015-02-12,56,3.949,6.4,a
2015-02-13,58,4.243,6.4,a
2015-02-14,60,4.413,6.2,a
2015-02-15,64,4.961,6.7,a
2015-02-16,67,5.338,6.6,a
2015-02-17,65,5.028,6.2,a
2015-02-18,61,4.58,6.3,a
2015-02-19,58,4.248,5.7,a
2015-02-20,58,4.159,5.9,a
2015-02-21,56,4.002,6.1,a
2015-02-22,70,5.948,6.6,a
2015-02-23,89,8.741,6.6,a
2015-02-24,94,9.832,7.2,a
2015-02-25,90,8.74,7.2,a
2015-02-26,77,6.649,7.6,a
2015-02-27,72,5.978,7.8,a
2015-02-28,69,5.525,7.4,a
2015-03-01,66,5.169,7.4,a
2015-03-02,66,5.18,8,a
2015-03-03,66,5.165,7.9,a
2015-03-04,63,4.768,7.5,a
2015-03-05,61,4.616,7.4,a
2015-03-06,59,4.263,6.8,a
2015-03-07,57,4.027,7,a
2015-03-08,55,3.833,7.3,a
2015-03-09,54,3.714,7.3,a
2015-03-10,51,3.418,7.6,a
2015-03-11,49,3.223,7.7,a
2015-03-12,49,3.178,7.9,a
2015-03-13,48,3.094,7.9,a
2015-03-14,47,3.003,8.1,a
2015-03-15,46,2.93,8.4,a
2015-03-16,46,2.875,8.4,a
2015-03-17,45,2.779,9.1,a
2015-03-18,45,2.762,9,a
2015-03-19,44,2.717,9.5,a
2015-03-20,44,2.639,9.3,a
2015-03-21,44,2.704,9.3,a
2015-03-22,45,2.754,9.9,a
2015-03-23,44,2.667,10.3,a
2015-03-24,44,2.688,9.8,a
2015-03-25,45,2.791,9.5,a
2015-03-26,66,5.168,9.5,a
2015-03-27,118,15.828,9.3,a
2015-03-28,95,9.619,9.5,a
2015-03-29,73,5.539,9.5,a
2015-03-30,68,4.755,10.2,a
2015-03-31,64,4.262,9.8,a
2015-04-01,62,3.966,9.7,a
2015-04-02,60,3.723,8.4,a
2015-04-03,58,3.48,9.1,a
2015-04-04,57,3.44,8.7,a
2015-04-05,57,3.373,8.8,a
2015-04-06,55,3.218,8.2,a
2015-04-07,55,3.135,8.8,a
2015-04-08,53,2.91,9.2,a
2015-04-09,50,2.68,10,a
2015-04-10,50,2.676,11,a
2015-04-11,51,2.726,11.5,a
2015-04-12,52,2.839,12.3,a
2015-04-13,52,2.848,12.5,a
2015-04-14,51,2.776,12.8,a
2015-04-15,51,2.767,12.7,a
2015-04-16,52,2.801,12.8,a
2015-04-17,52,2.866,12.1,a
2015-04-18,63,4.243,10.6,a
2015-04-19,61,3.925,10.1,a
2015-04-20,56,3.26,10.7,a
2015-04-21,54,3.076,11.7,a
2015-04-22,53,2.97,12.2,a
2015-04-23,52,2.81,12.5,a
2015-04-24,51,2.712,12.4,a
2015-04-25,51,2.775,11.9,a
2015-04-26,51,2.767,12.2,a
2015-04-27,50,2.665,12.5,a
2015-04-28,52,2.908,12.2,a
2015-04-29,53,2.941,12.4,a
2015-04-30,51,2.73,11.5,a
2015-05-01,50,2.692,11,a
2015-05-02,54,3.048,12.2,a
2015-05-03,52,2.847,12.1,a
2015-05-04,52,2.843,12.7,a
2015-05-05,51,2.763,13.1,a
2015-05-06,50,2.692,13.5,a
2015-05-07,50,2.639,13.6,a
2015-05-08,50,2.611,13.3,a
2015-05-09,50,2.68,13.3,a
2015-05-10,50,2.603,13.6,a
2015-05-11,50,2.623,13.5,a
2015-05-12,50,2.607,13.3,a
2015-05-13,49,2.587,13.7,a
2015-05-14,50,2.603,13.9,a
2015-05-15,61,3.969,13.7,a
2015-05-16,61,3.859,13.3,a
2015-05-17,55,3.207,13.5,a
2015-05-18,52,2.895,14,a
2015-05-19,51,2.755,14.3,a
2015-05-20,50,2.668,14.2,a
2015-05-21,59,3.638,13.3,a
2015-05-22,58,3.572,12.3,a
2015-05-23,110,12.767,12.6,a
2015-05-24,90,8.719,12.8,a
2015-05-25,68,4.837,12.9,a
2015-05-26,61,3.883,13.1,a
2015-05-27,58,3.475,12.7,a
2015-05-28,55,3.209,12.6,a
2015-05-29,54,3.054,13.1,a
2015-05-30,53,2.996,13.6,a
2015-05-31,53,2.903,13.6,a
2015-06-01,52,2.869,13.7,a
2015-06-02,51,2.767,14.4,a
2015-06-03,50,2.624,14.9,a
2015-06-04,51,2.71,15.5,a
2015-06-05,49,2.571,15.7,a
2015-06-06,48,2.457,15.9,a
2015-06-07,48,2.45,15.9,a
2015-06-08,48,2.446,15.7,a
2015-06-09,47,2.377,15.5,a
2015-06-10,49,2.54,15.5,a
2015-06-11,47,2.415,15.5,a
2015-06-12,47,2.384,16,a
2015-06-13,47,2.358,16,a
2015-06-14,47,2.359,15.1,a
2015-06-15,50,2.649,15.5,a
2015-06-16,50,2.617,14.5,a
2015-06-17,59,3.681,14.5,a
2015-06-18,51,2.702,13.7,a
2015-06-19,52,2.903,13.6,a
2015-06-20,55,3.164,13.8,a
2015-06-21,54,3.111,13.4,a
2015-06-22,51,2.701,13.5,a
2015-06-23,97,12.419,13.6,a
2015-06-24,165,27.312,13.9,a
2015-06-25,106,11.71,14.1,a
2015-06-26,85,7.602,14.7,a
2015-06-27,70,5.155,14.6,a
2015-06-28,76,6.057,15,a
2015-06-29,65,4.378,14.7,a
2015-06-30,60,3.774,15.2,a
2015-07-01,58,3.475,15.7,a
2015-07-02,55,3.228,15.9,a
2015-07-03,54,3.035,16.3,a
2015-07-04,50,2.68,16.9,a
2015-07-05,50,2.632,16.9,a
2015-07-06,49,2.544,17.1,a
2015-07-07,49,2.551,17.7,a
2015-07-08,49,2.551,18,a
2015-07-09,50,2.647,16.3,a
2015-07-10,52,2.784,15.5,a
2015-07-11,51,2.726,15.8,a
2015-07-12,50,2.648,16.7,a
2015-07-13,49,2.547,16.2,a
2015-07-14,48,2.458,16.6,a
2015-07-15,46,2.312,17.7,a
2015-07-16,50,2.678,18,a
2015-07-17,49,2.525,17.8,a
2015-07-18,45,2.231,18.4,a
2015-07-19,44,2.08,18.8,a
2015-07-20,43,2.02,19.2,a
2015-07-21,41,1.864,19.7,a
2015-07-22,40,1.803,20.1,a
2015-07-23,41,1.904,19.7,a
2015-07-24,42,1.982,19,a
2015-07-25,55,3.197,18.9,a
2015-07-26,78,6.655,17.9,a
2015-07-27,61,3.908,16,a
2015-07-28,58,3.49,15.7,a
2015-07-29,55,3.2,15.3,a
2015-07-30,77,6.293,15.6,a
2015-07-31,73,5.472,15.6,a
2015-08-01,61,3.822,15.3,a
2015-08-02,57,3.398,16,a
2015-08-03,55,3.145,15.9,a
2015-08-04,53,2.974,16.1,a
2015-08-05,52,2.852,16.8,a
2015-08-06,51,2.784,17,a
2015-08-07,51,2.705,17.2,a
2015-08-08,50,2.619,17.4,a
2015-08-09,48,2.48,17.5,a
2015-08-10,46,2.263,17.7,a
2015-08-11,45,2.15,17.6,a
2015-08-12,43,2.031,17.6,a
2015-08-13,41,1.879,17.9,a
2015-08-14,42,1.914,18.2,a
2015-08-15,42,1.917,18.3,a
2015-08-16,41,1.901,17.9,a
2015-08-17,43,2.046,16.9,a
2015-08-18,49,2.514,15.9,a
2015-08-19,50,2.649,15.2,a
2015-08-20,61,3.942,16.2,a
2015-08-21,51,2.716,15,a
2015-08-22,46,2.259,15.4,a
2015-08-23,41,1.907,16.1,a
2015-08-24,41,1.851,16.1,a
2015-08-25,58,3.936,16.2,a
2015-08-26,65,4.376,15.5,a
2015-08-27,54,3.042,15.1,a
2015-08-28,50,2.654,15.6,a
2015-08-29,46,2.298,16.6,a
2015-08-30,43,2.042,17.3,a
2015-08-31,41,1.854,18.3,a
2015-09-01,40,1.817,18.2,a
2015-09-02,40,1.796,17.5,a
2015-09-03,40,1.787,16.8,a
2015-09-04,42,1.925,17,a
2015-09-05,102,11.11,16.5,a
2015-09-06,89,8.3,15.3,a
2015-09-07,65,4.375,13.8,a
2015-09-08,57,3.36,13.1,a
2015-09-09,54,3.09,13.2,a
2015-09-10,53,2.965,12.9,a
2015-09-11,52,2.886,13.1,a
2015-09-12,52,2.801,13.3,a
2015-09-13,50,2.643,13.8,a
2015-09-14,50,2.605,14.4,a
2015-09-15,50,2.688,13.7,a
2015-09-16,51,2.731,13.1,a
2015-09-17,51,2.78,14.2,a
2015-09-18,50,2.648,14.4,a
2015-09-19,50,2.619,14,a
2015-09-20,49,2.595,13.9,a
2015-09-21,49,2.559,13.1,a
2015-09-22,49,2.52,12.6,a
2015-09-23,50,2.701,12.7,a
2015-09-24,73,5.622,13.2,a
2015-09-25,64,4.277,12.8,a
2015-09-26,67,4.622,13.4,a
2015-09-27,58,3.458,12.8,a
2015-09-28,54,3.095,11.9,a
2015-09-29,53,2.916,11.7,a
2015-09-30,52,2.801,11.5,a
2015-10-01,51,2.701,11.4,a
2015-10-02,51,2.717,11.8,a
2015-10-03,52,2.797,11.9,a
2015-10-04,51,2.767,12.1,a
2015-10-05,53,2.909,12.7,a
2015-10-06,51,2.784,12.2,a
2015-10-07,83,7.685,13.5,a
2015-10-08,82,7.002,13.7,a
2015-10-09,68,4.882,13.3,a
2015-10-10,60,3.796,12.7,a
2015-10-11,66,4.594,12.3,a
2015-10-12,67,4.604,11.9,a
2015-10-13,63,4.191,11.5,a
2015-10-14,90,8.808,11.8,a
2015-10-15,137,19.303,11.9,a
2015-10-16,108,12.104,12.2,a
2015-10-17,89,8.239,11.4,a
2015-10-18,81,6.871,11.5,a
2015-10-19,93,9.186,11.5,a
2015-10-20,88,8.124,11.1,a
2015-10-21,91,9.011,10.8,a
2015-10-22,70,5.156,10.5,a
2015-10-23,65,4.429,10.3,a
2015-10-24,63,4.078,10.8,a
2015-10-25,61,3.856,10.1,a
2015-10-26,59,3.648,10.2,a
2015-10-27,57,3.418,10.8,a
2015-10-28,58,3.455,10.8,a
2015-10-29,56,3.316,11.5,a
2015-10-30,55,3.218,11.6,a
2015-10-31,55,3.117,10.4,a
2015-11-01,54,3.072,9.8,a
2015-11-02,53,2.982,8.7,a
2015-11-03,52,2.847,8.4,a
2015-11-04,53,2.988,8.9,a
2015-11-05,54,3.04,9.6,a
2015-11-06,53,2.96,9.6,a
2015-11-07,53,2.899,9.4,a
2015-11-08,52,2.801,9.9,a
2015-11-09,51,2.714,10,a
2015-11-10,49,2.567,10.2,a
2015-11-11,49,2.504,10.2,a
2015-11-12,47,2.369,10.2,a
2015-11-13,47,2.347,10.1,a
2015-11-14,46,2.314,9.8,a
2015-11-15,46,2.31,10.7,a
2015-11-16,46,2.27,10.1,a
2015-11-17,44,2.132,9.6,a
2015-11-18,44,2.097,10.1,a
2015-11-19,43,2.057,9.4,a
2015-11-20,43,2.036,10.5,a
2015-11-21,67,5.286,9.9,a
2015-11-22,76,6.068,8.2,a
2015-11-23,66,4.505,7.8,a
2015-11-24,60,3.714,7.5,a
2015-11-25,57,3.431,7.2,a
2015-11-26,56,3.274,7,a
2015-11-27,54,3.046,6.6,a
2015-11-28,53,2.912,7.3,a
2015-11-29,51,2.767,6.9,a
2015-11-30,50,2.668,6.6,a
2015-12-01,49,2.563,7.6,a
2015-12-02,48,2.497,8.5,a
2015-12-03,46,2.317,7.9,a
2015-12-04,46,2.27,8.7,a
2015-12-05,46,2.234,7.9,a
2015-12-06,45,2.219,7.6,a
2015-12-07,45,2.187,7.3,a
2015-12-08,44,2.135,6.8,a
2015-12-09,44,2.124,7.1,a
2015-12-10,44,2.117,7.7,a
2015-12-11,44,2.111,6.8,a
2015-12-12,44,2.107,6.3,a
2015-12-13,44,2.097,6.1,a
2015-12-14,44,2.08,6.2,a
2015-12-15,43,2.033,7.4,a
2015-12-16,40,1.804,7,a
2015-12-17,37,1.623,6.9,a
2015-12-18,37,1.601,6.9,a
2015-12-19,37,1.607,7,a
2015-12-20,37,1.57,6.8,a
2015-12-21,36,1.528,6.5,a
2015-12-22,36,1.534,7.4,a
2015-12-23,38,1.642,7,a
2015-12-24,40,1.785,6.3,a
2015-12-25,40,1.776,5.3,a
2015-12-26,40,1.77,5,a
2015-12-27,39,1.729,4.6,a
2015-12-28,39,1.698,4.7,a
2015-12-29,39,1.701,5.1,a
2015-12-30,39,1.709,6.4,a
2015-12-31,38,1.687,5.7,a
2016-01-01,37,1.583,5.2,a
2016-01-02,37,1.576,4.8,a
2016-01-03,38,1.634,4.6,a
2016-01-04,37,1.607,4.5,a
2016-01-05,37,1.621,4.5,a
2016-01-06,38,1.653,5.3,a
2016-01-07,38,1.629,6,a
2016-01-08,37,1.595,5.2,a
2016-01-09,44,2.137,5.7,a
2016-01-10,100,10.626,5.7,a
2016-01-11,95,9.731,6.9,a
2016-01-12,119,14.906,7,a
2016-01-13,82,7.089,6.4,a
2016-01-14,70,5.134,5.8,a
2016-01-15,68,4.813,6.2,a
2016-01-16,65,4.418,5.8,a
2016-01-17,62,3.992,4.9,a
2016-01-18,59,3.673,4.3,a
2016-01-19,58,3.502,3.8,a
2016-01-20,57,3.393,4,a
2016-01-21,56,3.311,4.1,a
2016-01-22,55,3.19,4.6,a
2016-01-23,54,3.103,3.9,a
2016-01-24,53,2.943,3.9,a
2016-01-25,53,2.947,5.1,a
2016-01-26,52,2.882,5.5,a
2016-01-27,51,2.788,5.6,a
2016-01-28,51,2.776,6.6,a
2016-01-29,51,2.697,7.1,a
2016-01-30,48,2.492,7,a
2016-01-31,51,2.768,8,a
2016-02-01,53,2.921,8.5,a
2016-02-02,51,2.73,8.4,a
2016-02-03,60,4.063,8.7,a
2016-02-04,91,8.651,6.7,a
2016-02-05,69,4.957,6.3,a
2016-02-06,63,4.099,6.2,a
2016-02-07,61,3.918,7.2,a
2016-02-08,64,4.296,8.1,a
2016-02-09,70,5.106,8.4,a
2016-02-10,150,23.633,7.8,a
2016-02-11,116,14.348,6.9,a
2016-02-12,90,8.73,6.2,a
2016-02-13,92,9.047,6.1,a
2016-02-14,116,14.678,6.6,a
2016-02-15,140,20.337,7,a
2016-02-16,141,20.617,6.8,a
2016-02-17,127,17.025,6.7,a
2016-02-18,127,17.073,6.9,a
2016-02-19,138,19.801,7.4,a
2016-02-20,125,16.391,7.5,a
2016-02-21,110,12.987,7.2,a
2016-02-22,93,9.256,8,a
2016-02-23,86,7.961,8.8,a
2016-02-24,83,7.49,8.4,a
2016-02-25,78,6.782,7.4,a
2016-02-26,76,6.426,7.3,a
2016-02-27,73,6.032,6.7,a
2016-02-28,73,6.006,7.1,a
2016-02-29,94,9.643,7.9,a
2016-03-01,94,9.441,8.3,a
2016-03-02,86,7.95,7.8,a
2016-03-03,98,10.407,7.6,a
2016-03-04,94,9.551,7.7,a
2016-03-05,84,7.761,7.3,a
2016-03-06,99,10.607,8,a
2016-03-07,140,20.281,7.5,a
2016-03-08,119,15.152,7.7,a
2016-03-09,100,10.659,7.7,a
2016-03-10,90,8.787,8.3,a
2016-03-11,84,7.633,8.6,a
2016-03-12,78,6.825,8.7,a
2016-03-13,75,6.31,8.3,a
2016-03-14,72,5.977,8.4,a
2016-03-15,70,5.675,7.4,a
2016-03-16,68,5.482,7,a
2016-03-17,67,5.264,8.2,a
2016-03-18,66,5.117,8.2,a
2016-03-19,64,4.971,8.7,a
2016-03-20,63,4.804,9.1,a
2016-03-21,62,4.686,9,a
2016-03-22,61,4.6,9.6,a
2016-03-23,61,4.499,8.5,a
2016-03-24,60,4.418,8.2,a
2016-03-25,59,4.253,8.5,a
2016-03-26,58,4.193,9.4,a
2016-03-27,57,4.114,9.3,a
2016-03-28,57,4.075,9.2,a
2016-03-29,56,4.012,10.1,a
2016-03-30,53,3.644,10.3,a
2016-03-31,54,3.7,11.4,a
2016-04-01,54,3.738,11.9,a
2016-04-02,54,3.672,11.6,a
2016-04-03,53,3.657,11.1,a
2016-04-04,53,3.592,11.7,a
2016-04-05,53,3.569,11.9,a
2016-04-06,54,3.736,11.7,a
2016-04-07,53,3.625,12.3,a
2016-04-08,54,3.682,11.6,a
2016-04-09,58,4.184,11.1,a
2016-04-10,57,4.038,11.4,a
2016-04-11,54,3.753,12.2,a
2016-04-12,55,3.872,11.8,a
2016-04-13,55,3.843,12,a
2016-04-14,78,7.133,11.8,a
2016-04-15,66,5.23,11.9,a
2016-04-16,58,4.208,12.6,a
2016-04-17,56,3.925,12.7,a
2016-04-18,55,3.79,12.4,a
2016-04-19,54,3.772,11.6,a
2016-04-20,54,3.691,11.1,a
2016-04-21,54,3.692,11.5,a
2016-04-22,54,3.715,12.1,a
2016-04-23,52,3.518,11.8,a
2016-04-24,52,3.481,11.4,a
2016-04-25,53,3.617,10.1,a
2016-04-26,53,3.667,9.4,a
2016-04-27,56,3.988,9,a
2016-04-28,62,4.697,7.2,a
2016-04-29,71,5.887,9.3,a
2016-04-30,69,5.563,10.5,a
2016-05-01,68,5.514,10.9,a
2016-05-02,90,8.672,10.9,a
2016-05-03,77,6.649,11.5,a
2016-05-04,67,5.351,11.7,a
2016-05-05,63,4.836,12.3,a
2016-05-06,61,4.559,12.7,a
2016-05-07,59,4.363,12.9,a
2016-05-08,62,4.724,12.5,a
2016-05-09,57,4.058,12.9,a
2016-05-10,48,3.051,13.4,a
2016-05-11,47,3.012,13,a
2016-05-12,71,6.095,12.7,a
2016-05-13,75,6.351,12.7,a
2016-05-14,79,7.289,12.7,a
2016-05-15,147,22.202,12.1,a
2016-05-16,103,11.52,11.8,a
2016-05-17,77,6.686,11.9,a
2016-05-18,68,5.382,12.4,a
2016-05-19,68,5.442,11.7,a
2016-05-20,68,5.386,12.3,a
2016-05-21,65,4.987,13,a
2016-05-22,63,4.738,13.9,a
2016-05-23,61,4.56,13.5,a
2016-05-24,62,4.667,12.6,a
2016-05-25,60,4.433,13,a
2016-05-26,58,4.248,14.1,a
2016-05-27,58,4.228,14.3,a
2016-05-28,57,4.036,14.4,a
2016-05-29,56,4.012,14.1,a
2016-05-30,59,4.353,13.5,a
2016-05-31,59,4.342,13.2,a
2016-06-01,60,4.445,13,a
2016-06-02,60,4.479,13.3,a
2016-06-03,58,4.228,13.8,a
2016-06-04,59,4.336,14.2,a
2016-06-05,56,3.949,14.3,a
2016-06-06,56,3.901,14,a
2016-06-07,57,4.065,14,a
2016-06-08,76,7.394,14.7,a
2016-06-09,95,9.887,14.9,a
2016-06-10,96,10.091,14.3,a
2016-06-11,81,7.201,14.1,a
2016-06-12,92,9.252,14.5,a
2016-06-13,84,7.721,14.4,a
2016-06-14,75,6.291,14.1,a
2016-06-15,168,28.676,14.7,a
2016-06-16,128,16.917,14.6,a
2016-06-17,95,9.462,15.2,a
2016-06-18,79,6.409,14.6,a
2016-06-19,72,5.403,13.6,a
2016-06-20,73,5.604,13.8,a
2016-06-21,69,4.917,14.5,a
2016-06-22,65,4.363,15.5,a
2016-06-23,63,4.08,15.8,a
2016-06-24,61,3.927,16.3,a
2016-06-25,60,3.743,16.1,a
2016-06-26,71,5.52,16,a
2016-06-27,72,5.483,16.2,a
2016-06-28,65,4.326,15.2,a
2016-06-29,61,3.839,15.7,a
2016-06-30,59,3.677,16,a
2016-07-01,58,3.548,16.3,a
2016-07-02,57,3.413,16.5,a
2016-07-03,67,4.761,16.1,a
2016-07-04,63,4.179,15.6,a
2016-07-05,60,3.744,15.7,a
2016-07-06,99,10.348,17.4,a
2016-07-07,68,4.783,16.6,a
2016-07-08,62,4.001,16.1,a
2016-07-09,60,3.722,16.3,a
2016-07-10,58,3.553,16.8,a
2016-07-11,57,3.361,17.3,a
2016-07-12,55,3.213,17.2,a
2016-07-13,55,3.227,17.2,a
2016-07-14,68,4.861,16.9,a
2016-07-15,59,3.649,14.5,a
2016-07-16,56,3.298,13.5,a
2016-07-17,55,3.183,14.1,a
2016-07-18,55,3.196,15.4,a
2016-07-19,59,3.607,16.5,a
2016-07-20,53,2.968,16.9,a
2016-07-21,51,2.776,17.2,a
2016-07-22,50,2.662,17.8,a
2016-07-23,49,2.557,18.1,a
2016-07-24,47,2.381,17.7,a
2016-07-25,47,2.344,17.7,a
2016-07-26,47,2.337,17.1,a
2016-07-27,46,2.318,17.2,a
2016-07-28,49,2.568,17,a
2016-07-29,50,2.657,17.3,a
2016-07-30,47,2.404,17.5,a
2016-07-31,46,2.284,17.9,a
2016-08-01,56,3.46,17.4,a
2016-08-02,54,3.098,16.9,a
2016-08-03,48,2.485,16.8,a
2016-08-04,46,2.314,17.2,a
2016-08-05,45,2.222,17.3,a
2016-08-06,47,2.382,17,a
2016-08-07,44,2.111,16.5,a
2016-08-08,42,1.975,16.5,a
2016-08-09,41,1.882,17.1,a
2016-08-10,49,2.639,16.7,a
2016-08-11,51,2.761,14.7,a
2016-08-12,45,2.22,14.1,a
2016-08-13,44,2.1,15.2,a
2016-08-14,43,2.062,16.1,a
2016-08-15,47,2.48,17,a
2016-08-16,70,5.268,18.7,a
2016-08-17,51,2.738,17.5,a
2016-08-18,52,2.86,17.1,a
2016-08-19,55,3.372,17.4,a
2016-08-20,61,4.007,17.1,a
2016-08-21,77,6.479,17.6,a
2016-08-22,85,7.597,16.2,a
2016-08-23,61,3.865,15.2,a
2016-08-24,54,3.062,15.7,a
2016-08-25,51,2.767,16.1,a
2016-08-26,49,2.591,16.1,a
2016-08-27,48,2.492,16.1,a
2016-08-28,47,2.381,16.4,a
2016-08-29,47,2.329,16.7,a
2016-08-30,47,2.37,16.8,a
2016-08-31,46,2.244,16.4,a
2016-09-01,45,2.188,16.1,a
2016-09-02,46,2.268,17,a
2016-09-03,43,2.07,16.5,a
2016-09-04,41,1.897,16.8,a
2016-09-05,43,2.018,16.8,a
2016-09-06,41,1.903,15.4,a
2016-09-07,40,1.815,15.6,a
2016-09-08,40,1.79,16.3,a
2016-09-09,40,1.766,16.6,a
2016-09-10,39,1.721,16.8,a
2016-09-11,37,1.617,17.4,a
2016-09-12,37,1.586,17.5,a
2016-09-13,36,1.547,17.5,a
2016-09-14,35,1.44,17.4,a
2016-09-15,36,1.502,17.2,a
2016-09-16,38,1.648,16.4,a
2016-09-17,53,3.025,16.5,a
2016-09-18,48,2.456,14.9,a
2016-09-19,46,2.248,14.6,a
2016-09-20,43,2.017,14.5,a
2016-09-21,42,1.913,14.6,a
2016-09-22,41,1.874,13.5,a
2016-09-23,41,1.888,13.7,a
2016-09-24,41,1.863,14.1,a
2016-09-25,38,1.688,14.3,a
2016-09-26,38,1.674,14.1,a
2016-09-27,37,1.614,14.5,a
2016-09-28,37,1.559,14.2,a
2016-09-29,36,1.529,14.2,a
2016-09-30,36,1.537,14.7,a
2016-10-01,36,1.535,14.9,a
2016-10-02,38,1.647,14.6,a
2016-10-03,38,1.676,14.7,a
2016-10-04,28,1.1,13.4,a
2016-10-05,26,0.985,11.8,a
2016-10-06,25,0.95,10.5,a
2016-10-07,24,0.932,10.7,a
2016-10-08,27,1.059,11.2,a
2016-10-09,35,1.493,11.6,a
2016-10-10,37,1.573,11.7,a
2016-10-11,37,1.611,11.4,a
2016-10-12,36,1.535,11.3,a
2016-10-13,35,1.459,10.7,a
2016-10-14,35,1.455,11.6,a
2016-10-15,39,1.764,12.3,a
2016-10-16,40,1.788,12.6,a
2016-10-17,38,1.678,12.5,a
2016-10-18,38,1.634,12.8,a
2016-10-19,39,1.727,12.3,a
2016-10-20,62,4.268,11.4,a
2016-10-21,77,6.234,11,a
2016-10-22,58,3.492,10.4,a
2016-10-23,50,2.686,10.6,a
2016-10-24,48,2.478,11.5,a
2016-10-25,47,2.411,12,a
2016-10-26,108,12.445,12.5,a
2016-10-27,68,4.854,11.6,a
2016-10-28,57,3.39,10.4,a
2016-10-29,53,2.995,10,a
2016-10-30,51,2.8,10,a
2016-10-31,50,2.635,10.5,a
2016-11-01,49,2.555,9.5,a
2016-11-02,48,2.5,9.7,a
2016-11-03,48,2.5,9.8,a
2016-11-04,47,2.388,8.6,a
2016-11-05,48,2.456,8.8,a
2016-11-06,130,18.171,10.8,a
2016-11-07,173,29.209,10.1,a
2016-11-08,118,14.495,9.4,a
2016-11-09,109,12.409,8.9,a
2016-11-10,107,11.924,8.7,a
2016-11-11,79,6.566,8.6,a
2016-11-12,102,10.801,8.7,a
2016-11-13,83,7.179,7.9,a
2016-11-14,69,4.947,7.8,a
2016-11-15,64,4.319,6.7,a
2016-11-16,62,3.969,7.3,a
2016-11-17,60,3.732,8.3,a
2016-11-18,59,3.617,9.4,a
2016-11-19,119,17.632,9.9,a
2016-11-20,136,19.359,9.7,a
2016-11-21,102,11.14,10.1,a
2016-11-22,81,7.234,10.6,a
2016-11-23,73,6.084,10.6,a
2016-11-24,69,5.53,10.8,a
2016-11-25,66,5.206,11.1,a
2016-11-26,64,4.945,10.7,a
2016-11-27,62,4.681,10.4,a
2016-11-28,60,4.418,9.2,a
2016-11-29,57,4.095,6.7,a
2016-11-30,55,3.867,5.7,a
2016-12-01,56,3.953,5.9,a
2016-12-02,56,3.905,6.1,a
2016-12-03,55,3.786,6.6,a
2016-12-04,53,3.639,6.1,a
2016-12-05,53,3.597,6.6,a
2016-12-06,52,3.536,5.7,a
2016-12-07,52,3.486,5.6,a
2016-12-08,51,3.399,5.2,a
2016-12-09,51,3.358,5.3,a
2016-12-10,51,3.394,5.3,a
2016-12-11,50,3.308,5.3,a
2016-12-12,50,3.281,5.9,a
2016-12-13,49,3.196,6.1,a
2016-12-14,49,3.125,6.1,a
2016-12-15,49,3.138,6.3,a
2016-12-16,48,3.081,7,a
2016-12-17,47,2.986,6,a
2016-12-18,46,2.858,5,a
2016-12-19,45,2.791,5.5,a
2016-12-20,45,2.729,6.1,a
2016-12-21,44,2.635,5.8,a
2016-12-22,43,2.56,5.4,a
2016-12-23,42,2.465,5.2,a
2016-12-24,41,2.418,4.7,a
2016-12-25,41,2.426,5.2,a
2016-12-26,41,2.399,5.5,a
2016-12-27,41,2.341,6,a
2016-12-28,40,2.249,6.3,a
2016-12-29,38,2.124,6.4,a
2016-12-30,37,2.06,4.6,a
2016-12-31,36,1.981,3.7,a
2017-01-01,36,1.954,3.3,a
2017-01-02,36,1.971,3.5,a
2017-01-03,35,1.907,5,a
2017-01-04,35,1.833,4.4,a
2017-01-05,35,1.869,4.6,a
2017-01-06,33,1.723,3.6,a
2017-01-07,32,1.631,3.2,a
2017-01-08,33,1.735,3.4,a
2017-01-09,32,1.67,3.5,a
2017-01-10,33,1.722,3.7,a
2017-01-11,32,1.622,3.2,a
2017-01-12,33,1.688,3.4,a
2017-01-13,65,5.742,3.4,a
2017-01-14,63,4.865,3.7,a
2017-01-15,47,2.975,4.1,a
2017-01-16,42,2.472,3.8,a
2017-01-17,41,2.357,3.9,a
2017-01-18,39,2.242,4.1,a
2017-01-19,37,2.018,4.4,a
2017-01-20,36,1.929,3.6,a
2017-01-21,36,1.91,3.3,a
2017-01-22,36,1.916,3.3,a
2017-01-23,35,1.896,3.7,a
2017-01-24,35,1.876,3.7,a
2017-01-25,35,1.866,4.1,a
2017-01-26,35,1.866,4.7,a
2017-01-27,35,1.843,4.9,a
2017-01-28,34,1.805,3.8,a
2017-01-29,34,1.801,3.7,a
2017-01-30,34,1.791,4,a
2017-01-31,34,1.791,4.5,a
2017-02-01,78,7.661,3.9,a
2017-02-02,85,7.933,4.6,a
2017-02-03,81,7.288,5.3,a
2017-02-04,94,9.502,5.5,a
2017-02-05,105,11.868,5.5,a
2017-02-06,114,13.999,5.6,a
2017-02-07,94,9.621,5.8,a
2017-02-08,78,6.75,5.9,a
2017-02-09,69,5.615,5.2,a
2017-02-10,64,4.966,5.4,a
2017-02-11,60,4.484,5.7,a
2017-02-12,58,4.184,5.9,a
2017-02-13,54,3.781,6,a
2017-02-14,53,3.643,6.1,a
2017-02-15,52,3.49,5.4,a
2017-02-16,51,3.385,5.6,a
2017-02-17,50,3.254,6.1,a
2017-02-18,51,3.403,7.3,a
2017-02-19,50,3.294,7.7,a
2017-02-20,49,3.178,7,a
2017-02-21,48,3.038,7,a
2017-02-22,47,2.935,7.4,a
2017-02-23,47,2.918,8.2,a
2017-02-24,54,3.946,8.3,a
2017-02-25,93,9.333,6.4,a
2017-02-26,73,6.076,6.2,a
2017-02-27,66,5.169,6.9,a
2017-02-28,63,4.799,7.5,a
2017-03-01,84,8.038,7.4,a
2017-03-02,78,6.83,6.9,a
2017-03-03,70,5.669,7.9,a
2017-03-04,67,5.312,8.6,a
2017-03-05,82,7.337,8.4,a
2017-03-06,73,6.048,8.4,a
2017-03-07,71,5.758,8.6,a
2017-03-08,66,5.159,8.3,a
2017-03-09,63,4.794,8.4,a
2017-03-10,61,4.6,8.5,a
2017-03-11,60,3.697,8,a
2017-03-12,58,3.552,7.8,a
2017-03-13,57,3.432,8,a
2017-03-14,56,3.238,8.1,a
2017-03-15,54,3.115,8.8,a
2017-03-16,54,3.065,9.1,a
2017-03-17,54,3.048,9.5,a
2017-03-18,54,3.061,9.6,a
2017-03-19,53,2.999,9.7,a
2017-03-20,53,2.994,10.9,a
2017-03-21,53,2.933,11.1,a
2017-03-22,53,2.916,10.6,a
2017-03-23,52,2.89,11,a
2017-03-24,52,2.834,11,a
2017-03-25,51,2.786,11.2,a
2017-03-26,51,2.75,9.5,a
2017-03-27,51,2.726,9,a
2017-03-28,50,2.64,9.5,a
2017-03-29,49,2.599,10.5,a
2017-03-30,50,2.628,11.4,a
2017-03-31,50,2.611,11.9,a
2017-04-01,45,2.187,12.4,a
2017-04-02,47,2.366,12.2,a
2017-04-03,48,2.42,12,a
2017-04-04,49,2.598,11.6,a
2017-04-05,52,2.875,11.6,a
2017-04-06,50,2.615,11.9,a
2017-04-07,48,2.496,11.3,a
2017-04-08,48,2.438,12.3,a
2017-04-09,47,2.366,13.2,a
2017-04-10,47,2.378,13.2,a
2017-04-11,48,2.432,12.1,a
2017-04-12,49,2.552,11.6,a
2017-04-13,48,2.505,12.2,a
2017-04-14,49,2.563,13.1,a
2017-04-15,53,2.968,12.6,a
2017-04-16,52,2.88,11.8,a
2017-04-17,58,3.487,11.3,a
2017-04-18,54,3.048,10,a
2017-04-19,53,2.951,9.3,a
2017-04-20,50,2.639,9.2,a
2017-04-21,47,2.344,9.7,a
2017-04-22,46,2.325,10.5,a
2017-04-23,47,2.371,10.7,a
2017-04-24,47,2.329,10.7,a
2017-04-25,46,2.259,11.4,a
2017-04-26,45,2.212,11.8,a
2017-04-27,90,9.851,11.3,a
2017-04-28,226,45.67,10.8,a
2017-04-29,140,20.25,10.4,a
2017-04-30,107,11.934,10.5,a
2017-05-01,99,10.293,11.4,a
2017-05-02,93,9.029,11.7,a
2017-05-03,70,5.133,11.6,a
2017-05-04,63,4.182,11.4,a
2017-05-05,61,3.927,11.4,a
2017-05-06,60,3.717,11.6,a
2017-05-07,63,4.149,12.5,a
2017-05-08,59,3.686,12.5,a
2017-05-09,60,3.807,12.3,a
2017-05-10,61,3.836,11.6,a
2017-05-11,58,3.479,11.6,a
2017-05-12,58,3.554,12.8,a
2017-05-13,57,3.36,12.9,a
2017-05-14,56,3.229,13.2,a
2017-05-15,54,3.115,12.8,a
2017-05-16,54,3.07,13,a
2017-05-17,53,2.999,13.1,a
2017-05-18,53,2.96,13.3,a
2017-05-19,53,2.912,13.9,a
2017-05-20,54,3.119,13,a
2017-05-21,55,3.189,13.4,a
2017-05-22,52,2.877,13.9,a
2017-05-23,52,2.873,14.5,a
2017-05-24,50,2.693,14.3,a
2017-05-25,49,2.575,14.1,a
2017-05-26,49,2.579,13.9,a
2017-05-27,49,2.572,14.2,a
2017-05-28,50,2.607,14.5,a
2017-05-29,49,2.587,14.8,a
2017-05-30,50,2.607,15.1,a
2017-05-31,50,2.623,15.4,a
2017-06-01,50,2.623,15.7,a
2017-06-02,49,2.584,15.6,a
2017-06-03,47,2.416,15.6,a
2017-06-04,48,2.442,15.4,a
2017-06-05,47,2.392,14.9,a
2017-06-06,48,2.446,14.6,a
2017-06-07,54,3.089,14.2,a
2017-06-08,50,2.672,13.4,a
2017-06-09,49,2.513,13.8,a
2017-06-10,48,2.427,14.3,a
2017-06-11,47,2.374,15,a
2017-06-12,47,2.355,15.5,a
2017-06-13,47,2.333,16.1,a
2017-06-14,46,2.262,15.5,a
2017-06-15,46,2.241,15.5,a
2017-06-16,46,2.298,15.9,a
2017-06-17,47,2.329,15.6,a
2017-06-18,45,2.205,15.6,a
2017-06-19,44,2.153,16,a
2017-06-20,43,2.052,16.9,a
2017-06-21,41,1.898,17.5,a
2017-06-22,41,1.866,17.5,a
2017-06-23,40,1.818,18,a
2017-06-24,40,1.809,18,a
2017-06-25,43,2.053,17.5,a
2017-06-26,49,2.603,17.8,a
2017-06-27,43,2.02,16.9,a
2017-06-28,52,3.063,16.8,a
2017-06-29,105,11.684,17,a
2017-06-30,67,4.727,15.6,a
2017-07-01,98,10.276,16.1,a
2017-07-02,64,4.251,15.3,a
2017-07-03,56,3.278,15.4,a
2017-07-04,53,2.908,16,a
2017-07-05,51,2.742,16.7,a
2017-07-06,50,2.62,17.1,a
2017-07-07,48,2.423,17.2,a
2017-07-08,48,2.424,17.1,a
2017-07-09,47,2.413,17.7,a
2017-07-10,46,2.319,18.3,a
2017-07-11,47,2.434,17.9,a
2017-07-12,74,5.919,19.1,a
2017-07-13,53,2.993,18.1,a
2017-07-14,51,2.758,16.5,a
2017-07-15,46,2.315,16.4,a
2017-07-16,43,2.008,15.9,a
2017-07-17,42,1.965,16.3,a
2017-07-18,40,1.823,17.3,a
2017-07-19,39,1.725,18.1,a
2017-07-20,38,1.635,18.6,a
2017-07-21,36,1.54,19.2,a
2017-07-22,35,1.487,19.4,a
2017-07-23,34,1.396,19.6,a
2017-07-24,43,2.183,19,a
2017-07-25,51,2.739,17,a
2017-07-26,47,2.398,15.9,a
2017-07-27,42,1.935,16.7,a
2017-07-28,39,1.701,17.9,a
2017-07-29,36,1.548,18.8,a
2017-07-30,35,1.454,19.1,a
2017-07-31,35,1.437,19.7,a
2017-08-01,32,1.303,21.1,a
2017-08-02,34,1.536,21.5,a
2017-08-03,56,3.442,20.2,a
2017-08-04,44,2.109,20,a
2017-08-05,39,1.721,20.5,a
2017-08-06,37,1.596,20.7,a
2017-08-07,60,3.817,19.5,a
2017-08-08,45,2.235,18.2,a
2017-08-09,40,1.836,19,a
2017-08-10,37,1.61,19.4,a
2017-08-11,40,1.821,19.1,a
2017-08-12,37,1.6,17.6,a
2017-08-13,36,1.496,17.5,a
2017-08-14,33,1.34,18.9,a
2017-08-15,33,1.314,19.1,a
2017-08-16,32,1.289,19.4,a
2017-08-17,32,1.312,19.7,a
2017-08-18,32,1.28,19.6,a
2017-08-19,31,1.249,19.2,a
2017-08-20,45,2.197,17.6,a
2017-08-21,40,1.839,16.1,a
2017-08-22,34,1.412,16.1,a
2017-08-23,31,1.247,17,a
2017-08-24,30,1.16,17.9,a
2017-08-25,30,1.168,19,a
2017-08-26,30,1.162,19.5,a
2017-08-27,30,1.187,19.8,a
2017-08-28,38,1.938,19.1,a
2017-08-29,49,2.678,19.1,a
2017-08-30,36,1.531,18.4,a
2017-08-31,33,1.345,18.9,a
2017-09-01,36,1.545,18.5,a
2017-09-02,48,2.495,17.2,a
2017-09-03,58,3.484,16.1,a
2017-09-04,47,2.366,14.7,a
2017-09-05,41,1.912,15.3,a
2017-09-06,37,1.589,16,a
2017-09-07,51,2.957,16,a
2017-09-08,52,2.867,15.1,a
2017-09-09,46,2.307,14.7,a
2017-09-10,67,5.091,15.5,a
2017-09-11,99,10.442,15.4,a
2017-09-12,104,11.438,14.8,a
2017-09-13,101,10.77,13.8,a
2017-09-14,69,4.936,13.4,a
2017-09-15,156,24.806,13.3,a
2017-09-16,205,38.745,13.2,a
2017-09-17,168,28.012,13.5,a
2017-09-18,133,18.35,13.2,a
2017-09-19,165,27.147,12.8,a
2017-09-20,165,26.906,12.4,a
2017-09-21,129,17.374,12.4,a
2017-09-22,115,14.014,12.5,a
2017-09-23,106,12.145,12.7,a
2017-09-24,99,10.587,13,a
2017-09-25,73,6.12,12.7,a
2017-09-26,65,5.096,12.6,a
2017-09-27,63,4.754,12.7,a
2017-09-28,61,4.494,12.7,a
2017-09-29,59,4.292,12.3,a
2017-09-30,58,4.183,12,a
2017-10-01,57,4.051,11.9,a
2017-10-02,55,3.877,11.3,a
2017-10-03,54,3.762,11.5,a
2017-10-04,55,3.819,12.3,a
2017-10-05,53,3.667,12.8,a
2017-10-06,54,3.682,13,a
2017-10-07,53,3.639,11.5,a
2017-10-08,53,3.578,11.4,a
2017-10-09,51,3.44,11.8,a
2017-10-10,53,3.594,12.7,a
2017-10-11,52,3.486,12.5,a
2017-10-12,50,3.233,12.3,a
2017-10-13,47,2.99,12.6,a
2017-10-14,46,2.909,12.6,a
2017-10-15,45,2.779,12.9,a
2017-10-16,45,2.746,12.7,a
2017-10-17,45,2.741,12.8,a
2017-10-18,44,2.667,12.8,a
2017-10-19,44,2.673,12.4,a
2017-10-20,42,2.492,12.3,a
2017-10-21,42,2.498,12.2,a
2017-10-22,52,3.651,12,a
2017-10-23,80,7.295,11.5,a
2017-10-24,59,4.301,11.1,a
2017-10-25,53,3.571,10.7,a
2017-10-26,49,3.125,10.8,a
2017-10-27,47,3.012,11.1,a
2017-10-28,47,2.931,10.3,a
2017-10-29,45,2.758,10.4,a
2017-10-30,44,2.668,10.1,a
2017-10-31,43,2.563,9,a
2017-11-01,43,2.539,8.9,a
2017-11-02,43,2.532,9.6,a
2017-11-03,43,2.549,10.7,a
2017-11-04,38,2.172,11.4,a
2017-11-05,41,2.353,12.2,a
2017-11-06,49,3.19,11.5,a
2017-11-07,87,8.549,9.9,a
2017-11-08,91,9.061,9.9,a
2017-11-09,73,6.04,10.3,a
2017-11-10,64,4.894,10.5,a
2017-11-11,59,4.358,9.7,a
2017-11-12,57,4.075,9.7,a
2017-11-13,116,14.847,9,a
2017-11-14,99,10.692,8.6,a
2017-11-15,74,6.231,8,a
2017-11-16,67,5.286,8.5,a
2017-11-17,63,4.815,8.9,a
2017-11-18,60,4.463,8.9,a
2017-11-19,58,4.228,8,a
2017-11-20,57,4.017,7.3,a
2017-11-21,55,3.843,7.2,a
2017-11-22,54,3.709,8.6,a
2017-11-23,51,3.364,8.6,a
2017-11-24,45,2.787,8.5,a
2017-11-25,43,2.615,9.2,a
2017-11-26,148,22.901,8,a
2017-11-27,102,11.224,7,a
2017-11-28,80,7.107,6.3,a
2017-11-29,83,8.105,6.8,a
2017-11-30,114,13.797,6.8,a
2017-12-01,90,8.817,7,a
2017-12-02,76,6.457,6.8,a
2017-12-03,68,5.424,6.1,a
2017-12-04,62,4.641,5.3,a
2017-12-05,57,4.029,5,a
2017-12-06,53,3.654,5.2,a
2017-12-07,51,3.417,5.4,a
2017-12-08,65,5.639,7.2,a
2017-12-09,147,22.218,6.3,a
2017-12-10,105,11.724,5.6,a
2017-12-11,148,22.677,6.4,a
2017-12-12,146,21.801,8.4,a
2017-12-13,132,18.179,7.7,a
2017-12-14,115,14.042,7.5,a
2017-12-15,130,18.012,8.1,a
2017-12-16,148,22.317,7.6,a
2017-12-17,112,13.351,6.9,a
2017-12-18,98,10.291,6.5,a
2017-12-19,91,8.913,6,a
2017-12-20,86,7.947,5.7,a
2017-12-21,80,7.099,5.5,a
2017-12-22,78,6.773,5.5,a
2017-12-23,65,5.032,5.7,a
2017-12-24,59,4.293,5.7,a
2017-12-25,56,3.997,5.6,a
2017-12-26,55,3.891,6.7,a
2017-12-27,61,4.932,7.6,a
2017-12-28,135,19.013,7,a
2017-12-29,101,10.914,6.5,a
2017-12-30,86,8.011,6.1,a
2017-12-31,74,6.168,6.1,a
2018-01-01,79,7.086,7.2,a
2018-01-02,102,11.188,6.9,a
2018-01-03,82,7.418,6.9,a
2018-01-04,75,6.387,6.6,a
2018-01-05,72,5.935,7.6,a
2018-01-06,76,6.477,8.6,a
2018-01-07,75,6.338,9.1,a
2018-01-08,74,6.202,8.9,a
2018-01-09,73,6.661,8.8,a
2018-01-10,118,14.879,8.4,a
2018-01-11,99,10.486,8.1,a
2018-01-12,84,7.706,7.8,a
2018-01-13,71,5.839,7.9,a
2018-01-14,66,5.207,7.3,a
2018-01-15,62,4.682,6.6,a
2018-01-16,60,4.443,6.7,a
2018-01-17,59,4.274,7.3,a
2018-01-18,54,3.781,6.1,a
2018-01-19,67,5.557,7,a
2018-01-20,75,6.366,6.6,a
2018-01-21,65,5.044,6.6,a
2018-01-22,60,4.383,6,a
2018-01-23,57,4.066,6.3,a
2018-01-24,54,3.705,6.2,a
2018-01-25,53,3.639,6.4,a
2018-01-26,52,3.509,7.7,a
2018-01-27,51,3.358,7.6,a
2018-01-28,49,3.183,7.4,a
2018-01-29,48,3.094,7,a
2018-01-30,48,3.094,6.9,a
2018-01-31,48,3.029,7.3,a
2018-02-01,52,3.54,8,a
2018-02-02,98,10.735,6.1,a
2018-02-03,87,8.171,5.6,a
2018-02-04,77,6.619,6.3,a
2018-02-05,71,5.871,6.3,a
2018-02-06,69,5.578,6.4,a
2018-02-07,69,5.557,5.5,a
2018-02-08,66,5.227,6.4,a
2018-02-09,65,5.106,6.6,a
2018-02-10,67,5.243,6.6,a
2018-02-11,68,5.38,6.2,a
2018-02-12,66,5.112,5.4,a
2018-02-13,63,4.743,5.8,a
2018-02-14,60,4.448,5.6,a
2018-02-15,58,4.144,4.7,a
2018-02-16,56,3.949,4.8,a
2018-02-17,56,3.93,6.1,a
2018-02-18,67,5.291,6.2,a
2018-02-19,69,5.551,5.7,a
2018-02-20,65,5.023,5.8,a
2018-02-21,65,4.989,6,a
2018-02-22,68,5.402,5.6,a
2018-02-23,66,5.206,5.6,a
2018-02-24,64,4.955,5.8,a
2018-02-25,62,4.646,4,a
2018-02-26,59,4.348,2.7,a
2018-02-27,59,4.317,2.8,a
2018-02-28,57,4.08,2.8,a
2018-03-01,55,3.886,2.9,a
2018-03-02,56,4.007,3.8,a
2018-03-03,57,4.065,4.3,a
2018-03-04,56,3.934,5.4,a
2018-03-05,56,3.915,5.6,a
2018-03-06,58,4.154,4.8,a
2018-03-07,59,4.282,6.4,a
2018-03-08,74,6.26,6.4,a
2018-03-09,92,9.323,6,a
2018-03-10,111,13.194,6.6,a
2018-03-11,116,14.255,6.7,a
2018-03-12,126,16.698,7.4,a
2018-03-13,117,14.485,7.7,a
2018-03-14,104,11.562,8.3,a
2018-03-15,89,8.593,8.5,a
2018-03-16,92,9.157,8.4,a
2018-03-17,104,11.82,7.8,a
2018-03-18,113,13.634,7.3,a
2018-03-19,94,9.466,6.2,a
2018-03-20,85,7.881,5.9,a
2018-03-21,79,6.956,6.1,a
2018-03-22,76,6.42,6.2,a
2018-03-23,74,6.18,6.1,a
2018-03-24,71,5.87,7,a
2018-03-25,69,5.589,7.1,a
2018-03-26,68,5.402,7.3,a
2018-03-27,66,5.195,8.5,a
2018-03-28,65,5.075,8.9,a
2018-03-29,67,5.303,9.2,a
2018-03-30,134,18.806,8.9,a
2018-03-31,107,12.277,9.2,a
2018-04-01,97,10.039,9.5,a
2018-04-02,85,7.805,9.3,a
2018-04-03,79,6.905,10.1,a
2018-04-04,75,6.287,9.9,a
2018-04-05,76,6.512,10.5,a
2018-04-06,76,6.443,10.9,a
2018-04-07,71,5.854,10.5,a
2018-04-08,70,5.632,11,a
2018-04-09,68,5.476,11,a
2018-04-10,70,5.626,11.3,a
2018-04-11,65,5.099,11.9,a
2018-04-12,77,7.063,11.6,a
2018-04-13,93,9.342,11.6,a
2018-04-14,75,6.407,11.3,a
2018-04-15,71,5.764,11.8,a
2018-04-16,76,6.578,12.3,a
2018-04-17,113,13.634,12.3,a
2018-04-18,91,8.558,12.4,a
2018-04-19,78,6.358,12.3,a
2018-04-20,73,5.579,12.6,a
2018-04-21,70,5.07,13,a
2018-04-22,68,4.749,13.1,a
2018-04-23,66,4.52,13,a
2018-04-24,64,4.274,13,a
2018-04-25,63,4.08,13.1,a
2018-04-26,61,3.927,12.7,a
2018-04-27,61,3.87,12.6,a
2018-04-28,60,3.712,12.6,a
2018-04-29,59,3.657,12.8,a
2018-04-30,59,3.602,13,a
2018-05-01,58,3.456,12.1,a
2018-05-02,57,3.451,12.6,a
2018-05-03,59,3.573,13.4,a
2018-05-04,60,3.738,13.1,a
2018-05-05,64,4.215,13.3,a
2018-05-06,58,3.514,13.3,a
2018-05-07,56,3.327,13.2,a
2018-05-08,56,3.233,12.9,a
2018-05-09,54,3.098,12.8,a
2018-05-10,52,2.894,13.3,a
2018-05-11,52,2.886,12.8,a
2018-05-12,52,2.89,13,a
2018-05-13,53,2.937,13.7,a
2018-05-14,53,3.005,13.2,a
2018-05-15,87,7.888,13.6,a
2018-05-16,68,4.75,12.6,a
2018-05-17,61,3.85,12.8,a
2018-05-18,59,3.607,13,a
2018-05-19,60,3.807,12.9,a
2018-05-20,58,3.568,13.2,a
2018-05-21,57,3.398,13.6,a
2018-05-22,56,3.313,13.2,a
2018-05-23,56,3.289,13.4,a
2018-05-24,57,3.424,13.9,a
2018-05-25,59,3.597,14.3,a
2018-05-26,56,3.28,14.3,a
2018-05-27,56,3.302,14.8,a
2018-05-28,62,3.961,15.5,a
2018-05-29,62,3.947,15.1,a
2018-05-30,60,3.781,15,a
2018-05-31,57,3.365,15.2,a
2018-06-01,55,3.201,14.9,a
2018-06-02,54,3.075,14.7,a
2018-06-03,54,3.083,14.7,a
2018-06-04,54,3.017,14.8,a
2018-06-05,54,3.035,14.4,a
2018-06-06,56,3.262,15.2,a
2018-06-07,52,2.904,14.9,a
2018-06-08,52,2.892,14.8,a
2018-06-09,55,3.216,15.8,a
2018-06-10,53,2.964,15.6,a
2018-06-11,52,2.864,15.8,a
2018-06-12,51,2.801,15.6,a
2018-06-13,52,2.839,14.7,a
2018-06-14,51,2.796,14.4,a
2018-06-15,51,2.746,14,a
2018-06-16,50,2.689,14.4,a
2018-06-17,50,2.664,14.3,a
2018-06-18,51,2.776,15,a
2018-06-19,50,2.691,14.9,a
2018-06-20,50,2.678,15.3,a
2018-06-21,50,2.676,15.7,a
2018-06-22,66,4.584,16.1,a
2018-06-23,56,3.236,14.2,a
2018-06-24,51,2.788,14.2,a
2018-06-25,53,2.983,14.5,a
2018-06-26,51,2.784,14.2,a
2018-06-27,50,2.66,14.4,a
2018-06-28,50,2.623,14.1,a
2018-06-29,50,2.689,14.4,a
2018-06-30,51,2.783,15.1,a
2018-07-01,54,3.014,15.6,a
2018-07-02,49,2.597,14.6,a
2018-07-03,48,2.487,14.8,a
2018-07-04,67,4.877,16.4,a
2018-07-05,53,3.014,16.7,a
2018-07-06,50,2.647,16,a
2018-07-07,49,2.536,16.1,a
2018-07-08,47,2.4,15.5,a
2018-07-09,47,2.385,15.6,a
2018-07-10,46,2.318,15.7,a
2018-07-11,69,5.518,16.2,a
2018-07-12,123,16.024,16.1,a
2018-07-13,133,18.467,16.3,a
2018-07-14,99,10.196,16.7,a
2018-07-15,90,8.378,17.1,a
2018-07-16,75,5.885,16.4,a
2018-07-17,61,3.878,16.7,a
2018-07-18,55,3.12,16.6,a
2018-07-19,52,2.864,17,a
2018-07-20,50,2.688,17.3,a
2018-07-21,50,2.66,16.8,a
2018-07-22,54,3.044,17.2,a
2018-07-23,53,2.937,16.8,a
2018-07-24,50,2.607,16.7,a
2018-07-25,48,2.468,17.5,a
2018-07-26,51,2.797,17.6,a
2018-07-27,48,2.489,17.3,a
2018-07-28,47,2.344,18,a
2018-07-29,46,2.277,18.6,a
2018-07-30,47,2.351,19,a
2018-07-31,45,2.234,19.6,a
2018-08-01,43,2.032,19.5,a
2018-08-02,43,2.022,19.6,a
2018-08-03,42,1.961,19.3,a
2018-08-04,42,1.962,19.5,a
2018-08-05,41,1.894,19.6,a
2018-08-06,41,1.866,20.1,a
2018-08-07,39,1.713,20.3,a
2018-08-08,38,1.631,20.5,a
2018-08-09,38,1.64,20.5,a
2018-08-10,37,1.6,20.4,a
2018-08-11,37,1.559,20.1,a
2018-08-12,37,1.598,19.2,a
2018-08-13,37,1.598,19.1,a
2018-08-14,41,1.884,19,a
2018-08-15,39,1.731,18.5,a
2018-08-16,38,1.623,18.4,a
2018-08-17,37,1.573,18.5,a
2018-08-18,36,1.552,19.3,a
2018-08-19,35,1.456,19.7,a
2018-08-20,35,1.433,19.7,a
2018-08-21,33,1.322,20,a
2018-08-22,30,1.205,20.9,a
2018-08-23,30,1.162,21.1,a
2018-08-24,30,1.165,20.9,a
2018-08-25,45,2.411,19.1,a
2018-08-26,88,8.211,16.2,a
2018-08-27,61,3.95,15.1,a
2018-08-28,51,2.768,14.5,a
2018-08-29,48,2.505,14.8,a
2018-08-30,47,2.363,15.3,a
2018-08-31,50,2.615,15.8,a
2018-09-01,71,5.689,16,a
2018-09-02,73,5.53,15.8,a
2018-09-03,91,9.122,16,a
2018-09-04,77,6.178,15.9,a
2018-09-05,61,3.923,15.6,a
2018-09-06,56,3.239,15.6,a
2018-09-07,56,3.259,15.8,a
2018-09-08,64,4.339,16,a
2018-09-09,54,3.053,15.6,a
2018-09-10,51,2.717,15.6,a
2018-09-11,50,2.682,15.7,a
2018-09-12,50,2.668,15.3,a
2018-09-13,50,2.619,15.5,a
2018-09-14,52,2.932,15.7,a
2018-09-15,58,3.509,16.3,a
2018-09-16,50,2.652,15.8,a
2018-09-17,47,2.367,15.8,a
2018-09-18,46,2.325,16.1,a
2018-09-19,47,2.382,16,a
2018-09-20,45,2.22,16.3,a
2018-09-21,44,2.148,16.2,a
2018-09-22,48,2.45,15.1,a
2018-09-23,48,2.505,13.7,a
2018-09-24,116,15.43,14.8,a
2018-09-25,80,6.888,13.5,a
2018-09-26,60,3.761,11.9,a
2018-09-27,56,3.281,11.8,a
2018-09-28,54,3.044,12.4,a
2018-09-29,52,2.848,12.9,a
2018-09-30,50,2.669,12.2,a
2018-10-01,49,2.54,11.7,a
2018-10-02,51,2.718,12.4,a
2018-10-03,48,2.454,12,a
2018-10-04,47,2.354,12.2,a
2018-10-05,44,2.097,12.4,a
2018-10-06,44,2.146,12.8,a
2018-10-07,53,2.952,13.8,a
2018-10-08,47,2.406,14.2,a
2018-10-09,45,2.183,14.2,a
2018-10-10,44,2.134,14.1,a
2018-10-11,44,2.075,13.4,a
2018-10-12,43,2.048,13.3,a
2018-10-13,43,2.018,13.1,a
2018-10-14,43,1.998,12.9,a
2018-10-15,41,1.875,12.7,a
2018-10-16,41,1.897,13.2,a
2018-10-17,41,1.881,13.9,a
2018-10-18,41,1.868,14.4,a
2018-10-19,40,1.769,14,a
2018-10-20,38,1.668,13.6,a
2018-10-21,38,1.662,13.1,a
2018-10-22,38,1.674,11.9,a
2018-10-23,37,1.62,11.9,a
2018-10-24,40,1.787,12.1,a
2018-10-25,37,1.578,12.8,a
2018-10-26,37,1.557,12.3,a
2018-10-27,41,1.866,13.4,a
2018-10-28,70,6.054,13.3,a
2018-10-29,83,7.249,13.3,a
2018-10-30,120,15.11,13,a
2018-10-31,75,5.897,11.9,a
2018-11-01,69,4.943,11.3,a
2018-11-02,78,6.417,12,a
2018-11-03,112,13.216,12.6,a
2018-11-04,80,6.726,12.6,a
2018-11-05,70,5.026,12.5,a
2018-11-06,65,4.408,12.4,a
2018-11-07,63,4.16,12.5,a
2018-11-08,60,3.774,12.2,a
2018-11-09,57,3.384,11.9,a
2018-11-10,56,3.308,11.8,a
2018-11-11,57,3.341,11.8,a
2018-11-12,56,3.252,12.2,a
2018-11-13,55,3.142,11.9,a
2018-11-14,54,3.115,11.5,a
2018-11-15,54,3.079,10.9,a
2018-11-16,54,3.052,9.8,a
2018-11-17,54,3.047,8.9,a
2018-11-18,53,2.959,8,a
2018-11-19,52,2.852,8,a
2018-11-20,53,2.977,7.5,a
2018-11-21,54,3.052,8,a
2018-11-22,54,3.021,8.7,a
2018-11-23,53,3.003,9.1,a
2018-11-24,55,3.208,9.3,a
2018-11-25,82,6.927,9.3,a
2018-11-26,122,15.642,9.4,a
2018-11-27,92,8.795,9.2,a
2018-11-28,73,5.553,8,a
2018-11-29,61,3.95,6.7,a
2018-11-30,55,3.193,6.6,a
2018-12-01,53,2.912,6.7,a
2018-12-02,53,2.989,7.1,a
2018-12-03,57,3.442,8.1,a
2018-12-04,57,3.398,8.8,a
2018-12-05,56,3.289,8.4,a
2018-12-06,55,3.215,8.3,a
2018-12-07,55,3.155,8.1,a
2018-12-08,59,3.639,8.6,a
2018-12-09,58,3.558,7.8,a
2018-12-10,56,3.337,7.3,a
2018-12-11,54,3.07,6.9,a
2018-12-12,53,2.964,6.3,a
2018-12-13,53,2.95,5.9,a
2018-12-14,53,2.937,6.1,a
2018-12-15,52,2.894,6,a
2018-12-16,51,2.792,5.9,a
2018-12-17,52,2.826,5.7,a
2018-12-18,51,2.713,5,a
2018-12-19,50,2.623,5.7,a
2018-12-20,50,2.623,6.3,a
2018-12-21,48,2.469,6.5,a
2018-12-22,48,2.462,6.9,a
2018-12-23,47,2.411,6.8,a
2018-12-24,46,2.273,7.2,a
2018-12-25,45,2.155,5.9,a
2018-12-26,43,2.043,5,a
2018-12-27,41,1.909,4.4,a
2018-12-28,41,1.888,4.5,a
2018-12-29,40,1.815,5,a
2018-12-30,40,1.802,5.3,a
2018-12-31,40,1.799,5.8,a
2019-01-01,40,1.802,6.9,a
2019-01-02,40,1.802,5.9,a
2019-01-03,40,1.799,5.2,a
2019-01-04,39,1.727,4.8,a
2019-01-05,39,1.747,4.9,a
2019-01-06,39,1.759,5.1,a
2019-01-07,39,1.726,5.6,a
2019-01-08,39,1.704,5.3,a
2019-01-09,39,1.697,5.6,a
2019-01-10,39,1.691,5.9,a
2019-01-11,38,1.662,5.5,a
2019-01-12,38,1.665,5.4,a
2019-01-13,38,1.662,5.6,a
2019-01-14,38,1.653,6.4,a
2019-01-15,37,1.617,6.3,a
2019-01-16,37,1.56,6.1,a
2019-01-17,37,1.562,7.5,a
2019-01-18,82,7.646,6.1,a
2019-01-19,69,5.043,5.6,a
2019-01-20,58,3.474,5.5,a
2019-01-21,52,2.874,5.5,a
2019-01-22,50,2.639,5.3,a
2019-01-23,49,2.571,5,a
2019-01-24,48,2.458,5.1,a
2019-01-25,46,2.254,4.8,a
2019-01-26,44,2.076,3.6,a
2019-01-27,44,2.111,4,a
2019-01-28,68,5.016,4.9,a
2019-01-29,70,5.108,5.6,a
2019-01-30,64,4.28,5.9,a
2019-01-31,60,3.774,5.4,a
2019-02-01,59,3.682,5.6,a
2019-02-02,130,18.15,5.9,a
2019-02-03,168,27.753,7.1,a
2019-02-04,124,15.939,6.7,a
2019-02-05,104,11.209,6.1,a
2019-02-06,78,6.413,5.7,a
2019-02-07,70,5.144,5.3,a
2019-02-08,67,4.64,5.9,a
2019-02-09,64,4.22,5.9,a
2019-02-10,62,3.953,6.2,a
2019-02-11,97,10.098,6.5,a
2019-02-12,80,6.589,6.1,a
2019-02-13,70,5.065,5.7,a
2019-02-14,66,4.536,6,a
2019-02-15,64,4.22,6.2,a
2019-02-16,61,3.927,6.3,a
2019-02-17,60,3.752,6.3,a
2019-02-18,59,3.597,6.5,a
2019-02-19,57,3.441,6.6,a
2019-02-20,56,3.303,6.8,a
2019-02-21,55,3.173,7.5,a
2019-02-22,54,3.083,7.7,a
2019-02-23,52,2.89,6.2,a
2019-02-24,52,2.809,5.1,a
2019-02-25,51,2.8,6.7,a
2019-02-26,51,2.779,7.4,a
2019-02-27,51,2.717,8.1,a
2019-02-28,50,2.648,8.1,a
2019-03-01,50,2.627,8.1,a
2019-03-02,49,2.591,8.2,a
2019-03-03,49,2.563,9,a
2019-03-04,48,2.489,8.8,a
2019-03-05,51,2.786,9.2,a
2019-03-06,48,2.481,8.8,a
2019-03-07,47,2.401,10,a
2019-03-08,46,2.306,10.6,a
2019-03-09,45,2.23,10.7,a
2019-03-10,46,2.259,10.3,a
2019-03-11,46,2.299,9.5,a
2019-03-12,46,2.277,9,a
2019-03-13,45,2.226,8.5,a
2019-03-14,45,2.23,9.3,a
2019-03-15,45,2.163,9.2,a
2019-03-16,43,2.035,9.8,a
2019-03-17,43,2.018,10.6,a
2019-03-18,46,2.327,10.2,a
2019-03-19,49,2.588,8.9,a
2019-03-20,46,2.322,9,a
2019-03-21,44,2.125,9,a
2019-03-22,43,2.022,9.6,a
2019-03-23,43,2.019,10.4,a
2019-03-24,43,2.012,11.2,a
2019-03-25,45,2.182,10.9,a
2019-03-26,56,3.301,10.1,a
2019-03-27,47,2.397,9.1,a
2019-03-28,44,2.139,9.5,a
2019-03-29,44,2.089,10.6,a
2019-03-30,43,2.032,10.7,a
2019-03-31,43,2.046,11.1,a
2019-04-01,43,2.039,11.9,a
2019-04-02,42,1.988,12.3,a
2019-04-03,42,1.988,12.4,a
2019-04-04,43,2.021,12,a
2019-04-05,52,2.943,11.6,a
2019-04-06,61,3.831,10.7,a
2019-04-07,54,3.102,10.6,a
2019-04-08,53,2.946,11.2,a
2019-04-09,52,2.89,11.3,a
2019-04-10,67,4.731,11.1,a
2019-04-11,75,5.772,10.9,a
2019-04-12,71,5.259,9.9,a
2019-04-13,65,4.443,9.7,a
2019-04-14,61,3.829,9.7,a
2019-04-15,58,3.509,10.8,a
2019-04-16,56,3.299,11,a
2019-04-17,55,3.119,11.4,a
2019-04-18,53,2.981,11.9,a
2019-04-19,52,2.882,12.1,a
2019-04-20,52,2.83,12.7,a
2019-04-21,51,2.796,12.7,a
2019-04-22,51,2.75,12.8,a
2019-04-23,53,2.914,12.2,a
2019-04-24,56,3.329,12,a
2019-04-25,53,2.933,12.9,a
2019-04-26,52,2.806,13.1,a
2019-04-27,51,2.806,12.5,a
2019-04-28,54,3.058,10.9,a
2019-04-29,59,3.622,11,a
2019-04-30,54,3.043,11.3,a
2019-05-01,52,2.898,12.2,a
2019-05-02,51,2.792,12.7,a
2019-05-03,51,2.789,12.2,a
2019-05-04,61,3.834,12,a
2019-05-05,71,5.297,11.2,a
2019-05-06,67,4.719,10.4,a
2019-05-07,60,3.738,10.9,a
2019-05-08,56,3.327,11.3,a
2019-05-09,58,3.497,11.6,a
2019-05-10,60,3.754,12,a
2019-05-11,56,3.29,12.5,a
2019-05-12,67,4.668,12.1,a
2019-05-13,64,4.264,11.1,a
2019-05-14,61,3.83,10.4,a
2019-05-15,67,4.696,9.6,a
2019-05-16,77,6.175,10.7,a
2019-05-17,67,4.601,11.8,a
2019-05-18,63,4.079,12.1,a
2019-05-19,64,4.261,12.6,a
2019-05-20,66,4.509,12.3,a
2019-05-21,67,4.737,12,a
2019-05-22,69,5.021,12.3,a
2019-05-23,93,8.939,13.1,a
2019-05-24,72,5.357,13.9,a
2019-05-25,63,4.088,14.1,a
2019-05-26,60,3.732,14,a
2019-05-27,63,4.187,13.6,a
2019-05-28,83,7.411,13.5,a
2019-05-29,160,25.616,12.8,a
2019-05-30,134,18.533,12.1,a
2019-05-31,108,12.101,12.5,a
2019-06-01,95,9.482,13,a
2019-06-02,77,6.223,13.9,a
2019-06-03,70,5.07,14.4,a
2019-06-04,68,4.762,15,a
2019-06-05,66,4.586,16.1,a
2019-06-06,61,3.862,15.7,a
2019-06-07,58,3.519,15.4,a
2019-06-08,56,3.304,15.2,a
2019-06-09,55,3.16,15.5,a
2019-06-10,54,3.021,15.8,a
2019-06-11,53,2.942,15.7,a
2019-06-12,52,2.908,15.9,a
2019-06-13,51,2.789,16.2,a
2019-06-14,51,2.726,15.7,a
2019-06-15,50,2.632,15.9,a
2019-06-16,50,2.617,16.5,a
2019-06-17,49,2.575,16.2,a
2019-06-18,50,2.62,16.1,a
2019-06-19,49,2.544,15.8,a
2019-06-20,56,3.572,15.7,a
2019-06-21,68,4.92,14.9,a
2019-06-22,97,11.801,15.9,a
2019-06-23,103,11.247,15.7,a
2019-06-24,70,5.088,16.2,a
2019-06-25,60,3.724,16.7,a
2019-06-26,56,3.253,17.1,a
2019-06-27,54,3.017,17.5,a
2019-06-28,52,2.826,17.6,a
2019-06-29,50,2.701,16.9,a
2019-06-30,50,2.64,16.7,a
2019-07-01,49,2.548,17.1,a
2019-07-02,55,3.346,17.4,a
2019-07-03,61,3.892,16.6,a
2019-07-04,61,3.863,16.4,a
2019-07-05,53,2.978,16.7,a
2019-07-06,50,2.612,17.7,a
2019-07-07,62,4.572,17.7,a
2019-07-08,68,4.886,18.1,a
2019-07-09,68,4.829,16.7,a
2019-07-10,58,3.479,16.3,a
2019-07-11,53,2.943,15.7,a
2019-07-12,53,2.965,16.2,a
2019-07-13,57,3.354,16.4,a
2019-07-14,53,2.991,16,a
2019-07-15,51,2.71,16.1,a
2019-07-16,48,2.505,16.1,a
2019-07-17,47,2.416,16.4,a
2019-07-18,47,2.34,17.2,a
2019-07-19,46,2.322,17.4,a
2019-07-20,46,2.252,17.7,a
2019-07-21,46,2.27,18,a
2019-07-22,46,2.3,18.3,a
2019-07-23,43,2.04,18.7,a
2019-07-24,42,1.923,19.5,a
2019-07-25,41,1.888,20,a
2019-07-26,41,1.872,20,a
2019-07-27,41,1.875,19.7,a
2019-07-28,55,3.281,18.4,a
2019-07-29,64,4.306,17.8,a
2019-07-30,55,3.154,17.3,a
2019-07-31,55,3.152,18.4,a
2019-08-01,49,2.536,17.9,a
2019-08-02,55,3.322,17.8,a
2019-08-03,59,3.662,17.7,a
2019-08-04,53,2.963,16.8,a
2019-08-05,49,2.536,17.1,a
2019-08-06,47,2.385,17.6,a
2019-08-07,46,2.29,18.1,a
2019-08-08,47,2.364,17.5,a
2019-08-09,53,2.922,18.1,a
2019-08-10,47,2.355,18.6,a
2019-08-11,45,2.166,18.8,a
2019-08-12,43,2.038,18.7,a
2019-08-13,42,1.923,18.4,a
2019-08-14,52,2.909,17.5,a
2019-08-15,46,2.262,16.6,a
2019-08-16,46,2.268,17.1,a
2019-08-17,45,2.156,16.7,a
2019-08-18,43,1.998,17.4,a
2019-08-19,42,1.949,18.1,a
2019-08-20,40,1.828,18.7,a
2019-08-21,39,1.73,18.7,a
2019-08-22,38,1.652,17.7,a
2019-08-23,38,1.625,17.5,a
2019-08-24,54,4.058,18.1,a
2019-08-25,84,7.654,18.6,a
2019-08-26,55,3.124,17.3,a
2019-08-27,51,2.756,17.5,a
2019-08-28,47,2.416,17.9,a
2019-08-29,45,2.223,18.1,a
2019-08-30,44,2.141,17.8,a
2019-08-31,44,2.093,17.5,a
2019-09-01,43,2.042,17.7,a
2019-09-02,65,5.798,17.6,a
2019-09-03,94,9.33,17.7,a
2019-09-04,61,3.938,15.8,a
2019-09-05,53,2.987,15.5,a
2019-09-06,51,2.756,15.4,a
2019-09-07,59,3.643,15.4,a
2019-09-08,114,13.723,15.4,a
2019-09-09,113,13.224,15,a
2019-09-10,81,6.861,14.4,a
2019-09-11,65,4.407,14.1,a
2019-09-12,59,3.62,14.5,a
2019-09-13,55,3.138,14.8,a
2019-09-14,53,2.916,15,a
2019-09-15,51,2.742,15.5,a
2019-09-16,50,2.648,15.4,a
2019-09-17,49,2.547,15.9,a
2019-09-18,60,3.793,15.9,a
2019-09-19,53,3.001,14.3,a
2019-09-20,49,2.536,13.3,a
2019-09-21,47,2.385,12.7,a
2019-09-22,46,2.317,12.6,a
2019-09-23,60,4.19,14,a
2019-09-24,79,6.577,14.7,a
2019-09-25,59,3.669,14,a
2019-09-26,64,4.298,14.5,a
2019-09-27,57,3.424,14.2,a
2019-09-28,54,3.057,14.4,a
2019-09-29,53,2.986,14.6,a
2019-09-30,51,2.801,14.8,a
2019-10-01,50,2.623,14.8,a
2019-10-02,64,4.804,14.6,a
2019-10-03,85,7.81,13.9,a
2019-10-04,62,4.02,12.2,a
2019-10-05,57,3.428,12.4,a
2019-10-06,54,3.03,12.3,a
2019-10-07,51,2.792,12.3,a
2019-10-08,49,2.587,12,a
2019-10-09,49,2.559,11.6,a
2019-10-10,73,5.624,12.7,a
2019-10-11,61,3.889,12.5,a
2019-10-12,55,3.216,12.3,a
2019-10-13,53,2.951,12.5,a
2019-10-14,52,2.805,12.9,a
2019-10-15,51,2.719,12.8,a
2019-10-16,53,2.984,13.6,a
2019-10-17,51,2.742,13.3,a
2019-10-18,49,2.587,13.1,a
2019-10-19,48,2.493,13.3,a
2019-10-20,48,2.438,13.9,a
2019-10-21,47,2.344,14.4,a
2019-10-22,46,2.249,14,a
2019-10-23,45,2.223,13.8,a
2019-10-24,44,2.1,13.5,a
2019-10-25,43,2.059,13,a
2019-10-26,42,1.968,12.6,a
2019-10-27,41,1.9,12.4,a
2019-10-28,41,1.868,12.4,a
2019-10-29,42,1.963,12.4,a
2019-10-30,43,2.012,11.6,a
2019-10-31,43,2.003,10.9,a
2019-11-01,43,2.008,10.7,a
2019-11-02,42,1.926,10.8,a
2019-11-03,49,2.609,11.9,a
2019-11-04,75,5.879,12.1,a
2019-11-05,72,5.433,11.9,a
2019-11-06,128,17.034,11.8,a
2019-11-07,102,10.928,11.4,a
2019-11-08,83,7.262,10.6,a
2019-11-09,83,7.237,11,a
2019-11-10,73,5.536,10.3,a
2019-11-11,65,4.403,10,a
2019-11-12,75,6.06,10.2,a
2019-11-13,103,11.161,10.4,a
2019-11-14,104,11.437,10,a
2019-11-15,82,7.071,10.3,a
2019-11-16,108,12.159,10.8,a
2019-11-17,97,9.796,11.1,a
2019-11-18,133,18.304,10.9,a
2019-11-19,105,11.477,10.7,a
2019-11-20,88,8.004,10.7,a
2019-11-21,99,10.276,10.8,a
2019-11-22,84,7.409,10.6,a
2019-11-23,78,6.242,10.8,a
2019-11-24,72,5.391,10.7,a
2019-11-25,68,4.773,10.5,a
2019-11-26,65,4.379,10,a
2019-11-27,63,4.187,9.8,a
2019-11-28,85,7.567,10.6,a
2019-11-29,74,5.68,10.3,a
2019-11-30,68,4.797,9.4,a
2019-12-01,65,4.34,8.3,a
2019-12-02,109,13.446,8.3,a
2019-12-03,105,11.53,8.3,a
2019-12-04,83,7.091,7.2,a
2019-12-05,75,5.793,6.9,a
2019-12-06,70,5.064,6.3,a
2019-12-07,67,4.634,6.9,a
2019-12-08,64,4.247,6.9,a
2019-12-09,67,4.733,8,a
2019-12-10,75,5.825,7.7,a
2019-12-11,65,4.418,6.1,a
2019-12-12,64,4.241,5.6,a
2019-12-13,65,4.395,6.2,a
2019-12-14,89,8.301,6.3,a
2019-12-15,75,5.894,6.5,a
2019-12-16,73,5.597,7.6,a
2019-12-17,71,5.285,9,a
2019-12-18,67,4.68,9.4,a
2019-12-19,65,4.379,9.8,a
2019-12-20,63,4.181,9.9,a
2019-12-21,95,10.558,9.8,a
2019-12-22,148,22.192,9.2,a
2019-12-23,125,16.135,8.9,a
2019-12-24,104,11.196,7.9,a
2019-12-25,97,9.77,7.2,a
2019-12-26,80,6.741,6.8,a
2019-12-27,71,5.228,6.9,a
2019-12-28,67,4.721,6.3,a
2019-12-29,64,4.313,5,a
2019-12-30,62,4.032,4.6,a
2019-12-31,61,3.89,5.1,a
2020-01-01,60,3.702,5.4,a
2020-01-02,58,3.518,5.2,a
2020-01-03,57,3.408,5,a
2020-01-04,57,3.379,5.7,a
2020-01-05,56,3.266,6,a
2020-01-06,55,3.142,5.2,a
2020-01-07,54,3.052,4.6,a
2020-01-08,53,2.977,4.6,a
2020-01-09,53,2.959,5.3,a
2020-01-10,53,2.938,5.5,a
2020-01-11,52,2.851,5.6,a
2020-01-12,52,2.83,6.3,a
2020-01-13,51,2.767,5.5,a
2020-01-14,51,2.771,5.5,a
2020-01-15,51,2.755,5.5,a
2020-01-16,50,2.628,6,a
2020-01-17,49,2.595,6.6,a
2020-01-18,49,2.567,6.8,a
2020-01-19,49,2.551,6.9,a
2020-01-20,48,2.458,6.3,a
2020-01-21,47,2.348,6.4,a
2020-01-22,46,2.277,5.5,a
2020-01-23,46,2.263,5.3,a
2020-01-24,45,2.156,5.1,a
2020-01-25,44,2.103,6.2,a
2020-01-26,44,2.145,7.6,a
2020-01-27,44,2.117,8.2,a
2020-01-28,49,2.668,8,a
2020-01-29,59,3.688,7.2,a
2020-01-30,52,2.819,6.5,a
2020-01-31,49,2.595,7.2,a
2020-02-01,48,2.489,8.1,a
2020-02-02,48,2.427,8.8,a
2020-02-03,47,2.408,9.4,a
2020-02-04,54,3.071,9.4,a
2020-02-05,52,2.881,7.2,a
2020-02-06,46,2.294,6.3,a
2020-02-07,47,2.37,5.8,a
2020-02-08,46,2.259,5.9,a
2020-02-09,45,2.23,6.1,a
2020-02-10,46,2.269,7.6,a
2020-02-11,51,2.74,8.5,a
2020-02-12,49,2.588,8.4,a
2020-02-13,47,2.351,7.3,a
2020-02-14,47,2.408,8.3,a
2020-02-15,46,2.319,7.8,a
2020-02-16,45,2.169,7.6,a
2020-02-17,45,2.155,8.2,a
2020-02-18,44,2.148,9.5,a
2020-02-19,40,1.809,9.5,a
2020-02-20,38,1.63,8.8,a
2020-02-21,39,1.706,8,a
2020-02-22,38,1.674,8,a
2020-02-23,38,1.671,8.9,a
2020-02-24,38,1.665,9.3,a
2020-02-25,38,1.674,9.7,a
2020-02-26,65,4.666,8.5,a
2020-02-27,73,5.595,7.3,a
2020-02-28,71,5.296,7.3,a
2020-02-29,63,4.128,6.9,a
2020-03-01,70,5.424,8.1,a
2020-03-02,120,14.924,8.4,a
2020-03-03,112,13.093,8.8,a
2020-03-04,90,8.511,8.6,a
2020-03-05,78,6.305,7.8,a
2020-03-06,82,7.1,8,a
2020-03-07,78,6.351,8.3,a
2020-03-08,70,5.15,8,a
2020-03-09,67,4.668,8.1,a
2020-03-10,64,4.275,8.6,a
2020-03-11,62,3.985,9.2,a
2020-03-12,60,3.732,9.8,a
2020-03-13,58,3.552,9.8,a
2020-03-14,57,3.374,9.8,a
2020-03-15,55,3.21,9.2,a
2020-03-16,54,3.101,8.3,a
2020-03-17,54,3.025,8.9,a
2020-03-18,53,2.959,10.5,a
2020-03-19,52,2.894,10.8,a
2020-03-20,52,2.847,10.9,a
2020-03-21,52,2.839,11.2,a
2020-03-22,55,3.137,9.7,a
2020-03-23,51,2.771,7.6,a
2020-03-24,50,2.655,6.9,a
2020-03-25,50,2.647,7,a
2020-03-26,51,2.705,6.6,a
2020-03-27,51,2.788,8.1,a
2020-03-28,50,2.658,9.6,a
2020-03-29,51,2.721,10.4,a
2020-03-30,51,2.734,9.9,a
2020-03-31,50,2.651,8.6,a
2020-04-01,49,2.583,8.4,a
2020-04-02,49,2.548,8.5,a
2020-04-03,49,2.512,9.1,a
2020-04-04,48,2.481,10.6,a
2020-04-05,47,2.416,10.8,a
2020-04-06,47,2.374,11.4,a
2020-04-07,47,2.378,11.3,a
2020-04-08,47,2.374,11.3,a
2020-04-09,46,2.322,11.5,a
2020-04-10,47,2.394,12.5,a
2020-04-11,47,2.412,13.1,a
2020-04-12,47,2.408,13.6,a
2020-04-13,47,2.378,13.1,a
2020-04-14,49,2.56,11.4,a
2020-04-15,48,2.458,10.3,a
2020-04-16,47,2.382,11.6,a
2020-04-17,47,2.374,12.7,a
2020-04-18,47,2.37,13.3,a
2020-04-19,47,2.374,13.8,a
2020-04-20,47,2.343,12.8,a
2020-04-21,46,2.277,12,a
2020-04-22,46,2.245,12.2,a
2020-04-23,45,2.238,12.4,a
2020-04-24,45,2.237,12.4,a
2020-04-25,46,2.266,13.1,a
2020-04-26,46,2.252,13.7,a
2020-04-27,45,2.223,13.8,a
2020-04-28,45,2.226,13.2,a
2020-04-29,46,2.277,12.9,a
2020-04-30,45,2.194,13.5,a
2020-05-01,50,2.661,14.1,a
2020-05-02,47,2.408,13.5,a
2020-05-03,48,2.443,13,a
2020-05-04,46,2.248,12.9,a
2020-05-05,45,2.155,12.6,a
2020-05-06,45,2.184,12.8,a
2020-05-07,44,2.141,12.9,a
2020-05-08,44,2.124,13.8,a
2020-05-09,44,2.11,14.2,a
2020-05-10,44,2.1,13.9,a
2020-05-11,44,2.107,13.1,a
2020-05-12,53,2.985,12.2,a
2020-05-13,51,2.75,11.7,a
2020-05-14,47,2.37,13.3,a
2020-05-15,46,2.302,12.7,a
2020-05-16,52,2.867,12.3,a
2020-05-17,50,2.697,12.6,a
2020-05-18,48,2.454,13.4,a
2020-05-19,48,2.434,13.3,a
2020-05-20,50,2.652,13.4,a
2020-05-21,47,2.377,13.5,a
2020-05-22,46,2.307,13.5,a
2020-05-23,45,2.237,13.9,a
2020-05-24,60,3.786,14.9,a
2020-05-25,50,2.67,13.7,a
2020-05-26,47,2.385,13.5,a
2020-05-27,46,2.266,13.3,a
2020-05-28,45,2.18,12.9,a
2020-05-29,45,2.234,12.7,a
2020-05-30,45,2.169,12.9,a
2020-05-31,44,2.138,12.4,a
2020-06-01,45,2.159,13.5,a
2020-06-02,44,2.12,14.1,a
2020-06-03,44,2.086,14.7,a
2020-06-04,43,2.045,14.2,a
2020-06-05,57,3.478,14.1,a
2020-06-06,55,3.202,14.4,a
2020-06-07,48,2.435,14.4,a
2020-06-08,83,7.448,14.6,a
2020-06-09,91,8.844,14,a
2020-06-10,74,5.756,14,a
2020-06-11,62,3.999,14.2,a
2020-06-12,55,3.184,14.7,a
2020-06-13,52,2.826,15.3,a
2020-06-14,50,2.643,15.2,a
2020-06-15,60,3.851,15.7,a
2020-06-16,57,3.399,15.5,a
2020-06-17,52,2.865,15.2,a
2020-06-18,49,2.6,15.5,a
2020-06-19,56,3.505,15.5,a
2020-06-20,60,3.817,15.4,a
2020-06-21,51,2.746,14.9,a
2020-06-22,49,2.552,15.5,a
2020-06-23,47,2.393,16,a
2020-06-24,46,2.259,16.1,a
2020-06-25,48,2.529,15.3,a
2020-06-26,80,6.919,16.2,a
2020-06-27,55,3.207,16.5,a
2020-06-28,51,2.705,17,a
2020-06-29,48,2.473,16.9,a
2020-06-30,49,2.524,16.2,a
2020-07-01,47,2.389,16.6,a
2020-07-02,47,2.359,17.2,a
2020-07-03,53,2.989,16.9,a
2020-07-04,51,2.774,16.6,a
2020-07-05,48,2.42,16.6,a
2020-07-06,47,2.34,17.2,a
2020-07-07,91,9.004,17.3,a
2020-07-08,60,3.747,16.1,a
2020-07-09,52,2.891,16.3,a
2020-07-10,49,2.588,16.8,a
2020-07-11,50,2.715,16.7,a
2020-07-12,70,5.184,17.2,a
2020-07-13,53,2.935,15.5,a
2020-07-14,50,2.608,15.2,a
2020-07-15,47,2.412,15.7,a
2020-07-16,49,2.568,16.1,a
2020-07-17,56,3.252,15.5,a
2020-07-18,43,2.084,15.4,a
2020-07-19,39,1.739,16.4,a
2020-07-20,38,1.648,17.8,a
2020-07-21,37,1.562,18.8,a
2020-07-22,39,1.725,19.2,a
2020-07-23,44,2.079,18.4,a
2020-07-24,44,2.153,17.2,a
2020-07-25,46,2.318,16.5,a
2020-07-26,45,2.166,15.7,a
2020-07-27,44,2.107,16.8,a
2020-07-28,43,2.012,17.4,a
2020-07-29,52,3.659,17.9,a
2020-07-30,128,17.749,18,a
2020-07-31,62,4.058,18.4,a
2020-08-01,53,2.92,18.6,a
2020-08-02,57,3.447,18.3,a
2020-08-03,83,7.675,17.4,a
2020-08-04,112,13.544,17,a
2020-08-05,69,4.933,15.9,a
2020-08-06,59,3.591,16.1,a
2020-08-07,54,3.03,16.6,a
2020-08-08,51,2.734,16.9,a
2020-08-09,49,2.548,17.1,a
2020-08-10,48,2.427,17.5,a
2020-08-11,46,2.281,17.2,a
2020-08-12,46,2.28,17.4,a
2020-08-13,46,2.321,17.8,a
2020-08-14,45,2.226,17.8,a
2020-08-15,47,2.416,17.9,a
2020-08-16,46,2.325,17.6,a
2020-08-17,45,2.198,17.6,a
2020-08-18,47,2.329,17.5,a
2020-08-19,45,2.223,17,a
2020-08-20,44,2.145,17,a
2020-08-21,43,2.066,17.4,a
2020-08-22,43,1.995,18,a
2020-08-23,51,2.768,18.5,a
2020-08-24,47,2.394,17.5,a
2020-08-25,43,2.045,16.9,a
2020-08-26,41,1.897,16.9,a
2020-08-27,40,1.821,17.3,a
2020-08-28,39,1.761,17.9,a
2020-08-29,39,1.697,18.7,a
2020-08-30,44,2.142,18.4,a
2020-08-31,50,2.72,17.4,a
2020-09-01,69,4.957,16.4,a
2020-09-02,52,2.909,15.4,a
2020-09-03,47,2.404,15,a
2020-09-04,45,2.213,15.1,a
2020-09-05,44,2.127,15.9,a
2020-09-06,43,2.043,16.4,a
2020-09-07,47,2.381,16.6,a
2020-09-08,43,2.068,15.9,a
2020-09-09,43,2.001,15.6,a
2020-09-10,42,1.978,16.2,a
2020-09-11,41,1.902,16.7,a
2020-09-12,41,1.868,16.5,a
2020-09-13,40,1.812,16.8,a
2020-09-14,40,1.763,17,a
2020-09-15,33,1.36,18,a
2020-09-16,32,1.305,18.4,a
2020-09-17,31,1.234,18.2,a
2020-09-18,31,1.214,17.4,a
2020-09-19,33,1.345,16.5,a
2020-09-20,35,1.473,15.5,a
2020-09-21,35,1.445,15.8,a
2020-09-22,35,1.456,16.2,a
2020-09-23,36,1.543,16.6,a
2020-09-24,36,1.542,16.5,a
2020-09-25,64,4.668,16.4,a
2020-09-26,100,10.637,14.6,a
2020-09-27,61,3.868,13.1,a
2020-09-28,74,5.744,13.2,a
2020-09-29,61,3.88,13.2,a
2020-09-30,51,2.81,13,a
2020-10-01,48,2.431,13,a
2020-10-02,48,2.478,13.2,a
2020-10-03,72,6.874,13.5,a
2020-10-04,111,13.044,13.9,a
2020-10-05,99,10.362,13.5,a
2020-10-06,82,6.97,13.2,a
2020-10-07,85,7.706,13.1,a
2020-10-08,76,6.027,12.4,a
2020-10-09,65,4.394,12.1,a
2020-10-10,60,3.733,12.5,a
2020-10-11,102,13.031,12.1,a
2020-10-12,145,21.731,11.3,a
2020-10-13,104,11.157,11.2,a
2020-10-14,78,6.401,11.1,a
2020-10-15,103,12.09,11,a
2020-10-16,105,11.566,11.3,a
2020-10-17,79,6.54,11.4,a
2020-10-18,70,5.049,11.2,a
2020-10-19,64,4.275,11.2,a
2020-10-20,61,3.824,11.2,a
2020-10-21,58,3.5,11.3,a
2020-10-22,56,3.278,11.6,a
2020-10-23,55,3.133,11.7,a
2020-10-24,55,3.138,12.4,a
2020-10-25,55,3.133,12.4,a
2020-10-26,53,2.938,12.4,a
2020-10-27,65,4.521,12.1,a
2020-10-28,60,3.779,11.9,a
2020-10-29,54,3.043,11.2,a
2020-10-30,52,2.839,11.2,a
2020-10-31,51,2.709,11.5,a
2020-11-01,50,2.688,11.2,a
2020-11-02,49,2.599,11.6,a
2020-11-03,49,2.564,11.7,a
2020-11-04,49,2.571,11.5,a
2020-11-05,48,2.504,11.6,a
2020-11-06,49,2.532,10.9,a
2020-11-07,48,2.446,9.4,a
2020-11-08,42,1.933,9.4,a
2020-11-09,47,2.362,8.9,a
2020-11-10,48,2.431,9.3,a
2020-11-11,48,2.504,9.5,a
2020-11-12,47,2.408,9.7,a
2020-11-13,47,2.37,9.8,a
2020-11-14,47,2.358,9.7,a
2020-11-15,46,2.262,9.3,a
2020-11-16,70,6.28,9.5,a
2020-11-17,99,10.307,9.4,a
2020-11-18,63,4.133,8.9,a
2020-11-19,56,3.251,8.8,a
2020-11-20,56,3.327,8.8,a
2020-11-21,54,3.039,7.6,a
2020-11-22,52,2.877,6.3,a
2020-11-23,51,2.792,6.2,a
2020-11-24,50,2.688,7,a
2020-11-25,49,2.571,6.3,a
2020-11-26,48,2.5,6.3,a
2020-11-27,48,2.473,6.6,a
2020-11-28,47,2.411,7,a
2020-11-29,47,2.369,7.3,a
2020-11-30,46,2.299,6.4,a
2020-12-01,45,2.187,5.8,a
2020-12-02,45,2.212,5.6,a
2020-12-03,46,2.288,4.4,a
2020-12-04,45,2.215,5.7,a
2020-12-05,47,2.336,6.2,a
2020-12-06,57,3.566,6.3,a
2020-12-07,87,7.898,6.8,a
2020-12-08,74,5.618,6.8,a
2020-12-09,86,7.718,6.7,a
2020-12-10,78,6.272,7.1,a
2020-12-11,69,4.928,7.5,a
2020-12-12,65,4.441,7.7,a
2020-12-13,62,3.943,7.6,a
2020-12-14,59,3.578,7.1,a
2020-12-15,57,3.361,6.4,a
2020-12-16,53,2.961,6.3,a
2020-12-17,55,3.124,6.4,a
2020-12-18,53,2.999,6.6,a
2020-12-19,53,2.924,7.2,a
2020-12-20,53,2.921,7.4,a
2020-12-21,52,2.86,7.6,a
2020-12-22,52,2.826,8.1,a
2020-12-23,51,2.75,8.7,a
2020-12-24,54,3.108,9.2,a
2020-12-25,132,17.987,8.1,a
2020-12-26,108,12.11,7.1,a
2020-12-27,94,9.233,6.1,a
2020-12-28,97,10.218,5.9,a
2020-12-29,162,26.147,6.5,a
2020-12-30,146,21.579,7.5,a
2020-12-31,113,13.165,7.3,a
2021-01-01,100,10.4,7,a
2021-01-02,125,16.246,7.3,a
2021-01-03,128,16.88,7.6,a
2021-01-04,107,11.88,7.6,a
2021-01-05,96,9.583,7.5,a
2021-01-06,100,10.393,6.7,a
2021-01-07,94,9.189,6.9,a
2021-01-08,87,7.871,6.8,a
2021-01-09,81,6.819,6.1,a
2021-01-10,75,5.871,5.9,a
2021-01-11,72,5.356,5.7,a
2021-01-12,69,4.878,4.6,a
2021-01-13,66,4.567,4.5,a
2021-01-14,65,4.329,4.9,a
2021-01-15,62,3.99,4.5,a
2021-01-16,60,3.767,4.2,a
2021-01-17,59,3.631,3.9,a
2021-01-18,58,3.518,4.9,a
2021-01-19,57,3.389,4.9,a
2021-01-20,57,3.365,5.9,a
2021-01-21,58,3.539,7,a
2021-01-22,68,4.913,7.2,a
2021-01-23,120,15.133,6.8,a
2021-01-24,117,14.142,6.7,a
2021-01-25,100,10.353,6.4,a
2021-01-26,80,6.646,6,a
2021-01-27,73,5.529,5.6,a
2021-01-28,69,4.997,5.4,a
2021-01-29,68,4.737,5.9,a
2021-01-30,65,4.452,6.4,a
2021-01-31,77,6.117,6.1,a
2021-02-01,71,5.243,5.9,a
2021-02-02,67,4.634,6,a
2021-02-03,65,4.401,6.9,a
2021-02-04,65,4.357,8.5,a
2021-02-05,63,4.138,9,a
2021-02-06,62,4.005,9.3,a
2021-02-07,67,4.814,9.5,a
2021-02-08,118,14.385,8.6,a
2021-02-09,113,13.232,8.1,a
2021-02-10,125,16.238,7.8,a
2021-02-11,135,18.944,7.2,a
2021-02-12,106,11.778,5.6,a
2021-02-13,92,8.938,4.7,a
2021-02-14,77,6.318,4.8,a
2021-02-15,73,5.845,4.6,a
2021-02-16,71,5.55,5.8,a
2021-02-17,69,5.21,6.3,a
2021-02-18,66,4.863,6.6,a
2021-02-19,65,4.662,7.5,a
2021-02-20,63,4.45,8.1,a
2021-02-21,61,4.238,8.7,a
2021-02-22,59,3.992,8.2,a
2021-02-23,57,3.777,8.1,a
2021-02-24,57,3.691,8.4,a
2021-02-25,56,3.62,8.8,a
2021-02-26,55,3.559,8.8,a
2021-02-27,55,3.495,8.7,a
2021-02-28,54,3.394,8,a
2021-03-01,54,3.391,7.6,a
2021-03-02,53,3.245,7.9,a
2021-03-03,52,3.238,8,a
2021-03-04,53,3.261,8.5,a
2021-03-05,54,3.381,9,a
2021-03-06,57,3.702,8,a
2021-03-07,53,3.273,6.8,a
2021-03-08,52,3.172,7,a
2021-03-09,51,3.068,8.1,a
2021-03-10,50,3.009,7.7,a
2021-03-11,50,2.983,7.5,a
2021-03-12,51,3.043,8.5,a
2021-03-13,53,3.296,9.2,a
2021-03-14,62,4.452,8.6,a
2021-03-15,66,4.885,7.9,a
2021-03-16,58,3.87,8.2,a
2021-03-17,55,3.481,7.6,a
2021-03-18,48,2.806,7.5,a
2021-03-19,48,2.8,7.5,a
2021-03-20,52,3.194,6.8,a
2021-03-21,51,3.115,6.7,a
2021-03-22,51,3.094,7.4,a
2021-03-23,50,2.966,8.2,a
2021-03-24,50,2.937,8.9,a
2021-03-25,49,2.867,9.5,a
2021-03-26,48,2.797,10.2,a
2021-03-27,48,2.749,10.3,a
2021-03-28,48,2.785,10,a
2021-03-29,47,2.673,10.4,a
2021-03-30,46,2.63,11.7,a
2021-03-31,49,2.842,12.4,a
2021-04-01,51,3.069,12.5,a
2021-04-02,52,3.177,12.4,a
2021-04-03,59,3.975,11.7,a
2021-04-04,55,3.523,10.1,a
2021-04-05,53,3.295,9.7,a
2021-04-06,54,3.39,8.6,a
2021-04-07,53,3.331,7.3,a
2021-04-08,53,3.286,8,a
2021-04-09,52,3.211,8.8,a
2021-04-10,52,3.141,10.1,a
2021-04-11,51,3.081,10.4,a
2021-04-12,56,3.666,10.5,a
2021-04-13,97,9.917,9.1,a
2021-04-14,80,6.808,9,a
2021-04-15,68,5.116,8.7,a
2021-04-16,63,4.519,9.5,a
2021-04-17,61,4.197,9.8,a
2021-04-18,58,3.859,9.8,a
2021-04-19,58,3.859,10,a
2021-04-20,58,3.859,10.6,a
2021-04-21,57,3.686,10.8,a
2021-04-22,56,3.639,11.3,a
2021-04-23,56,3.592,12.1,a
2021-04-24,54,3.449,12.2,a
2021-04-25,54,3.44,12.5,a
2021-04-26,54,3.435,11.8,a
2021-04-27,54,3.363,9.9,a
2021-04-28,53,3.34,10.4,a
2021-04-29,54,3.354,11.5,a
2021-04-30,56,3.575,12.8,a
2021-05-01,54,3.422,13,a
2021-05-02,70,5.42,13,a
2021-05-03,71,5.529,11.7,a
2021-05-04,63,4.52,11.5,a
2021-05-05,60,4.146,11.7,a
2021-05-06,127,17.029,10.5,a
2021-05-07,128,17.518,10.2,a
2021-05-08,134,18.8,10.7,a
2021-05-09,104,11.44,11.4,a
2021-05-10,98,10.023,12.8,a
2021-05-11,80,6.987,13.2,a
2021-05-12,76,6.223,13,a
2021-05-13,73,5.755,12.5,a
2021-05-14,70,5.41,12.1,a
2021-05-15,67,4.918,12.3,a
2021-05-16,65,4.738,12.7,a
2021-05-17,123,16.722,12.6,a
2021-05-18,100,10.546,12.3,a
2021-05-19,134,18.877,11.7,a
2021-05-20,111,12.855,11.8,a
2021-05-21,92,8.944,12.2,a
2021-05-22,79,6.602,12.3,a
2021-05-23,81,7.005,12.3,a
2021-05-24,87,8.171,11.3,a
2021-05-25,104,11.409,11.8,a
2021-05-26,100,10.565,12.2,a
2021-05-27,114,14.984,12.1,a
2021-05-28,134,18.675,12.1,a
2021-05-29,107,12.089,12.1,a
2021-05-30,101,10.704,12,a
2021-05-31,89,8.407,12.1,a
2021-06-01,75,6.106,12.9,a
2021-06-02,72,5.685,13.3,a
2021-06-03,74,5.983,13.8,a
2021-06-04,82,7.631,14.4,a
2021-06-05,85,7.766,14.7,a
2021-06-06,73,5.726,14.4,a
2021-06-07,73,5.779,14.3,a
2021-06-08,70,5.348,14.2,a
2021-06-09,66,4.901,14,a
2021-06-10,65,4.663,14,a
2021-06-11,63,4.476,13.9,a
2021-06-12,61,4.249,14.2,a
2021-06-13,59,4.011,14.9,a
2021-06-14,58,3.835,14.5,a
2021-06-15,59,3.913,14.2,a
2021-06-16,58,3.903,14.9,a
2021-06-17,57,3.7,15.2,a
2021-06-18,56,3.611,15.6,a
2021-06-19,55,3.495,15.7,a
2021-06-20,55,3.486,16,a
2021-06-21,54,3.431,16.2,a
2021-06-22,54,3.367,15.9,a
2021-06-23,53,3.331,15.5,a
2021-06-24,53,3.273,15.9,a
2021-06-25,52,3.238,15.7,a
2021-06-26,52,3.198,15.3,a
2021-06-27,52,3.172,15.5,a
2021-06-28,52,3.198,16,a
2021-06-29,52,3.142,16,a
2021-06-30,52,3.142,16.1,a
2021-07-01,55,3.532,15.2,a
2021-07-02,53,3.323,14.8,a
2021-07-03,52,3.155,15.3,a
2021-07-04,53,3.307,15.6,a
2021-07-05,114,14.265,17.6,a
2021-07-06,64,4.251,16.7,a
2021-07-07,58,3.524,16.9,a
2021-07-08,56,3.252,16.8,a
2021-07-09,54,3.11,17,a
2021-07-10,53,2.937,16.3,a
2021-07-11,52,2.868,16.5,a
2021-07-12,52,2.89,16.8,a
2021-07-13,52,2.818,16.5,a
2021-07-14,53,2.945,17.3,a
2021-07-15,52,2.805,15.7,a
2021-07-16,51,2.738,15.1,a
2021-07-17,52,2.829,15.8,a
2021-07-18,56,3.315,15.7,a
2021-07-19,64,4.272,17,a
2021-07-20,54,3.043,16,a
2021-07-21,52,2.895,16.1,a
2021-07-22,51,2.746,16.3,a
2021-07-23,50,2.656,16.6,a
2021-07-24,50,2.611,16.7,a
2021-07-25,49,2.587,17.1,a
2021-07-26,49,2.559,16.7,a
2021-07-27,49,2.576,16.4,a
2021-07-28,49,2.603,16.9,a
2021-07-29,47,2.416,17.6,a
2021-07-30,46,2.3,17.8,a
2021-07-31,50,2.718,18.2,a
2021-08-01,52,2.919,17.6,a
2021-08-02,56,3.323,16.1,a
2021-08-03,52,2.86,15.1,a
2021-08-04,51,2.742,15,a
2021-08-05,65,4.463,16.3,a
2021-08-06,59,3.583,15.9,a
2021-08-07,53,2.977,15.8,a
2021-08-08,52,2.851,16.3,a
2021-08-09,54,3.031,17.3,a
2021-08-10,52,2.826,16.5,a
2021-08-11,51,2.705,16.6,a
2021-08-12,50,2.635,16.7,a
2021-08-13,49,2.568,17.1,a
2021-08-14,48,2.481,17.6,a
2021-08-15,47,2.374,17.6,a
2021-08-16,46,2.292,17.9,a
2021-08-17,53,2.987,17.8,a
2021-08-18,47,2.374,16.2,a
2021-08-19,45,2.206,16,a
2021-08-20,43,2.046,16.7,a
2021-08-21,41,1.891,17.2,a
2021-08-22,40,1.822,17.5,a
2021-08-23,61,4.253,17.3,a
2021-08-24,57,3.39,15.8,a
2021-08-25,51,2.751,15.5,a
2021-08-26,48,2.459,14.7,a
2021-08-27,50,2.628,15.5,a
2021-08-28,48,2.436,15,a
2021-08-29,47,2.408,14.9,a
2021-08-30,46,2.294,14.3,a
2021-08-31,44,2.072,14.9,a
2021-09-01,42,1.946,15.7,a
2021-09-02,40,1.796,15.6,a
2021-09-03,40,1.784,16.1,a
2021-09-04,38,1.678,16.1,a
2021-09-05,37,1.606,16.4,a
2021-09-06,37,1.563,16.3,a
2021-09-07,35,1.433,16.4,a
2021-09-08,34,1.4,16.5,a
2021-09-09,34,1.393,16.2,a
2021-09-10,33,1.369,16.3,a
2021-09-11,33,1.369,16.4,a
2021-09-12,34,1.387,16.7,a
2021-09-13,32,1.287,17.1,a
2021-09-14,32,1.281,17.5,a
2021-09-15,32,1.269,17.6,a
2021-09-16,31,1.234,18,a
2021-09-17,44,2.223,17,a
2021-09-18,47,2.344,15,a
2021-09-19,41,1.888,14.8,a
2021-09-20,48,2.477,14.3,a
2021-09-21,48,2.454,12.7,a
2021-09-22,46,2.299,12.8,a
2021-09-23,43,2.056,12.9,a
2021-09-24,41,1.844,13.5,a
2021-09-25,39,1.721,14.2,a
2021-09-26,37,1.617,14.9,a
2021-09-27,39,1.753,15.8,a
2021-09-28,39,1.725,15.9,a
2021-09-29,36,1.553,16.3,a
2021-09-30,50,2.638,15.6,a
2021-10-01,46,2.308,13.5,a
2021-10-02,42,1.941,14.2,a
2021-10-03,39,1.761,14.2,a
2021-10-04,38,1.659,15.1,a
2021-10-05,39,1.7,14.9,a
2021-10-06,48,2.568,14.4,a
2021-10-07,61,3.935,12.6,a
2021-10-08,57,3.434,12.2,a
2021-10-09,52,2.815,11.6,a
2021-10-10,48,2.442,10.6,a
2021-10-11,48,2.482,11,a
2021-10-12,48,2.496,10.7,a
2021-10-13,48,2.465,10.5,a
2021-10-14,47,2.396,10.1,a
2021-10-15,46,2.288,10.2,a
2021-10-16,46,2.248,10.3,a
2021-10-17,44,2.117,10.9,a
2021-10-18,43,2.035,10.3,a
2021-10-19,43,2.008,10.9,a
2021-10-20,42,1.929,11.5,a
2021-10-21,41,1.909,12.2,a
2021-10-22,44,2.138,12,a
2021-10-23,45,2.203,11.3,a
2021-10-24,45,2.169,10.4,a
2021-10-25,44,2.124,9.3,a
2021-10-26,46,2.298,8.9,a
2021-10-27,46,2.31,9,a
2021-10-28,44,2.101,9.3,a
2021-10-29,43,2.008,9.4,a
2021-10-30,42,1.962,8.8,a
2021-10-31,41,1.897,9.3,a
2021-11-01,41,1.847,9.7,a
2021-11-02,63,4.204,10.1,a
2021-11-03,60,3.762,10.4,a
2021-11-04,87,7.979,11,a
2021-11-05,61,3.957,9.9,a
2021-11-06,55,3.151,10,a
2021-11-07,53,2.924,10.1,a
2021-11-08,62,4.068,9.9,a
2021-11-09,61,3.897,9.6,a
2021-11-10,55,3.197,8.8,a
2021-11-11,53,2.99,8.8,a
2021-11-12,53,2.911,9,a
2021-11-13,52,2.813,9.4,a
2021-11-14,51,2.742,9.8,a
2021-11-15,50,2.663,9.9,a
2021-11-16,50,2.627,9.6,a
2021-11-17,49,2.583,9.6,a
2021-11-18,49,2.528,9.9,a
2021-11-19,47,2.413,8.9,a
2021-11-20,46,2.292,8.4,a
2021-11-21,46,2.244,8.3,a
2021-11-22,45,2.201,8.7,a
2021-11-23,45,2.159,8.8,a
2021-11-24,43,2.059,7.3,a
2021-11-25,43,2.008,7,a
2021-11-26,57,3.635,7.3,a
2021-11-27,92,8.797,7.3,a
2021-11-28,124,16.426,7.6,a
2021-11-29,123,15.635,7.2,a
2021-11-30,90,8.566,6.6,a
2021-12-01,71,5.219,6.5,a
2021-12-02,125,17.47,7.4,a
2021-12-03,131,17.837,7.2,a
2021-12-04,102,10.897,6.7,a
2021-12-05,97,9.762,6.8,a
2021-12-06,94,9.178,7,a
2021-12-07,80,6.597,6.4,a
2021-12-08,73,5.478,5.8,a
2021-12-09,71,5.168,5.5,a
2021-12-10,67,4.726,6.3,a
2021-12-11,65,4.363,5.9,a
2021-12-12,62,3.984,5.3,a
2021-12-13,60,3.793,5.7,a
2021-12-14,59,3.646,6,a
2021-12-15,59,3.687,6.6,a
2021-12-16,62,3.984,6.6,a
2021-12-17,63,4.149,6.3,a
2021-12-18,62,3.995,6,a
2021-12-19,61,3.844,5.7,a
2021-12-20,60,3.717,5.2,a
2021-12-21,58,3.48,5.3,a
2021-12-22,57,3.36,5.8,a
2021-12-23,55,3.22,5.8,a
2021-12-24,55,3.151,6,a
2021-12-25,56,3.252,6.9,a
2021-12-26,90,8.72,6.9,a
2021-12-27,77,6.155,6.8,a
2021-12-28,69,4.915,7.3,a
2021-12-29,66,4.464,7.4,a
2021-12-30,62,4.001,7,a
2021-12-31,61,3.881,6.8,a
2022-01-01,61,3.864,6.4,a
2022-01-02,60,3.732,6.4,a
2022-01-03,59,3.651,6.5,a
2022-01-04,58,3.557,7.8,a
2022-01-05,61,3.964,8.7,a
2022-01-06,80,6.668,6.8,a
2022-01-07,69,4.906,5.7,a
2022-01-08,64,4.275,4.4,a
2022-01-09,62,4.021,4.5,a
2022-01-10,61,3.849,5.5,a
2022-01-11,59,3.612,5.2,a
2022-01-12,57,3.432,4.5,a
2022-01-13,56,3.233,4.1,a
2022-01-14,55,3.182,4.4,a
2022-01-15,55,3.155,4.9,a
2022-01-16,54,3.092,4.9,a
2022-01-17,54,3.047,5,a
2022-01-18,53,2.912,5.4,a
2022-01-19,51,2.767,5,a
2022-01-20,51,2.709,4.8,a
2022-01-21,50,2.612,5.5,a
2022-01-22,48,2.423,5,a
2022-01-23,47,2.347,6.1,a
2022-01-24,47,2.351,6.2,a
2022-01-25,47,2.34,6.2,a
2022-01-26,46,2.274,5.7,a
2022-01-27,44,2.145,5.5,a
2022-01-28,43,2.035,5.5,a
2022-01-29,42,1.971,5.5,a
2022-01-30,42,1.968,5.6,a
2022-01-31,42,1.988,5.3,a
2022-02-01,43,2.008,6.2,a
2022-02-02,42,1.968,6.4,a
2022-02-03,41,1.9,6.2,a
2022-02-04,41,1.858,6.8,a
2022-02-05,41,1.894,7.8,a
2022-02-06,41,1.877,7.4,a
2022-02-07,41,1.9,8.2,a
2022-02-08,40,1.805,7.3,a
2022-02-09,40,1.769,6.8,a
2022-02-10,39,1.715,6.9,a
2022-02-11,39,1.691,7.6,a
2022-02-12,38,1.653,7.6,a
2022-02-13,38,1.645,6.9,a
2022-02-14,38,1.623,6.1,a
2022-02-15,42,2.028,7.3,a
2022-02-16,54,3.042,6.9,a
2022-02-17,46,2.327,7.3,a
2022-02-18,44,2.083,7.4,a
2022-02-19,47,2.38,8.7,a
2022-02-20,58,3.477,8.1,a
2022-02-21,56,3.254,7.7,a
2022-02-22,61,3.893,7.3,a
2022-02-23,54,3.076,7.1,a
2022-02-24,51,2.705,7.5,a
2022-02-25,49,2.595,7.5,a
2022-02-26,48,2.474,7.4,a
2022-02-27,46,2.27,7.1,a
2022-02-28,44,2.131,6.7,a
2022-03-01,43,2.038,6.3,a
2022-03-02,42,1.974,6.4,a
2022-03-03,42,1.978,6.6,a
2022-03-04,42,1.938,7.1,a
2022-03-05,41,1.837,6.7,a
2022-03-06,40,1.793,6.9,a
2022-03-07,40,1.763,7,a
2022-03-08,39,1.697,6.8,a
2022-03-09,38,1.671,7.2,a
2022-03-10,38,1.66,7.7,a
2022-03-11,37,1.606,8.5,a
2022-03-12,37,1.586,7.5,a
2022-03-13,37,1.562,7.1,a
2022-03-14,37,1.581,7.9,a
2022-03-15,36,1.542,8.5,a
2022-03-16,37,1.578,10.3,a
2022-03-17,36,1.513,11.1,a
2022-03-18,35,1.466,10.6,a
2022-03-19,35,1.45,9.9,a
2022-03-20,35,1.471,10.2,a
2022-03-21,35,1.43,9.6,a
2022-03-22,35,1.45,9.7,a
2022-03-23,35,1.471,10.1,a
2022-03-24,36,1.516,11,a
2022-03-25,37,1.573,11.5,a
2022-03-26,37,1.595,11.9,a
2022-03-27,38,1.643,12.1,a
2022-03-28,38,1.66,12.3,a
2022-03-29,38,1.645,12.2,a
2022-03-30,38,1.64,11.5,a
2022-03-31,46,2.392,11,a
2022-04-01,61,3.898,10,a
2022-04-02,70,5.098,8.8,a
2022-04-03,68,4.831,8.5,a
2022-04-04,60,3.77,8.9,a
2022-04-05,57,3.379,9.5,a
2022-04-06,55,3.201,10.3,a
2022-04-07,55,3.156,11.2,a
2022-04-08,54,3.065,10.9,a
2022-04-09,58,3.51,10.2,a
2022-04-10,59,3.635,9.2,a
2022-04-11,55,3.192,10,a
2022-04-12,54,3.043,10.7,a
2022-04-13,53,2.999,11.4,a
2022-04-14,53,2.925,12.3,a
2022-04-15,52,2.839,11.9,a
2022-04-16,52,2.821,11.7,a
2022-04-17,51,2.717,10.6,a
2022-04-18,50,2.612,10.4,a
2022-04-19,48,2.496,10.8,a
2022-04-20,49,2.591,10.7,a
2022-04-21,47,2.397,10.5,a
2022-04-22,51,2.756,10.9,a
2022-04-23,53,2.943,11.4,a
2022-04-24,51,2.779,12.1,a
2022-04-25,52,2.834,11.7,a
2022-04-26,52,2.813,11.2,a
2022-04-27,62,4.099,11.7,a
2022-04-28,63,4.11,11.7,a
2022-04-29,57,3.375,12,a
2022-04-30,55,3.169,12.5,a
2022-05-01,56,3.234,12.2,a
2022-05-02,80,6.747,12.5,a
2022-05-03,65,4.34,12.9,a
2022-05-04,58,3.529,13,a
2022-05-05,55,3.202,12.8,a
2022-05-06,53,3.008,12.2,a
2022-05-07,54,3.043,11.8,a
2022-05-08,55,3.133,12.6,a
2022-05-09,53,2.929,13,a
2022-05-10,51,2.8,13.3,a
2022-05-11,51,2.763,13.8,a
2022-05-12,50,2.7,14.4,a
2022-05-13,51,2.774,14.2,a
2022-05-14,52,2.878,14.6,a
2022-05-15,50,2.696,14.4,a
2022-05-16,50,2.68,14.6,a
2022-05-17,49,2.559,14.3,a
2022-05-18,48,2.47,14.1,a
2022-05-19,47,2.408,13.6,a
2022-05-20,47,2.408,14.2,a
2022-05-21,48,2.471,14.7,a
2022-05-22,57,3.488,15.7,a
2022-05-23,51,2.758,15,a
2022-05-24,50,2.68,14.7,a
2022-05-25,50,2.615,14.9,a
2022-05-26,49,2.563,14.5,a
2022-05-27,49,2.524,15,a
2022-05-28,49,2.536,13.6,a
2022-05-29,51,2.729,11.7,a
2022-05-30,50,2.688,11.5,a
2022-05-31,49,2.571,13,a
2022-06-01,48,2.496,14.5,a
2022-06-02,50,2.654,15.1,a
2022-06-03,57,3.387,16.8,a
2022-06-04,50,2.652,16.8,a
2022-06-05,48,2.447,16.4,a
2022-06-06,47,2.359,16.5,a
2022-06-07,49,2.657,15.7,a
2022-06-08,60,3.789,16.4,a
2022-06-09,53,2.907,14.2,a
2022-06-10,51,2.75,14,a
2022-06-11,49,2.591,14.6,a
2022-06-12,49,2.536,15.3,a
2022-06-13,47,2.397,15.7,a
2022-06-14,46,2.296,16,a
2022-06-15,44,2.124,16.7,a
2022-06-16,48,2.552,17.3,a
2022-06-17,56,3.292,18.6,a
2022-06-18,46,2.242,17.9,a
2022-06-19,43,1.995,18.3,a
2022-06-20,41,1.9,18.7,a
2022-06-21,40,1.775,19.2,a
2022-06-22,40,1.784,19.2,a
2022-06-23,39,1.738,19,a
2022-06-24,41,1.908,19.7,a
2022-06-25,40,1.827,19.5,a
2022-06-26,39,1.693,19.9,a
2022-06-27,36,1.54,20.7,a
2022-06-28,35,1.489,20.9,a
2022-06-29,34,1.409,21.1,a
2022-06-30,35,1.435,20.7,a
2022-07-01,33,1.359,20.5,a
2022-07-02,32,1.279,20.8,a
2022-07-03,32,1.275,21.3,a
2022-07-04,31,1.249,21.7,a
2022-07-05,41,1.899,21.5,a
2022-07-06,37,1.559,20.6,a
2022-07-07,37,1.587,19.8,a
2022-07-08,46,2.276,18.1,a
2022-07-09,38,1.66,17.4,a
2022-07-10,36,1.495,17.7,a
2022-07-11,31,1.243,18.7,a
2022-07-12,29,1.141,19.7,a
2022-07-13,32,1.269,19.2,a
2022-07-14,32,1.309,20.3,a
2022-07-15,32,1.298,20.3,a
2022-07-16,33,1.35,20.6,a
2022-07-17,32,1.275,20.8,a
2022-07-18,31,1.231,20.2,a
2022-07-19,30,1.19,20.6,a
2022-07-20,27,1.06,21.7,a
2022-07-21,27,1.061,21.9,a
2022-07-22,27,1.055,22.4,a
2022-07-23,27,1.053,22.8,a
2022-07-24,27,1.066,23.1,a
2022-07-25,28,1.072,23.2,a
2022-07-26,27,1.039,22.3,a
2022-07-27,28,1.077,21.3,a
2022-07-28,27,1.044,21,a
2022-07-29,27,1.027,21.4,a
2022-07-30,27,1.045,21.2,a
2022-07-31,28,1.083,19.6,a
2022-08-01,27,1.059,20.5,a
2022-08-02,28,1.096,20.7,a
2022-08-03,28,1.072,20.7,a
2022-08-04,27,1.039,21.3,a
2022-08-05,26,1.015,22.2,a
2022-08-06,27,1.024,22.6,a
2022-08-07,26,1.008,21,a
2022-08-08,26,1,20,a
2022-08-09,26,0.99,20.6,a
2022-08-10,25,0.969,20.6,a
2022-08-11,25,0.957,20.3,a
2022-08-12,25,0.97,20.1,a
2022-08-13,26,0.995,18.5,a
2022-08-14,28,1.068,18.3,a
2022-08-15,26,1.012,19.6,a
2022-08-16,25,0.972,20.8,a
2022-08-17,26,0.984,21.7,a
2022-08-18,25,0.96,22.2,a
2022-08-19,25,0.948,21.1,a
2022-08-20,27,1.036,20.7,a
2022-08-21,27,1.047,20.1,a
2022-08-22,27,1.024,19,a
2022-08-23,27,1.038,19.2,a
2022-08-24,26,1.008,19.9,a
2022-08-25,26,0.987,21.4,a
2022-08-26,25,0.961,21.8,a
2022-08-27,25,0.961,21.5,a
2022-08-28,27,1.027,20.3,a
2022-08-29,27,1.06,20.1,a
2022-08-30,28,1.088,20.2,a
2022-08-31,27,1.056,19.8,a
2022-09-01,30,1.195,18.3,a
2022-09-02,28,1.107,17.5,a
2022-09-03,28,1.066,17.9,a
2022-09-04,27,1.054,18.7,a
2022-09-05,27,1.053,18.9,a
2022-09-06,27,1.037,19.7,a
2022-09-07,26,1.02,20.7,a
2022-09-08,29,1.15,19.5,a
2022-09-09,39,1.728,16.7,a
2022-09-10,40,1.83,16,a
2022-09-11,37,1.609,15.5,a
2022-09-12,33,1.358,16,a
2022-09-13,31,1.251,16.5,a
2022-09-14,30,1.188,17.3,a
2022-09-15,49,3.508,17.6,a
2022-09-16,133,18.267,15.4,a
2022-09-17,158,24.883,13.3,a
2022-09-18,101,10.777,13.1,a
2022-09-19,84,7.326,13.5,a
2022-09-20,78,6.369,13.2,a
2022-09-21,77,6.1,13,a
2022-09-22,75,5.901,12.7,a
2022-09-23,74,5.641,12.6,a
2022-09-24,72,5.321,12.7,a
2022-09-25,90,8.996,13.1,a
2022-09-26,143,20.853,13.2,a
2022-09-27,129,17.028,12.9,a
2022-09-28,107,12.036,12.5,a
2022-09-29,137,19.931,12.6,a
2022-09-30,159,25.161,12.6,a
2022-10-01,122,15.496,13.2,a
2022-10-02,99,10.099,12.5,a
2022-10-03,93,8.919,12.6,a
2022-10-04,91,8.55,12.1,a
2022-10-05,87,7.894,12.4,a
2022-10-06,84,7.417,12.7,a
2022-10-07,82,6.975,12.9,a
2022-10-08,80,6.638,13,a
2022-10-09,75,5.911,13.2,a
2022-10-10,54,3.069,13.1,a
2022-10-11,49,2.551,12.7,a
2022-10-12,48,2.485,12.5,a
2022-10-13,49,2.555,12.5,a
2022-10-14,48,2.469,12.6,a
2022-10-15,47,2.408,12.4,a
2022-10-16,47,2.389,12.4,a
2022-10-17,45,2.23,12.6,a
2022-10-18,44,2.145,12.8,a
2022-10-19,44,2.11,12.5,a
2022-10-20,42,1.953,12.9,a
2022-10-21,40,1.812,12.7,a
2022-10-22,55,3.6,13,a
2022-10-23,68,4.825,12.2,a
2022-10-24,55,3.203,12.7,a
2022-10-25,69,5.038,13,a
2022-10-26,67,4.66,12,a
2022-10-27,58,3.546,12.2,a
2022-10-28,55,3.192,11.7,a
2022-10-29,55,3.137,11.4,a
2022-10-30,53,2.995,11.4,a
2022-10-31,52,2.847,11.3,a
2022-11-01,50,2.658,11,a
2022-11-02,48,2.494,11.6,a
2022-11-03,48,2.477,12.1,a
2022-11-04,52,2.867,11.9,a
2022-11-05,50,2.626,10.9,a
2022-11-06,53,2.928,8.8,a
2022-11-07,53,2.911,9,a
2022-11-08,52,2.83,8.5,a
2022-11-09,51,2.771,8.9,a
2022-11-10,63,4.289,10.5,a
2022-11-11,68,4.766,10.5,a
2022-11-12,60,3.799,9.8,a
2022-11-13,58,3.48,9.6,a
2022-11-14,56,3.327,9.9,a
2022-11-15,55,3.226,10.3,a
2022-11-16,59,3.614,10.1,a
2022-11-17,62,4.023,10,a
2022-11-18,64,4.347,9.8,a
2022-11-19,71,5.21,9.3,a
2022-11-20,67,4.703,8.5,a
2022-11-21,65,4.363,7.9,a
2022-11-22,65,4.355,7.7,a
2022-11-23,80,6.698,8,a
2022-11-24,72,5.314,8,a
2022-11-25,65,4.447,7.6,a
2022-11-26,62,4.022,7.5,a
2022-11-27,60,3.694,7,a
2022-11-28,59,3.626,6.9,a
2022-11-29,58,3.456,7.3,a
2022-11-30,56,3.303,7.2,a
2022-12-01,55,3.219,7.3,a
2022-12-02,56,3.275,7.2,a
2022-12-03,56,3.327,7.1,a
2022-12-04,66,4.571,7,a
2022-12-05,75,5.874,7.3,a
2022-12-06,117,14.336,7.9,a
2022-12-07,87,7.864,7.8,a
2022-12-08,77,6.148,7.7,a
2022-12-09,110,14.346,7.3,a
2022-12-10,177,30.357,7.8,a
2022-12-11,136,18.996,7.3,a
2022-12-12,113,13.161,6.6,a
2022-12-13,103,11.112,5.8,a
2022-12-14,99,10.225,5.8,a
2022-12-15,92,8.758,5.3,a
2022-12-16,126,16.569,6.1,a
2022-12-17,134,18.409,6.6,a
2022-12-18,114,13.538,6.2,a
2022-12-19,97,9.894,6.1,a
2022-12-20,83,7.209,6,a
2022-12-21,76,6.054,6.2,a
2022-12-22,72,5.44,6.9,a
2022-12-23,69,4.885,7.5,a
2022-12-24,65,4.413,7.8,a
2022-12-25,63,4.064,7.7,a
2022-12-26,61,3.859,7.8,a
2022-12-27,60,3.692,8,a
2022-12-28,58,3.475,7.4,a
2022-12-29,57,3.403,6.5,a
2022-12-30,57,3.437,7.8,a
2022-12-31,58,3.519,8.1,a
2023-01-01,56,3.294,8.2,a
2023-01-02,55,3.164,7.9,a
2023-01-03,55,3.143,7.8,a
2023-01-04,55,3.224,8.1,a
2023-01-05,55,3.173,7.9,a
2023-01-06,54,3.115,7.4,a
2023-01-07,54,3.061,7.1,a
2023-01-08,54,3.012,7.3,a
2023-01-09,86,8.033,8,a
2023-01-10,98,10.142,7.6,a
2023-01-11,75,5.875,6.4,a
2023-01-12,69,5.005,6.7,a
2023-01-13,66,4.476,6.6,a
2023-01-14,62,4.006,6.9,a
2023-01-15,61,3.823,6.5,a
2023-01-16,125,16.38,5.9,a
2023-01-17,120,14.79,5.7,a
2023-01-18,126,16.432,6.2,a
2023-01-19,123,15.613,6.3,a
2023-01-20,111,12.793,6.1,a
2023-01-21,95,9.43,5.4,a
2023-01-22,82,6.951,5.6,a
2023-01-23,104,11.775,5.5,a
2023-01-24,118,14.404,6,a
2023-01-25,105,11.46,6.2,a
2023-01-26,93,8.984,6,a
2023-01-27,85,7.575,5.6,a
2023-01-28,79,6.529,5.3,a
2023-01-29,75,5.765,5.6,a
2023-01-30,72,5.358,5.3,a
2023-01-31,69,4.986,4.9,a
2023-02-01,67,4.679,4.8,a
2023-02-02,66,4.536,5.1,a
2023-02-03,65,4.407,6,a
2023-02-04,65,4.412,6,a
2023-02-05,64,4.225,5.3,a
2023-02-06,62,4,4.4,a
2023-02-07,60,3.762,3.6,a
2023-02-08,58,3.533,3.3,a
2023-02-09,58,3.494,3.8,a
2023-02-10,57,3.341,3.4,a
2023-02-11,55,3.16,3.6,a
2023-02-12,55,3.151,4.8,a
2023-02-13,54,3.074,5.8,a
2023-02-14,54,3.061,5.4,a
2023-02-15,54,3.065,5.2,a
2023-02-16,54,3.11,5.3,a
2023-02-17,55,3.224,6,a
2023-02-18,58,3.47,6.9,a
2023-02-19,61,3.823,7.2,a
2023-02-20,59,3.672,6.7,a
2023-02-21,58,3.479,7.1,a
2023-02-22,57,3.374,7,a
2023-02-23,56,3.256,6.8,a
2023-02-24,55,3.142,7,a
2023-02-25,55,3.133,7.9,a
2023-02-26,60,3.718,6.2,a
2023-02-27,56,3.304,5.3,a
2023-02-28,54,3.079,5.2,a
2023-03-01,54,3.065,5.6,a
2023-03-02,55,3.225,6.1,a
2023-03-03,57,3.398,6.6,a
2023-03-04,55,3.133,6.8,a
2023-03-05,54,3.043,6.4,a
2023-03-06,53,2.942,6.2,a
2023-03-07,55,3.193,7,a
2023-03-08,55,3.178,7.7,a
2023-03-09,55,3.124,8.8,a
2023-03-10,54,3.097,9.1,a
2023-03-11,54,3.115,9.2,a
2023-03-12,53,2.946,8.2,a
2023-03-13,52,2.834,7.8,a
2023-03-14,52,2.835,9,a
2023-03-15,53,2.99,8.7,a
2023-03-16,52,2.826,7.6,a
2023-03-17,50,2.677,7.4,a
2023-03-18,49,2.52,8,a
2023-03-19,48,2.508,8.6,a
2023-03-20,48,2.485,9,a
2023-03-21,48,2.423,9.4,a
2023-03-22,47,2.336,10.4,a
2023-03-23,47,2.355,10.5,a
2023-03-24,47,2.397,10.5,a
2023-03-25,57,3.517,10.1,a
2023-03-26,59,3.669,9.2,a
2023-03-27,130,17.601,8.9,a
2023-03-28,95,9.45,8.1,a
2023-03-29,71,5.203,8.1,a
2023-03-30,66,4.469,8.7,a
2023-03-31,63,4.181,9.3,a
2023-04-01,79,6.462,9.7,a
2023-04-02,69,4.965,9.9,a
2023-04-03,64,4.237,9.6,a
2023-04-04,61,3.834,7.7,a
2023-04-05,59,3.622,7.6,a
2023-04-06,58,3.456,7.7,a
2023-04-07,57,3.355,8.6,a
2023-04-08,55,3.187,9.1,a
2023-04-09,55,3.192,9,a
2023-04-10,54,3.056,9.3,a
2023-04-11,53,2.963,9,a
2023-04-12,52,2.903,10,a
2023-04-13,67,5.008,9.7,a
2023-04-14,107,11.887,8.6,a
2023-04-15,91,8.527,8.9,a
2023-04-16,85,7.552,9.2,a
2023-04-17,75,5.833,9.9,a
2023-04-18,69,4.999,10.2,a
2023-04-19,66,4.474,10.9,a
2023-04-20,64,4.192,10.4,a
2023-04-21,62,3.974,10.7,a
2023-04-22,60,3.788,11.2,a
2023-04-23,59,3.641,11.7,a
2023-04-24,61,3.872,11.2,a
2023-04-25,62,4.039,10.9,a
2023-04-26,59,3.592,10.7,a
2023-04-27,57,3.393,11.3,a
2023-04-28,56,3.284,11,a
2023-04-29,55,3.224,11.9,a
2023-04-30,55,3.16,12.3,a
2023-05-01,56,3.247,11.4,a
2023-05-02,59,3.601,11.2,a
2023-05-03,59,3.667,11,a
2023-05-04,57,3.403,11.5,a
2023-05-05,57,3.351,12.3,a
2023-05-06,56,3.285,12.9,a
2023-05-07,55,3.224,13.1,a
2023-05-08,56,3.256,12.1,a
2023-05-09,55,3.155,11.6,a
2023-05-10,54,3.115,10.9,a
2023-05-11,69,5.098,11,a
2023-05-12,77,6.201,11.3,a
2023-05-13,90,8.668,11.4,a
2023-05-14,116,14.07,11.3,a
2023-05-15,110,12.546,11.8,a
2023-05-16,91,8.55,11.5,a
2023-05-17,88,8.075,11,a
2023-05-18,84,7.311,11.2,a
2023-05-19,73,5.558,11.6,a
2023-05-20,69,4.915,12.4,a
2023-05-21,65,4.408,13.2,a
2023-05-22,63,4.123,13.5,a
2023-05-23,61,3.855,13.4,a
2023-05-24,63,4.111,13,a
2023-05-25,59,3.678,13.5,a
2023-05-26,57,3.432,13.8,a
2023-05-27,56,3.271,13.7,a
2023-05-28,55,3.178,13.5,a
2023-05-29,54,3.079,13.6,a
2023-05-30,54,3.012,13.4,a
2023-05-31,54,3.016,12.4,a
2023-06-01,54,3.03,13.2,a
2023-06-02,54,3.035,13.5,a
2023-06-03,75,5.965,14.8,a
2023-06-04,62,3.95,14.1,a
2023-06-05,71,5.433,13.8,a
2023-06-06,95,9.563,14.2,a
2023-06-07,92,9.138,14.6,a
2023-06-08,111,12.803,14,a
2023-06-09,92,8.788,14.5,a
2023-06-10,96,9.738,14.1,a
2023-06-11,80,6.651,14.1,a
2023-06-12,75,5.782,14.4,a
2023-06-13,68,4.81,13.9,a
2023-06-14,64,4.27,14,a
2023-06-15,61,3.912,14.2,a
2023-06-16,60,3.737,13.6,a
2023-06-17,58,3.558,13.6,a
2023-06-18,57,3.356,14.4,a
2023-06-19,55,3.197,14.9,a
2023-06-20,54,3.101,15.4,a
2023-06-21,53,2.974,15.9,a
2023-06-22,52,2.873,15.9,a
2023-06-23,52,2.856,15.8,a
2023-06-24,52,2.878,15.2,a
2023-06-25,51,2.726,15,a
2023-06-26,51,2.739,15.4,a
2023-06-27,61,4.146,15,a
2023-06-28,73,5.576,15.8,a
2023-06-29,58,3.54,14.8,a
2023-06-30,55,3.138,15,a
2023-07-01,54,3.036,14.7,a
2023-07-02,54,3.089,15.3,a
2023-07-03,53,2.921,14.4,a
2023-07-04,65,4.466,15.7,a
2023-07-05,56,3.287,15.3,a
2023-07-06,53,2.986,14.7,a
2023-07-07,53,2.92,15,a
2023-07-08,51,2.788,15.1,a
2023-07-09,51,2.725,15.9,a
2023-07-10,51,2.709,16.2,a
2023-07-11,50,2.672,16.5,a
2023-07-12,50,2.668,16.3,a
2023-07-13,75,6.354,16.8,a
2023-07-14,79,6.608,17,a
2023-07-15,59,3.645,16.4,a
2023-07-16,55,3.156,16.8,a
2023-07-17,53,2.955,16.8,a
2023-07-18,53,3.008,17,a
2023-07-19,61,3.869,17.6,a
2023-07-20,55,3.184,17.2,a
2023-07-21,112,13.067,17.9,a
2023-07-22,97,9.873,16.8,a
2023-07-23,94,9.267,16.7,a
2023-07-24,76,6.095,16.5,a
2023-07-25,126,18.54,16.7,a
2023-07-26,168,27.872,15.7,a
2023-07-27,111,12.717,15.2,a
2023-07-28,100,10.376,15.6,a
2023-07-29,92,8.78,16.4,a
2023-07-30,83,7.183,16.8,a
2023-07-31,71,5.172,16.2,a
2023-08-01,71,5.475,15.7,a
2023-08-02,88,8.114,16.2,a
2023-08-03,74,5.646,16,a
2023-08-04,229,36.543,16.2,a
2023-08-05,239,50.439,14.6,a
2023-08-06,174,27.375,14.1,a
2023-08-07,126,16.429,14.1,a
2023-08-08,107,11.953,14,a
2023-08-09,95,9.4,13.9,a
2023-08-10,89,8.249,14.4,a
2023-08-11,85,7.557,14.7,a
2023-08-12,83,7.176,14.7,a
2023-08-13,83,7.12,15.1,a
2023-08-14,83,7.163,15.5,a
2023-08-15,81,6.878,15.7,a
2023-08-16,79,6.556,16.4,a
2023-08-17,79,6.524,17.9,a
2023-08-18,80,6.655,18.6,a
2023-08-19,71,5.411,18.3,a
2023-08-20,48,2.498,17.8,a
2023-08-21,44,2.108,17.8,a
2023-08-22,42,1.919,18.1,a
2023-08-23,40,1.815,18.2,a
2023-08-24,39,1.745,18.4,a
2023-08-25,38,1.629,19,a
2023-08-26,37,1.559,18.8,a
2023-08-27,36,1.492,18.6,a
2023-08-28,39,1.773,18.3,a
2023-08-29,59,3.81,17.2,a
2023-08-30,56,3.287,16.4,a
2023-08-31,58,3.587,16.4,a
2023-09-01,46,2.267,16.3,a
2023-09-02,41,1.907,16.3,a
2023-09-03,39,1.709,16.6,a
2023-09-04,36,1.538,16.8,a
2023-09-05,36,1.512,15.6,a
2023-09-06,33,1.326,15.8,a
2023-09-07,32,1.271,16.1,a
2023-09-08,31,1.229,16.1,a
2023-09-09,30,1.201,16.1,a
2023-09-10,30,1.173,16.2,a
2023-09-11,29,1.148,16.3,a
2023-09-12,30,1.173,16.5,a
2023-09-13,30,1.197,16.7,a
2023-09-14,37,1.668,16.8,a
2023-09-15,39,1.781,16.9,a
2023-09-16,32,1.301,16.3,a
2023-09-17,31,1.216,16.5,a
2023-09-18,30,1.172,16.4,a
2023-09-19,45,2.272,17.1,a
2023-09-20,35,1.479,16.6,a
2023-09-21,37,1.627,16.6,a
2023-09-22,35,1.448,16.6,a
2023-09-23,42,1.981,16.3,a
2023-09-24,46,2.306,15,a
2023-09-25,43,2.041,13.9,a
2023-09-26,37,1.571,14.6,a
2023-09-27,34,1.391,15,a
2023-09-28,32,1.277,14.8,a
2023-09-29,31,1.218,14.4,a
2023-09-30,30,1.18,14.2,a
2023-10-01,30,1.16,14.7,a
2023-10-02,29,1.123,14.7,a
2023-10-03,28,1.105,15.1,a
2023-10-04,28,1.073,14.7,a
2023-10-05,28,1.07,14.1,a
2023-10-06,27,1.057,14,a
2023-10-07,27,1.036,13.4,a
2023-10-08,27,1.045,14.2,a
2023-10-09,26,1.015,14.3,a
2023-10-10,26,1.012,14.4,a
2023-10-11,28,1.074,14.3,a
2023-10-12,32,1.294,13.7,a
2023-10-13,33,1.344,13.6,a
2023-10-14,33,1.342,13.6,a
2023-10-15,79,7.158,13.7,a
2023-10-16,65,4.538,11.9,a
2023-10-17,49,2.52,9.8,a
2023-10-18,44,2.079,10.2,a
2023-10-19,54,3.321,11,a
2023-10-20,88,8.177,12.9,a
2023-10-21,83,7.215,12.9,a
2023-10-22,80,6.795,12.8,a
2023-10-23,65,4.445,11.7,a
2023-10-24,64,4.347,11.9,a
2023-10-25,114,13.634,13.2,a
2023-10-26,80,6.706,12.6,a
2023-10-27,163,27.079,13.2,a
2023-10-28,159,25.277,12.4,a
2023-10-29,111,12.867,11.9,a
2023-10-30,102,10.754,12.4,a
2023-10-31,146,21.976,12.7,a
2023-11-01,129,17.174,11.4,a
2023-11-02,108,12.112,11.6,a
2023-11-03,161,26.049,12.1,a
2023-11-04,129,17.251,11,a
2023-11-05,164,27.049,11.4,a
2023-11-06,123,15.657,11.3,a
2023-11-07,107,11.883,10.7,a
2023-11-08,102,10.734,10.4,a
2023-11-09,102,10.809,10,a
2023-11-10,122,15.634,10.3,a
2023-11-11,127,16.495,10.2,a
2023-11-12,102,10.831,9.2,a
2023-11-13,87,7.916,9.2,a
2023-11-14,80,6.573,10.4,a
2023-11-15,87,7.902,10.8,a
2023-11-16,76,6.065,9.4,a
2023-11-17,74,5.622,9.8,a
2023-11-18,69,4.981,8.5,a
2023-11-19,68,4.747,8,a
2023-11-20,67,4.72,7.9,a
2023-11-21,67,4.593,8.8,a
2023-11-22,63,4.089,8.6,a
2023-11-23,62,4.011,7.9,a
2023-11-24,61,3.885,7.2,a
2023-11-25,61,3.933,7.3,a
2023-11-26,60,3.778,6.4,a
2023-11-27,59,3.631,6.2,a
2023-11-28,60,3.707,7.6,a
2023-11-29,58,3.543,7,a
2023-11-30,80,7.551,6,a
2023-12-01,153,23.652,7.5,a
2023-12-02,142,20.462,8.7,a
2023-12-03,127,16.718,7.4,a
2023-12-04,105,11.481,6.4,a
2023-12-05,98,9.961,6.5,a
2023-12-06,88,8.118,6.7,a
2023-12-07,74,5.691,7.1,a
2023-12-08,68,4.775,6.6,a
2023-12-09,63,4.188,6.6,a
2023-12-10,64,4.32,6.5,a
2023-12-11,64,4.284,6.6,a
2023-12-12,66,4.538,7.2,a
2023-12-13,151,25.354,7.6,a
2023-12-14,180,31.372,8,a
2023-12-15,124,15.839,7.6,a
2023-12-16,106,11.716,6.9,a
2023-12-17,98,10.021,6.3,a
2023-12-18,95,9.353,6.1,a
2023-12-19,92,8.793,5.8,a
2023-12-20,90,8.468,5.6,a
2023-12-21,85,7.527,5.7,a
2023-12-22,71,5.247,6.6,a
2023-12-23,68,4.837,6.2,a
2023-12-24,66,4.502,6.3,a
2023-12-25,64,4.28,7.2,a
2023-12-26,63,4.111,7.7,a
2023-12-27,61,3.932,7.2,a
2023-12-28,60,3.798,8,a
2023-12-29,60,3.712,7.7,a
2023-12-30,59,3.626,8,a
2023-12-31,58,3.538,7.8,a
2024-01-01,82,7.173,8,a
2024-01-02,71,5.279,7,a
2024-01-03,67,4.68,7.7,a
2024-01-04,65,4.407,8,a
2024-01-05,63,4.176,7,a
2024-01-06,106,12.629,7.8,a
2024-01-07,122,15.529,7.7,a
2024-01-08,98,9.955,6.8,a
2024-01-09,89,8.202,5.7,a
2024-01-10,78,6.381,4.9,a
2024-01-11,71,5.265,4.2,a
2024-01-12,69,4.968,4.3,a
2024-01-13,67,4.662,4.8,a
2024-01-14,66,4.468,4.7,a
2024-01-15,65,4.43,6.1,a
2024-01-16,65,4.374,5.9,a
2024-01-17,63,4.119,5.5,a
2024-01-18,82,7.038,6.7,a
2024-01-19,99,10.284,5.4,a
2024-01-20,86,7.758,3.8,a
2024-01-21,78,6.255,3.4,a
2024-01-22,74,5.655,3.4,a
2024-01-23,72,5.339,4.3,a
2024-01-24,69,4.979,4.7,a
2024-01-25,71,5.267,5.6,a
2024-01-26,75,5.901,5.6,a
2024-01-27,74,5.629,5.4,a
2024-01-28,71,5.24,4.9,a
2024-01-29,69,4.926,4.6,a
2024-01-30,67,4.656,4.5,a
2024-01-31,65,4.451,4.6,a
2024-02-01,64,4.301,4.8,a
2024-02-02,63,4.138,5.6,a
2024-02-03,62,4.016,5.6,a
2024-02-04,62,3.963,6,a
2024-02-05,62,4.006,6.1,a
2024-02-06,64,4.215,6.6,a
2024-02-07,66,4.531,7.5,a
2024-02-08,64,4.198,7.7,a
2024-02-09,62,4.058,8.4,a
2024-02-10,64,4.206,8.6,a
2024-02-11,105,11.604,8.1,a
2024-02-12,105,11.499,8.2,a
2024-02-13,83,7.137,8,a
2024-02-14,74,5.741,6.9,a
2024-02-15,70,5.07,6.9,a
2024-02-16,67,4.715,7,a
2024-02-17,65,4.413,7.4,a
2024-02-18,63,4.122,8.5,a
2024-02-19,62,3.979,7.7,a
2024-02-20,60,3.793,7.9,a
2024-02-21,58,3.527,7.8,a
2024-02-22,58,3.543,7.6,a
2024-02-23,61,3.922,8,a
2024-02-24,74,5.706,8.1,a
2024-02-25,63,4.172,7.9,a
2024-02-26,61,3.927,7.8,a
2024-02-27,61,3.874,8.1,a
2024-02-28,61,3.87,8.9,a
2024-02-29,60,3.692,8.8,a
2024-03-01,61,3.858,8.9,a
2024-03-02,63,4.091,9.4,a
2024-03-03,64,4.243,9.8,a
2024-03-04,61,3.906,9.2,a
2024-03-05,60,3.81,9.7,a
2024-03-06,66,4.49,9.3,a
2024-03-07,62,4.053,8.8,a
2024-03-08,70,5.089,7.7,a
2024-03-09,69,4.999,7.8,a
2024-03-10,75,5.904,8.2,a
2024-03-11,117,14.164,8.4,a
2024-03-12,118,14.521,8.8,a
2024-03-13,91,8.631,8.7,a
2024-03-14,80,6.711,8.8,a
2024-03-15,75,5.772,9.4,a
2024-03-16,70,5.143,10,a
2024-03-17,67,4.651,10,a
2024-03-18,65,4.379,10.2,a
2024-03-19,63,4.171,9.7,a
2024-03-20,61,3.834,9.2,a
2024-03-21,62,4.033,9.7,a
2024-03-22,66,4.594,10.6,a
2024-03-23,66,4.781,10.2,a
2024-03-24,99,10.293,9,a
2024-03-25,79,6.511,8.9,a
2024-03-26,71,5.303,8.8,a
2024-03-27,71,5.341,9.8,a
2024-03-28,101,11.372,9.3,a
2024-03-29,124,16.008,9.7,a
2024-03-30,97,9.906,10.4,a
2024-03-31,82,7.05,10.6,a
2024-04-01,81,6.802,11.2,a
2024-04-02,91,8.68,11,a
2024-04-03,80,6.688,9.8,a
2024-04-04,76,6.014,10.6,a
2024-04-05,72,5.421,11.1,a
2024-04-06,70,5.124,11.8,a
2024-04-07,69,4.872,12.3,a
2024-04-08,66,4.576,12.9,a
2024-04-09,65,4.34,12.9,a
2024-04-10,63,4.155,12.3,a
2024-04-11,61,3.932,11.7,a
2024-04-12,61,3.818,12.3,a
2024-04-13,59,3.662,12.9,a
2024-04-14,57,3.446,13.5,a
2024-04-15,56,3.332,13.5,a
2024-04-16,58,3.532,11.3,a
2024-04-17,60,3.699,9.3,a
2024-04-18,56,3.308,9.3,a
2024-04-19,54,3.106,9.6,a
2024-04-20,54,3.043,9.6,a
2024-04-21,53,2.955,9.4,a
2024-04-22,52,2.894,9.3,a
2024-04-23,56,3.308,8.5,a
2024-04-24,64,4.313,8.4,a
2024-04-25,68,4.747,8.8,a
2024-04-26,62,4.002,9.8,a
2024-04-27,57,3.442,10.2,a
2024-04-28,56,3.233,11.6,a
2024-04-29,54,3.07,12.6,a
2024-04-30,53,2.968,13.6,a
2024-05-01,53,2.994,13.4,a
2024-05-02,55,3.143,12.9,a
2024-05-03,58,3.466,11.5,a
2024-05-04,59,3.623,12.5,a
2024-05-05,54,3.034,12.7,a
2024-05-06,53,2.964,12.6,a
2024-05-07,52,2.89,12.2,a
2024-05-08,78,6.601,12.9,a
2024-05-09,66,4.568,13.3,a
2024-05-10,58,3.545,13.1,a
2024-05-11,55,3.211,13.5,a
2024-05-12,53,2.99,13.9,a
2024-05-13,53,2.916,13.5,a
2024-05-14,56,3.243,13.4,a
2024-05-15,53,2.983,13.3,a
2024-05-16,52,2.842,13.1,a
2024-05-17,68,4.888,13.6,a
2024-05-18,57,3.395,13.3,a
2024-05-19,54,3.043,13.4,a
2024-05-20,52,2.877,13.9,a
2024-05-21,69,5.348,13.9,a
2024-05-22,81,6.862,14.2,a
2024-05-23,70,5.091,13.7,a
2024-05-24,68,4.762,13.8,a
2024-05-25,61,3.83,13.4,a
2024-05-26,58,3.485,13.5,a
2024-05-27,56,3.229,13.9,a
2024-05-28,55,3.208,14.3,a
2024-05-29,54,3.083,14,a
2024-05-30,56,3.289,13.9,a
2024-05-31,98,11.596,13.7,a
2024-06-01,112,13.098,13.3,a
2024-06-02,79,6.497,14,a
2024-06-03,92,8.878,14.1,a
2024-06-04,83,7.086,14.2,a
2024-06-05,74,5.744,14.5,a
2024-06-06,66,4.592,15.2,a
2024-06-07,62,4.006,15.8,a
2024-06-08,60,3.697,16,a
2024-06-09,58,3.461,16,a
2024-06-10,56,3.285,15.4,a
2024-06-11,109,13.026,14.9,a
2024-06-12,98,9.945,13.7,a
2024-06-13,80,6.674,12.9,a
2024-06-14,71,5.183,13.1,a
2024-06-15,65,4.448,13.9,a
2024-06-16,62,3.98,14.6,a
2024-06-17,55,3.227,15.6,a
2024-06-18,55,3.137,16.2,a
2024-06-19,55,3.124,16.6,a
2024-06-20,53,2.99,16.5,a
2024-06-21,53,2.916,16.5,a
2024-06-22,53,2.979,17,a
2024-06-23,52,2.822,16.6,a
2024-06-24,50,2.633,16,a
2024-06-25,49,2.513,15.9,a
2024-06-26,51,2.739,16.1,a
2024-06-27,51,2.712,16,a
2024-06-28,50,2.652,16.5,a
2024-06-29,49,2.576,17.2,a
2024-06-30,48,2.458,17.4,a
2024-07-01,70,5.69,17.2,a
2024-07-02,69,5.038,17.1,a
2024-07-03,54,3.026,15.6,a
2024-07-04,52,2.851,15.4,a
2024-07-05,50,2.644,16,a
2024-07-06,48,2.497,16.9,a
2024-07-07,51,2.814,17.1,a
2024-07-08,50,2.677,17.5,a
2024-07-09,48,2.439,18.3,a
2024-07-10,47,2.37,18.9,a
2024-07-11,46,2.311,19,a
2024-07-12,53,3.171,19.4,a
2024-07-13,55,3.193,19.5,a
2024-07-14,49,2.553,19.1,a
2024-07-15,46,2.277,18.9,a
2024-07-16,45,2.234,19.1,a
2024-07-17,44,2.104,19.3,a
2024-07-18,44,2.1,19.6,a
2024-07-19,45,2.191,19.7,a
2024-07-20,68,4.884,18.6,a
2024-07-21,57,3.419,17.6,a
2024-07-22,52,2.919,17.5,a
2024-07-23,53,2.972,18.1,a
2024-07-24,53,2.979,16.9,a
2024-07-25,49,2.601,16.8,a
2024-07-26,48,2.431,17,a
2024-07-27,47,2.366,17.7,a
2024-07-28,46,2.255,17.9,a
2024-07-29,44,2.133,17.2,a
2024-07-30,42,1.968,16.5,a
2024-07-31,45,2.195,16.2,a
2024-08-01,43,2.05,16.4,a
2024-08-02,42,2.038,17.7,a
2024-08-03,60,3.756,18.6,a
2024-08-04,48,2.509,16.7,a
2024-08-05,46,2.278,16.9,a
2024-08-06,46,2.259,16.9,a
2024-08-07,47,2.399,17,a
2024-08-08,57,3.53,20.3,a
2024-08-09,65,4.556,19.7,a
2024-08-10,51,2.789,18.4,a
2024-08-11,48,2.467,18.5,a
2024-08-12,43,2.013,19.3,a
2024-08-13,42,2.009,19.4,a
2024-08-14,41,1.872,19.7,a
2024-08-15,43,2.043,18.4,a
2024-08-16,42,1.932,18.9,a
2024-08-17,40,1.804,19.6,a
2024-08-18,50,2.788,18.9,a
2024-08-19,52,2.854,18.8,a
2024-08-20,68,4.823,19.5,a
2024-08-21,52,2.843,18.9,a
2024-08-22,47,2.397,18.1,a
2024-08-23,46,2.241,17.9,a
2024-08-24,43,2.069,18.8,a
2024-08-25,41,1.839,19.3,a
2024-08-26,38,1.645,19.7,a
2024-08-27,38,1.654,19,a
2024-08-28,38,1.66,19.3,a
2024-08-29,38,1.653,19.8,a
2024-08-30,38,1.648,19.6,a
2024-08-31,37,1.582,19.4,a
2024-09-01,36,1.548,19.3,a
2024-09-02,35,1.479,19,a
2024-09-03,33,1.338,19.1,a
2024-09-04,33,1.326,19.2,a
2024-09-05,33,1.324,18.8,a
2024-09-06,46,2.295,17.9,a
2024-09-07,43,2.011,16.6,a
2024-09-08,39,1.742,16.9,a
2024-09-09,65,4.556,17.7,a
2024-09-10,57,3.395,15.4,a
2024-09-11,49,2.521,14.3,a
2024-09-12,139,23.668,14.8,a
2024-09-13,168,28.058,13.5,a
2024-09-14,109,12.345,13.4,a
2024-09-15,99,10.259,13.3,a
2024-09-16,93,9.033,13.1,a
2024-09-17,79,6.535,12.9,a
2024-09-18,63,4.087,12.5,a
2024-09-19,59,3.653,13.1,a
2024-09-20,56,3.309,13.4,a
2024-09-21,54,3.048,13.4,a
2024-09-22,53,2.907,13,a
2024-09-23,51,2.765,13.2,a
2024-09-24,58,3.591,14.3,a
2024-09-25,61,3.902,14.2,a
2024-09-26,58,3.46,13.8,a
2024-09-27,55,3.125,14.4,a
2024-09-28,60,3.825,14.1,a
2024-09-29,71,5.207,12.8,a
2024-09-30,59,3.679,11.7,a
2024-10-01,53,3.006,11.5,a
2024-10-02,77,7.978,12.7,a
2024-10-03,148,22.26,12.6,a
2024-10-04,140,20.043,12,a
2024-10-05,107,11.953,12,a
2024-10-06,96,9.646,12.1,a
2024-10-07,85,7.582,11.8,a
2024-10-08,68,4.855,12.3,a
2024-10-09,74,5.693,13.4,a
2024-10-10,88,9.721,13.4,a
2024-10-11,162,26.3,13.1,a
2024-10-12,120,14.895,12.7,a
2024-10-13,103,11.004,12.4,a
2024-10-14,96,9.512,12.2,a
2024-10-15,74,5.643,12.2,a
2024-10-16,69,4.885,12.2,a
2024-10-17,65,4.427,12,a
2024-10-18,64,4.296,11.9,a
2024-10-19,66,4.526,11.9,a
2024-10-20,63,4.064,12.1,a
2024-10-21,60,3.737,11.5,a
2024-10-22,58,3.538,11.8,a
2024-10-23,57,3.447,12.3,a
2024-10-24,86,7.689,12.6,a
2024-10-25,74,5.746,12.5,a
2024-10-26,68,4.751,12.7,a
2024-10-27,62,4.02,13,a
2024-10-28,62,3.991,12.5,a
2024-10-29,58,3.574,12.7,a
2024-10-30,59,3.611,11.8,a
2024-10-31,56,3.337,11.6,a
2024-11-01,57,3.384,11.1,a
2024-11-02,54,3.12,10.8,a
2024-11-03,55,3.128,10.8,a
2024-11-04,54,3.039,9.4,a
2024-11-05,53,2.959,8.7,a
2024-11-06,52,2.861,8.4,a
2024-11-07,52,2.864,8.4,a
2024-11-08,51,2.776,8.3,a
2024-11-09,51,2.754,8.4,a
2024-11-10,51,2.746,8.1,a
2024-11-11,50,2.688,8.2,a
2024-11-12,50,2.643,8,a
2024-11-13,49,2.583,7.6,a
2024-11-14,49,2.543,7.2,a
2024-11-15,48,2.485,6.8,a
2024-11-16,48,2.465,6.8,a
2024-11-17,48,2.446,6.4,a
2024-11-18,48,2.446,6.9,a
2024-11-19,48,2.454,8.2,a
2024-11-20,54,3.067,8.9,a
2024-11-21,52,2.897,7.3,a
2024-11-22,62,4.087,5.5,a
2024-11-23,60,3.732,5.5,a
2024-11-24,55,3.146,5.4,a
2024-11-25,58,3.462,6,a
2024-11-26,65,4.352,7.6,a
2024-11-27,105,11.995,8.2,a
2024-11-28,94,9.331,8.5,a
2024-11-29,75,5.781,8,a
2024-11-30,66,4.555,7.5,a
2024-12-01,62,3.959,6.9,a
2024-12-02,59,3.637,6.9,a
2024-12-03,57,3.427,6.5,a
2024-12-04,57,3.382,7.1,a
2024-12-05,55,3.163,6.7,a
2024-12-06,55,3.173,5.5,a
2024-12-07,54,3.106,5.2,a
2024-12-08,54,3.066,5.8,a
2024-12-09,53,2.997,6.3,a
2024-12-10,52,2.851,6.7,a
2024-12-11,52,2.851,6.6,a
2024-12-12,52,2.819,6.8,a
2024-12-13,51,2.781,6.5,a
2024-12-14,50,2.656,6,a
2024-12-15,49,2.556,5.5,a
2024-12-16,48,2.458,5.6,a
2024-12-17,47,2.405,5.5,a
2024-12-18,46,2.292,5.4,a
2024-12-19,46,2.322,5.7,a
2024-12-20,78,6.618,6.4,a
2024-12-21,63,4.107,4.9,a
2024-12-22,56,3.33,4,a
2024-12-23,68,4.859,4.7,a
2024-12-24,62,3.975,4.6,a
2024-12-25,57,3.437,4.8,a
2024-12-26,54,3.084,3.8,a
2024-12-27,52,2.843,3.2,a
2024-12-28,52,2.809,3.4,a
2024-12-29,50,2.635,3.3,a
2024-12-30,48,2.458,3.3,a
2024-12-31,49,2.54,3.4,a
2026-09-06,31.5,1.108,18.2,m
2026-09-07,31.2,1.09,18.4,m
2026-09-08,31,1.086,18.7,m
2026-09-09,31.6,1.117,18,m
2026-09-10,63.6,4.817,17.1,m
2026-09-11,118.5,14.585,15.2,m
2026-09-12,77.6,6.173,15.2,m
2026-09-13,53.2,2.735,14,m
2026-09-14,46.9,2.145,14.7,m
2026-09-15,45.5,2.033,14.5,m
2026-09-16,44,1.91,14.3,m
2026-09-17,46.4,2.122,14.2,m
2026-09-18,48.2,2.258,14.2,m
2026-09-19,44.2,1.927,14.5,m
2026-09-20,43.1,1.841,14.7,m
2026-09-21,41.8,1.742,14.3,m
2026-09-22,39.7,1.6,13.4,m
2026-09-23,38.6,1.54,12.6,m
2026-09-24,40.7,1.667,12.1,m
2026-09-25,40.2,1.635,12.4,m
2026-09-26,39.9,1.615,12.3,m
2026-09-27,39.3,1.572,12.6,m
2026-09-28,37.2,1.436,13.1,m
2026-09-29,35.4,1.325,13.4,m
2026-09-30,35.1,1.305,13.5,m
2026-10-01,34.8,1.285,13.3,m
2026-10-02,32.8,1.184,12.9,m
2026-10-03,33.8,1.23,12.3,m
2026-10-04,33.9,1.234,12.1,m
2026-10-05,33.1,1.193,12.1,m
2026-10-06,32.1,1.137,12,m
2026-10-07,32.3,1.151,12.7,m
2026-10-08,38.5,1.559,13.9,m
2026-10-09,44.6,1.968,13.1,m
2026-10-10,43.8,1.894,12,m
