date,level,flow,temp,src
1996-03-28,23,,,a
1996-03-29,21,,,a
1996-03-30,21,,,a
1996-03-31,20,,,a
1996-04-01,21,,,a
1996-04-02,50,,,a
1996-04-03,30,,,a
1996-04-04,28,,,a
1996-04-05,27,,,a
1996-04-06,23,,,a
1996-04-07,24,,,a
1996-04-08,23,,,a
1996-04-09,22,,,a
1996-04-10,22,,,a
1996-04-11,21,,,a
1996-04-12,21,,,a
1996-04-13,21,,,a
1996-04-14,21,,,a
1996-04-15,20,,,a
1996-04-16,19,,,a
1996-04-17,20,,,a
1996-04-18,19,,,a
1996-04-19,19,,,a
1996-04-20,19,,,a
1996-04-21,18,,,a
1996-04-22,19,,,a
1996-04-23,18,,,a
1996-04-24,19,,,a
1996-04-25,19,,,a
1996-04-26,22,,,a
1996-04-27,20,,,a
1996-04-28,19,,,a
1996-04-29,21,,,a
1996-04-30,22,,,a
1996-05-01,32,,,a
1996-05-02,28,,,a
1996-05-03,34,,,a
1996-05-04,31,,,a
1996-05-05,29,,,a
1996-05-06,29,,,a
1996-05-07,28,,,a
1996-05-08,26,,,a
1996-05-09,21,,,a
1996-05-10,20,,,a
1996-05-11,21,,,a
1996-05-12,23,,,a
1996-05-13,26,,,a
1996-05-14,22,,,a
1996-05-15,20,,,a
1996-05-16,21,,,a
1996-05-17,20,,,a
1996-05-18,22,,,a
1996-05-19,20,,,a
1996-05-20,20,,,a
1996-05-21,20,,,a
1996-05-22,20,,,a
1996-05-23,20,,,a
1996-05-24,20,,,a
1996-05-25,20,,,a
1996-05-26,20,,,a
1996-05-27,20,,,a
1996-05-28,21,,,a
1996-05-29,22,,,a
1996-05-30,21,,,a
1996-05-31,20,,,a
1996-06-01,20,,,a
1996-06-02,18,,,a
1996-06-03,15,,,a
1996-06-04,14,,,a
1996-06-05,10,,,a
1996-06-06,13,,,a
1996-06-07,15,,,a
1996-06-08,13,,,a
1996-06-09,12,,,a
1996-06-10,12,,,a
1996-06-11,12,,,a
1996-06-12,12,,,a
1996-06-13,11,,,a
1996-06-14,12,,,a
1996-06-15,11,,,a
1996-06-16,10,,,a
1996-06-17,10,,,a
1996-06-18,8,,,a
1996-06-19,8,,,a
1996-06-20,8,,,a
1996-06-21,10,,,a
1996-06-22,18,,,a
1996-06-23,30,,,a
1996-06-24,32,,,a
1996-06-25,38,,,a
1996-06-26,40,,,a
1996-06-27,30,,,a
1996-06-28,29,,,a
1996-06-29,30,,,a
1996-06-30,50,,,a
1996-07-01,32,,,a
1996-07-02,97,,,a
1996-07-03,90,,,a
1996-07-04,45,,,a
1996-07-05,30,,,a
1996-07-06,26,,,a
1996-07-07,28,,,a
1996-07-08,28,,,a
1996-07-09,15,,,a
1996-07-10,14,,,a
1996-07-11,15,,,a
1996-07-12,22,,,a
1996-07-13,18,,,a
1996-07-14,22,,,a
1996-07-15,22,,,a
1996-07-16,26,,,a
1996-07-17,24,,,a
1996-07-18,22,,,a
1996-07-19,22,,,a
1996-07-20,22,,,a
1996-07-21,21,,,a
1996-07-22,19,,,a
1996-07-23,19,,,a
1996-07-24,19,,,a
1996-07-25,20,,,a
1996-07-26,20,,,a
1996-07-27,19,,,a
1996-07-28,17,,,a
1996-07-29,17,,,a
1996-07-30,16,,,a
1996-07-31,17,,,a
1996-08-01,16,,,a
1996-08-02,16,,,a
1996-08-03,18,,,a
1996-08-04,20,,,a
1996-08-05,18,,,a
1996-08-06,16,,,a
1996-08-07,15,,,a
1996-08-08,20,,,a
1996-08-09,20,,,a
1996-08-10,18,,,a
1996-08-11,17,,,a
1996-08-12,17,,,a
1996-08-13,52,,,a
1996-08-14,30,,,a
1996-08-15,26,,,a
1996-08-16,36,,,a
1996-08-17,23,,,a
1996-08-18,22,,,a
1996-08-19,22,,,a
1996-08-20,20,,,a
1996-08-21,20,,,a
1996-08-22,19,,,a
1996-08-23,18,,,a
1996-08-24,18,,,a
1996-08-25,19,,,a
1996-08-26,18,,,a
1996-08-27,17,,,a
1996-08-28,22,,,a
1996-08-29,26,,,a
1996-08-30,25,,,a
1996-08-31,26,,,a
1996-09-01,20,,,a
1996-09-02,20,,,a
1996-09-03,20,,,a
1996-09-04,18,,,a
1996-09-05,17,,,a
1996-09-06,18,,,a
1996-09-07,18,,,a
1996-09-08,16,,,a
1996-09-09,15,,,a
1996-09-10,14,,,a
1996-09-11,14,,,a
1996-09-12,14,,,a
1996-09-13,17,,,a
1996-09-14,16,,,a
1996-09-15,15,,,a
1996-09-16,17,,,a
1996-09-17,17,,,a
1996-09-18,15,,,a
1996-09-19,15,,,a
1996-09-20,18,,,a
1996-09-21,21,,,a
1996-09-22,28,,,a
1996-09-23,32,,,a
1996-09-24,30,,,a
1996-09-25,51,,,a
1996-09-26,30,,,a
1996-09-27,26,,,a
1996-09-28,23,,,a
1996-09-29,22,,,a
1996-09-30,20,,,a
1996-10-01,20,,,a
1996-10-02,24,,,a
1996-10-03,38,,,a
1996-10-04,36,,,a
1996-10-05,38,,,a
1996-10-06,60,,,a
1996-10-07,26,,,a
1996-10-08,32,,,a
1996-10-09,27,,,a
1996-10-10,28,,,a
1996-10-11,27,,,a
1996-10-12,25,,,a
1996-10-13,26,,,a
1996-10-14,25,,,a
1996-10-15,25,,,a
1996-10-16,40,,,a
1996-10-17,50,,,a
1996-10-18,40,,,a
1996-10-19,38,,,a
1996-10-20,33,,,a
1996-10-21,30,,,a
1996-10-22,30,,,a
1996-10-23,27,,,a
1996-10-24,26,,,a
1996-10-25,26,,,a
1996-10-26,27,,,a
1996-10-27,26,,,a
1996-10-28,25,,,a
1996-10-29,24,,,a
1996-10-30,25,,,a
1996-10-31,25,,,a
1996-11-01,22,,,a
1996-11-02,22,,,a
1996-11-03,22,,,a
1996-11-04,22,,,a
1996-11-05,23,,,a
1996-11-06,22,,,a
1996-11-07,21,,,a
1996-11-08,20,,,a
1996-11-09,20,,,a
1996-11-10,21,,,a
1996-11-11,25,,,a
1996-11-12,23,,,a
1996-11-13,10,,,a
1996-11-14,10,,,a
1996-11-15,10,,,a
1996-11-16,10,,,a
1996-11-17,27,,,a
1996-11-18,54,,,a
1996-11-19,30,,,a
1996-11-20,22,,,a
1996-11-21,22,,,a
1996-11-22,18,,,a
1996-11-23,16,,,a
1996-11-24,15,,,a
1996-11-25,15,,,a
1996-11-26,13,,,a
1996-11-27,12,,,a
1996-11-28,12,,,a
1996-11-29,12,,,a
1996-11-30,10,,,a
1996-12-01,10,,,a
1996-12-02,10,,,a
1996-12-03,12,,,a
1996-12-04,13,,,a
1996-12-05,13,,,a
1996-12-06,12,,,a
1996-12-07,12,,,a
1996-12-08,12,,,a
1996-12-09,12,,,a
1996-12-10,10,,,a
1996-12-11,10,,,a
1996-12-12,10,,,a
1996-12-13,10,,,a
1996-12-14,10,,,a
1996-12-15,10,,,a
1996-12-16,10,,,a
1996-12-17,8,,,a
1996-12-18,8,,,a
1996-12-19,8,,,a
1996-12-20,9,,,a
1996-12-21,10,,,a
1996-12-22,12,,,a
1996-12-23,13,,,a
1996-12-24,12,,,a
1996-12-25,11,,,a
1996-12-26,10,,,a
1996-12-27,10,,,a
1996-12-28,10,,,a
1996-12-29,10,,,a
1996-12-30,10,,,a
1996-12-31,10,,,a
1997-01-01,33,1.526,,a
1997-01-02,32,1.457,,a
1997-01-03,32,1.457,,a
1997-01-04,31,1.388,,a
1997-01-05,30,1.32,,a
1997-01-06,29,1.242,,a
1997-01-07,28,1.169,,a
1997-01-08,28,1.169,,a
1997-01-09,27,1.098,,a
1997-01-10,27,1.098,,a
1997-01-11,27,1.098,,a
1997-01-12,26,1.028,,a
1997-01-13,26,1.028,,a
1997-01-14,26,1.028,,a
1997-01-15,26,1.028,,a
1997-01-16,26,1.028,,a
1997-01-17,25,0.958,,a
1997-01-18,22,0.758,,a
1997-01-19,22,0.758,,a
1997-01-20,24,0.89,,a
1997-01-21,50,2.652,,a
1997-01-22,34,1.595,,a
1997-01-23,32,1.457,,a
1997-01-24,30,1.32,,a
1997-01-25,28,1.169,,a
1997-01-26,28,1.169,,a
1997-01-27,30,1.32,,a
1997-01-28,30,1.32,,a
1997-01-29,27,1.098,,a
1997-01-30,27,1.098,,a
1997-01-31,26,1.028,,a
1997-02-01,26,1.028,,a
1997-02-02,26,1.028,,a
1997-02-03,25,0.958,,a
1997-02-04,25,0.958,,a
1997-02-05,23,0.823,,a
1997-02-06,20,0.632,,a
1997-02-07,20,0.632,,a
1997-02-08,21,0.694,,a
1997-02-09,21,0.694,,a
1997-02-10,24,0.89,,a
1997-02-11,24,0.89,,a
1997-02-12,26,1.028,,a
1997-02-13,26,1.028,,a
1997-02-14,27,1.098,,a
1997-02-15,28,1.169,,a
1997-02-16,28,1.169,,a
1997-02-17,28,1.169,,a
1997-02-18,27,1.098,,a
1997-02-19,24,0.89,,a
1997-02-20,12,0.21,,a
1997-02-21,12,0.21,,a
1997-02-22,12,0.21,,a
1997-02-23,8,0.038,,a
1997-02-24,14,0.301,,a
1997-02-25,16,0.403,,a
1997-02-26,18,0.513,,a
1997-02-27,16,0.403,,a
1997-02-28,16,0.403,,a
1997-03-01,14,0.301,,a
1997-03-02,14,0.301,,a
1997-03-03,14,0.301,,a
1997-03-04,22,0.758,,a
1997-03-05,22,0.758,,a
1997-03-06,12,0.21,,a
1997-03-07,14,0.301,,a
1997-03-08,14,0.301,,a
1997-03-09,14,0.301,,a
1997-03-10,14,0.301,,a
1997-03-11,14,0.301,,a
1997-03-12,12,0.21,,a
1997-03-13,12,0.21,,a
1997-03-14,14,0.301,,a
1997-03-15,15,0.351,,a
1997-03-16,16,0.403,,a
1997-03-17,16,0.403,,a
1997-03-18,16,0.403,,a
1997-03-19,18,0.513,,a
1997-03-20,18,0.513,,a
1997-03-21,18,0.513,,a
1997-03-22,16,0.403,,a
1997-03-23,16,0.403,,a
1997-03-24,15,0.351,,a
1997-03-25,13,0.255,,a
1997-03-26,10,0.12,,a
1997-03-27,12,0.21,,a
1997-03-28,14,0.301,,a
1997-03-29,16,0.403,,a
1997-03-30,13,0.255,,a
1997-03-31,10,0.12,,a
1997-04-01,10,0.12,,a
1997-04-02,10,0.12,,a
1997-04-03,8,0.038,,a
1997-04-04,8,0.038,,a
1997-04-05,10,0.12,,a
1997-04-06,8,0.038,,a
1997-04-07,8,0.038,,a
1997-04-08,8,0.038,,a
1997-04-09,10,0.12,,a
1997-04-10,8,0.038,,a
1997-04-11,8,0.038,,a
1997-04-12,8,0.038,,a
1997-04-13,8,0.038,,a
1997-04-14,9,0.078,,a
1997-04-15,12,0.21,,a
1997-04-16,12,0.21,,a
1997-04-17,12,0.21,,a
1997-04-18,12,0.21,,a
1997-04-19,13,0.255,,a
1997-04-20,13,0.255,,a
1997-04-21,15,0.351,,a
1997-04-22,13,0.255,,a
1997-04-23,12,0.21,,a
1997-04-24,12,0.21,,a
1997-04-25,10,0.12,,a
1997-04-26,13,0.255,,a
1997-04-27,18,0.513,,a
1997-04-28,22,0.758,,a
1997-04-29,17,0.457,,a
1997-04-30,17,0.457,,a
1997-05-01,16,0.403,,a
1997-05-02,15,0.351,,a
1997-05-03,15,0.351,,a
1997-05-04,13,0.255,,a
1997-05-05,11,0.164,,a
1997-05-06,11,0.164,,a
1997-05-07,32,1.457,,a
1997-05-08,30,1.32,,a
1997-05-09,26,1.028,,a
1997-05-10,20,0.632,,a
1997-05-11,10,0.12,,a
1997-05-12,10,0.12,,a
1997-05-13,10,0.12,,a
1997-05-14,11,0.164,,a
1997-05-15,11,0.164,,a
1997-05-16,12,0.21,,a
1997-05-17,14,0.301,,a
1997-05-18,14,0.301,,a
1997-05-19,14,0.301,,a
1997-05-20,14,0.301,,a
1997-05-21,12,0.21,,a
1997-05-22,12,0.21,,a
1997-05-23,12,0.21,,a
1997-05-24,12,0.21,,a
1997-05-25,12,0.21,,a
1997-05-26,12,0.21,,a
1997-05-27,10,0.12,,a
1997-05-28,10,0.12,,a
1997-05-29,10,0.12,,a
1997-05-30,10,0.12,,a
1997-05-31,10,0.12,,a
1997-06-01,10,0.12,,a
1997-06-02,10,0.12,,a
1997-06-03,12,0.21,,a
1997-06-04,10,0.12,,a
1997-06-05,12,0.21,,a
1997-06-06,12,0.21,,a
1997-06-07,12,0.21,,a
1997-06-08,12,0.21,,a
1997-06-09,12,0.21,,a
1997-06-10,12,0.21,,a
1997-06-11,12,0.21,,a
1997-06-12,12,0.21,,a
1997-06-13,12,0.21,,a
1997-06-14,12,0.21,,a
1997-06-15,12,0.21,,a
1997-06-16,10,0.12,,a
1997-06-17,10,0.12,,a
1997-06-18,12,0.21,,a
1997-06-19,20,0.632,,a
1997-06-20,40,2.008,,a
1997-06-21,34,1.595,,a
1997-06-22,34,1.595,,a
1997-06-23,22,0.758,,a
1997-06-24,22,0.758,,a
1997-06-25,16,0.403,,a
1997-06-26,16,0.403,,a
1997-06-27,16,0.403,,a
1997-06-28,16,0.403,,a
1997-06-29,14,0.301,,a
1997-06-30,14,0.301,,a
1997-07-01,13,0.255,,a
1997-07-02,12,0.21,,a
1997-07-03,12,0.21,,a
1997-07-04,12,0.21,,a
1997-07-05,14,0.301,,a
1997-07-06,12,0.21,,a
1997-07-07,12,0.21,,a
1997-07-08,12,0.21,,a
1997-07-09,12,0.21,,a
1997-07-10,14,0.301,,a
1997-07-11,18,0.513,,a
1997-07-12,18,0.513,,a
1997-07-13,16,0.403,,a
1997-07-14,18,0.513,,a
1997-07-15,22,0.758,,a
1997-07-16,18,0.513,,a
1997-07-17,18,0.513,,a
1997-07-18,17,0.457,,a
1997-07-19,18,0.513,,a
1997-07-20,18,0.513,,a
1997-07-21,18,0.513,,a
1997-07-22,16,0.403,,a
1997-07-23,16,0.403,,a
1997-07-24,18,0.513,,a
1997-07-25,20,0.632,,a
1997-07-26,16,0.403,,a
1997-07-27,17,0.457,,a
1997-07-28,16,0.403,,a
1997-07-29,16,0.403,,a
1997-07-30,16,0.403,,a
1997-07-31,16,0.403,,a
1997-08-01,25,0.958,,a
1997-08-02,19,0.572,,a
1997-08-03,16,0.403,,a
1997-08-04,14,0.301,,a
1997-08-05,14,0.301,,a
1997-08-06,12,0.21,,a
1997-08-07,14,0.301,,a
1997-08-08,14,0.301,,a
1997-08-09,16,0.403,,a
1997-08-10,17,0.457,,a
1997-08-11,16,0.403,,a
1997-08-12,16,0.403,,a
1997-08-13,15,0.351,,a
1997-08-14,14,0.301,,a
1997-08-15,14,0.301,,a
1997-08-16,14,0.301,,a
1997-08-17,14,0.301,,a
1997-08-18,14,0.301,,a
1997-08-19,14,0.301,,a
1997-08-20,12,0.21,,a
1997-08-21,12,0.21,,a
1997-08-22,12,0.21,,a
1997-08-23,12,0.21,,a
1997-08-24,12,0.21,,a
1997-08-25,12,0.21,,a
1997-08-26,12,0.21,,a
1997-08-27,12,0.21,,a
1997-08-28,12,0.21,,a
1997-08-29,15,0.351,,a
1997-08-30,14,0.301,,a
1997-08-31,14,0.301,,a
1997-09-01,12,0.21,,a
1997-09-02,12,0.21,,a
1997-09-03,12,0.21,,a
1997-09-04,12,0.21,,a
1997-09-05,12,0.21,,a
1997-09-06,14,0.301,,a
1997-09-07,14,0.301,,a
1997-09-08,19,0.572,,a
1997-09-09,13,0.255,,a
1997-09-10,14,0.301,,a
1997-09-11,12,0.21,,a
1997-09-12,12,0.21,,a
1997-09-13,12,0.21,,a
1997-09-14,40,2.008,,a
1997-09-15,25,0.958,,a
1997-09-16,22,0.758,,a
1997-09-17,18,0.513,,a
1997-09-18,18,0.513,,a
1997-09-19,16,0.403,,a
1997-09-20,15,0.351,,a
1997-09-21,15,0.351,,a
1997-09-22,12,0.21,,a
1997-09-23,12,0.21,,a
1997-09-24,12,0.21,,a
1997-09-25,11,0.164,,a
1997-09-26,11,0.164,,a
1997-09-27,12,0.21,,a
1997-09-28,12,0.21,,a
1997-09-29,10,0.12,,a
1997-09-30,10,0.12,,a
1997-10-01,10,0.12,,a
1997-10-02,10,0.12,,a
1997-10-03,10,0.12,,a
1997-10-04,10,0.12,,a
1997-10-05,10,0.12,,a
1997-10-06,10,0.12,,a
1997-10-07,10,0.12,,a
1997-10-08,10,0.12,,a
1997-10-09,10,0.12,,a
1997-10-10,8,0.038,,a
1997-10-11,18,0.513,,a
1997-10-12,17,0.457,,a
1997-10-13,17,0.457,,a
1997-10-14,15,0.351,,a
1997-10-15,12,0.21,,a
1997-10-16,12,0.21,,a
1997-10-17,12,0.21,,a
1997-10-18,10,0.12,,a
1997-10-19,10,0.12,,a
1997-10-20,10,0.12,,a
1997-10-21,10,0.12,,a
1997-10-22,9,0.078,,a
1997-10-23,9,0.078,,a
1997-10-24,10,0.12,,a
1997-10-25,10,0.12,,a
1997-10-26,10,0.12,,a
1997-10-27,10,0.12,,a
1997-10-28,10,0.12,,a
1997-10-29,10,0.12,,a
1997-10-30,10,0.12,,a
1997-10-31,10,0.12,,a
1997-11-01,10,0.12,,a
1997-11-02,10,0.12,,a
1997-11-03,10,0.12,,a
1997-11-04,10,0.12,,a
1997-11-05,10,0.12,,a
1997-11-06,12,0.21,,a
1997-11-07,13,0.255,,a
1997-11-08,70,4.021,,a
1997-11-09,64,3.586,,a
1997-11-10,45,2.338,,a
1997-11-11,35,1.664,,a
1997-11-12,32,1.457,,a
1997-11-13,28,1.169,,a
1997-11-14,28,1.169,,a
1997-11-15,26,1.028,,a
1997-11-16,26,1.028,,a
1997-11-17,24,0.89,,a
1997-11-18,24,0.89,,a
1997-11-19,22,0.758,,a
1997-11-20,23,0.823,,a
1997-11-21,23,0.823,,a
1997-11-22,23,0.823,,a
1997-11-23,22,0.758,,a
1997-11-24,20,0.632,,a
1997-11-25,20,0.632,,a
1997-11-26,30,1.32,,a
1997-11-27,30,1.32,,a
1997-11-28,30,1.32,,a
1997-11-29,40,2.008,,a
1997-11-30,72,4.171,,a
1997-12-01,35,1.664,,a
1997-12-02,20,0.632,,a
1997-12-03,25,0.958,,a
1997-12-04,22,0.758,,a
1997-12-05,21,0.694,,a
1997-12-06,21,0.694,,a
1997-12-07,20,0.632,,a
1997-12-08,20,0.632,,a
1997-12-09,18,0.513,,a
1997-12-10,18,0.513,,a
1997-12-11,18,0.513,,a
1997-12-12,18,0.513,,a
1997-12-13,18,0.513,,a
1997-12-14,17,0.457,,a
1997-12-15,16,0.403,,a
1997-12-16,19,0.572,,a
1997-12-17,20,0.632,,a
1997-12-18,20,0.632,,a
1997-12-19,22,0.758,,a
1997-12-20,30,1.32,,a
1997-12-21,30,1.32,,a
1997-12-22,20,0.632,,a
1997-12-23,20,0.632,,a
1997-12-24,19,0.572,,a
1997-12-25,20,0.632,,a
1997-12-26,24,0.89,,a
1997-12-27,41,2.076,,a
1997-12-28,21,0.694,,a
1997-12-29,18,0.513,,a
1997-12-30,16,0.403,,a
1997-12-31,13,0.255,,a
1998-01-01,22,0.758,,a
1998-01-02,21,0.694,,a
1998-01-03,25,0.958,,a
1998-01-04,26,1.028,,a
1998-01-05,24,0.89,,a
1998-01-06,23,0.823,,a
1998-01-07,21,0.694,,a
1998-01-08,21,0.694,,a
1998-01-09,20,0.632,,a
1998-01-10,20,0.632,,a
1998-01-11,19,0.572,,a
1998-01-12,18,0.513,,a
1998-01-13,18,0.513,,a
1998-01-14,18,0.513,,a
1998-01-15,18,0.513,,a
1998-01-16,17,0.457,,a
1998-01-17,17,0.457,,a
1998-01-18,17,0.457,,a
1998-01-19,20,0.632,,a
1998-01-20,20,0.632,,a
1998-01-21,18,0.513,,a
1998-01-22,17,0.457,,a
1998-01-23,17,0.457,,a
1998-01-24,16,0.403,,a
1998-01-25,16,0.403,,a
1998-01-26,16,0.403,,a
1998-01-27,16,0.403,,a
1998-01-28,16,0.403,,a
1998-01-29,16,0.403,,a
1998-01-30,16,0.403,,a
1998-01-31,15,0.351,,a
1998-02-01,15,0.351,,a
1998-02-02,15,0.351,,a
1998-02-03,16,0.403,,a
1998-02-04,16,0.403,,a
1998-02-05,16,0.403,,a
1998-02-06,16,0.403,,a
1998-02-07,16,0.403,,a
1998-02-08,15,0.351,,a
1998-02-09,16,0.403,,a
1998-02-10,16,0.403,,a
1998-02-11,15,0.351,,a
1998-02-12,15,0.351,,a
1998-02-13,15,0.351,,a
1998-02-14,14,0.301,,a
1998-02-15,14,0.301,,a
1998-02-16,14,0.301,,a
1998-02-17,13,0.255,,a
1998-02-18,13,0.255,,a
1998-02-19,14,0.301,,a
1998-02-20,14,0.301,,a
1998-02-21,14,0.301,,a
1998-02-22,14,0.301,,a
1998-02-23,14,0.301,,a
1998-02-24,14,0.301,,a
1998-02-25,14,0.301,,a
1998-02-26,14,0.301,,a
1998-02-27,14,0.301,,a
1998-02-28,14,0.301,,a
1998-03-01,30,1.32,,a
1998-03-02,20,0.632,,a
1998-03-03,20,0.632,,a
1998-03-04,20,0.632,,a
1998-03-05,22,0.758,,a
1998-03-06,24,0.89,,a
1998-03-07,20,0.632,,a
1998-03-08,20,0.632,,a
1998-03-09,20,0.632,,a
1998-03-10,20,0.632,,a
1998-03-11,17,0.457,,a
1998-03-12,17,0.457,,a
1998-03-13,16,0.403,,a
1998-03-14,16,0.403,,a
1998-03-15,16,0.403,,a
1998-03-16,16,0.403,,a
1998-03-17,16,0.403,,a
1998-03-18,15,0.351,,a
1998-03-19,15,0.351,,a
1998-03-20,15,0.351,,a
1998-03-21,14,0.301,,a
1998-03-22,14,0.301,,a
1998-03-23,14,0.301,,a
1998-03-24,15,0.351,,a
1998-03-25,15,0.351,,a
1998-03-26,16,0.403,,a
1998-03-27,15,0.351,,a
1998-03-28,14,0.301,,a
1998-03-29,14,0.301,,a
1998-03-30,14,0.301,,a
1998-03-31,12,0.21,,a
1998-04-01,14,0.301,,a
1998-04-02,14,0.301,,a
1998-04-03,14,0.301,,a
1998-04-04,12,0.21,,a
1998-04-05,14,0.301,,a
1998-04-06,22,0.758,,a
1998-04-07,22,0.758,,a
1998-04-08,20,0.632,,a
1998-04-09,20,0.632,,a
1998-04-10,20,0.632,,a
1998-04-11,24,0.89,,a
1998-04-12,33,1.526,,a
1998-04-13,38,1.871,,a
1998-04-14,30,1.32,,a
1998-04-15,30,1.32,,a
1998-04-16,30,1.32,,a
1998-04-17,30,1.32,,a
1998-04-18,34,1.595,,a
1998-04-19,30,1.32,,a
1998-04-20,30,1.32,,a
1998-04-21,26,1.028,,a
1998-04-22,26,1.028,,a
1998-04-23,22,0.758,,a
1998-04-24,22,0.758,,a
1998-04-25,20,0.632,,a
1998-04-26,20,0.632,,a
1998-04-27,19,0.572,,a
1998-04-28,19,0.572,,a
1998-04-29,20,0.632,,a
1998-04-30,19,0.572,,a
1998-05-01,18,0.513,,a
1998-05-02,18,0.513,,a
1998-05-03,17,0.457,,a
1998-05-04,17,0.457,,a
1998-05-05,16,0.403,,a
1998-05-06,16,0.403,,a
1998-05-07,16,0.403,,a
1998-05-08,14,0.301,,a
1998-05-09,14,0.301,,a
1998-05-10,14,0.301,,a
1998-05-11,12,0.21,,a
1998-05-12,12,0.21,,a
1998-05-13,12,0.21,,a
1998-05-14,14,0.301,,a
1998-05-15,14,0.301,,a
1998-05-16,15,0.351,,a
1998-05-17,15,0.351,,a
1998-05-18,14,0.301,,a
1998-05-19,14,0.301,,a
1998-05-20,14,0.301,,a
1998-05-21,14,0.301,,a
1998-05-22,14,0.301,,a
1998-05-23,13,0.255,,a
1998-05-24,12,0.21,,a
1998-05-25,12,0.21,,a
1998-05-26,12,0.21,,a
1998-05-27,13,0.255,,a
1998-05-28,12,0.21,,a
1998-05-29,12,0.21,,a
1998-05-30,12,0.21,,a
1998-05-31,12,0.21,,a
1998-06-01,12,0.21,,a
1998-06-02,11,0.164,,a
1998-06-03,11,0.164,,a
1998-06-04,11,0.164,,a
1998-06-05,8,0.038,,a
1998-06-06,8,0.038,,a
1998-06-07,8,0.038,,a
1998-06-08,9,0.078,,a
1998-06-09,9,0.078,,a
1998-06-10,9,0.078,,a
1998-06-11,8,0.038,,a
1998-06-12,8,0.038,,a
1998-06-13,8,0.038,,a
1998-06-14,8,0.038,,a
1998-06-15,9,0.078,,a
1998-06-16,9,0.078,,a
1998-06-17,9,0.078,,a
1998-06-18,9,0.078,,a
1998-06-19,9,0.078,,a
1998-06-20,9,0.078,,a
1998-06-21,9,0.078,,a
1998-06-22,10,0.12,,a
1998-06-23,13,0.255,,a
1998-06-24,13,0.255,,a
1998-06-25,12,0.21,,a
1998-06-26,10,0.12,,a
1998-06-27,10,0.12,,a
1998-06-28,8,0.038,,a
1998-06-29,8,0.038,,a
1998-06-30,8,0.038,,a
1998-07-01,8,0.038,,a
1998-07-02,10,0.12,,a
1998-07-03,38,1.871,,a
1998-07-04,26,1.028,,a
1998-07-05,20,0.632,,a
1998-07-06,20,0.632,,a
1998-07-07,20,0.632,,a
1998-07-08,20,0.632,,a
1998-07-09,20,0.632,,a
1998-07-10,20,0.632,,a
1998-07-11,20,0.632,,a
1998-07-12,18,0.513,,a
1998-07-13,16,0.403,,a
1998-07-14,30,1.32,,a
1998-07-15,30,1.32,,a
1998-07-16,30,1.32,,a
1998-07-17,14,0.301,,a
1998-07-18,14,0.301,,a
1998-07-19,10,0.12,,a
1998-07-20,24,0.89,,a
1998-07-21,24,0.89,,a
1998-07-22,22,0.758,,a
1998-07-23,22,0.758,,a
1998-07-24,20,0.632,,a
1998-07-25,20,0.632,,a
1998-07-26,20,0.632,,a
1998-07-27,20,0.632,,a
1998-07-28,20,0.632,,a
1998-07-29,20,0.632,,a
1998-07-30,20,0.632,,a
1998-07-31,20,0.632,,a
1998-08-01,18,0.513,,a
1998-08-02,18,0.513,,a
1998-08-03,18,0.513,,a
1998-08-04,18,0.513,,a
1998-08-05,24,0.89,,a
1998-08-06,20,0.632,,a
1998-08-07,19,0.572,,a
1998-08-08,17,0.457,,a
1998-08-09,17,0.457,,a
1998-08-10,16,0.403,,a
1998-08-11,16,0.403,,a
1998-08-12,14,0.301,,a
1998-08-13,14,0.301,,a
1998-08-14,14,0.301,,a
1998-08-15,12,0.21,,a
1998-08-16,12,0.21,,a
1998-08-17,10,0.12,,a
1998-08-18,10,0.12,,a
1998-08-19,14,0.301,,a
1998-08-20,14,0.301,,a
1998-08-21,14,0.301,,a
1998-08-22,22,0.758,,a
1998-08-23,34,1.595,,a
1998-08-24,20,0.632,,a
1998-08-25,18,0.513,,a
1998-08-26,18,0.513,,a
1998-08-27,16,0.403,,a
1998-08-28,46,2.401,,a
1998-08-29,30,1.086,,a
1998-08-30,23,0.647,,a
1998-08-31,20,0.485,,a
1998-09-01,20,0.485,,a
1998-09-02,20,0.485,,a
1998-09-03,20,0.485,,a
1998-09-04,30,1.086,,a
1998-09-05,76,4.473,,a
1998-09-06,43,2.035,,a
1998-09-07,38,1.668,,a
1998-09-08,30,1.086,,a
1998-09-09,30,1.086,,a
1998-09-10,28,0.952,,a
1998-09-11,28,0.952,,a
1998-09-12,30,1.086,,a
1998-09-13,35,1.456,,a
1998-09-14,32,1.226,,a
1998-09-15,28,0.952,,a
1998-09-16,26,0.825,,a
1998-09-17,26,0.825,,a
1998-09-18,24,0.705,,a
1998-09-19,23,0.647,,a
1998-09-20,23,0.647,,a
1998-09-21,22,0.592,,a
1998-09-22,22,0.592,,a
1998-09-23,22,0.592,,a
1998-09-24,22,0.592,,a
1998-09-25,22,0.592,,a
1998-09-26,24,0.705,,a
1998-09-27,26,0.825,,a
1998-09-28,28,0.952,,a
1998-09-29,26,0.825,,a
1998-09-30,26,0.825,,a
1998-10-01,66,3.734,,a
1998-10-02,40,1.813,,a
1998-10-03,40,1.813,,a
1998-10-04,38,1.668,,a
1998-10-05,38,1.668,,a
1998-10-06,80,4.779,,a
1998-10-07,40,1.813,,a
1998-10-08,39,1.74,,a
1998-10-09,40,1.813,,a
1998-10-10,40,1.813,,a
1998-10-11,38,1.668,,a
1998-10-12,35,1.456,,a
1998-10-13,32,1.226,,a
1998-10-14,32,1.226,,a
1998-10-15,32,1.226,,a
1998-10-16,31,1.155,,a
1998-10-17,33,1.299,,a
1998-10-18,60,3.316,,a
1998-10-19,80,4.779,,a
1998-10-20,35,1.456,,a
1998-10-21,28,0.952,,a
1998-10-22,28,0.952,,a
1998-10-23,22,0.592,,a
1998-10-24,22,0.592,,a
1998-10-25,24,0.705,,a
1998-10-26,23,0.647,,a
1998-10-27,23,0.647,,a
1998-10-28,23,0.647,,a
1998-10-29,23,0.647,,a
1998-10-30,22,0.592,,a
1998-10-31,22,0.592,,a
1998-11-01,22,0.592,,a
1998-11-02,22,0.592,,a
1998-11-03,22,0.592,,a
1998-11-04,22,0.592,,a
1998-11-05,58,3.162,,a
1998-11-06,39,1.74,,a
1998-11-07,32,1.226,,a
1998-11-08,30,1.086,,a
1998-11-09,29,1.018,,a
1998-11-10,27,0.888,,a
1998-11-11,27,0.888,,a
1998-11-12,27,0.888,,a
1998-11-13,29,1.018,,a
1998-11-14,29,1.018,,a
1998-11-15,30,1.086,,a
1998-11-16,28,0.952,,a
1998-11-17,26,0.825,,a
1998-11-18,26,0.825,,a
1998-11-19,24,0.705,,a
1998-11-20,24,0.705,,a
1998-11-21,24,0.705,,a
1998-11-22,26,0.825,,a
1998-11-23,26,0.825,,a
1998-11-24,26,0.825,,a
1998-11-25,24,0.705,,a
1998-11-26,24,0.705,,a
1998-11-27,24,0.705,,a
1998-11-28,24,0.705,,a
1998-11-29,23,0.647,,a
1998-11-30,23,0.647,,a
1998-12-01,24,0.705,,a
1998-12-02,23,0.647,,a
1998-12-03,23,0.647,,a
1998-12-04,23,0.647,,a
1998-12-05,23,0.647,,a
1998-12-06,23,0.647,,a
1998-12-07,23,0.647,,a
1998-12-08,23,0.647,,a
1998-12-09,22,0.592,,a
1998-12-10,22,0.592,,a
1998-12-11,22,0.592,,a
1998-12-12,22,0.592,,a
1998-12-13,21,0.539,,a
1998-12-14,21,0.539,,a
1998-12-15,21,0.539,,a
1998-12-16,20,0.485,,a
1998-12-17,20,0.485,,a
1998-12-18,20,0.485,,a
1998-12-19,23,0.647,,a
1998-12-20,24,0.705,,a
1998-12-21,24,0.705,,a
1998-12-22,24,0.705,,a
1998-12-23,24,0.705,,a
1998-12-24,24,0.705,,a
1998-12-25,24,0.705,,a
1998-12-26,24,0.705,,a
1998-12-27,24,0.705,,a
1998-12-28,24,0.705,,a
1998-12-29,24,0.705,,a
1998-12-30,24,0.705,,a
1998-12-31,24,0.705,,a
1999-01-01,21,0.539,,a
1999-01-02,21,0.539,,a
1999-01-03,21,0.539,,a
1999-01-04,22,0.592,,a
1999-01-05,22,0.592,,a
1999-01-06,22,0.592,,a
1999-01-07,22,0.592,,a
1999-01-08,22,0.592,,a
1999-01-09,22,0.592,,a
1999-01-10,22,0.592,,a
1999-01-11,25,0.764,,a
1999-01-12,27,0.888,,a
1999-01-13,24,0.705,,a
1999-01-14,22,0.592,,a
1999-01-15,23,0.647,,a
1999-01-16,23,0.647,,a
1999-01-17,23,0.647,,a
1999-01-18,23,0.647,,a
1999-01-19,23,0.647,,a
1999-01-20,23,0.647,,a
1999-01-21,23,0.647,,a
1999-01-22,22,0.592,,a
1999-01-23,22,0.592,,a
1999-01-24,22,0.592,,a
1999-01-25,22,0.592,,a
1999-01-26,22,0.592,,a
1999-01-27,22,0.592,,a
1999-01-28,22,0.592,,a
1999-01-29,22,0.592,,a
1999-01-30,22,0.592,,a
1999-01-31,22,0.592,,a
1999-02-01,22,0.592,,a
1999-02-02,22,0.592,,a
1999-02-03,22,0.592,,a
1999-02-04,22,0.592,,a
1999-02-05,22,0.592,,a
1999-02-06,23,0.647,,a
1999-02-07,23,0.647,,a
1999-02-08,23,0.647,,a
1999-02-09,23,0.647,,a
1999-02-10,30,1.086,,a
1999-02-11,31,1.155,,a
1999-02-12,25,0.764,,a
1999-02-13,25,0.764,,a
1999-02-14,25,0.764,,a
1999-02-15,25,0.764,,a
1999-02-16,25,0.764,,a
1999-02-17,25,0.764,,a
1999-02-18,25,0.764,,a
1999-02-19,24,0.705,,a
1999-02-20,23,0.647,,a
1999-02-21,34,1.373,,a
1999-02-22,28,0.952,,a
1999-02-23,26,0.825,,a
1999-02-24,23,0.647,,a
1999-02-25,22,0.592,,a
1999-02-26,22,0.592,,a
1999-02-27,22,0.592,,a
1999-02-28,22,0.592,,a
1999-03-01,22,0.592,,a
1999-03-02,22,0.592,,a
1999-03-03,22,0.592,,a
1999-03-04,22,0.592,,a
1999-03-05,24,0.705,,a
1999-03-06,30,1.086,,a
1999-03-07,26,0.825,,a
1999-03-08,22,0.592,,a
1999-03-09,22,0.592,,a
1999-03-10,22,0.592,,a
1999-03-11,22,0.592,,a
1999-03-12,22,0.592,,a
1999-03-13,22,0.592,,a
1999-03-14,22,0.592,,a
1999-03-15,28,0.952,,a
1999-03-16,28,0.952,,a
1999-03-17,28,0.952,,a
1999-03-18,28,0.952,,a
1999-03-19,29,1.018,,a
1999-03-20,30,1.086,,a
1999-03-21,30,1.086,,a
1999-03-22,30,1.086,,a
1999-03-23,32,1.226,,a
1999-03-24,26,0.825,,a
1999-03-25,26,0.825,,a
1999-03-26,28,0.952,,a
1999-03-27,28,0.952,,a
1999-03-28,29,1.018,,a
1999-03-29,31,1.155,,a
1999-03-30,28,0.952,,a
1999-03-31,26,0.825,,a
1999-04-01,26,0.825,,a
1999-04-02,26,0.825,,a
1999-04-03,26,0.825,,a
1999-04-04,26,0.825,,a
1999-04-05,22,0.592,,a
1999-04-06,22,0.592,,a
1999-04-07,22,0.592,,a
1999-04-08,26,0.825,,a
1999-04-09,26,0.825,,a
1999-04-10,26,0.825,,a
1999-04-11,24,0.705,,a
1999-04-12,22,0.592,,a
1999-04-13,23,0.647,,a
1999-04-14,22,0.592,,a
1999-04-15,26,0.825,,a
1999-04-16,26,0.825,,a
1999-04-17,35,1.456,,a
1999-04-18,32,1.226,,a
1999-04-19,33,1.299,,a
1999-04-20,30,1.086,,a
1999-04-21,30,1.086,,a
1999-04-22,34,1.373,,a
1999-04-23,30,1.086,,a
1999-04-24,25,0.764,,a
1999-04-25,24,0.705,,a
1999-04-26,24,0.705,,a
1999-04-27,24,0.705,,a
1999-04-28,22,0.592,,a
1999-04-29,22,0.592,,a
1999-04-30,22,0.592,,a
1999-05-01,21,0.539,,a
1999-05-02,21,0.539,,a
1999-05-03,20,0.485,,a
1999-05-04,20,0.485,,a
1999-05-05,23,0.647,,a
1999-05-06,20,0.485,,a
1999-05-07,20,0.485,,a
1999-05-08,20,0.485,,a
1999-05-09,20,0.485,,a
1999-05-10,20,0.485,,a
1999-05-11,20,0.485,,a
1999-05-12,20,0.485,,a
1999-05-13,20,0.485,,a
1999-05-14,22,0.592,,a
1999-05-15,28,0.952,,a
1999-05-16,28,0.952,,a
1999-05-17,24,0.705,,a
1999-05-18,24,0.705,,a
1999-05-19,24,0.705,,a
1999-05-20,27,0.888,,a
1999-05-21,28,0.952,,a
1999-05-22,24,0.705,,a
1999-05-23,20,0.485,,a
1999-05-24,20,0.485,,a
1999-05-25,20,0.485,,a
1999-05-26,20,0.485,,a
1999-05-27,20,0.485,,a
1999-05-28,20,0.485,,a
1999-05-29,20,0.485,,a
1999-05-30,20,0.485,,a
1999-05-31,20,0.485,,a
1999-06-01,20,0.485,,a
1999-06-02,20,0.485,,a
1999-06-03,20,0.485,,a
1999-06-04,20,0.485,,a
1999-06-05,20,0.485,,a
1999-06-06,20,0.485,,a
1999-06-07,20,0.485,,a
1999-06-08,20,0.485,,a
1999-06-09,20,0.485,,a
1999-06-10,20,0.485,,a
1999-06-11,38,1.668,,a
1999-06-12,38,1.668,,a
1999-06-13,50,2.563,,a
1999-06-14,25,0.764,,a
1999-06-15,22,0.592,,a
1999-06-16,25,0.764,,a
1999-06-17,22,0.592,,a
1999-06-18,20,0.485,,a
1999-06-19,21,0.539,,a
1999-06-20,22,0.592,,a
1999-06-21,25,0.764,,a
1999-06-22,28,0.952,,a
1999-06-23,22,0.592,,a
1999-06-24,22,0.592,,a
1999-06-25,22,0.592,,a
1999-06-26,21,0.539,,a
1999-06-27,20,0.485,,a
1999-06-28,19,0.435,,a
1999-06-29,19,0.435,,a
1999-06-30,19,0.435,,a
1999-07-01,25,0.764,,a
1999-07-02,22,0.592,,a
1999-07-03,21,0.539,,a
1999-07-04,21,0.539,,a
1999-07-05,22,0.592,,a
1999-07-06,22,0.592,,a
1999-07-07,28,0.952,,a
1999-07-08,26,0.825,,a
1999-07-09,20,0.485,,a
1999-07-10,36,1.526,,a
1999-07-11,42,1.96,,a
1999-07-12,26,0.825,,a
1999-07-13,26,0.825,,a
1999-07-14,26,0.825,,a
1999-07-15,26,0.825,,a
1999-07-16,28,0.952,,a
1999-07-17,24,0.705,,a
1999-07-18,22,0.592,,a
1999-07-19,22,0.592,,a
1999-07-20,22,0.592,,a
1999-07-21,18,0.387,,a
1999-07-22,20,0.485,,a
1999-07-23,44,2.11,,a
1999-07-24,34,1.373,,a
1999-07-25,30,1.086,,a
1999-07-26,27,0.888,,a
1999-07-27,24,0.705,,a
1999-07-28,22,0.592,,a
1999-07-29,22,0.592,,a
1999-07-30,22,0.592,,a
1999-07-31,22,0.592,,a
1999-08-01,18,0.387,,a
1999-08-02,18,0.387,,a
1999-08-03,18,0.387,,a
1999-08-04,17,0.34,,a
1999-08-05,18,0.387,,a
1999-08-06,17,0.34,,a
1999-08-07,18,0.387,,a
1999-08-08,17,0.34,,a
1999-08-09,18,0.387,,a
1999-08-10,17,0.34,,a
1999-08-11,24,0.705,,a
1999-08-12,20,0.485,,a
1999-08-13,24,0.705,,a
1999-08-14,20,0.485,,a
1999-08-15,18,0.387,,a
1999-08-16,17,0.34,,a
1999-08-17,35,1.456,,a
1999-08-18,24,0.705,,a
1999-08-19,20,0.485,,a
1999-08-20,19,0.435,,a
1999-08-21,32,1.226,,a
1999-08-22,28,0.952,,a
1999-08-23,20,0.485,,a
1999-08-24,20,0.485,,a
1999-08-25,18,0.387,,a
1999-08-26,18,0.387,,a
1999-08-27,20,0.485,,a
1999-08-28,18,0.387,,a
1999-08-29,18,0.387,,a
1999-08-30,18,0.387,,a
1999-08-31,18,0.387,,a
1999-09-01,18,0.387,,a
1999-09-02,18,0.387,,a
1999-09-03,18,0.387,,a
1999-09-04,16,0.296,,a
1999-09-05,16,0.296,,a
1999-09-06,16,0.296,,a
1999-09-07,16,0.296,,a
1999-09-08,15,0.254,,a
1999-09-09,15,0.254,,a
1999-09-10,14,0.213,,a
1999-09-11,14,0.213,,a
1999-09-12,14,0.213,,a
1999-09-13,14,0.213,,a
1999-09-14,12,0.14,,a
1999-09-15,12,0.14,,a
1999-09-16,12,0.14,,a
1999-09-17,12,0.14,,a
1999-09-18,12,0.14,,a
1999-09-19,12,0.14,,a
1999-09-20,14,0.213,,a
1999-09-21,28,0.952,,a
1999-09-22,18,0.387,,a
1999-09-23,14,0.213,,a
1999-09-24,14,0.213,,a
1999-09-25,14,0.213,,a
1999-09-26,14,0.213,,a
1999-09-27,14,0.213,,a
1999-09-28,16,0.296,,a
1999-09-29,16,0.296,,a
1999-09-30,16,0.296,,a
1999-10-01,28,0.952,,a
1999-10-02,22,0.592,,a
1999-10-03,22,0.592,,a
1999-10-04,20,0.485,,a
1999-10-05,22,0.592,,a
1999-10-06,22,0.592,,a
1999-10-07,19,0.435,,a
1999-10-08,17,0.34,,a
1999-10-09,16,0.296,,a
1999-10-10,16,0.296,,a
1999-10-11,15,0.254,,a
1999-10-12,15,0.254,,a
1999-10-13,15,0.254,,a
1999-10-14,14,0.213,,a
1999-10-15,14,0.213,,a
1999-10-16,14,0.213,,a
1999-10-17,14,0.213,,a
1999-10-18,14,0.213,,a
1999-10-19,14,0.213,,a
1999-10-20,14,0.213,,a
1999-10-21,14,0.213,,a
1999-10-22,23,0.647,,a
1999-10-23,24,0.705,,a
1999-10-24,26,0.825,,a
1999-10-25,27,0.888,,a
1999-10-26,25,0.764,,a
1999-10-27,24,0.705,,a
1999-10-28,20,0.485,,a
1999-10-29,20,0.485,,a
1999-10-30,20,0.485,,a
1999-10-31,20,0.485,,a
1999-11-01,18,0.387,,a
1999-11-02,18,0.387,,a
1999-11-03,18,0.387,,a
1999-11-04,18,0.387,,a
1999-11-05,16,0.296,,a
1999-11-06,16,0.296,,a
1999-11-07,22,0.592,,a
1999-11-08,20,0.485,,a
1999-11-09,18,0.387,,a
1999-11-10,20,0.485,,a
1999-11-11,20,0.485,,a
1999-11-12,20,0.485,,a
1999-11-13,20,0.485,,a
1999-11-14,20,0.485,,a
1999-11-15,21,0.539,,a
1999-11-16,20,0.485,,a
1999-11-17,20,0.485,,a
1999-11-18,20,0.485,,a
1999-11-19,20,0.485,,a
1999-11-20,20,0.485,,a
1999-11-21,20,0.485,,a
1999-11-22,20,0.485,,a
1999-11-23,20,0.485,,a
1999-11-24,20,0.485,,a
1999-11-25,20,0.485,,a
1999-11-26,20,0.485,,a
1999-11-27,20,0.485,,a
1999-11-28,20,0.485,,a
1999-11-29,20,0.485,,a
1999-11-30,20,0.485,,a
1999-12-01,20,0.485,,a
1999-12-02,20,0.485,,a
1999-12-03,20,0.485,,a
1999-12-04,22,0.592,,a
1999-12-05,25,0.764,,a
1999-12-06,22,0.592,,a
1999-12-07,20,0.485,,a
1999-12-08,20,0.485,,a
1999-12-09,20,0.485,,a
1999-12-10,20,0.485,,a
1999-12-11,30,1.086,,a
1999-12-12,24,0.705,,a
1999-12-13,50,2.563,,a
1999-12-14,32,1.226,,a
1999-12-15,40,1.813,,a
1999-12-16,35,1.456,,a
1999-12-17,33,1.299,,a
1999-12-18,33,1.299,,a
1999-12-19,33,1.299,,a
1999-12-20,32,1.226,,a
1999-12-21,30,1.086,,a
1999-12-22,30,1.086,,a
1999-12-23,30,1.086,,a
1999-12-24,30,1.086,,a
1999-12-25,30,1.086,,a
1999-12-26,32,1.226,,a
1999-12-27,32,1.226,,a
1999-12-28,37,1.596,,a
1999-12-29,32,1.226,,a
1999-12-30,30,1.086,,a
1999-12-31,30,1.086,,a
2000-01-01,30,1.09,,a
2000-01-02,27,0.888,,a
2000-01-03,24,0.705,,a
2000-01-04,24,0.705,,a
2000-01-05,22,0.592,,a
2000-01-06,22,0.592,,a
2000-01-07,22,0.592,,a
2000-01-08,20,0.485,,a
2000-01-09,20,0.485,,a
2000-01-10,20,0.485,,a
2000-01-11,20,0.485,,a
2000-01-12,20,0.485,,a
2000-01-13,20,0.485,,a
2000-01-14,20,0.485,,a
2000-01-15,20,0.485,,a
2000-01-16,20,0.485,,a
2000-01-17,20,0.485,,a
2000-01-18,20,0.485,,a
2000-01-19,20,0.485,,a
2000-01-20,20,0.485,,a
2000-01-21,20,0.485,,a
2000-01-22,20,0.485,,a
2000-01-23,20,0.485,,a
2000-01-24,20,0.485,,a
2000-01-25,20,0.485,,a
2000-01-26,20,0.485,,a
2000-01-27,20,0.485,,a
2000-01-28,20,0.485,,a
2000-01-29,20,0.485,,a
2000-01-30,20,0.485,,a
2000-01-31,20,0.485,,a
2000-02-01,20,0.485,,a
2000-02-02,20,0.485,,a
2000-02-03,19,0.435,,a
2000-02-04,19,0.435,,a
2000-02-05,19,0.435,,a
2000-02-06,19,0.435,,a
2000-02-07,18,0.387,,a
2000-02-08,18,0.387,,a
2000-02-09,18,0.387,,a
2000-02-10,18,0.387,,a
2000-02-11,18,0.387,,a
2000-02-12,16,0.296,,a
2000-02-13,16,0.296,,a
2000-02-14,16,0.296,,a
2000-02-15,16,0.296,,a
2000-02-16,16,0.296,,a
2000-02-17,16,0.296,,a
2000-02-18,20,0.485,,a
2000-02-19,18,0.387,,a
2000-02-20,18,0.387,,a
2000-02-21,17,0.34,,a
2000-02-22,16,0.296,,a
2000-02-23,16,0.296,,a
2000-02-24,16,0.296,,a
2000-02-25,16,0.296,,a
2000-02-26,16,0.296,,a
2000-02-27,16,0.296,,a
2000-02-28,16,0.296,,a
2000-02-29,16,0.296,,a
2000-03-01,22,0.592,,a
2000-03-02,38,1.67,,a
2000-03-03,28,0.952,,a
2000-03-04,26,0.825,,a
2000-03-05,23,0.647,,a
2000-03-06,22,0.592,,a
2000-03-07,22,0.592,,a
2000-03-08,22,0.592,,a
2000-03-09,22,0.592,,a
2000-03-10,22,0.592,,a
2000-03-11,22,0.592,,a
2000-03-12,22,0.592,,a
2000-03-13,18,0.387,,a
2000-03-14,17,0.34,,a
2000-03-15,16,0.296,,a
2000-03-16,16,0.296,,a
2000-03-17,16,0.296,,a
2000-03-18,16,0.296,,a
2000-03-19,16,0.296,,a
2000-03-20,16,0.296,,a
2000-03-21,16,0.296,,a
2000-03-22,15,0.254,,a
2000-03-23,15,0.254,,a
2000-03-24,15,0.254,,a
2000-03-25,14,0.213,,a
2000-03-26,14,0.213,,a
2000-03-27,20,0.485,,a
2000-03-28,22,0.592,,a
2000-03-29,46,2.26,,a
2000-03-30,33,1.3,,a
2000-03-31,22,0.592,,a
2000-04-01,22,0.592,,a
2000-04-02,22,0.592,,a
2000-04-03,20,0.485,,a
2000-04-04,20,0.485,,a
2000-04-05,20,0.485,,a
2000-04-06,20,0.485,,a
2000-04-07,19,0.435,,a
2000-04-08,18,0.387,,a
2000-04-09,18,0.387,,a
2000-04-10,18,0.387,,a
2000-04-11,17,0.34,,a
2000-04-12,17,0.34,,a
2000-04-13,18,0.387,,a
2000-04-14,19,0.435,,a
2000-04-15,18,0.387,,a
2000-04-16,17,0.34,,a
2000-04-17,17,0.34,,a
2000-04-18,17,0.34,,a
2000-04-19,18,0.387,,a
2000-04-20,18,0.387,,a
2000-04-21,17,0.34,,a
2000-04-22,17,0.34,,a
2000-04-23,17,0.34,,a
2000-04-24,17,0.34,,a
2000-04-25,17,0.34,,a
2000-04-26,17,0.34,,a
2000-04-27,17,0.34,,a
2000-04-28,17,0.34,,a
2000-04-29,17,0.34,,a
2000-04-30,17,0.34,,a
2000-05-01,20,0.485,,a
2000-05-02,20,0.485,,a
2000-05-03,17,0.34,,a
2000-05-04,16,0.296,,a
2000-05-05,16,0.296,,a
2000-05-06,16,0.296,,a
2000-05-07,16,0.296,,a
2000-05-08,16,0.296,,a
2000-05-09,16,0.296,,a
2000-05-10,16,0.296,,a
2000-05-11,16,0.296,,a
2000-05-12,16,0.296,,a
2000-05-13,14,0.213,,a
2000-05-14,14,0.213,,a
2000-05-15,13,0.175,,a
2000-05-16,15,0.254,,a
2000-05-17,17,0.34,,a
2000-05-18,17,0.34,,a
2000-05-19,17,0.34,,a
2000-05-20,17,0.34,,a
2000-05-21,18,0.387,,a
2000-05-22,26,0.825,,a
2000-05-23,17,0.34,,a
2000-05-24,17,0.34,,a
2000-05-25,16,0.296,,a
2000-05-26,12,0.14,,a
2000-05-27,12,0.14,,a
2000-05-28,12,0.14,,a
2000-05-29,14,0.213,,a
2000-05-30,32,1.23,,a
2000-05-31,21,0.539,,a
2000-06-01,20,0.485,,a
2000-06-02,16,0.296,,a
2000-06-03,14,0.213,,a
2000-06-04,14,0.213,,a
2000-06-05,14,0.213,,a
2000-06-06,12,0.14,,a
2000-06-07,17,0.34,,a
2000-06-08,14,0.213,,a
2000-06-09,14,0.213,,a
2000-06-10,12,0.14,,a
2000-06-11,12,0.14,,a
2000-06-12,12,0.14,,a
2000-06-13,17,0.34,,a
2000-06-14,17,0.34,,a
2000-06-15,16,0.296,,a
2000-06-16,24,0.705,,a
2000-06-17,18,0.387,,a
2000-06-18,16,0.296,,a
2000-06-19,14,0.213,,a
2000-06-20,14,0.213,,a
2000-06-21,14,0.213,,a
2000-06-22,14,0.213,,a
2000-06-23,14,0.213,,a
2000-06-24,14,0.213,,a
2000-06-25,24,0.705,,a
2000-06-26,16,0.296,,a
2000-06-27,16,0.296,,a
2000-06-28,16,0.296,,a
2000-06-29,16,0.296,,a
2000-06-30,20,0.485,,a
2000-07-01,16,0.296,,a
2000-07-02,14,0.213,,a
2000-07-03,14,0.213,,a
2000-07-04,12,0.14,,a
2000-07-05,12,0.14,,a
2000-07-06,12,0.14,,a
2000-07-07,12,0.14,,a
2000-07-08,12,0.14,,a
2000-07-09,17,0.34,,a
2000-07-10,25,0.958,,a
2000-07-11,23,0.823,,a
2000-07-12,26,1.03,,a
2000-07-13,20,0.632,,a
2000-07-14,19,0.572,,a
2000-07-15,22,0.758,,a
2000-07-16,26,1.03,,a
2000-07-17,22,0.592,,a
2000-07-18,20,0.485,,a
2000-07-19,16,0.296,,a
2000-07-20,16,0.296,,a
2000-07-21,16,0.296,,a
2000-07-22,14,0.213,,a
2000-07-23,14,0.213,,a
2000-07-24,14,0.213,,a
2000-07-25,14,0.213,,a
2000-07-26,14,0.213,,a
2000-07-27,14,0.213,,a
2000-07-28,14,0.213,,a
2000-07-29,18,0.387,,a
2000-07-30,16,0.296,,a
2000-07-31,14,0.213,,a
2000-08-01,12,0.14,,a
2000-08-02,12,0.14,,a
2000-08-03,11,0.106,,a
2000-08-04,14,0.213,,a
2000-08-05,20,0.485,,a
2000-08-06,18,0.387,,a
2000-08-07,16,0.296,,a
2000-08-08,14,0.213,,a
2000-08-09,12,0.14,,a
2000-08-10,12,0.14,,a
2000-08-11,12,0.14,,a
2000-08-12,12,0.14,,a
2000-08-13,12,0.14,,a
2000-08-14,12,0.14,,a
2000-08-15,12,0.14,,a
2000-08-16,12,0.14,,a
2000-08-17,12,0.14,,a
2000-08-18,12,0.14,,a
2000-08-19,10,0.076,,a
2000-08-20,10,0.076,,a
2000-08-21,10,0.076,,a
2000-08-22,10,0.076,,a
2000-08-23,10,0.076,,a
2000-08-24,10,0.076,,a
2000-08-25,10,0.076,,a
2000-08-26,10,0.076,,a
2000-08-27,10,0.076,,a
2000-08-28,10,0.076,,a
2000-08-29,10,0.076,,a
2000-08-30,10,0.076,,a
2000-08-31,10,0.076,,a
2000-09-01,10,0.076,,a
2000-09-02,12,0.14,,a
2000-09-03,19,0.435,,a
2000-09-04,12,0.14,,a
2000-09-05,12,0.14,,a
2000-09-06,12,0.14,,a
2000-09-07,12,0.14,,a
2000-09-08,12,0.14,,a
2000-09-09,12,0.14,,a
2000-09-10,12,0.14,,a
2000-09-11,12,0.14,,a
2000-09-12,10,0.076,,a
2000-09-13,10,0.076,,a
2000-09-14,10,0.076,,a
2000-09-15,10,0.076,,a
2000-09-16,10,0.076,,a
2000-09-17,12,0.14,,a
2000-09-18,12,0.14,,a
2000-09-19,12,0.14,,a
2000-09-20,12,0.14,,a
2000-09-21,11,0.106,,a
2000-09-22,13,0.175,,a
2000-09-23,12,0.14,,a
2000-09-24,12,0.14,,a
2000-09-25,12,0.14,,a
2000-09-26,12,0.14,,a
2000-09-27,10,0.076,,a
2000-09-28,10,0.076,,a
2000-09-29,10,0.076,,a
2000-09-30,12,0.14,,a
2000-10-01,30,1.09,,a
2000-10-02,26,0.825,,a
2000-10-03,24,0.705,,a
2000-10-04,23,0.647,,a
2000-10-05,23,0.647,,a
2000-10-06,23,0.647,,a
2000-10-07,23,0.647,,a
2000-10-08,36,1.53,,a
2000-10-09,29,1.02,,a
2000-10-10,26,0.825,,a
2000-10-11,24,0.705,,a
2000-10-12,24,0.705,,a
2000-10-13,24,0.705,,a
2000-10-14,23,0.647,,a
2000-10-15,23,0.647,,a
2000-10-16,23,0.647,,a
2000-10-17,18,0.387,,a
2000-10-18,18,0.387,,a
2000-10-19,18,0.387,,a
2000-10-20,18,0.387,,a
2000-10-21,18,0.387,,a
2000-10-22,17,0.34,,a
2000-10-23,17,0.34,,a
2000-10-24,18,0.387,,a
2000-10-25,17,0.34,,a
2000-10-26,18,0.387,,a
2000-10-27,18,0.387,,a
2000-10-28,18,0.387,,a
2000-10-29,18,0.387,,a
2000-10-30,18,0.387,,a
2000-10-31,18,0.387,,a
2000-11-01,24,0.705,,a
2000-11-02,26,0.825,,a
2000-11-03,22,0.592,,a
2000-11-04,46,2.4,,a
2000-11-05,38,1.87,,a
2000-11-06,31,1.39,,a
2000-11-07,52,2.78,,a
2000-11-08,32,1.46,,a
2000-11-09,40,2.01,,a
2000-11-10,29,1.24,,a
2000-11-11,24,0.89,,a
2000-11-12,24,0.89,,a
2000-11-13,22,0.758,,a
2000-11-14,22,0.758,,a
2000-11-15,28,1.17,,a
2000-11-16,39,1.94,,a
2000-11-17,30,1.32,,a
2000-11-18,30,1.32,,a
2000-11-19,22,0.758,,a
2000-11-20,28,1.17,,a
2000-11-21,24,0.89,,a
2000-11-22,22,0.758,,a
2000-11-23,16,0.403,,a
2000-11-24,14,0.301,,a
2000-11-25,38,1.67,,a
2000-11-26,32,1.23,,a
2000-11-27,32,1.23,,a
2000-11-28,30,1.09,,a
2000-11-29,29,1.02,,a
2000-11-30,28,0.952,,a
2000-12-01,28,0.952,,a
2000-12-02,30,1.09,,a
2000-12-03,28,0.952,,a
2000-12-04,28,0.952,,a
2000-12-05,28,0.952,,a
2000-12-06,26,0.825,,a
2000-12-07,26,0.825,,a
2000-12-08,26,0.825,,a
2000-12-09,28,0.952,,a
2000-12-10,36,1.53,,a
2000-12-11,28,0.952,,a
2000-12-12,26,0.825,,a
2000-12-13,26,0.825,,a
2000-12-14,28,0.952,,a
2000-12-15,28,0.952,,a
2000-12-16,28,0.952,,a
2000-12-17,30,1.09,,a
2000-12-18,30,1.09,,a
2000-12-19,30,1.09,,a
2000-12-20,30,1.09,,a
2000-12-21,30,1.09,,a
2000-12-22,30,1.09,,a
2000-12-23,32,1.23,,a
2000-12-24,32,1.23,,a
2000-12-25,36,1.53,,a
2000-12-26,38,1.67,,a
2000-12-27,38,1.67,,a
2000-12-28,48,2.41,,a
2000-12-29,40,1.81,,a
2000-12-30,36,1.53,,a
2000-12-31,30,1.09,,a
2001-01-01,30,1.086,,a
2001-01-02,30,1.086,,a
2001-01-03,32,1.226,,a
2001-01-04,30,1.086,,a
2001-01-05,28,0.952,,a
2001-01-06,28,0.952,,a
2001-01-07,28,0.952,,a
2001-01-08,28,0.952,,a
2001-01-09,26,0.825,,a
2001-01-10,22,0.592,,a
2001-01-11,22,0.592,,a
2001-01-12,20,0.485,,a
2001-01-13,18,0.387,,a
2001-01-14,18,0.387,,a
2001-01-15,18,0.387,,a
2001-01-16,18,0.387,,a
2001-01-17,18,0.387,,a
2001-01-18,18,0.387,,a
2001-01-19,18,0.387,,a
2001-01-20,18,0.387,,a
2001-01-21,18,0.387,,a
2001-01-22,18,0.387,,a
2001-01-23,18,0.387,,a
2001-01-24,18,0.387,,a
2001-01-25,27,0.888,,a
2001-01-26,50,2.601,,a
2001-01-27,32,1.332,,a
2001-01-28,30,1.194,,a
2001-01-29,30,1.194,,a
2001-01-30,28,1.056,,a
2001-01-31,27,0.988,,a
2001-02-01,26,0.92,,a
2001-02-02,22,0.668,,a
2001-02-03,22,0.668,,a
2001-02-04,22,0.668,,a
2001-02-05,21,0.609,,a
2001-02-06,21,0.609,,a
2001-02-07,21,0.609,,a
2001-02-08,21,0.609,,a
2001-02-09,25,0.851,,a
2001-02-10,22,0.668,,a
2001-02-11,21,0.609,,a
2001-02-12,21,0.609,,a
2001-02-13,20,0.552,,a
2001-02-14,20,0.552,,a
2001-02-15,20,0.552,,a
2001-02-16,20,0.552,,a
2001-02-17,20,0.552,,a
2001-02-18,20,0.552,,a
2001-02-19,20,0.552,,a
2001-02-20,20,0.552,,a
2001-02-21,20,0.552,,a
2001-02-22,20,0.552,,a
2001-02-23,20,0.552,,a
2001-02-24,20,0.552,,a
2001-02-25,20,0.552,,a
2001-02-26,20,0.552,,a
2001-02-27,20,0.552,,a
2001-02-28,20,0.552,,a
2001-03-01,20,0.552,,a
2001-03-02,20,0.552,,a
2001-03-03,22,0.668,,a
2001-03-04,26,0.92,,a
2001-03-05,33,1.401,,a
2001-03-06,26,0.92,,a
2001-03-07,22,0.668,,a
2001-03-08,22,0.668,,a
2001-03-09,22,0.668,,a
2001-03-10,22,0.668,,a
2001-03-11,22,0.668,,a
2001-03-12,22,0.668,,a
2001-03-13,25,0.851,,a
2001-03-14,26,0.92,,a
2001-03-15,25,0.851,,a
2001-03-16,22,0.668,,a
2001-03-17,24,0.79,,a
2001-03-18,26,0.92,,a
2001-03-19,26,0.92,,a
2001-03-20,35,1.54,,a
2001-03-21,30,1.194,,a
2001-03-22,28,1.056,,a
2001-03-23,24,0.79,,a
2001-03-24,22,0.668,,a
2001-03-25,22,0.668,,a
2001-03-26,22,0.668,,a
2001-03-27,22,0.668,,a
2001-03-28,28,1.056,,a
2001-03-29,26,0.92,,a
2001-03-30,24,0.79,,a
2001-03-31,22,0.668,,a
2001-04-01,22,0.668,,a
2001-04-02,22,0.668,,a
2001-04-03,21,0.609,,a
2001-04-04,21,0.609,,a
2001-04-05,21,0.609,,a
2001-04-06,26,0.92,,a
2001-04-07,26,0.92,,a
2001-04-08,26,0.92,,a
2001-04-09,22,0.668,,a
2001-04-10,22,0.668,,a
2001-04-11,22,0.668,,a
2001-04-12,22,0.668,,a
2001-04-13,22,0.668,,a
2001-04-14,21,0.609,,a
2001-04-15,21,0.609,,a
2001-04-16,21,0.609,,a
2001-04-17,21,0.609,,a
2001-04-18,21,0.609,,a
2001-04-19,21,0.609,,a
2001-04-20,20,0.552,,a
2001-04-21,22,0.668,,a
2001-04-22,22,0.668,,a
2001-04-23,26,0.92,,a
2001-04-24,26,0.92,,a
2001-04-25,26,0.92,,a
2001-04-26,30,1.194,,a
2001-04-27,29,1.125,,a
2001-04-28,26,0.92,,a
2001-04-29,26,0.92,,a
2001-04-30,26,0.92,,a
2001-05-01,20,0.552,,a
2001-05-02,22,0.668,,a
2001-05-03,22,0.668,,a
2001-05-04,22,0.668,,a
2001-05-05,22,0.668,,a
2001-05-06,22,0.668,,a
2001-05-07,20,0.552,,a
2001-05-08,22,0.668,,a
2001-05-09,22,0.668,,a
2001-05-10,22,0.668,,a
2001-05-11,22,0.668,,a
2001-05-12,22,0.668,,a
2001-05-13,22,0.668,,a
2001-05-14,21,0.609,,a
2001-05-15,20,0.552,,a
2001-05-16,20,0.552,,a
2001-05-17,20,0.552,,a
2001-05-18,20,0.552,,a
2001-05-19,20,0.552,,a
2001-05-20,20,0.552,,a
2001-05-21,18,0.442,,a
2001-05-22,18,0.442,,a
2001-05-23,18,0.442,,a
2001-05-24,17,0.39,,a
2001-05-25,14,0.248,,a
2001-05-26,14,0.248,,a
2001-05-27,14,0.248,,a
2001-05-28,14,0.248,,a
2001-05-29,14,0.248,,a
2001-05-30,14,0.248,,a
2001-05-31,26,0.92,,a
2001-06-01,32,1.332,,a
2001-06-02,30,1.194,,a
2001-06-03,28,1.056,,a
2001-06-04,22,0.668,,a
2001-06-05,20,0.552,,a
2001-06-06,18,0.442,,a
2001-06-07,14,0.248,,a
2001-06-08,14,0.248,,a
2001-06-09,14,0.248,,a
2001-06-10,14,0.248,,a
2001-06-11,26,0.92,,a
2001-06-12,24,0.79,,a
2001-06-13,20,0.552,,a
2001-06-14,22,0.668,,a
2001-06-15,22,0.668,,a
2001-06-16,24,0.79,,a
2001-06-17,28,1.056,,a
2001-06-18,28,1.056,,a
2001-06-19,22,0.668,,a
2001-06-20,18,0.442,,a
2001-06-21,18,0.442,,a
2001-06-22,17,0.39,,a
2001-06-23,16,0.34,,a
2001-06-24,16,0.34,,a
2001-06-25,14,0.248,,a
2001-06-26,14,0.248,,a
2001-06-27,14,0.248,,a
2001-06-28,14,0.248,,a
2001-06-29,14,0.248,,a
2001-06-30,14,0.248,,a
2001-07-01,20,0.552,,a
2001-07-02,18,0.442,,a
2001-07-03,16,0.34,,a
2001-07-04,16,0.34,,a
2001-07-05,14,0.248,,a
2001-07-06,14,0.248,,a
2001-07-07,14,0.248,,a
2001-07-08,14,0.248,,a
2001-07-09,12,0.169,,a
2001-07-10,12,0.169,,a
2001-07-11,12,0.169,,a
2001-07-12,12,0.169,,a
2001-07-13,12,0.169,,a
2001-07-14,10,0.103,,a
2001-07-15,10,0.103,,a
2001-07-16,10,0.103,,a
2001-07-17,10,0.103,,a
2001-07-18,10,0.103,,a
2001-07-19,12,0.169,,a
2001-07-20,18,0.442,,a
2001-07-21,16,0.34,,a
2001-07-22,13,0.207,,a
2001-07-23,12,0.169,,a
2001-07-24,12,0.169,,a
2001-07-25,12,0.169,,a
2001-07-26,12,0.169,,a
2001-07-27,11,0.134,,a
2001-07-28,11,0.134,,a
2001-07-29,12,0.169,,a
2001-07-30,12,0.169,,a
2001-07-31,12,0.169,,a
2001-08-01,12,0.169,,a
2001-08-02,10,0.103,,a
2001-08-03,10,0.103,,a
2001-08-04,10,0.103,,a
2001-08-05,10,0.103,,a
2001-08-06,10,0.103,,a
2001-08-07,8,0.053,,a
2001-08-08,8,0.053,,a
2001-08-09,8,0.053,,a
2001-08-10,8,0.053,,a
2001-08-11,14,0.248,,a
2001-08-12,12,0.169,,a
2001-08-13,8,0.053,,a
2001-08-14,8,0.053,,a
2001-08-15,8,0.053,,a
2001-08-16,6,0.02,,a
2001-08-17,8,0.053,,a
2001-08-18,8,0.053,,a
2001-08-19,8,0.053,,a
2001-08-20,8,0.053,,a
2001-08-21,8,0.053,,a
2001-08-22,8,0.053,,a
2001-08-23,8,0.053,,a
2001-08-24,8,0.053,,a
2001-08-25,6,0.02,,a
2001-08-26,6,0.02,,a
2001-08-27,6,0.02,,a
2001-08-28,6,0.02,,a
2001-08-29,6,0.02,,a
2001-08-30,6,0.02,,a
2001-08-31,6,0.02,,a
2001-09-01,10,0.103,,a
2001-09-02,10,0.103,,a
2001-09-03,10,0.103,,a
2001-09-04,10,0.103,,a
2001-09-05,18,0.442,,a
2001-09-06,16,0.34,,a
2001-09-07,13,0.207,,a
2001-09-08,12,0.169,,a
2001-09-09,10,0.103,,a
2001-09-10,10,0.103,,a
2001-09-11,10,0.103,,a
2001-09-12,10,0.103,,a
2001-09-13,10,0.103,,a
2001-09-14,10,0.103,,a
2001-09-15,40,1.813,,a
2001-09-16,28,0.952,,a
2001-09-17,22,0.592,,a
2001-09-18,20,0.485,,a
2001-09-19,18,0.387,,a
2001-09-20,18,0.387,,a
2001-09-21,18,0.387,,a
2001-09-22,18,0.387,,a
2001-09-23,18,0.387,,a
2001-09-24,30,1.086,,a
2001-09-25,30,1.086,,a
2001-09-26,40,1.813,,a
2001-09-27,35,1.456,,a
2001-09-28,30,1.086,,a
2001-09-29,28,0.952,,a
2001-09-30,28,0.952,,a
2001-10-01,26,0.92,,a
2001-10-02,22,0.668,,a
2001-10-03,20,0.552,,a
2001-10-04,20,0.552,,a
2001-10-05,20,0.552,,a
2001-10-06,20,0.552,,a
2001-10-07,20,0.552,,a
2001-10-08,20,0.552,,a
2001-10-09,20,0.552,,a
2001-10-10,20,0.552,,a
2001-10-11,20,0.552,,a
2001-10-12,18,0.442,,a
2001-10-13,18,0.442,,a
2001-10-14,18,0.442,,a
2001-10-15,16,0.34,,a
2001-10-16,16,0.34,,a
2001-10-17,16,0.34,,a
2001-10-18,16,0.34,,a
2001-10-19,16,0.34,,a
2001-10-20,16,0.34,,a
2001-10-21,20,0.552,,a
2001-10-22,24,0.79,,a
2001-10-23,21,0.609,,a
2001-10-24,20,0.552,,a
2001-10-25,19,0.496,,a
2001-10-26,18,0.442,,a
2001-10-27,18,0.442,,a
2001-10-28,16,0.34,,a
2001-10-29,16,0.34,,a
2001-10-30,16,0.34,,a
2001-10-31,15,0.293,,a
2001-11-01,14,0.248,,a
2001-11-02,14,0.248,,a
2001-11-03,14,0.248,,a
2001-11-04,14,0.248,,a
2001-11-05,14,0.248,,a
2001-11-06,14,0.248,,a
2001-11-07,14,0.248,,a
2001-11-08,14,0.248,,a
2001-11-09,30,1.194,,a
2001-11-10,28,1.056,,a
2001-11-11,30,1.194,,a
2001-11-12,41,1.96,,a
2001-11-13,30,1.194,,a
2001-11-14,28,1.056,,a
2001-11-15,22,0.668,,a
2001-11-16,21,0.609,,a
2001-11-17,20,0.552,,a
2001-11-18,20,0.552,,a
2001-11-19,20,0.552,,a
2001-11-20,20,0.552,,a
2001-11-21,18,0.442,,a
2001-11-22,18,0.442,,a
2001-11-23,18,0.442,,a
2001-11-24,18,0.442,,a
2001-11-25,18,0.442,,a
2001-11-26,18,0.442,,a
2001-11-27,18,0.442,,a
2001-11-28,18,0.442,,a
2001-11-29,16,0.34,,a
2001-11-30,16,0.34,,a
2001-12-01,16,0.34,,a
2001-12-02,16,0.34,,a
2001-12-03,16,0.34,,a
2001-12-04,16,0.34,,a
2001-12-05,16,0.34,,a
2001-12-06,16,0.34,,a
2001-12-07,16,0.34,,a
2001-12-08,16,0.34,,a
2001-12-09,20,0.552,,a
2001-12-10,20,0.552,,a
2001-12-11,17,0.39,,a
2001-12-12,17,0.39,,a
2001-12-13,17,0.39,,a
2001-12-14,17,0.39,,a
2001-12-15,17,0.39,,a
2001-12-16,17,0.39,,a
2001-12-17,17,0.39,,a
2001-12-18,17,0.39,,a
2001-12-19,17,0.39,,a
2001-12-20,17,0.39,,a
2001-12-21,17,0.39,,a
2001-12-22,17,0.39,,a
2001-12-23,17,0.39,,a
2001-12-24,17,0.39,,a
2001-12-25,17,0.39,,a
2001-12-26,17,0.39,,a
2001-12-27,17,0.39,,a
2001-12-28,17,0.39,,a
2001-12-29,17,0.39,,a
2001-12-30,17,0.39,,a
2001-12-31,17,0.39,,a
2002-01-01,17,0.39,,a
2002-01-02,16,0.34,,a
2002-01-03,16,0.34,,a
2002-01-04,16,0.34,,a
2002-01-05,16,0.34,,a
2002-01-06,16,0.34,,a
2002-01-07,15,0.293,,a
2002-01-08,15,0.293,,a
2002-01-09,15,0.293,,a
2002-01-10,16,0.34,,a
2002-01-11,16,0.34,,a
2002-01-12,16,0.34,,a
2002-01-13,16,0.34,,a
2002-01-14,16,0.34,,a
2002-01-15,16,0.34,,a
2002-01-16,15,0.293,,a
2002-01-17,15,0.293,,a
2002-01-18,15,0.293,,a
2002-01-19,15,0.293,,a
2002-01-20,15,0.293,,a
2002-01-21,15,0.293,,a
2002-01-22,15,0.293,,a
2002-01-23,15,0.293,,a
2002-01-24,16,0.34,,a
2002-01-25,16,0.34,,a
2002-01-26,16,0.34,,a
2002-01-27,16,0.34,,a
2002-01-28,16,0.34,,a
2002-01-29,16,0.34,,a
2002-01-30,16,0.34,,a
2002-01-31,16,0.34,,a
2002-02-01,16,0.34,,a
2002-02-02,16,0.34,,a
2002-02-03,15,0.293,,a
2002-02-04,15,0.293,,a
2002-02-05,17,0.39,,a
2002-02-06,17,0.39,,a
2002-02-07,32,1.332,,a
2002-02-08,28,1.056,,a
2002-02-09,23,0.729,,a
2002-02-10,21,0.609,,a
2002-02-11,20,0.552,,a
2002-02-12,20,0.552,,a
2002-02-13,20,0.552,,a
2002-02-14,18,0.442,,a
2002-02-15,18,0.442,,a
2002-02-16,20,0.552,,a
2002-02-17,26,0.92,,a
2002-02-18,36,1.61,,a
2002-02-19,30,1.194,,a
2002-02-20,30,1.194,,a
2002-02-21,27,0.988,,a
2002-02-22,26,0.92,,a
2002-02-23,26,0.92,,a
2002-02-24,22,0.668,,a
2002-02-25,22,0.668,,a
2002-02-26,22,0.668,,a
2002-02-27,21,0.609,,a
2002-02-28,21,0.609,,a
2002-03-01,21,0.609,,a
2002-03-02,24,0.79,,a
2002-03-03,26,0.79,,a
2002-03-04,26,0.79,,a
2002-03-05,24,0.67,,a
2002-03-06,24,0.67,,a
2002-03-07,22,0.557,,a
2002-03-08,20,0.45,,a
2002-03-09,20,0.45,,a
2002-03-10,20,0.45,,a
2002-03-11,20,0.45,,a
2002-03-12,20,0.45,,a
2002-03-13,18,0.352,,a
2002-03-14,18,0.352,,a
2002-03-15,18,0.352,,a
2002-03-16,16,0.261,,a
2002-03-17,16,0.261,,a
2002-03-18,16,0.261,,a
2002-03-19,16,0.261,,a
2002-03-20,16,0.261,,a
2002-03-21,16,0.261,,a
2002-03-22,16,0.261,,a
2002-03-23,16,0.261,,a
2002-03-24,16,0.261,,a
2002-03-25,16,0.261,,a
2002-03-26,14,0.178,,a
2002-03-27,14,0.178,,a
2002-03-28,14,0.178,,a
2002-03-29,14,0.178,,a
2002-03-30,14,0.178,,a
2002-03-31,14,0.178,,a
2002-04-01,13,0.14,,a
2002-04-02,14,0.178,,a
2002-04-03,14,0.178,,a
2002-04-04,12,0.105,,a
2002-04-05,12,0.105,,a
2002-04-06,12,0.105,,a
2002-04-07,12,0.105,,a
2002-04-08,12,0.105,,a
2002-04-09,14,0.178,,a
2002-04-10,14,0.178,,a
2002-04-11,20,0.45,,a
2002-04-12,44,2.173,,a
2002-04-13,30,1.194,,a
2002-04-14,27,0.988,,a
2002-04-15,26,0.92,,a
2002-04-16,26,0.92,,a
2002-04-17,26,0.92,,a
2002-04-18,26,0.92,,a
2002-04-19,26,0.92,,a
2002-04-20,26,0.92,,a
2002-04-21,24,0.79,,a
2002-04-22,22,0.668,,a
2002-04-23,22,0.668,,a
2002-04-24,22,0.668,,a
2002-04-25,22,0.668,,a
2002-04-26,24,0.79,,a
2002-04-27,30,1.194,,a
2002-04-28,30,1.194,,a
2002-04-29,26,0.92,,a
2002-04-30,26,0.92,,a
2002-05-01,22,0.668,,a
2002-05-02,22,0.668,,a
2002-05-03,22,0.668,,a
2002-05-04,22,0.668,,a
2002-05-05,20,0.552,,a
2002-05-06,20,0.552,,a
2002-05-07,20,0.552,,a
2002-05-08,20,0.552,,a
2002-05-09,20,0.552,,a
2002-05-10,20,0.552,,a
2002-05-11,20,0.552,,a
2002-05-12,20,0.552,,a
2002-05-13,18,0.442,,a
2002-05-14,18,0.442,,a
2002-05-15,16,0.34,,a
2002-05-16,14,0.248,,a
2002-05-17,14,0.248,,a
2002-05-18,14,0.248,,a
2002-05-19,16,0.34,,a
2002-05-20,20,0.552,,a
2002-05-21,16,0.34,,a
2002-05-22,16,0.34,,a
2002-05-23,16,0.34,,a
2002-05-24,16,0.34,,a
2002-05-25,16,0.34,,a
2002-05-26,36,1.61,,a
2002-05-27,26,0.92,,a
2002-05-28,28,1.056,,a
2002-05-29,26,0.92,,a
2002-05-30,24,0.79,,a
2002-05-31,24,0.79,,a
2002-06-01,20,0.552,,a
2002-06-02,18,0.442,,a
2002-06-03,16,0.34,,a
2002-06-04,15,0.293,,a
2002-06-05,15,0.293,,a
2002-06-06,22,0.668,,a
2002-06-07,37,1.68,,a
2002-06-08,34,1.471,,a
2002-06-09,30,1.194,,a
2002-06-10,24,0.79,,a
2002-06-11,20,0.552,,a
2002-06-12,18,0.442,,a
2002-06-13,18,0.442,,a
2002-06-14,16,0.34,,a
2002-06-15,15,0.293,,a
2002-06-16,15,0.293,,a
2002-06-17,14,0.248,,a
2002-06-18,14,0.248,,a
2002-06-19,14,0.248,,a
2002-06-20,14,0.248,,a
2002-06-21,12,0.169,,a
2002-06-22,10,0.103,,a
2002-06-23,10,0.103,,a
2002-06-24,18,0.442,,a
2002-06-25,22,0.668,,a
2002-06-26,18,0.442,,a
2002-06-27,18,0.442,,a
2002-06-28,50,2.601,,a
2002-06-29,30,1.194,,a
2002-06-30,22,0.668,,a
2002-07-01,20,0.552,,a
2002-07-02,17,0.39,,a
2002-07-03,16,0.34,,a
2002-07-04,20,0.552,,a
2002-07-05,19,0.496,,a
2002-07-06,14,0.248,,a
2002-07-07,14,0.248,,a
2002-07-08,12,0.169,,a
2002-07-09,12,0.169,,a
2002-07-10,12,0.169,,a
2002-07-11,10,0.103,,a
2002-07-12,10,0.103,,a
2002-07-13,10,0.103,,a
2002-07-14,10,0.103,,a
2002-07-15,30,1.194,,a
2002-07-16,25,0.851,,a
2002-07-17,20,0.552,,a
2002-07-18,24,0.79,,a
2002-07-19,23,0.729,,a
2002-07-20,22,0.668,,a
2002-07-21,22,0.668,,a
2002-07-22,22,0.668,,a
2002-07-23,22,0.668,,a
2002-07-24,81,4.898,,a
2002-07-25,36,1.61,,a
2002-07-26,25,0.851,,a
2002-07-27,22,0.668,,a
2002-07-28,20,0.552,,a
2002-07-29,16,0.34,,a
2002-07-30,16,0.34,,a
2002-07-31,26,0.92,,a
2002-08-01,20,0.552,,a
2002-08-02,20,0.552,,a
2002-08-03,20,0.552,,a
2002-08-04,22,0.668,,a
2002-08-05,28,1.056,,a
2002-08-06,50,2.601,,a
2002-08-07,36,1.61,,a
2002-08-08,24,0.79,,a
2002-08-09,22,0.668,,a
2002-08-10,22,0.668,,a
2002-08-11,82,4.974,,a
2002-08-12,105,6.776,,a
2002-08-13,51,2.673,,a
2002-08-14,35,1.54,,a
2002-08-15,28,1.056,,a
2002-08-16,25,0.851,,a
2002-08-17,24,0.79,,a
2002-08-18,22,0.668,,a
2002-08-19,22,0.668,,a
2002-08-20,22,0.668,,a
2002-08-21,22,0.668,,a
2002-08-22,26,0.92,,a
2002-08-23,24,0.79,,a
2002-08-24,22,0.668,,a
2002-08-25,22,0.668,,a
2002-08-26,22,0.668,,a
2002-08-27,22,0.668,,a
2002-08-28,22,0.668,,a
2002-08-29,26,0.92,,a
2002-08-30,24,0.79,,a
2002-08-31,22,0.668,,a
2002-09-01,22,0.668,,a
2002-09-02,22,0.668,,a
2002-09-03,20,0.552,,a
2002-09-04,18,0.442,,a
2002-09-05,18,0.442,,a
2002-09-06,16,0.34,,a
2002-09-07,16,0.34,,a
2002-09-08,16,0.34,,a
2002-09-09,16,0.34,,a
2002-09-10,16,0.34,,a
2002-09-11,16,0.34,,a
2002-09-12,16,0.34,,a
2002-09-13,16,0.34,,a
2002-09-14,16,0.34,,a
2002-09-15,16,0.34,,a
2002-09-16,15,0.293,,a
2002-09-17,14,0.248,,a
2002-09-18,14,0.248,,a
2002-09-19,14,0.248,,a
2002-09-20,14,0.248,,a
2002-09-21,14,0.248,,a
2002-09-22,20,0.552,,a
2002-09-23,29,1.125,,a
2002-09-24,30,1.194,,a
2002-09-25,27,0.988,,a
2002-09-26,26,0.92,,a
2002-09-27,24,0.79,,a
2002-09-28,22,0.668,,a
2002-09-29,22,0.668,,a
2002-09-30,22,0.668,,a
2002-10-01,20,0.552,,a
2002-10-02,18,0.442,,a
2002-10-03,17,0.39,,a
2002-10-04,16,0.34,,a
2002-10-05,16,0.34,,a
2002-10-06,16,0.34,,a
2002-10-07,16,0.34,,a
2002-10-08,16,0.34,,a
2002-10-09,22,0.668,,a
2002-10-10,24,0.79,,a
2002-10-11,24,0.79,,a
2002-10-12,28,1.056,,a
2002-10-13,34,1.471,,a
2002-10-14,24,0.79,,a
2002-10-15,24,0.79,,a
2002-10-16,24,0.79,,a
2002-10-17,24,0.79,,a
2002-10-18,38,1.75,,a
2002-10-19,28,1.056,,a
2002-10-20,26,0.92,,a
2002-10-21,24,0.79,,a
2002-10-22,50,2.652,,a
2002-10-23,28,1.169,,a
2002-10-24,36,1.733,,a
2002-10-25,30,1.32,,a
2002-10-26,26,1.028,,a
2002-10-27,24,0.89,,a
2002-10-28,22,0.758,,a
2002-10-29,22,0.758,,a
2002-10-30,22,0.758,,a
2002-10-31,20,0.632,,a
2002-11-01,20,0.632,,a
2002-11-02,20,0.632,,a
2002-11-03,22,0.758,,a
2002-11-04,24,0.89,,a
2002-11-05,22,0.758,,a
2002-11-06,22,0.758,,a
2002-11-07,20,0.632,,a
2002-11-08,20,0.632,,a
2002-11-09,20,0.632,,a
2002-11-10,20,0.632,,a
2002-11-11,20,0.632,,a
2002-11-12,20,0.632,,a
2002-11-13,20,0.632,,a
2002-11-14,20,0.632,,a
2002-11-15,20,0.632,,a
2002-11-16,20,0.632,,a
2002-11-17,20,0.632,,a
2002-11-18,24,0.89,,a
2002-11-19,28,1.169,,a
2002-11-20,26,1.028,,a
2002-11-21,30,1.32,,a
2002-11-22,38,1.871,,a
2002-11-23,24,0.89,,a
2002-11-24,20,0.632,,a
2002-11-25,20,0.632,,a
2002-11-26,18,0.513,,a
2002-11-27,18,0.513,,a
2002-11-28,18,0.513,,a
2002-11-29,18,0.513,,a
2002-11-30,18,0.513,,a
2002-12-01,18,0.513,,a
2002-12-02,18,0.513,,a
2002-12-03,18,0.513,,a
2002-12-04,18,0.513,,a
2002-12-05,18,0.513,,a
2002-12-06,18,0.513,,a
2002-12-07,20,0.632,,a
2002-12-08,18,0.513,,a
2002-12-09,18,0.513,,a
2002-12-10,16,0.403,,a
2002-12-11,16,0.403,,a
2002-12-12,16,0.403,,a
2002-12-13,18,0.513,,a
2002-12-14,18,0.513,,a
2002-12-15,20,0.632,,a
2002-12-16,20,0.632,,a
2002-12-17,20,0.632,,a
2002-12-18,22,0.758,,a
2002-12-19,22,0.758,,a
2002-12-20,22,0.758,,a
2002-12-21,22,0.758,,a
2002-12-22,22,0.758,,a
2002-12-23,22,0.758,,a
2002-12-24,20,0.632,,a
2002-12-25,20,0.632,,a
2002-12-26,20,0.632,,a
2002-12-27,20,0.632,,a
2002-12-28,20,0.632,,a
2002-12-29,20,0.632,,a
2002-12-30,20,0.632,,a
2002-12-31,20,0.632,,a
2003-01-01,24,0.89,,a
2003-01-02,24,0.89,,a
2003-01-03,25,0.958,,a
2003-01-04,26,1.028,,a
2003-01-05,26,1.028,,a
2003-01-06,26,1.028,,a
2003-01-07,26,1.028,,a
2003-01-08,24,0.89,,a
2003-01-09,24,0.89,,a
2003-01-10,30,1.32,,a
2003-01-11,30,1.32,,a
2003-01-12,50,2.652,,a
2003-01-13,36,1.733,,a
2003-01-14,22,0.758,,a
2003-01-15,22,0.758,,a
2003-01-16,22,0.758,,a
2003-01-17,21,0.694,,a
2003-01-18,21,0.694,,a
2003-01-19,21,0.694,,a
2003-01-20,21,0.694,,a
2003-01-21,21,0.694,,a
2003-01-22,40,2.008,,a
2003-01-23,32,1.457,,a
2003-01-24,32,1.457,,a
2003-01-25,30,1.32,,a
2003-01-26,28,1.169,,a
2003-01-27,28,1.169,,a
2003-01-28,27,1.098,,a
2003-01-29,26,1.028,,a
2003-01-30,25,0.958,,a
2003-01-31,24,0.89,,a
2003-02-01,23,0.823,,a
2003-02-02,22,0.758,,a
2003-02-03,22,0.758,,a
2003-02-04,32,1.457,,a
2003-02-05,27,1.098,,a
2003-02-06,25,0.958,,a
2003-02-07,24,0.89,,a
2003-02-08,23,0.823,,a
2003-02-09,22,0.758,,a
2003-02-10,22,0.758,,a
2003-02-11,20,0.632,,a
2003-02-12,19,0.572,,a
2003-02-13,19,0.572,,a
2003-02-14,19,0.572,,a
2003-02-15,19,0.572,,a
2003-02-16,19,0.572,,a
2003-02-17,18,0.513,,a
2003-02-18,18,0.513,,a
2003-02-19,18,0.513,,a
2003-02-20,18,0.513,,a
2003-02-21,18,0.513,,a
2003-02-22,18,0.513,,a
2003-02-23,20,0.632,,a
2003-02-24,20,0.632,,a
2003-02-25,20,0.632,,a
2003-02-26,18,0.513,,a
2003-02-27,18,0.513,,a
2003-02-28,18,0.513,,a
2003-03-01,20,0.632,,a
2003-03-02,22,0.758,,a
2003-03-03,22,0.758,,a
2003-03-04,22,0.758,,a
2003-03-05,23,0.823,,a
2003-03-06,21,0.694,,a
2003-03-07,21,0.694,,a
2003-03-08,20,0.632,,a
2003-03-09,20,0.632,,a
2003-03-10,20,0.632,,a
2003-03-11,20,0.632,,a
2003-03-12,20,0.632,,a
2003-03-13,20,0.632,,a
2003-03-14,20,0.632,,a
2003-03-15,18,0.513,,a
2003-03-16,18,0.513,,a
2003-03-17,18,0.513,,a
2003-03-18,18,0.513,,a
2003-03-19,18,0.513,,a
2003-03-20,17,0.457,,a
2003-03-21,17,0.457,,a
2003-03-22,17,0.457,,a
2003-03-23,17,0.457,,a
2003-03-24,17,0.457,,a
2003-03-25,17,0.457,,a
2003-03-26,16,0.403,,a
2003-03-27,16,0.403,,a
2003-03-28,16,0.403,,a
2003-03-29,14,0.301,,a
2003-03-30,14,0.301,,a
2003-03-31,14,0.301,,a
2003-04-01,14,0.301,,a
2003-04-02,14,0.301,,a
2003-04-03,27,1.098,,a
2003-04-04,26,1.028,,a
2003-04-05,26,1.028,,a
2003-04-06,24,0.89,,a
2003-04-07,20,0.632,,a
2003-04-08,17,0.457,,a
2003-04-09,17,0.457,,a
2003-04-10,17,0.457,,a
2003-04-11,18,0.513,,a
2003-04-12,24,0.89,,a
2003-04-13,28,1.169,,a
2003-04-14,26,0.92,,a
2003-04-15,22,0.668,,a
2003-04-16,20,0.552,,a
2003-04-17,18,0.442,,a
2003-04-18,18,0.442,,a
2003-04-19,18,0.442,,a
2003-04-20,17,0.39,,a
2003-04-21,17,0.39,,a
2003-04-22,17,0.39,,a
2003-04-23,16,0.34,,a
2003-04-24,16,0.34,,a
2003-04-25,16,0.34,,a
2003-04-26,16,0.34,,a
2003-04-27,16,0.34,,a
2003-04-28,16,0.34,,a
2003-04-29,16,0.34,,a
2003-04-30,16,0.34,,a
2003-05-01,16,0.34,,a
2003-05-02,16,0.34,,a
2003-05-03,15,0.293,,a
2003-05-04,15,0.293,,a
2003-05-05,14,0.248,,a
2003-05-06,14,0.248,,a
2003-05-07,14,0.248,,a
2003-05-08,14,0.248,,a
2003-05-09,12,0.169,,a
2003-05-10,12,0.169,,a
2003-05-11,12,0.169,,a
2003-05-12,12,0.169,,a
2003-05-13,12,0.169,,a
2003-05-14,12,0.169,,a
2003-05-15,12,0.169,,a
2003-05-16,12,0.169,,a
2003-05-17,12,0.169,,a
2003-05-18,12,0.169,,a
2003-05-19,12,0.169,,a
2003-05-20,25,0.851,,a
2003-05-21,23,0.729,,a
2003-05-22,22,0.668,,a
2003-05-23,18,0.442,,a
2003-05-24,12,0.169,,a
2003-05-25,12,0.169,,a
2003-05-26,12,0.169,,a
2003-05-27,12,0.169,,a
2003-05-28,12,0.169,,a
2003-05-29,12,0.169,,a
2003-05-30,12,0.169,,a
2003-05-31,12,0.169,,a
2003-06-01,12,0.169,,a
2003-06-02,10,0.103,,a
2003-06-03,10,0.103,,a
2003-06-04,10,0.103,,a
2003-06-05,10,0.103,,a
2003-06-06,10,0.103,,a
2003-06-07,10,0.103,,a
2003-06-08,8,0.053,,a
2003-06-09,8,0.053,,a
2003-06-10,8,0.053,,a
2003-06-11,8,0.053,,a
2003-06-12,8,0.053,,a
2003-06-13,10,0.103,,a
2003-06-14,12,0.169,,a
2003-06-15,10,0.103,,a
2003-06-16,10,0.103,,a
2003-06-17,8,0.053,,a
2003-06-18,8,0.053,,a
2003-06-19,8,0.053,,a
2003-06-20,8,0.053,,a
2003-06-21,8,0.053,,a
2003-06-22,8,0.053,,a
2003-06-23,6,0.02,,a
2003-06-24,6,0.02,,a
2003-06-25,6,0.02,,a
2003-06-26,6,0.02,,a
2003-06-27,6,0.02,,a
2003-06-28,10,0.103,,a
2003-06-29,14,0.248,,a
2003-06-30,10,0.103,,a
2003-07-01,8,0.053,,a
2003-07-02,8,0.053,,a
2003-07-03,8,0.053,,a
2003-07-04,8,0.053,,a
2003-07-05,8,0.053,,a
2003-07-06,8,0.053,,a
2003-07-07,8,0.053,,a
2003-07-08,8,0.053,,a
2003-07-09,8,0.053,,a
2003-07-10,8,0.053,,a
2003-07-11,8,0.053,,a
2003-07-12,8,0.053,,a
2003-07-13,8,0.053,,a
2003-07-14,8,0.053,,a
2003-07-15,8,0.053,,a
2003-07-16,6,0.02,,a
2003-07-17,6,0.02,,a
2003-07-18,6,0.02,,a
2003-07-19,6,0.02,,a
2003-07-20,5,0.015,,a
2003-07-21,5,0.015,,a
2003-07-22,5,0.015,,a
2003-07-23,4,0.01,,a
2003-07-24,6,0.02,,a
2003-07-25,6,0.02,,a
2003-07-26,5,0.015,,a
2003-07-27,4,0.01,,a
2003-07-28,0,0,,a
2003-07-29,6,0.02,,a
2003-07-30,6,0.02,,a
2003-07-31,6,0.02,,a
2003-08-01,10,0.103,,a
2003-08-02,10,0.103,,a
2003-08-03,6,0.02,,a
2003-08-04,6,0.02,,a
2003-08-05,0,0,,a
2003-08-06,0,0,,a
2003-08-07,14,0.248,,a
2003-08-08,10,0.103,,a
2003-08-09,8,0.053,,a
2003-08-10,5,0.015,,a
2003-08-11,0,0,,a
2003-08-12,0,0,,a
2003-08-13,0,0,,a
2003-08-14,16,0.34,,a
2003-08-15,8,0.053,,a
2003-08-16,8,0.053,,a
2003-08-17,6,0.02,,a
2003-08-18,6,0.02,,a
2003-08-19,6,0.02,,a
2003-08-20,9,0.076,,a
2003-08-21,4,0.01,,a
2003-08-22,0,0,,a
2003-08-23,0,0,,a
2003-08-24,0,0,,a
2003-08-25,6,0.02,,a
2003-08-26,4,0.01,,a
2003-08-27,4,0.01,,a
2003-08-28,4,0.01,,a
2003-08-29,10,0.103,,a
2003-08-30,10,0.103,,a
2003-08-31,14,0.248,,a
2003-09-01,16,0.34,,a
2003-09-02,10,0.103,,a
2003-09-03,10,0.103,,a
2003-09-04,8,0.053,,a
2003-09-05,7,0.034,,a
2003-09-06,7,0.034,,a
2003-09-07,6,0.02,,a
2003-09-08,6,0.02,,a
2003-09-09,7,0.034,,a
2003-09-10,7,0.034,,a
2003-09-11,7,0.034,,a
2003-09-12,7,0.034,,a
2003-09-13,7,0.034,,a
2003-09-14,7,0.034,,a
2003-09-15,6,0.02,,a
2003-09-16,6,0.02,,a
2003-09-17,6,0.02,,a
2003-09-18,6,0.02,,a
2003-09-19,6,0.02,,a
2003-09-20,6,0.02,,a
2003-09-21,6,0.02,,a
2003-09-22,6,0.02,,a
2003-09-23,20,0.552,,a
2003-09-24,10,0.103,,a
2003-09-25,8,0.053,,a
2003-09-26,8,0.053,,a
2003-09-27,8,0.053,,a
2003-09-28,7,0.034,,a
2003-09-29,7,0.034,,a
2003-09-30,16,0.34,,a
2003-10-01,8,0.053,,a
2003-10-02,8,0.053,,a
2003-10-03,7,0.034,,a
2003-10-04,10,0.103,,a
2003-10-05,55,2.961,,a
2003-10-06,26,0.79,,a
2003-10-07,23,0.612,,a
2003-10-08,20,0.45,,a
2003-10-09,16,0.261,,a
2003-10-10,16,0.261,,a
2003-10-11,16,0.261,,a
2003-10-12,16,0.261,,a
2003-10-13,14,0.178,,a
2003-10-14,14,0.178,,a
2003-10-15,14,0.178,,a
2003-10-16,14,0.178,,a
2003-10-17,14,0.178,,a
2003-10-18,14,0.178,,a
2003-10-19,14,0.178,,a
2003-10-20,16,0.261,,a
2003-10-21,18,0.352,,a
2003-10-22,18,0.352,,a
2003-10-23,18,0.352,,a
2003-10-24,18,0.352,,a
2003-10-25,20,0.45,,a
2003-10-26,20,0.45,,a
2003-10-27,21,0.504,,a
2003-10-28,20,0.45,,a
2003-10-29,16,0.261,,a
2003-10-30,20,0.45,,a
2003-10-31,20,0.45,,a
2003-11-01,26,0.79,,a
2003-11-02,61,3.349,,a
2003-11-03,30,1.051,,a
2003-11-04,26,0.79,,a
2003-11-05,26,0.79,,a
2003-11-06,22,0.557,,a
2003-11-07,21,0.504,,a
2003-11-08,20,0.45,,a
2003-11-09,20,0.45,,a
2003-11-10,20,0.45,,a
2003-11-11,20,0.45,,a
2003-11-12,20,0.45,,a
2003-11-13,20,0.45,,a
2003-11-14,16,0.261,,a
2003-11-15,18,0.352,,a
2003-11-16,20,0.45,,a
2003-11-17,20,0.45,,a
2003-11-18,20,0.45,,a
2003-11-19,20,0.45,,a
2003-11-20,16,0.261,,a
2003-11-21,16,0.261,,a
2003-11-22,16,0.261,,a
2003-11-23,16,0.261,,a
2003-11-24,16,0.261,,a
2003-11-25,16,0.261,,a
2003-11-26,20,0.45,,a
2003-11-27,67,3.771,,a
2003-11-28,36,1.491,,a
2003-11-29,29,0.983,,a
2003-11-30,26,0.79,,a
2003-12-01,26,0.79,,a
2003-12-02,24,0.67,,a
2003-12-03,24,0.67,,a
2003-12-04,24,0.67,,a
2003-12-05,24,0.67,,a
2003-12-06,22,0.557,,a
2003-12-07,20,0.45,,a
2003-12-08,20,0.45,,a
2003-12-09,20,0.45,,a
2003-12-10,20,0.45,,a
2003-12-11,20,0.45,,a
2003-12-12,20,0.45,,a
2003-12-13,20,0.45,,a
2003-12-14,19,0.4,,a
2003-12-15,19,0.4,,a
2003-12-16,17,0.305,,a
2003-12-17,17,0.305,,a
2003-12-18,17,0.305,,a
2003-12-19,16,0.261,,a
2003-12-20,16,0.261,,a
2003-12-21,16,0.261,,a
2003-12-22,26,0.79,,a
2003-12-23,26,0.79,,a
2003-12-24,26,0.79,,a
2003-12-25,26,0.79,,a
2003-12-26,26,0.79,,a
2003-12-27,26,0.79,,a
2003-12-28,28,0.917,,a
2003-12-29,35,1.421,,a
2003-12-30,24,0.67,,a
2003-12-31,24,0.67,,a
2004-01-01,24,0.67,,a
2004-01-02,25,0.729,,a
2004-01-03,27,0.853,,a
2004-01-04,27,0.853,,a
2004-01-05,26,0.79,,a
2004-01-06,22,0.557,,a
2004-01-07,16,0.261,,a
2004-01-08,16,0.261,,a
2004-01-09,16,0.261,,a
2004-01-10,16,0.261,,a
2004-01-11,18,0.352,,a
2004-01-12,20,0.45,,a
2004-01-13,20,0.45,,a
2004-01-14,20,0.45,,a
2004-01-15,20,0.45,,a
2004-01-16,22,0.557,,a
2004-01-17,36,1.491,,a
2004-01-18,38,1.633,,a
2004-01-19,22,0.557,,a
2004-01-20,32,1.191,,a
2004-01-21,30,1.051,,a
2004-01-22,28,0.917,,a
2004-01-23,27,0.853,,a
2004-01-24,26,0.79,,a
2004-01-25,20,0.45,,a
2004-01-26,10,0.041,,a
2004-01-27,10,0.041,,a
2004-01-28,18,0.352,,a
2004-01-29,20,0.45,,a
2004-01-30,20,0.45,,a
2004-01-31,20,0.45,,a
2004-02-01,20,0.45,,a
2004-02-02,20,0.45,,a
2004-02-03,20,0.45,,a
2004-02-04,20,0.45,,a
2004-02-05,20,0.45,,a
2004-02-06,19,0.4,,a
2004-02-07,19,0.4,,a
2004-02-08,19,0.4,,a
2004-02-09,19,0.4,,a
2004-02-10,19,0.4,,a
2004-02-11,19,0.4,,a
2004-02-12,19,0.4,,a
2004-02-13,19,0.4,,a
2004-02-14,19,0.4,,a
2004-02-15,19,0.4,,a
2004-02-16,18,0.352,,a
2004-02-17,18,0.352,,a
2004-02-18,18,0.352,,a
2004-02-19,18,0.352,,a
2004-02-20,18,0.352,,a
2004-02-21,18,0.352,,a
2004-02-22,20,0.45,,a
2004-02-23,20,0.45,,a
2004-02-24,28,1.056,,a
2004-02-25,22,0.668,,a
2004-02-26,22,0.668,,a
2004-02-27,20,0.552,,a
2004-02-28,20,0.552,,a
2004-02-29,20,0.552,,a
2004-03-01,20,0.552,,a
2004-03-02,20,0.552,,a
2004-03-03,20,0.552,,a
2004-03-04,20,0.552,,a
2004-03-05,20,0.552,,a
2004-03-06,20,0.552,,a
2004-03-07,21,0.609,,a
2004-03-08,22,0.668,,a
2004-03-09,22,0.668,,a
2004-03-10,20,0.552,,a
2004-03-11,20,0.552,,a
2004-03-12,20,0.552,,a
2004-03-13,20,0.552,,a
2004-03-14,24,0.79,,a
2004-03-15,24,0.79,,a
2004-03-16,26,0.92,,a
2004-03-17,26,0.92,,a
2004-03-18,24,0.79,,a
2004-03-19,24,0.79,,a
2004-03-20,22,0.668,,a
2004-03-21,20,0.552,,a
2004-03-22,34,1.471,,a
2004-03-23,32,1.332,,a
2004-03-24,28,1.056,,a
2004-03-25,26,0.92,,a
2004-03-26,23,0.729,,a
2004-03-27,22,0.668,,a
2004-03-28,22,0.668,,a
2004-03-29,22,0.668,,a
2004-03-30,22,0.668,,a
2004-03-31,20,0.552,,a
2004-04-01,20,0.552,,a
2004-04-02,20,0.552,,a
2004-04-03,24,0.79,,a
2004-04-04,26,0.92,,a
2004-04-05,30,1.194,,a
2004-04-06,35,1.54,,a
2004-04-07,44,2.173,,a
2004-04-08,38,1.75,,a
2004-04-09,28,1.056,,a
2004-04-10,28,1.056,,a
2004-04-11,28,1.056,,a
2004-04-12,28,1.056,,a
2004-04-13,26,0.92,,a
2004-04-14,26,0.92,,a
2004-04-15,26,0.92,,a
2004-04-16,26,0.92,,a
2004-04-17,26,0.92,,a
2004-04-18,26,0.92,,a
2004-04-19,26,0.92,,a
2004-04-20,28,1.056,,a
2004-04-21,28,1.056,,a
2004-04-22,28,1.056,,a
2004-04-23,30,1.194,,a
2004-04-24,32,1.332,,a
2004-04-25,28,1.056,,a
2004-04-26,26,0.92,,a
2004-04-27,26,0.92,,a
2004-04-28,26,0.92,,a
2004-04-29,26,0.92,,a
2004-04-30,26,0.92,,a
2004-05-01,24,0.79,,a
2004-05-02,22,0.668,,a
2004-05-03,22,0.668,,a
2004-05-04,25,0.851,,a
2004-05-05,27,0.988,,a
2004-05-06,28,1.056,,a
2004-05-07,28,1.056,,a
2004-05-08,30,1.194,,a
2004-05-09,29,1.125,,a
2004-05-10,27,0.988,,a
2004-05-11,26,0.92,,a
2004-05-12,26,0.92,,a
2004-05-13,26,0.92,,a
2004-05-14,24,0.79,,a
2004-05-15,22,0.668,,a
2004-05-16,22,0.668,,a
2004-05-17,22,0.668,,a
2004-05-18,22,0.668,,a
2004-05-19,26,0.92,,a
2004-05-20,26,0.92,,a
2004-05-21,30,1.194,,a
2004-05-22,34,1.471,,a
2004-05-23,36,1.61,,a
2004-05-24,30,1.194,,a
2004-05-25,26,0.92,,a
2004-05-26,26,0.92,,a
2004-05-27,26,0.92,,a
2004-05-28,25,0.851,,a
2004-05-29,22,0.668,,a
2004-05-30,22,0.668,,a
2004-05-31,20,0.552,,a
2004-06-01,19,0.496,,a
2004-06-02,19,0.496,,a
2004-06-03,20,0.552,,a
2004-06-04,20,0.552,,a
2004-06-05,20,0.552,,a
2004-06-06,19,0.496,,a
2004-06-07,19,0.496,,a
2004-06-08,19,0.496,,a
2004-06-09,18,0.442,,a
2004-06-10,18,0.442,,a
2004-06-11,18,0.442,,a
2004-06-12,18,0.442,,a
2004-06-13,20,0.552,,a
2004-06-14,28,1.056,,a
2004-06-15,28,1.056,,a
2004-06-16,28,1.056,,a
2004-06-17,28,1.056,,a
2004-06-18,28,1.056,,a
2004-06-19,28,1.056,,a
2004-06-20,30,1.194,,a
2004-06-21,32,1.332,,a
2004-06-22,28,1.056,,a
2004-06-23,28,1.056,,a
2004-06-24,28,1.056,,a
2004-06-25,28,1.056,,a
2004-06-26,28,1.056,,a
2004-06-27,25,0.851,,a
2004-06-28,24,0.79,,a
2004-06-29,24,0.79,,a
2004-06-30,24,0.79,,a
2004-07-01,26,0.92,,a
2004-07-02,48,2.524,,a
2004-07-03,38,1.871,,a
2004-07-04,30,1.32,,a
2004-07-05,28,1.169,,a
2004-07-06,28,1.169,,a
2004-07-07,28,1.169,,a
2004-07-08,28,1.169,,a
2004-07-09,28,1.169,,a
2004-07-10,28,1.169,,a
2004-07-11,26,1.028,,a
2004-07-12,26,1.028,,a
2004-07-13,26,1.028,,a
2004-07-14,26,1.028,,a
2004-07-15,26,1.028,,a
2004-07-16,26,1.028,,a
2004-07-17,20,0.632,,a
2004-07-18,20,0.632,,a
2004-07-19,20,0.632,,a
2004-07-20,19,0.572,,a
2004-07-21,19,0.572,,a
2004-07-22,19,0.572,,a
2004-07-23,19,0.572,,a
2004-07-24,21,0.694,,a
2004-07-25,21,0.694,,a
2004-07-26,20,0.632,,a
2004-07-27,24,0.89,,a
2004-07-28,21,0.694,,a
2004-07-29,19,0.572,,a
2004-07-30,18,0.513,,a
2004-07-31,18,0.513,,a
2004-08-01,18,0.513,,a
2004-08-02,18,0.513,,a
2004-08-03,18,0.513,,a
2004-08-04,18,0.513,,a
2004-08-05,18,0.513,,a
2004-08-06,18,0.513,,a
2004-08-07,18,0.513,,a
2004-08-08,18,0.513,,a
2004-08-09,18,0.513,,a
2004-08-10,18,0.513,,a
2004-08-11,18,0.513,,a
2004-08-12,18,0.513,,a
2004-08-13,18,0.513,,a
2004-08-14,26,1.028,,a
2004-08-15,26,1.028,,a
2004-08-16,18,0.513,,a
2004-08-17,16,0.403,,a
2004-08-18,16,0.403,,a
2004-08-19,14,0.301,,a
2004-08-20,14,0.301,,a
2004-08-21,14,0.301,,a
2004-08-22,26,1.028,,a
2004-08-23,18,0.513,,a
2004-08-24,16,0.403,,a
2004-08-25,16,0.403,,a
2004-08-26,26,1.028,,a
2004-08-27,25,0.958,,a
2004-08-28,25,0.958,,a
2004-08-29,22,0.758,,a
2004-08-30,22,0.758,,a
2004-08-31,22,0.758,,a
2004-09-01,22,0.758,,a
2004-09-02,20,0.632,,a
2004-09-03,20,0.632,,a
2004-09-04,20,0.632,,a
2004-09-05,16,0.403,,a
2004-09-06,16,0.403,,a
2004-09-07,16,0.403,,a
2004-09-08,16,0.403,,a
2004-09-09,14,0.301,,a
2004-09-10,14,0.301,,a
2004-09-11,14,0.301,,a
2004-09-12,14,0.301,,a
2004-09-13,14,0.301,,a
2004-09-14,20,0.632,,a
2004-09-15,20,0.632,,a
2004-09-16,22,0.758,,a
2004-09-17,22,0.758,,a
2004-09-18,20,0.632,,a
2004-09-19,18,0.513,,a
2004-09-20,14,0.301,,a
2004-09-21,14,0.301,,a
2004-09-22,15,0.351,,a
2004-09-23,15,0.351,,a
2004-09-24,62,4.291,,a
2004-09-25,34,1.999,,a
2004-09-26,26,1.32,,a
2004-09-27,22,1.029,,a
2004-09-28,22,1.029,,a
2004-09-29,22,1.029,,a
2004-09-30,16,0.645,,a
2004-10-01,16,0.645,,a
2004-10-02,20,0.894,,a
2004-10-03,20,0.894,,a
2004-10-04,18,0.766,,a
2004-10-05,16,0.645,,a
2004-10-06,14,0.53,,a
2004-10-07,14,0.53,,a
2004-10-08,14,0.53,,a
2004-10-09,16,0.645,,a
2004-10-10,48,3.196,,a
2004-10-11,32,1.817,,a
2004-10-12,26,1.32,,a
2004-10-13,26,1.32,,a
2004-10-14,26,1.32,,a
2004-10-15,26,1.32,,a
2004-10-16,52,3.517,,a
2004-10-17,36,2.178,,a
2004-10-18,32,1.817,,a
2004-10-19,30,1.631,,a
2004-10-20,28,1.477,,a
2004-10-21,26,1.32,,a
2004-10-22,26,1.32,,a
2004-10-23,26,1.32,,a
2004-10-24,26,1.32,,a
2004-10-25,26,1.32,,a
2004-10-26,26,1.32,,a
2004-10-27,26,1.32,,a
2004-10-28,26,1.32,,a
2004-10-29,18,0.766,,a
2004-10-30,36,2.178,,a
2004-10-31,40,2.528,,a
2004-11-01,50,3.357,,a
2004-11-02,30,1.631,,a
2004-11-03,30,1.631,,a
2004-11-04,26,1.32,,a
2004-11-05,26,1.32,,a
2004-11-06,26,1.32,,a
2004-11-07,26,1.32,,a
2004-11-08,26,1.32,,a
2004-11-09,30,1.631,,a
2004-11-10,38,2.354,,a
2004-11-11,36,2.178,,a
2004-11-12,34,1.999,,a
2004-11-13,30,1.631,,a
2004-11-14,26,1.32,,a
2004-11-15,26,1.32,,a
2004-11-16,26,1.32,,a
2004-11-17,26,1.32,,a
2004-11-18,26,1.32,,a
2004-11-19,26,1.32,,a
2004-11-20,26,1.32,,a
2004-11-21,26,1.32,,a
2004-11-22,26,1.32,,a
2004-11-23,24,1.171,,a
2004-11-24,24,1.171,,a
2004-11-25,22,1.029,,a
2004-11-26,22,1.029,,a
2004-11-27,22,1.029,,a
2004-11-28,22,1.029,,a
2004-11-29,22,1.029,,a
2004-11-30,22,1.029,,a
2004-12-01,36,2.178,,a
2004-12-02,32,1.817,,a
2004-12-03,28,1.477,,a
2004-12-04,26,1.32,,a
2004-12-05,26,1.32,,a
2004-12-06,26,1.32,,a
2004-12-07,26,1.32,,a
2004-12-08,26,1.32,,a
2004-12-09,26,1.32,,a
2004-12-10,26,1.32,,a
2004-12-11,20,0.894,,a
2004-12-12,20,0.894,,a
2004-12-13,20,0.894,,a
2004-12-14,20,0.894,,a
2004-12-15,20,0.894,,a
2004-12-16,20,0.894,,a
2004-12-17,20,0.894,,a
2004-12-18,20,0.894,,a
2004-12-19,20,0.894,,a
2004-12-20,20,0.894,,a
2004-12-21,20,0.894,,a
2004-12-22,20,0.894,,a
2004-12-23,20,0.894,,a
2004-12-24,20,0.894,,a
2004-12-25,20,0.894,,a
2004-12-26,33,1.908,,a
2004-12-27,55,2.97,,a
2004-12-28,40,2.008,,a
2004-12-29,32,1.457,,a
2004-12-30,30,1.32,,a
2004-12-31,28,1.169,,a
2005-01-01,24,0.89,,a
2005-01-02,22,0.758,,a
2005-01-03,22,0.758,,a
2005-01-04,22,0.758,,a
2005-01-05,22,0.758,,a
2005-01-06,22,0.758,,a
2005-01-07,22,0.758,,a
2005-01-08,22,0.758,,a
2005-01-09,22,0.758,,a
2005-01-10,22,0.758,,a
2005-01-11,22,0.758,,a
2005-01-12,22,0.758,,a
2005-01-13,20,0.632,,a
2005-01-14,20,0.632,,a
2005-01-15,20,0.632,,a
2005-01-16,20,0.632,,a
2005-01-17,20,0.632,,a
2005-01-18,20,0.632,,a
2005-01-19,20,0.632,,a
2005-01-20,18,0.513,,a
2005-01-21,18,0.513,,a
2005-01-22,18,0.513,,a
2005-01-23,18,0.513,,a
2005-01-24,18,0.513,,a
2005-01-25,18,0.513,,a
2005-01-26,18,0.513,,a
2005-01-27,18,0.513,,a
2005-01-28,18,0.513,,a
2005-01-29,18,0.513,,a
2005-01-30,18,0.513,,a
2005-01-31,18,0.513,,a
2005-02-01,18,0.513,,a
2005-02-02,18,0.513,,a
2005-02-03,18,0.513,,a
2005-02-04,18,0.513,,a
2005-02-05,18,0.513,,a
2005-02-06,18,0.513,,a
2005-02-07,18,0.513,,a
2005-02-08,18,0.513,,a
2005-02-09,18,0.513,,a
2005-02-10,18,0.513,,a
2005-02-11,19,0.572,,a
2005-02-12,21,0.694,,a
2005-02-13,21,0.694,,a
2005-02-14,20,0.632,,a
2005-02-15,18,0.513,,a
2005-02-16,16,0.403,,a
2005-02-17,16,0.403,,a
2005-02-18,16,0.403,,a
2005-02-19,16,0.403,,a
2005-02-20,16,0.403,,a
2005-02-21,16,0.403,,a
2005-02-22,16,0.403,,a
2005-02-23,16,0.403,,a
2005-02-24,16,0.403,,a
2005-02-25,16,0.403,,a
2005-02-26,16,0.403,,a
2005-02-27,16,0.403,,a
2005-02-28,16,0.403,,a
2005-03-01,17,0.457,,a
2005-03-02,17,0.457,,a
2005-03-03,17,0.457,,a
2005-03-04,17,0.457,,a
2005-03-05,17,0.457,,a
2005-03-06,17,0.457,,a
2005-03-07,17,0.457,,a
2005-03-08,17,0.457,,a
2005-03-09,17,0.457,,a
2005-03-10,20,0.632,,a
2005-03-11,20,0.632,,a
2005-03-12,20,0.632,,a
2005-03-13,20,0.632,,a
2005-03-14,26,1.028,,a
2005-03-15,26,1.028,,a
2005-03-16,26,1.028,,a
2005-03-17,26,1.028,,a
2005-03-18,26,1.028,,a
2005-03-19,26,1.028,,a
2005-03-20,26,1.028,,a
2005-03-21,23,0.823,,a
2005-03-22,20,0.632,,a
2005-03-23,20,0.632,,a
2005-03-24,20,0.632,,a
2005-03-25,20,0.632,,a
2005-03-26,20,0.632,,a
2005-03-27,20,0.632,,a
2005-03-28,20,0.632,,a
2005-03-29,20,0.632,,a
2005-03-30,20,0.632,,a
2005-03-31,20,0.632,,a
2005-04-01,20,0.632,,a
2005-04-02,20,0.632,,a
2005-04-03,20,0.632,,a
2005-04-04,20,0.632,,a
2005-04-05,16,0.403,,a
2005-04-06,16,0.403,,a
2005-04-07,16,0.403,,a
2005-04-08,16,0.403,,a
2005-04-09,32,1.332,,a
2005-04-10,30,1.194,,a
2005-04-11,24,0.79,,a
2005-04-12,22,0.668,,a
2005-04-13,22,0.668,,a
2005-04-14,22,0.668,,a
2005-04-15,22,0.668,,a
2005-04-16,22,0.668,,a
2005-04-17,22,0.668,,a
2005-04-18,22,0.668,,a
2005-04-19,26,0.92,,a
2005-04-20,30,1.194,,a
2005-04-21,28,1.056,,a
2005-04-22,26,0.92,,a
2005-04-23,26,0.92,,a
2005-04-24,26,0.92,,a
2005-04-25,30,1.194,,a
2005-04-26,27,0.988,,a
2005-04-27,27,0.988,,a
2005-04-28,26,0.92,,a
2005-04-29,26,0.92,,a
2005-04-30,26,0.92,,a
2005-05-01,26,0.92,,a
2005-05-02,26,0.92,,a
2005-05-03,26,0.92,,a
2005-05-04,30,1.194,,a
2005-05-05,40,1.89,,a
2005-05-06,36,1.61,,a
2005-05-07,33,1.401,,a
2005-05-08,32,1.332,,a
2005-05-09,30,1.194,,a
2005-05-10,30,1.194,,a
2005-05-11,26,0.92,,a
2005-05-12,26,0.92,,a
2005-05-13,26,0.92,,a
2005-05-14,24,0.79,,a
2005-05-15,24,0.79,,a
2005-05-16,24,0.79,,a
2005-05-17,24,0.79,,a
2005-05-18,24,0.79,,a
2005-05-19,24,0.79,,a
2005-05-20,24,0.79,,a
2005-05-21,22,0.668,,a
2005-05-22,22,0.668,,a
2005-05-23,20,0.552,,a
2005-05-24,20,0.552,,a
2005-05-25,20,0.552,,a
2005-05-26,20,0.552,,a
2005-05-27,20,0.552,,a
2005-05-28,16,0.34,,a
2005-05-29,16,0.34,,a
2005-05-30,16,0.34,,a
2005-05-31,16,0.34,,a
2005-06-01,16,0.34,,a
2005-06-02,16,0.34,,a
2005-06-03,16,0.34,,a
2005-06-04,16,0.34,,a
2005-06-05,16,0.34,,a
2005-06-06,16,0.34,,a
2005-06-07,16,0.34,,a
2005-06-08,16,0.34,,a
2005-06-09,16,0.34,,a
2005-06-10,14,0.248,,a
2005-06-11,14,0.248,,a
2005-06-12,14,0.248,,a
2005-06-13,14,0.248,,a
2005-06-14,14,0.248,,a
2005-06-15,14,0.248,,a
2005-06-16,14,0.248,,a
2005-06-17,14,0.248,,a
2005-06-18,14,0.248,,a
2005-06-19,14,0.248,,a
2005-06-20,14,0.248,,a
2005-06-21,14,0.248,,a
2005-06-22,14,0.248,,a
2005-06-23,14,0.248,,a
2005-06-24,14,0.248,,a
2005-06-25,14,0.248,,a
2005-06-26,14,0.248,,a
2005-06-27,14,0.248,,a
2005-06-28,16,0.34,,a
2005-06-29,16,0.34,,a
2005-06-30,26,0.92,,a
2005-07-01,30,1.194,,a
2005-07-02,30,1.194,,a
2005-07-03,20,0.552,,a
2005-07-04,20,0.552,,a
2005-07-05,20,0.552,,a
2005-07-06,20,0.552,,a
2005-07-07,20,0.552,,a
2005-07-08,30,1.194,,a
2005-07-09,38,1.75,,a
2005-07-10,28,1.056,,a
2005-07-11,38,1.75,,a
2005-07-12,30,1.194,,a
2005-07-13,30,1.194,,a
2005-07-14,26,0.92,,a
2005-07-15,26,0.92,,a
2005-07-16,24,0.79,,a
2005-07-17,24,0.79,,a
2005-07-18,23,0.729,,a
2005-07-19,24,0.79,,a
2005-07-20,23,0.729,,a
2005-07-21,24,1.171,,a
2005-07-22,20,0.894,,a
2005-07-23,20,0.894,,a
2005-07-24,20,0.894,,a
2005-07-25,16,0.645,,a
2005-07-26,16,0.645,,a
2005-07-27,24,1.171,,a
2005-07-28,17,0.705,,a
2005-07-29,16,0.645,,a
2005-07-30,16,0.645,,a
2005-07-31,16,0.645,,a
2005-08-01,14,0.53,,a
2005-08-02,14,0.53,,a
2005-08-03,14,0.53,,a
2005-08-04,26,1.32,,a
2005-08-05,26,1.32,,a
2005-08-06,26,1.32,,a
2005-08-07,40,2.528,,a
2005-08-08,30,1.631,,a
2005-08-09,26,1.32,,a
2005-08-10,26,1.32,,a
2005-08-11,20,0.894,,a
2005-08-12,26,1.32,,a
2005-08-13,28,1.477,,a
2005-08-14,28,1.477,,a
2005-08-15,27,1.398,,a
2005-08-16,26,1.32,,a
2005-08-17,26,1.32,,a
2005-08-18,26,1.32,,a
2005-08-19,26,1.32,,a
2005-08-20,26,1.32,,a
2005-08-21,48,3.196,,a
2005-08-22,38,2.354,,a
2005-08-23,36,2.178,,a
2005-08-24,36,2.178,,a
2005-08-25,34,1.999,,a
2005-08-26,34,1.999,,a
2005-08-27,33,1.908,,a
2005-08-28,36,2.178,,a
2005-08-29,34,1.999,,a
2005-08-30,30,1.631,,a
2005-08-31,30,1.631,,a
2005-09-01,30,1.631,,a
2005-09-02,30,1.631,,a
2005-09-03,35,2.089,,a
2005-09-04,28,1.477,,a
2005-09-05,28,1.477,,a
2005-09-06,26,1.32,,a
2005-09-07,26,1.32,,a
2005-09-08,26,1.32,,a
2005-09-09,26,1.32,,a
2005-09-10,20,0.894,,a
2005-09-11,20,0.894,,a
2005-09-12,20,0.894,,a
2005-09-13,26,1.32,,a
2005-09-14,30,1.631,,a
2005-09-15,30,1.631,,a
2005-09-16,30,1.631,,a
2005-09-17,30,1.631,,a
2005-09-18,38,2.354,,a
2005-09-19,38,2.354,,a
2005-09-20,36,2.178,,a
2005-09-21,34,1.999,,a
2005-09-22,30,1.631,,a
2005-09-23,28,1.477,,a
2005-09-24,26,1.32,,a
2005-09-25,26,1.32,,a
2005-09-26,26,1.32,,a
2005-09-27,26,1.32,,a
2005-09-28,26,1.32,,a
2005-09-29,58,3.985,,a
2005-09-30,42,2.698,,a
2005-10-01,32,1.817,,a
2005-10-02,32,1.817,,a
2005-10-03,28,1.477,,a
2005-10-04,52,3.517,,a
2005-10-05,54,3.674,,a
2005-10-06,48,3.196,,a
2005-10-07,42,2.698,,a
2005-10-08,30,1.631,,a
2005-10-09,30,1.631,,a
2005-10-10,28,1.477,,a
2005-10-11,28,1.477,,a
2005-10-12,28,1.477,,a
2005-10-13,28,1.477,,a
2005-10-14,26,1.32,,a
2005-10-15,24,1.171,,a
2005-10-16,24,1.171,,a
2005-10-17,24,1.171,,a
2005-10-18,24,1.171,,a
2005-10-19,24,1.171,,a
2005-10-20,24,1.171,,a
2005-10-21,24,1.171,,a
2005-10-22,24,1.171,,a
2005-10-23,24,1.171,,a
2005-10-24,24,1.171,,a
2005-10-25,20,0.894,,a
2005-10-26,20,0.894,,a
2005-10-27,20,0.894,,a
2005-10-28,20,0.894,,a
2005-10-29,20,0.894,,a
2005-10-30,20,0.894,,a
2005-10-31,20,0.894,,a
2005-11-01,20,0.894,,a
2005-11-02,20,0.894,,a
2005-11-03,20,0.894,,a
2005-11-04,20,0.894,,a
2005-11-05,20,0.894,,a
2005-11-06,20,0.894,,a
2005-11-07,20,0.894,,a
2005-11-08,20,0.894,,a
2005-11-09,20,0.894,,a
2005-11-10,18,0.766,,a
2005-11-11,18,0.766,,a
2005-11-12,16,0.645,,a
2005-11-13,16,0.645,,a
2005-11-14,14,0.53,,a
2005-11-15,13,0.474,,a
2005-11-16,14,0.53,,a
2005-11-17,16,0.645,,a
2005-11-18,16,0.645,,a
2005-11-19,16,0.645,,a
2005-11-20,16,0.645,,a
2005-11-21,18,0.766,,a
2005-11-22,18,0.766,,a
2005-11-23,20,0.894,,a
2005-11-24,20,0.894,,a
2005-11-25,20,0.894,,a
2005-11-26,38,2.354,,a
2005-11-27,52,3.517,,a
2005-11-28,30,1.631,,a
2005-11-29,28,1.477,,a
2005-11-30,28,1.477,,a
2005-12-01,28,1.477,,a
2005-12-02,27,1.398,,a
2005-12-03,33,1.908,,a
2005-12-04,32,1.817,,a
2005-12-05,36,2.178,,a
2005-12-06,54,3.674,,a
2005-12-07,40,2.528,,a
2005-12-08,36,2.178,,a
2005-12-09,30,1.631,,a
2005-12-10,30,1.631,,a
2005-12-11,27,1.398,,a
2005-12-12,26,1.32,,a
2005-12-13,26,1.32,,a
2005-12-14,26,1.32,,a
2005-12-15,26,1.32,,a
2005-12-16,26,1.32,,a
2005-12-17,26,1.32,,a
2005-12-18,26,1.32,,a
2005-12-19,26,1.32,,a
2005-12-20,24,1.171,,a
2005-12-21,23,1.099,,a
2005-12-22,22,1.029,,a
2005-12-23,22,1.029,,a
2005-12-24,20,0.894,,a
2005-12-25,20,0.894,,a
2005-12-26,20,0.894,,a
2005-12-27,20,0.894,,a
2005-12-28,20,0.894,,a
2005-12-29,20,0.894,,a
2005-12-30,20,0.894,,a
2005-12-31,20,0.894,,a
2006-01-01,26,0.92,,a
2006-01-02,28,1.056,,a
2006-01-03,28,1.056,,a
2006-01-04,28,1.056,,a
2006-01-05,26,0.92,,a
2006-01-06,26,0.92,,a
2006-01-07,24,0.79,,a
2006-01-08,24,0.79,,a
2006-01-09,24,0.79,,a
2006-01-10,24,0.79,,a
2006-01-11,24,0.79,,a
2006-01-12,24,0.79,,a
2006-01-13,24,0.79,,a
2006-01-14,24,0.79,,a
2006-01-15,24,0.79,,a
2006-01-16,24,0.79,,a
2006-01-17,20,0.552,,a
2006-01-18,20,0.552,,a
2006-01-19,20,0.552,,a
2006-01-20,20,0.552,,a
2006-01-21,20,0.552,,a
2006-01-22,20,0.552,,a
2006-01-23,20,0.552,,a
2006-01-24,20,0.552,,a
2006-01-25,20,0.552,,a
2006-01-26,19,0.496,,a
2006-01-27,19,0.496,,a
2006-01-28,18,0.442,,a
2006-01-29,16,0.34,,a
2006-01-30,16,0.34,,a
2006-01-31,16,0.34,,a
2006-02-01,16,0.34,,a
2006-02-02,16,0.34,,a
2006-02-03,17,0.39,,a
2006-02-04,17,0.39,,a
2006-02-05,18,0.442,,a
2006-02-06,18,0.442,,a
2006-02-07,18,0.442,,a
2006-02-08,18,0.442,,a
2006-02-09,18,0.442,,a
2006-02-10,19,0.496,,a
2006-02-11,19,0.496,,a
2006-02-12,19,0.496,,a
2006-02-13,19,0.496,,a
2006-02-14,19,0.496,,a
2006-02-15,19,0.496,,a
2006-02-16,19,0.496,,a
2006-02-17,19,0.496,,a
2006-02-18,43,2.102,,a
2006-02-19,38,1.75,,a
2006-02-20,38,1.75,,a
2006-02-21,38,1.75,,a
2006-02-22,40,1.89,,a
2006-02-23,38,1.75,,a
2006-02-24,38,1.75,,a
2006-02-25,34,1.471,,a
2006-02-26,32,1.332,,a
2006-02-27,32,1.332,,a
2006-02-28,32,1.332,,a
2006-03-01,28,1.056,,a
2006-03-02,28,1.056,,a
2006-03-03,28,1.056,,a
2006-03-04,28,1.056,,a
2006-03-05,69,3.991,,a
2006-03-06,48,2.457,,a
2006-03-07,37,1.68,,a
2006-03-08,34,1.471,,a
2006-03-09,32,1.332,,a
2006-03-10,32,1.332,,a
2006-03-11,32,1.332,,a
2006-03-12,32,1.332,,a
2006-03-13,32,1.332,,a
2006-03-14,32,1.332,,a
2006-03-15,32,1.332,,a
2006-03-16,32,1.332,,a
2006-03-17,32,1.332,,a
2006-03-18,32,1.332,,a
2006-03-19,30,1.194,,a
2006-03-20,30,1.194,,a
2006-03-21,32,1.332,,a
2006-03-22,36,1.61,,a
2006-03-23,40,1.89,,a
2006-03-24,36,1.61,,a
2006-03-25,32,1.332,,a
2006-03-26,32,1.332,,a
2006-03-27,34,1.471,,a
2006-03-28,34,1.471,,a
2006-03-29,34,1.471,,a
2006-03-30,32,1.332,,a
2006-03-31,32,1.332,,a
2006-04-01,32,1.332,,a
2006-04-02,32,1.332,,a
2006-04-03,32,1.332,,a
2006-04-04,36,1.61,,a
2006-04-05,36,1.61,,a
2006-04-06,38,1.75,,a
2006-04-07,36,1.61,,a
2006-04-08,36,1.61,,a
2006-04-09,36,1.61,,a
2006-04-10,32,1.332,,a
2006-04-11,32,1.332,,a
2006-04-12,30,1.194,,a
2006-04-13,28,1.056,,a
2006-04-14,28,1.056,,a
2006-04-15,28,1.056,,a
2006-04-16,28,1.056,,a
2006-04-17,28,1.056,,a
2006-04-18,28,1.056,,a
2006-04-19,28,1.056,,a
2006-04-20,28,1.056,,a
2006-04-21,28,1.056,,a
2006-04-22,28,1.056,,a
2006-04-23,28,1.056,,a
2006-04-24,24,0.79,,a
2006-04-25,24,0.79,,a
2006-04-26,24,0.79,,a
2006-04-27,24,0.79,,a
2006-04-28,26,0.92,,a
2006-04-29,26,0.92,,a
2006-04-30,30,1.194,,a
2006-05-01,37,1.68,,a
2006-05-02,34,1.471,,a
2006-05-03,34,1.471,,a
2006-05-04,32,1.332,,a
2006-05-05,32,1.332,,a
2006-05-06,32,1.332,,a
2006-05-07,26,0.92,,a
2006-05-08,26,0.92,,a
2006-05-09,26,0.92,,a
2006-05-10,26,0.92,,a
2006-05-11,26,0.92,,a
2006-05-12,26,0.92,,a
2006-05-13,26,0.92,,a
2006-05-14,24,0.79,,a
2006-05-15,22,0.668,,a
2006-05-16,20,0.552,,a
2006-05-17,20,0.552,,a
2006-05-18,20,0.552,,a
2006-05-19,20,0.552,,a
2006-05-20,20,0.552,,a
2006-05-21,20,0.552,,a
2006-05-22,20,0.552,,a
2006-05-23,20,0.552,,a
2006-05-24,52,2.745,,a
2006-05-25,40,1.89,,a
2006-05-26,36,1.61,,a
2006-05-27,28,1.056,,a
2006-05-28,26,0.92,,a
2006-05-29,66,3.768,,a
2006-05-30,62,3.473,,a
2006-05-31,54,2.889,,a
2006-06-01,42,2.031,,a
2006-06-02,36,1.61,,a
2006-06-03,30,1.194,,a
2006-06-04,30,1.194,,a
2006-06-05,30,1.194,,a
2006-06-06,38,1.75,,a
2006-06-07,30,1.194,,a
2006-06-08,28,1.056,,a
2006-06-09,28,1.056,,a
2006-06-10,26,0.92,,a
2006-06-11,26,0.92,,a
2006-06-12,26,0.92,,a
2006-06-13,26,0.92,,a
2006-06-14,26,0.92,,a
2006-06-15,24,0.79,,a
2006-06-16,20,0.552,,a
2006-06-17,20,0.552,,a
2006-06-18,20,0.552,,a
2006-06-19,20,0.552,,a
2006-06-20,20,0.552,,a
2006-06-21,20,0.552,,a
2006-06-22,20,0.552,,a
2006-06-23,18,0.442,,a
2006-06-24,18,0.442,,a
2006-06-25,18,0.442,,a
2006-06-26,18,0.442,,a
2006-06-27,16,0.34,,a
2006-06-28,16,0.34,,a
2006-06-29,16,0.34,,a
2006-06-30,24,0.79,,a
2006-07-01,22,0.668,,a
2006-07-02,19,0.496,,a
2006-07-03,19,0.496,,a
2006-07-04,18,0.442,,a
2006-07-05,18,0.442,,a
2006-07-06,18,0.442,,a
2006-07-07,16,0.34,,a
2006-07-08,16,0.34,,a
2006-07-09,16,0.34,,a
2006-07-10,16,0.34,,a
2006-07-11,16,0.34,,a
2006-07-12,16,0.34,,a
2006-07-13,16,0.34,,a
2006-07-14,16,0.34,,a
2006-07-15,16,0.34,,a
2006-07-16,15,0.293,,a
2006-07-17,15,0.293,,a
2006-07-18,12,0.169,,a
2006-07-19,12,0.169,,a
2006-07-20,11,0.134,,a
2006-07-21,11,0.134,,a
2006-07-22,11,0.134,,a
2006-07-23,11,0.134,,a
2006-07-24,16,0.34,,a
2006-07-25,14,0.248,,a
2006-07-26,13,0.207,,a
2006-07-27,13,0.207,,a
2006-07-28,13,0.207,,a
2006-07-29,14,0.248,,a
2006-07-30,13,0.207,,a
2006-07-31,13,0.207,,a
2006-08-01,20,0.552,,a
2006-08-02,20,0.552,,a
2006-08-03,12,0.169,,a
2006-08-04,12,0.169,,a
2006-08-05,30,1.194,,a
2006-08-06,28,1.056,,a
2006-08-07,26,0.92,,a
2006-08-08,24,0.79,,a
2006-08-09,24,0.79,,a
2006-08-10,22,0.668,,a
2006-08-11,24,0.79,,a
2006-08-12,28,1.056,,a
2006-08-13,20,0.552,,a
2006-08-14,18,0.442,,a
2006-08-15,16,0.34,,a
2006-08-16,16,0.34,,a
2006-08-17,16,0.34,,a
2006-08-18,16,0.34,,a
2006-08-19,14,0.248,,a
2006-08-20,14,0.248,,a
2006-08-21,14,0.248,,a
2006-08-22,14,0.248,,a
2006-08-23,14,0.248,,a
2006-08-24,16,0.34,,a
2006-08-25,30,1.194,,a
2006-08-26,20,0.552,,a
2006-08-27,20,0.552,,a
2006-08-28,23,0.729,,a
2006-08-29,26,0.92,,a
2006-08-30,30,1.194,,a
2006-08-31,26,0.92,,a
2006-09-01,26,0.92,,a
2006-09-02,26,0.92,,a
2006-09-03,26,0.92,,a
2006-09-04,16,0.34,,a
2006-09-05,16,0.34,,a
2006-09-06,16,0.34,,a
2006-09-07,14,0.248,,a
2006-09-08,14,0.248,,a
2006-09-09,14,0.248,,a
2006-09-10,14,0.248,,a
2006-09-11,14,0.248,,a
2006-09-12,12,0.169,,a
2006-09-13,12,0.169,,a
2006-09-14,12,0.169,,a
2006-09-15,13,0.207,,a
2006-09-16,18,0.442,,a
2006-09-17,28,1.056,,a
2006-09-18,40,1.89,,a
2006-09-19,26,0.79,,a
2006-09-20,26,0.79,,a
2006-09-21,25,0.729,,a
2006-09-22,20,0.45,,a
2006-09-23,17,0.305,,a
2006-09-24,16,0.261,,a
2006-09-25,16,0.261,,a
2006-09-26,16,0.261,,a
2006-09-27,14,0.178,,a
2006-09-28,14,0.178,,a
2006-09-29,14,0.178,,a
2006-09-30,12,0.105,,a
2006-10-01,12,0.105,,a
2006-10-02,12,0.105,,a
2006-10-03,13,0.14,,a
2006-10-04,12,0.105,,a
2006-10-05,20,0.45,,a
2006-10-06,18,0.352,,a
2006-10-07,18,0.352,,a
2006-10-08,16,0.261,,a
2006-10-09,16,0.261,,a
2006-10-10,16,0.261,,a
2006-10-11,16,0.261,,a
2006-10-12,16,0.261,,a
2006-10-13,16,0.261,,a
2006-10-14,14,0.178,,a
2006-10-15,14,0.178,,a
2006-10-16,12,0.105,,a
2006-10-17,12,0.105,,a
2006-10-18,12,0.105,,a
2006-10-19,12,0.105,,a
2006-10-20,12,0.105,,a
2006-10-21,12,0.105,,a
2006-10-22,12,0.105,,a
2006-10-23,14,0.178,,a
2006-10-24,14,0.178,,a
2006-10-25,14,0.178,,a
2006-10-26,14,0.178,,a
2006-10-27,14,0.178,,a
2006-10-28,14,0.178,,a
2006-10-29,14,0.178,,a
2006-10-30,14,0.178,,a
2006-10-31,14,0.178,,a
2006-11-01,16,0.261,,a
2006-11-02,20,0.45,,a
2006-11-03,16,0.261,,a
2006-11-04,16,0.261,,a
2006-11-05,14,0.178,,a
2006-11-06,14,0.178,,a
2006-11-07,14,0.178,,a
2006-11-08,14,0.178,,a
2006-11-09,14,0.178,,a
2006-11-10,14,0.178,,a
2006-11-11,14,0.178,,a
2006-11-12,14,0.178,,a
2006-11-13,14,0.178,,a
2006-11-14,14,0.178,,a
2006-11-15,14,0.178,,a
2006-11-16,14,0.178,,a
2006-11-17,14,0.178,,a
2006-11-18,14,0.178,,a
2006-11-19,16,0.261,,a
2006-11-20,16,0.261,,a
2006-11-21,16,0.261,,a
2006-11-22,16,0.261,,a
2006-11-23,16,0.261,,a
2006-11-24,16,0.261,,a
2006-11-25,18,0.352,,a
2006-11-26,18,0.352,,a
2006-11-27,18,0.352,,a
2006-11-28,16,0.261,,a
2006-11-29,16,0.261,,a
2006-11-30,16,0.261,,a
2006-12-01,16,0.261,,a
2006-12-02,16,0.261,,a
2006-12-03,16,0.261,,a
2006-12-04,16,0.261,,a
2006-12-05,16,0.261,,a
2006-12-06,16,0.261,,a
2006-12-07,16,0.261,,a
2006-12-08,16,0.261,,a
2006-12-09,30,1.051,,a
2006-12-10,40,1.778,,a
2006-12-11,36,1.491,,a
2006-12-12,30,1.051,,a
2006-12-13,27,0.853,,a
2006-12-14,24,0.67,,a
2006-12-15,20,0.45,,a
2006-12-16,20,0.45,,a
2006-12-17,26,0.79,,a
2006-12-18,26,0.79,,a
2006-12-19,26,0.79,,a
2006-12-20,26,0.79,,a
2006-12-21,26,0.79,,a
2006-12-22,26,0.79,,a
2006-12-23,24,0.67,,a
2006-12-24,20,0.45,,a
2006-12-25,20,0.45,,a
2006-12-26,18,0.352,,a
2006-12-27,18,0.352,,a
2006-12-28,20,0.45,,a
2006-12-29,20,0.45,,a
2006-12-30,18,0.352,,a
2006-12-31,18,0.352,,a
2007-01-01,18,0.352,,a
2007-01-02,18,0.352,,a
2007-01-03,18,0.352,,a
2007-01-04,18,0.352,,a
2007-01-05,18,0.352,,a
2007-01-06,18,0.352,,a
2007-01-07,18,0.352,,a
2007-01-08,16,0.261,,a
2007-01-09,18,0.352,,a
2007-01-10,17,0.305,,a
2007-01-11,16,0.261,,a
2007-01-12,16,0.261,,a
2007-01-13,16,0.261,,a
2007-01-14,16,0.261,,a
2007-01-15,16,0.261,,a
2007-01-16,16,0.261,,a
2007-01-17,16,0.261,,a
2007-01-18,16,0.261,,a
2007-01-19,16,0.261,,a
2007-01-20,16,0.261,,a
2007-01-21,16,0.261,,a
2007-01-22,16,0.261,,a
2007-01-23,32,1.191,,a
2007-01-24,40,1.778,,a
2007-01-25,30,1.051,,a
2007-01-26,26,0.79,,a
2007-01-27,26,0.79,,a
2007-01-28,24,0.67,,a
2007-01-29,22,0.557,,a
2007-01-30,22,0.557,,a
2007-01-31,22,0.557,,a
2007-02-01,22,0.557,,a
2007-02-02,22,0.557,,a
2007-02-03,22,0.557,,a
2007-02-04,22,0.557,,a
2007-02-05,20,0.45,,a
2007-02-06,20,0.45,,a
2007-02-07,26,0.79,,a
2007-02-08,24,0.67,,a
2007-02-09,24,0.67,,a
2007-02-10,22,0.557,,a
2007-02-11,22,0.557,,a
2007-02-12,22,0.557,,a
2007-02-13,22,0.557,,a
2007-02-14,22,0.557,,a
2007-02-15,22,0.557,,a
2007-02-16,22,0.557,,a
2007-02-17,22,0.557,,a
2007-02-18,20,0.45,,a
2007-02-19,20,0.45,,a
2007-02-20,20,0.45,,a
2007-02-21,20,0.45,,a
2007-02-22,20,0.45,,a
2007-02-23,20,0.45,,a
2007-02-24,20,0.45,,a
2007-02-25,20,0.45,,a
2007-02-26,22,0.557,,a
2007-02-27,22,0.557,,a
2007-02-28,22,0.557,,a
2007-03-01,22,0.557,,a
2007-03-02,24,0.67,,a
2007-03-03,24,0.67,,a
2007-03-04,24,0.67,,a
2007-03-05,22,0.557,,a
2007-03-06,22,0.557,,a
2007-03-07,24,0.67,,a
2007-03-08,26,0.79,,a
2007-03-09,28,0.917,,a
2007-03-10,26,0.79,,a
2007-03-11,24,0.67,,a
2007-03-12,24,0.67,,a
2007-03-13,20,0.45,,a
2007-03-14,18,0.352,,a
2007-03-15,16,0.261,,a
2007-03-16,16,0.261,,a
2007-03-17,16,0.261,,a
2007-03-18,16,0.261,,a
2007-03-19,24,0.67,,a
2007-03-20,24,0.67,,a
2007-03-21,26,0.79,,a
2007-03-22,30,1.051,,a
2007-03-23,30,1.051,,a
2007-03-24,26,0.79,,a
2007-03-25,26,0.79,,a
2007-03-26,26,0.79,,a
2007-03-27,24,0.67,,a
2007-03-28,24,0.67,,a
2007-03-29,22,0.557,,a
2007-03-30,22,0.557,,a
2007-03-31,22,0.557,,a
2007-04-01,22,0.557,,a
2007-04-02,22,0.557,,a
2007-04-03,22,0.557,,a
2007-04-04,22,0.557,,a
2007-04-05,22,0.557,,a
2007-04-06,22,0.557,,a
2007-04-07,22,0.557,,a
2007-04-08,22,0.557,,a
2007-04-09,22,0.557,,a
2007-04-10,20,0.45,,a
2007-04-11,20,0.45,,a
2007-04-12,20,0.45,,a
2007-04-13,20,0.45,,a
2007-04-14,20,0.45,,a
2007-04-15,18,0.352,,a
2007-04-16,18,0.352,,a
2007-04-17,18,0.352,,a
2007-04-18,18,0.352,,a
2007-04-19,18,0.352,,a
2007-04-20,18,0.352,,a
2007-04-21,18,0.352,,a
2007-04-22,18,0.352,,a
2007-04-23,16,0.261,,a
2007-04-24,16,0.261,,a
2007-04-25,16,0.261,,a
2007-04-26,16,0.261,,a
2007-04-27,16,0.261,,a
2007-04-28,16,0.261,,a
2007-04-29,16,0.261,,a
2007-04-30,16,0.261,,a
2007-05-01,16,0.261,,a
2007-05-02,16,0.261,,a
2007-05-03,16,0.261,,a
2007-05-04,16,0.261,,a
2007-05-05,14,0.178,,a
2007-05-06,14,0.178,,a
2007-05-07,14,0.178,,a
2007-05-08,14,0.178,,a
2007-05-09,14,0.178,,a
2007-05-10,14,0.178,,a
2007-05-11,14,0.178,,a
2007-05-12,14,0.178,,a
2007-05-13,14,0.178,,a
2007-05-14,14,0.178,,a
2007-05-15,14,0.178,,a
2007-05-16,15,0.219,,a
2007-05-17,15,0.219,,a
2007-05-18,14,0.178,,a
2007-05-19,14,0.178,,a
2007-05-20,14,0.178,,a
2007-05-21,14,0.178,,a
2007-05-22,14,0.178,,a
2007-05-23,14,0.178,,a
2007-05-24,14,0.178,,a
2007-05-25,14,0.178,,a
2007-05-26,14,0.178,,a
2007-05-27,14,0.178,,a
2007-05-28,16,0.261,,a
2007-05-29,28,0.917,,a
2007-05-30,24,0.67,,a
2007-05-31,22,0.557,,a
2007-06-01,22,0.557,,a
2007-06-02,16,0.261,,a
2007-06-03,12,0.105,,a
2007-06-04,16,0.261,,a
2007-06-05,18,0.352,,a
2007-06-06,16,0.261,,a
2007-06-07,14,0.178,,a
2007-06-08,14,0.178,,a
2007-06-09,14,0.178,,a
2007-06-10,14,0.178,,a
2007-06-11,14,0.178,,a
2007-06-12,14,0.178,,a
2007-06-13,18,0.352,,a
2007-06-14,18,0.352,,a
2007-06-15,20,0.45,,a
2007-06-16,20,0.45,,a
2007-06-17,18,0.352,,a
2007-06-18,14,0.178,,a
2007-06-19,14,0.178,,a
2007-06-20,14,0.178,,a
2007-06-21,12,0.105,,a
2007-06-22,12,0.105,,a
2007-06-23,12,0.105,,a
2007-06-24,12,0.105,,a
2007-06-25,12,0.105,,a
2007-06-26,12,0.105,,a
2007-06-27,28,0.917,,a
2007-06-28,30,1.051,,a
2007-06-29,14,0.213,,a
2007-06-30,12,0.14,,a
2007-07-01,12,0.14,,a
2007-07-02,12,0.14,,a
2007-07-03,20,0.485,,a
2007-07-04,20,0.485,,a
2007-07-05,30,1.086,,a
2007-07-06,26,0.825,,a
2007-07-07,20,0.485,,a
2007-07-08,18,0.387,,a
2007-07-09,18,0.387,,a
2007-07-10,16,0.296,,a
2007-07-11,16,0.296,,a
2007-07-12,16,0.296,,a
2007-07-13,14,0.213,,a
2007-07-14,14,0.213,,a
2007-07-15,12,0.14,,a
2007-07-16,11,0.106,,a
2007-07-17,10,0.076,,a
2007-07-18,10,0.076,,a
2007-07-19,10,0.076,,a
2007-07-20,9,0.044,,a
2007-07-21,10,0.076,,a
2007-07-22,10,0.076,,a
2007-07-23,10,0.076,,a
2007-07-24,10,0.076,,a
2007-07-25,10,0.076,,a
2007-07-26,12,0.14,,a
2007-07-27,10,0.076,,a
2007-07-28,10,0.076,,a
2007-07-29,10,0.076,,a
2007-07-30,19,0.435,,a
2007-07-31,14,0.213,,a
2007-08-01,12,0.14,,a
2007-08-02,12,0.14,,a
2007-08-03,12,0.14,,a
2007-08-04,14,0.213,,a
2007-08-05,10,0.076,,a
2007-08-06,10,0.076,,a
2007-08-07,9,0.044,,a
2007-08-08,9,0.044,,a
2007-08-09,9,0.044,,a
2007-08-10,9,0.044,,a
2007-08-11,10,0.076,,a
2007-08-12,10,0.076,,a
2007-08-13,10,0.076,,a
2007-08-14,10,0.076,,a
2007-08-15,10,0.076,,a
2007-08-16,10,0.076,,a
2007-08-17,10,0.076,,a
2007-08-18,20,0.485,,a
2007-08-19,18,0.387,,a
2007-08-20,18,0.387,,a
2007-08-21,18,0.387,,a
2007-08-22,20,0.485,,a
2007-08-23,30,1.086,,a
2007-08-24,24,0.705,,a
2007-08-25,12,0.14,,a
2007-08-26,12,0.14,,a
2007-08-27,14,0.213,,a
2007-08-28,14,0.213,,a
2007-08-29,14,0.213,,a
2007-08-30,20,0.485,,a
2007-08-31,19,0.435,,a
2007-09-01,18,0.387,,a
2007-09-02,16,0.296,,a
2007-09-03,14,0.213,,a
2007-09-04,34,1.373,,a
2007-09-05,30,1.086,,a
2007-09-06,26,0.825,,a
2007-09-07,24,0.705,,a
2007-09-08,15,0.254,,a
2007-09-09,15,0.254,,a
2007-09-10,15,0.254,,a
2007-09-11,15,0.254,,a
2007-09-12,15,0.254,,a
2007-09-13,14,0.213,,a
2007-09-14,14,0.213,,a
2007-09-15,14,0.213,,a
2007-09-16,14,0.213,,a
2007-09-17,14,0.213,,a
2007-09-18,72,4.172,,a
2007-09-19,93,5.803,,a
2007-09-20,36,1.526,,a
2007-09-21,30,1.086,,a
2007-09-22,26,0.825,,a
2007-09-23,26,0.825,,a
2007-09-24,26,0.825,,a
2007-09-25,26,0.825,,a
2007-09-26,26,0.825,,a
2007-09-27,40,1.813,,a
2007-09-28,36,1.526,,a
2007-09-29,32,1.226,,a
2007-09-30,30,1.086,,a
2007-10-01,30,1.086,,a
2007-10-02,26,0.825,,a
2007-10-03,28,0.952,,a
2007-10-04,26,0.825,,a
2007-10-05,26,0.825,,a
2007-10-06,26,0.825,,a
2007-10-07,36,1.526,,a
2007-10-08,27,0.888,,a
2007-10-09,26,0.825,,a
2007-10-10,26,0.825,,a
2007-10-11,26,0.825,,a
2007-10-12,26,0.825,,a
2007-10-13,26,0.825,,a
2007-10-14,26,0.825,,a
2007-10-15,26,0.825,,a
2007-10-16,26,0.825,,a
2007-10-17,24,0.705,,a
2007-10-18,24,0.705,,a
2007-10-19,24,0.705,,a
2007-10-20,24,0.705,,a
2007-10-21,24,0.705,,a
2007-10-22,24,0.705,,a
2007-10-23,24,0.705,,a
2007-10-24,26,0.825,,a
2007-10-25,26,0.825,,a
2007-10-26,30,1.086,,a
2007-10-27,30,1.086,,a
2007-10-28,30,1.086,,a
2007-10-29,30,1.086,,a
2007-10-30,28,0.952,,a
2007-10-31,26,0.825,,a
2007-11-01,26,0.825,,a
2007-11-02,26,0.825,,a
2007-11-03,26,0.825,,a
2007-11-04,24,0.705,,a
2007-11-05,22,0.592,,a
2007-11-06,22,0.592,,a
2007-11-07,22,0.592,,a
2007-11-08,22,0.592,,a
2007-11-09,22,0.592,,a
2007-11-10,22,0.592,,a
2007-11-11,22,0.592,,a
2007-11-12,22,0.592,,a
2007-11-13,22,0.592,,a
2007-11-14,22,0.592,,a
2007-11-15,22,0.592,,a
2007-11-16,22,0.592,,a
2007-11-17,22,0.592,,a
2007-11-18,22,0.592,,a
2007-11-19,22,0.592,,a
2007-11-20,22,0.592,,a
2007-11-21,22,0.592,,a
2007-11-22,22,0.592,,a
2007-11-23,22,0.592,,a
2007-11-24,24,0.705,,a
2007-11-25,30,1.086,,a
2007-11-26,30,1.086,,a
2007-11-27,26,0.825,,a
2007-11-28,24,0.705,,a
2007-11-29,22,0.592,,a
2007-11-30,20,0.485,,a
2007-12-01,20,0.485,,a
2007-12-02,26,0.825,,a
2007-12-03,36,1.526,,a
2007-12-04,30,1.086,,a
2007-12-05,26,0.825,,a
2007-12-06,24,0.705,,a
2007-12-07,24,0.705,,a
2007-12-08,24,0.705,,a
2007-12-09,25,0.764,,a
2007-12-10,26,0.825,,a
2007-12-11,26,0.825,,a
2007-12-12,26,0.825,,a
2007-12-13,26,0.825,,a
2007-12-14,24,0.705,,a
2007-12-15,26,0.825,,a
2007-12-16,26,0.825,,a
2007-12-17,26,0.825,,a
2007-12-18,26,0.825,,a
2007-12-19,26,0.825,,a
2007-12-20,26,0.825,,a
2007-12-21,24,0.705,,a
2007-12-22,24,0.705,,a
2007-12-23,24,0.705,,a
2007-12-24,24,0.705,,a
2007-12-25,24,0.705,,a
2007-12-26,24,0.705,,a
2007-12-27,24,0.705,,a
2007-12-28,24,0.705,,a
2007-12-29,24,0.705,,a
2007-12-30,24,0.705,,a
2007-12-31,24,0.705,,a
2008-01-01,22,0.592,,a
2008-01-02,22,0.592,,a
2008-01-03,22,0.592,,a
2008-01-04,22,0.592,,a
2008-01-05,22,0.592,,a
2008-01-06,20,0.485,,a
2008-01-07,20,0.485,,a
2008-01-08,22,0.592,,a
2008-01-09,23,0.647,,a
2008-01-10,23,0.647,,a
2008-01-11,24,0.705,,a
2008-01-12,24,0.705,,a
2008-01-13,26,0.825,,a
2008-01-14,26,0.825,,a
2008-01-15,26,0.825,,a
2008-01-16,29,1.018,,a
2008-01-17,32,1.226,,a
2008-01-18,32,1.457,,a
2008-01-19,28,1.169,,a
2008-01-20,26,1.028,,a
2008-01-21,24,0.89,,a
2008-01-22,24,0.89,,a
2008-01-23,24,0.89,,a
2008-01-24,22,0.758,,a
2008-01-25,22,0.758,,a
2008-01-26,20,0.632,,a
2008-01-27,20,0.632,,a
2008-01-28,20,0.632,,a
2008-01-29,20,0.632,,a
2008-01-30,20,0.632,,a
2008-01-31,20,0.632,,a
2008-02-01,20,0.632,,a
2008-02-02,22,0.758,,a
2008-02-03,25,0.958,,a
2008-02-04,26,1.028,,a
2008-02-05,31,1.388,,a
2008-02-06,29,1.242,,a
2008-02-07,26,1.028,,a
2008-02-08,24,0.89,,a
2008-02-09,22,0.758,,a
2008-02-10,22,0.758,,a
2008-02-11,22,0.758,,a
2008-02-12,22,0.758,,a
2008-02-13,22,0.758,,a
2008-02-14,21,0.694,,a
2008-02-15,22,0.758,,a
2008-02-16,22,0.758,,a
2008-02-17,23,0.823,,a
2008-02-18,28,1.169,,a
2008-02-19,24,0.89,,a
2008-02-20,22,0.758,,a
2008-02-21,19,0.572,,a
2008-02-22,18,0.513,,a
2008-02-23,18,0.513,,a
2008-02-24,18,0.513,,a
2008-02-25,18,0.513,,a
2008-02-26,17,0.457,,a
2008-02-27,17,0.457,,a
2008-02-28,17,0.457,,a
2008-02-29,17,0.457,,a
2008-03-01,17,0.457,,a
2008-03-02,17,0.457,,a
2008-03-03,17,0.457,,a
2008-03-04,20,0.632,,a
2008-03-05,25,0.958,,a
2008-03-06,24,0.89,,a
2008-03-07,22,0.758,,a
2008-03-08,22,0.758,,a
2008-03-09,22,0.758,,a
2008-03-10,22,0.758,,a
2008-03-11,22,0.758,,a
2008-03-12,20,0.632,,a
2008-03-13,20,0.632,,a
2008-03-14,20,0.632,,a
2008-03-15,20,0.632,,a
2008-03-16,20,0.632,,a
2008-03-17,24,0.89,,a
2008-03-18,35,1.664,,a
2008-03-19,29,1.242,,a
2008-03-20,28,1.169,,a
2008-03-21,28,1.169,,a
2008-03-22,28,1.169,,a
2008-03-23,28,1.169,,a
2008-03-24,28,1.169,,a
2008-03-25,28,1.169,,a
2008-03-26,28,1.169,,a
2008-03-27,28,1.169,,a
2008-03-28,28,1.169,,a
2008-03-29,28,1.169,,a
2008-03-30,28,1.169,,a
2008-03-31,26,1.028,,a
2008-04-01,26,1.028,,a
2008-04-02,26,1.028,,a
2008-04-03,24,0.89,,a
2008-04-04,24,0.89,,a
2008-04-05,24,0.89,,a
2008-04-06,24,0.89,,a
2008-04-07,22,0.758,,a
2008-04-08,22,0.758,,a
2008-04-09,22,0.758,,a
2008-04-10,24,0.89,,a
2008-04-11,27,1.098,,a
2008-04-12,30,1.32,,a
2008-04-13,29,1.242,,a
2008-04-14,26,1.028,,a
2008-04-15,26,1.028,,a
2008-04-16,26,1.028,,a
2008-04-17,26,1.028,,a
2008-04-18,26,1.028,,a
2008-04-19,26,1.028,,a
2008-04-20,27,1.098,,a
2008-04-21,31,1.388,,a
2008-04-22,37,1.802,,a
2008-04-23,33,1.526,,a
2008-04-24,30,1.32,,a
2008-04-25,27,1.098,,a
2008-04-26,26,1.028,,a
2008-04-27,26,1.028,,a
2008-04-28,26,1.028,,a
2008-04-29,24,0.89,,a
2008-04-30,22,0.758,,a
2008-05-01,22,0.758,,a
2008-05-02,22,0.758,,a
2008-05-03,20,0.632,,a
2008-05-04,20,0.632,,a
2008-05-05,20,0.632,,a
2008-05-06,20,0.632,,a
2008-05-07,20,0.632,,a
2008-05-08,20,0.632,,a
2008-05-09,20,0.632,,a
2008-05-10,20,0.632,,a
2008-05-11,22,0.758,,a
2008-05-12,20,0.632,,a
2008-05-13,20,0.632,,a
2008-05-14,20,0.632,,a
2008-05-15,20,0.632,,a
2008-05-16,20,0.632,,a
2008-05-17,20,0.632,,a
2008-05-18,20,0.632,,a
2008-05-19,23,0.823,,a
2008-05-20,34,1.595,,a
2008-05-21,30,1.32,,a
2008-05-22,26,1.028,,a
2008-05-23,24,0.89,,a
2008-05-24,23,0.823,,a
2008-05-25,22,0.758,,a
2008-05-26,20,0.632,,a
2008-05-27,20,0.632,,a
2008-05-28,20,0.632,,a
2008-05-29,20,0.632,,a
2008-05-30,20,0.632,,a
2008-05-31,20,0.632,,a
2008-06-01,18,0.513,,a
2008-06-02,18,0.513,,a
2008-06-03,20,0.632,,a
2008-06-04,29,1.242,,a
2008-06-05,36,1.733,,a
2008-06-06,38,1.871,,a
2008-06-07,35,1.664,,a
2008-06-08,34,1.595,,a
2008-06-09,30,1.32,,a
2008-06-10,28,1.169,,a
2008-06-11,28,1.169,,a
2008-06-12,28,1.169,,a
2008-06-13,28,1.169,,a
2008-06-14,28,1.169,,a
2008-06-15,24,0.89,,a
2008-06-16,23,0.823,,a
2008-06-17,22,0.758,,a
2008-06-18,22,0.758,,a
2008-06-19,22,0.758,,a
2008-06-20,22,0.758,,a
2008-06-21,22,0.758,,a
2008-06-22,22,0.758,,a
2008-06-23,20,0.632,,a
2008-06-24,20,0.632,,a
2008-06-25,20,0.632,,a
2008-06-26,18,0.513,,a
2008-06-27,18,0.513,,a
2008-06-28,18,0.513,,a
2008-06-29,17,0.457,,a
2008-06-30,17,0.457,,a
2008-07-01,18,0.513,,a
2008-07-02,17,0.457,,a
2008-07-03,17,0.457,,a
2008-07-04,17,0.457,,a
2008-07-05,17,0.457,,a
2008-07-06,17,0.457,,a
2008-07-07,20,0.632,,a
2008-07-08,29,1.242,,a
2008-07-09,21,0.694,,a
2008-07-10,20,0.632,,a
2008-07-11,20,0.632,,a
2008-07-12,18,0.513,,a
2008-07-13,28,1.169,,a
2008-07-14,42,2.143,,a
2008-07-15,34,1.595,,a
2008-07-16,23,0.823,,a
2008-07-17,27,1.098,,a
2008-07-18,46,2.401,,a
2008-07-19,32,1.457,,a
2008-07-20,26,1.028,,a
2008-07-21,33,1.526,,a
2008-07-22,30,1.32,,a
2008-07-23,27,1.098,,a
2008-07-24,25,0.958,,a
2008-07-25,23,0.823,,a
2008-07-26,25,0.958,,a
2008-07-27,28,1.169,,a
2008-07-28,23,0.823,,a
2008-07-29,22,0.758,,a
2008-07-30,22,0.758,,a
2008-07-31,20,0.632,,a
2008-08-01,20,0.632,,a
2008-08-02,20,0.632,,a
2008-08-03,20,0.632,,a
2008-08-04,20,0.632,,a
2008-08-05,20,0.632,,a
2008-08-06,20,0.632,,a
2008-08-07,20,0.632,,a
2008-08-08,20,0.632,,a
2008-08-09,21,0.694,,a
2008-08-10,22,0.758,,a
2008-08-11,21,0.694,,a
2008-08-12,17,0.457,,a
2008-08-13,17,0.457,,a
2008-08-14,18,0.513,,a
2008-08-15,21,0.694,,a
2008-08-16,24,0.89,,a
2008-08-17,21,0.694,,a
2008-08-18,20,0.632,,a
2008-08-19,20,0.632,,a
2008-08-20,18,0.513,,a
2008-08-21,18,0.513,,a
2008-08-22,18,0.513,,a
2008-08-23,21,0.694,,a
2008-08-24,28,0.952,,a
2008-08-25,26,0.825,,a
2008-08-26,24,0.705,,a
2008-08-27,22,0.592,,a
2008-08-28,20,0.485,,a
2008-08-29,18,0.387,,a
2008-08-30,18,0.387,,a
2008-08-31,18,0.387,,a
2008-09-01,18,0.387,,a
2008-09-02,18,0.387,,a
2008-09-03,17,0.34,,a
2008-09-04,17,0.34,,a
2008-09-05,17,0.34,,a
2008-09-06,17,0.34,,a
2008-09-07,17,0.34,,a
2008-09-08,17,0.34,,a
2008-09-09,17,0.34,,a
2008-09-10,17,0.34,,a
2008-09-11,17,0.34,,a
2008-09-12,17,0.34,,a
2008-09-13,16,0.296,,a
2008-09-14,16,0.296,,a
2008-09-15,16,0.296,,a
2008-09-16,16,0.296,,a
2008-09-17,15,0.254,,a
2008-09-18,14,0.213,,a
2008-09-19,14,0.213,,a
2008-09-20,14,0.213,,a
2008-09-21,14,0.213,,a
2008-09-22,14,0.213,,a
2008-09-23,12,0.14,,a
2008-09-24,12,0.14,,a
2008-09-25,12,0.14,,a
2008-09-26,12,0.14,,a
2008-09-27,12,0.14,,a
2008-09-28,12,0.14,,a
2008-09-29,12,0.14,,a
2008-09-30,12,0.14,,a
2008-10-01,12,0.14,,a
2008-10-02,12,0.14,,a
2008-10-03,14,0.213,,a
2008-10-04,18,0.387,,a
2008-10-05,16,0.296,,a
2008-10-06,13,0.175,,a
2008-10-07,12,0.14,,a
2008-10-08,12,0.14,,a
2008-10-09,12,0.14,,a
2008-10-10,12,0.14,,a
2008-10-11,12,0.14,,a
2008-10-12,12,0.14,,a
2008-10-13,12,0.14,,a
2008-10-14,14,0.213,,a
2008-10-15,14,0.213,,a
2008-10-16,14,0.213,,a
2008-10-17,17,0.34,,a
2008-10-18,16,0.296,,a
2008-10-19,15,0.254,,a
2008-10-20,13,0.175,,a
2008-10-21,12,0.14,,a
2008-10-22,12,0.14,,a
2008-10-23,12,0.14,,a
2008-10-24,12,0.14,,a
2008-10-25,13,0.175,,a
2008-10-26,17,0.34,,a
2008-10-27,18,0.387,,a
2008-10-28,18,0.387,,a
2008-10-29,18,0.387,,a
2008-10-30,18,0.387,,a
2008-10-31,21,0.539,,a
2008-11-01,30,1.086,,a
2008-11-02,25,0.764,,a
2008-11-03,22,0.592,,a
2008-11-04,22,0.592,,a
2008-11-05,22,0.592,,a
2008-11-06,22,0.592,,a
2008-11-07,22,0.592,,a
2008-11-08,20,0.485,,a
2008-11-09,20,0.485,,a
2008-11-10,20,0.485,,a
2008-11-11,20,0.485,,a
2008-11-12,20,0.485,,a
2008-11-13,20,0.485,,a
2008-11-14,20,0.485,,a
2008-11-15,20,0.485,,a
2008-11-16,20,0.485,,a
2008-11-17,20,0.485,,a
2008-11-18,20,0.485,,a
2008-11-19,20,0.485,,a
2008-11-20,20,0.485,,a
2008-11-21,18,0.387,,a
2008-11-22,18,0.387,,a
2008-11-23,18,0.387,,a
2008-11-24,18,0.387,,a
2008-11-25,18,0.387,,a
2008-11-26,18,0.387,,a
2008-11-27,18,0.387,,a
2008-11-28,21,0.539,,a
2008-11-29,30,1.086,,a
2008-11-30,34,1.373,,a
2008-12-01,37,1.596,,a
2008-12-02,42,1.96,,a
2008-12-03,45,2.185,,a
2008-12-04,44,2.11,,a
2008-12-05,45,2.185,,a
2008-12-06,46,2.26,,a
2008-12-07,36,1.526,,a
2008-12-08,33,1.299,,a
2008-12-09,30,1.086,,a
2008-12-10,31,1.155,,a
2008-12-11,67,3.801,,a
2008-12-12,60,3.306,,a
2008-12-13,46,2.401,,a
2008-12-14,36,1.733,,a
2008-12-15,34,1.595,,a
2008-12-16,39,1.94,,a
2008-12-17,42,2.143,,a
2008-12-18,36,1.733,,a
2008-12-19,32,1.457,,a
2008-12-20,30,1.32,,a
2008-12-21,30,1.32,,a
2008-12-22,28,1.169,,a
2008-12-23,28,1.169,,a
2008-12-24,26,1.028,,a
2008-12-25,26,1.028,,a
2008-12-26,25,0.958,,a
2008-12-27,24,0.89,,a
2008-12-28,24,0.89,,a
2008-12-29,24,0.89,,a
2008-12-30,22,0.758,,a
2008-12-31,22,0.758,,a
2009-01-01,22,0.758,,a
2009-01-02,22,0.758,,a
2009-01-03,22,0.758,,a
2009-01-04,25,0.758,,a
2009-01-05,35,1.871,,a
2009-01-06,38,1.871,,a
2009-01-07,24,0.89,,a
2009-01-08,24,0.89,,a
2009-01-09,24,0.89,,a
2009-01-10,24,0.89,,a
2009-01-11,24,0.89,,a
2009-01-12,24,0.89,,a
2009-01-13,24,0.89,,a
2009-01-14,24,0.89,,a
2009-01-15,24,0.89,,a
2009-01-16,24,0.89,,a
2009-01-17,24,0.89,,a
2009-01-18,24,0.89,,a
2009-01-19,23,0.758,,a
2009-01-20,36,2.008,,a
2009-01-21,39,2.008,,a
2009-01-22,32,1.32,,a
2009-01-23,31,1.394,,a
2009-01-24,27,1.028,,a
2009-01-25,26,1.028,,a
2009-01-26,26,1.028,,a
2009-01-27,26,1.028,,a
2009-01-28,26,1.028,,a
2009-01-29,26,1.028,,a
2009-01-30,26,1.028,,a
2009-01-31,26,1.028,,a
2009-02-01,26,1.028,,a
2009-02-02,26,1.028,,a
2009-02-03,26,1.028,,a
2009-02-04,31,1.457,,a
2009-02-05,34,1.595,,a
2009-02-06,36,1.733,,a
2009-02-07,36,1.733,,a
2009-02-08,38,1.871,,a
2009-02-09,36,1.802,,a
2009-02-10,33,1.457,,a
2009-02-11,34,1.664,,a
2009-02-12,31,1.457,,a
2009-02-13,28,1.169,,a
2009-02-14,26,1.028,,a
2009-02-15,24,0.89,,a
2009-02-16,24,0.89,,a
2009-02-17,24,0.89,,a
2009-02-18,24,0.89,,a
2009-02-19,24,0.89,,a
2009-02-20,24,0.89,,a
2009-02-21,24,0.89,,a
2009-02-22,22,0.758,,a
2009-02-23,22,0.758,,a
2009-02-24,22,0.758,,a
2009-02-25,22,0.758,,a
2009-02-26,22,0.758,,a
2009-02-27,22,0.758,,a
2009-02-28,22,0.758,,a
2009-03-01,22,0.758,,a
2009-03-02,23,0.758,,a
2009-03-03,29,1.32,,a
2009-03-04,36,1.871,,a
2009-03-05,33,1.457,,a
2009-03-06,32,1.457,,a
2009-03-07,30,1.32,,a
2009-03-08,28,1.169,,a
2009-03-09,28,1.169,,a
2009-03-10,26,1.028,,a
2009-03-11,26,1.028,,a
2009-03-12,26,1.028,,a
2009-03-13,24,0.89,,a
2009-03-14,24,0.89,,a
2009-03-15,22,0.758,,a
2009-03-16,22,0.758,,a
2009-03-17,22,0.758,,a
2009-03-18,22,0.758,,a
2009-03-19,22,0.758,,a
2009-03-20,22,0.758,,a
2009-03-21,22,0.758,,a
2009-03-22,22,0.758,,a
2009-03-23,22,0.758,,a
2009-03-24,22,0.758,,a
2009-03-25,20,0.632,,a
2009-03-26,20,0.632,,a
2009-03-27,20,0.632,,a
2009-03-28,22,0.513,,a
2009-03-29,41,2.143,,a
2009-03-30,71,4.439,,a
2009-03-31,43,1.733,,a
2009-04-01,34,1.595,,a
2009-04-02,32,1.457,,a
2009-04-03,30,1.32,,a
2009-04-04,30,1.32,,a
2009-04-05,28,1.169,,a
2009-04-06,28,1.169,,a
2009-04-07,27,1.098,,a
2009-04-08,26,1.028,,a
2009-04-09,26,1.028,,a
2009-04-10,26,1.028,,a
2009-04-11,26,1.028,,a
2009-04-12,26,1.028,,a
2009-04-13,26,1.028,,a
2009-04-14,26,1.028,,a
2009-04-15,26,1.028,,a
2009-04-16,26,1.028,,a
2009-04-17,26,1.028,,a
2009-04-18,26,1.028,,a
2009-04-19,24,0.89,,a
2009-04-20,24,0.89,,a
2009-04-21,24,0.89,,a
2009-04-22,24,0.89,,a
2009-04-23,24,0.89,,a
2009-04-24,24,0.89,,a
2009-04-25,25,0.89,,a
2009-04-26,27,1.098,,a
2009-04-27,28,1.169,,a
2009-04-28,28,1.169,,a
2009-04-29,28,1.169,,a
2009-04-30,28,1.169,,a
2009-05-01,28,1.169,,a
2009-05-02,27,1.098,,a
2009-05-03,26,1.028,,a
2009-05-04,26,1.028,,a
2009-05-05,26,1.028,,a
2009-05-06,26,1.028,,a
2009-05-07,26,1.028,,a
2009-05-08,26,1.028,,a
2009-05-09,24,0.89,,a
2009-05-10,24,0.89,,a
2009-05-11,22,0.758,,a
2009-05-12,22,0.758,,a
2009-05-13,22,0.758,,a
2009-05-14,22,0.758,,a
2009-05-15,20,0.632,,a
2009-05-16,20,0.632,,a
2009-05-17,18,0.513,,a
2009-05-18,18,0.513,,a
2009-05-19,18,0.513,,a
2009-05-20,18,0.513,,a
2009-05-21,18,0.513,,a
2009-05-22,18,0.513,,a
2009-05-23,18,0.513,,a
2009-05-24,18,0.513,,a
2009-05-25,18,0.513,,a
2009-05-26,20,0.632,,a
2009-05-27,22,0.758,,a
2009-05-28,25,1.028,,a
2009-05-29,23,0.758,,a
2009-05-30,22,0.758,,a
2009-05-31,20,0.632,,a
2009-06-01,18,0.513,,a
2009-06-02,18,0.513,,a
2009-06-03,18,0.513,,a
2009-06-04,21,0.632,,a
2009-06-05,26,1.028,,a
2009-06-06,29,1.169,,a
2009-06-07,34,1.733,,a
2009-06-08,29,1.169,,a
2009-06-09,26,1.028,,a
2009-06-10,23,0.758,,a
2009-06-11,22,0.758,,a
2009-06-12,19,0.513,,a
2009-06-13,18,0.513,,a
2009-06-14,16,0.403,,a
2009-06-15,16,0.403,,a
2009-06-16,16,0.403,,a
2009-06-17,16,0.403,,a
2009-06-18,18,0.513,,a
2009-06-19,16,0.403,,a
2009-06-20,16,0.403,,a
2009-06-21,16,0.403,,a
2009-06-22,18,0.403,,a
2009-06-23,25,1.028,,a
2009-06-24,28,1.169,,a
2009-06-25,28,1.169,,a
2009-06-26,28,1.169,,a
2009-06-27,28,1.169,,a
2009-06-28,30,1.169,,a
2009-06-29,36,1.871,,a
2009-06-30,32,1.332,,a
2009-07-01,29,1.125,,a
2009-07-02,26,0.878,,a
2009-07-03,24,0.79,,a
2009-07-04,24,0.79,,a
2009-07-05,26,0.92,,a
2009-07-06,29,1.056,,a
2009-07-07,40,2.031,,a
2009-07-08,60,3.375,,a
2009-07-09,62,3.326,,a
2009-07-10,53,2.745,,a
2009-07-11,37,1.332,,a
2009-07-12,28,1.056,,a
2009-07-13,28,1.056,,a
2009-07-14,26,0.92,,a
2009-07-15,26,0.92,,a
2009-07-16,26,0.92,,a
2009-07-17,26,0.79,,a
2009-07-18,33,1.471,,a
2009-07-19,29,1.125,,a
2009-07-20,25,0.79,,a
2009-07-21,24,0.79,,a
2009-07-22,24,0.79,,a
2009-07-23,22,0.668,,a
2009-07-24,22,0.668,,a
2009-07-25,22,0.668,,a
2009-07-26,22,0.668,,a
2009-07-27,20,0.552,,a
2009-07-28,20,0.552,,a
2009-07-29,18,0.442,,a
2009-07-30,16,0.34,,a
2009-07-31,15,0.293,,a
2009-08-01,15,0.293,,a
2009-08-02,15,0.293,,a
2009-08-03,20,0.552,,a
2009-08-04,26,1.056,,a
2009-08-05,26,1.028,,a
2009-08-06,26,1.028,,a
2009-08-07,24,0.823,,a
2009-08-08,23,0.823,,a
2009-08-09,22,0.758,,a
2009-08-10,21,0.694,,a
2009-08-11,21,0.694,,a
2009-08-12,21,0.694,,a
2009-08-13,16,0.403,,a
2009-08-14,16,0.403,,a
2009-08-15,16,0.403,,a
2009-08-16,14,0.301,,a
2009-08-17,14,0.301,,a
2009-08-18,14,0.301,,a
2009-08-19,14,0.301,,a
2009-08-20,12,0.21,,a
2009-08-21,12,0.21,,a
2009-08-22,14,0.21,,a
2009-08-23,17,0.513,,a
2009-08-24,16,0.403,,a
2009-08-25,14,0.301,,a
2009-08-26,13,0.255,,a
2009-08-27,14,0.301,,a
2009-08-28,14,0.301,,a
2009-08-29,16,0.403,,a
2009-08-30,16,0.403,,a
2009-08-31,16,0.403,,a
2009-09-01,16,0.403,,a
2009-09-02,16,0.403,,a
2009-09-03,14,0.301,,a
2009-09-04,14,0.301,,a
2009-09-05,18,0.632,,a
2009-09-06,19,0.632,,a
2009-09-07,16,0.403,,a
2009-09-08,16,0.403,,a
2009-09-09,16,0.403,,a
2009-09-10,14,0.301,,a
2009-09-11,14,0.301,,a
2009-09-12,14,0.301,,a
2009-09-13,14,0.301,,a
2009-09-14,16,0.403,,a
2009-09-15,16,0.403,,a
2009-09-16,18,0.403,,a
2009-09-17,23,0.941,,a
2009-09-18,16,0.403,,a
2009-09-19,16,0.403,,a
2009-09-20,16,0.403,,a
2009-09-21,14,0.301,,a
2009-09-22,14,0.301,,a
2009-09-23,14,0.301,,a
2009-09-24,14,0.301,,a
2009-09-25,14,0.301,,a
2009-09-26,14,0.301,,a
2009-09-27,14,0.301,,a
2009-09-28,12,0.21,,a
2009-09-29,10,0.12,,a
2009-09-30,10,0.12,,a
2009-10-01,11,0.12,,a
2009-10-02,15,0.403,,a
2009-10-03,14,0.301,,a
2009-10-04,14,0.301,,a
2009-10-05,12,0.21,,a
2009-10-06,12,0.21,,a
2009-10-07,12,0.21,,a
2009-10-08,12,0.21,,a
2009-10-09,12,0.21,,a
2009-10-10,17,0.513,,a
2009-10-11,21,0.823,,a
2009-10-12,19,0.513,,a
2009-10-13,19,0.632,,a
2009-10-14,15,0.351,,a
2009-10-15,13,0.255,,a
2009-10-16,12,0.21,,a
2009-10-17,12,0.21,,a
2009-10-18,12,0.21,,a
2009-10-19,12,0.21,,a
2009-10-20,12,0.21,,a
2009-10-21,13,0.21,,a
2009-10-22,20,0.758,,a
2009-10-23,22,0.758,,a
2009-10-24,22,0.758,,a
2009-10-25,22,0.758,,a
2009-10-26,21,0.758,,a
2009-10-27,18,0.513,,a
2009-10-28,16,0.403,,a
2009-10-29,16,0.403,,a
2009-10-30,14,0.301,,a
2009-10-31,14,0.301,,a
2009-11-01,14,0.301,,a
2009-11-02,15,0.301,,a
2009-11-03,21,0.758,,a
2009-11-04,25,0.956,,a
2009-11-05,31,1.457,,a
2009-11-06,37,1.871,,a
2009-11-07,38,1.871,,a
2009-11-08,36,1.61,,a
2009-11-09,35,1.61,,a
2009-11-10,30,1.194,,a
2009-11-11,28,1.194,,a
2009-11-12,22,0.668,,a
2009-11-13,22,0.668,,a
2009-11-14,22,0.668,,a
2009-11-15,22,0.668,,a
2009-11-16,22,0.668,,a
2009-11-17,22,0.668,,a
2009-11-18,22,0.668,,a
2009-11-19,22,0.668,,a
2009-11-20,22,0.668,,a
2009-11-21,20,0.552,,a
2009-11-22,18,0.442,,a
2009-11-23,18,0.442,,a
2009-11-24,18,0.442,,a
2009-11-25,18,0.442,,a
2009-11-26,19,0.442,,a
2009-11-27,24,0.79,,a
2009-11-28,24,0.79,,a
2009-11-29,26,0.92,,a
2009-11-30,28,1.056,,a
2009-12-01,35,1.75,,a
2009-12-02,29,0.92,,a
2009-12-03,29,1.194,,a
2009-12-04,27,0.92,,a
2009-12-05,26,0.92,,a
2009-12-06,26,0.92,,a
2009-12-07,26,0.92,,a
2009-12-08,27,0.92,,a
2009-12-09,30,1.194,,a
2009-12-10,29,1.194,,a
2009-12-11,26,0.92,,a
2009-12-12,26,0.92,,a
2009-12-13,26,0.92,,a
2009-12-14,26,0.92,,a
2009-12-15,26,0.92,,a
2009-12-16,23,0.702,,a
2009-12-17,26,0.92,,a
2009-12-18,29,1.194,,a
2009-12-19,30,1.194,,a
2009-12-20,30,1.194,,a
2009-12-21,30,1.194,,a
2009-12-22,33,1.194,,a
2009-12-23,61,3.583,,a
2009-12-24,66,3.917,,a
2009-12-25,56,3.169,,a
2009-12-26,43,2.209,,a
2009-12-27,40,2.008,,a
2009-12-28,37,1.733,,a
2009-12-29,34,1.526,,a
2009-12-30,32,1.457,,a
2009-12-31,30,1.32,,a
2010-01-01,28,1.169,,a
2010-01-02,27,1.098,,a
2010-01-03,28,1.169,,a
2010-01-04,28,1.169,,a
2010-01-05,27,1.098,,a
2010-01-06,26,1.028,,a
2010-01-07,26,1.028,,a
2010-01-08,26,1.028,,a
2010-01-09,26,1.028,,a
2010-01-10,26,1.028,,a
2010-01-11,26,1.028,,a
2010-01-12,26,1.028,,a
2010-01-13,26,1.028,,a
2010-01-14,26,1.028,,a
2010-01-15,26,1.028,,a
2010-01-16,26,1.028,,a
2010-01-17,26,1.028,,a
2010-01-18,24,0.89,,a
2010-01-19,24,0.89,,a
2010-01-20,24,0.89,,a
2010-01-21,24,0.89,,a
2010-01-22,24,0.89,,a
2010-01-23,24,0.89,,a
2010-01-24,24,0.89,,a
2010-01-25,24,0.89,,a
2010-01-26,22,0.758,,a
2010-01-27,22,0.758,,a
2010-01-28,22,0.758,,a
2010-01-29,22,0.758,,a
2010-01-30,22,0.758,,a
2010-01-31,22,0.758,,a
2010-02-01,22,0.758,,a
2010-02-02,22,0.758,,a
2010-02-03,22,0.758,,a
2010-02-04,22,0.758,,a
2010-02-05,32,1.457,,a
2010-02-06,34,1.595,,a
2010-02-07,30,1.32,,a
2010-02-08,26,1.028,,a
2010-02-09,26,1.028,,a
2010-02-10,24,0.89,,a
2010-02-11,24,0.89,,a
2010-02-12,22,0.78,,a
2010-02-13,22,0.758,,a
2010-02-14,22,0.758,,a
2010-02-15,22,0.758,,a
2010-02-16,22,0.758,,a
2010-02-17,22,0.758,,a
2010-02-18,22,0.758,,a
2010-02-19,22,0.758,,a
2010-02-20,50,2.652,,a
2010-02-21,36,1.526,,a
2010-02-22,36,1.526,,a
2010-02-23,36,1.526,,a
2010-02-24,36,1.526,,a
2010-02-25,36,1.526,,a
2010-02-26,36,1.526,,a
2010-02-27,32,1.226,,a
2010-02-28,32,1.226,,a
2010-03-01,33,1.299,,a
2010-03-02,30,1.086,,a
2010-03-03,28,0.952,,a
2010-03-04,28,0.952,,a
2010-03-05,28,0.952,,a
2010-03-06,26,0.825,,a
2010-03-07,24,0.705,,a
2010-03-08,24,0.705,,a
2010-03-09,24,0.705,,a
2010-03-10,24,0.705,,a
2010-03-11,24,0.705,,a
2010-03-12,24,0.705,,a
2010-03-13,24,0.705,,a
2010-03-14,24,0.705,,a
2010-03-15,24,0.705,,a
2010-03-16,24,0.705,,a
2010-03-17,24,0.705,,a
2010-03-18,24,0.705,,a
2010-03-19,24,0.705,,a
2010-03-20,24,0.705,,a
2010-03-21,22,0.592,,a
2010-03-22,22,0.592,,a
2010-03-23,22,0.592,,a
2010-03-24,22,0.592,,a
2010-03-25,22,0.592,,a
2010-03-26,22,0.592,,a
2010-03-27,22,0.592,,a
2010-03-28,22,0.592,,a
2010-03-29,22,0.592,,a
2010-03-30,22,0.592,,a
2010-03-31,34,1.373,,a
2010-04-01,30,1.086,,a
2010-04-02,28,0.952,,a
2010-04-03,25,0.764,,a
2010-04-04,24,0.705,,a
2010-04-05,24,0.705,,a
2010-04-06,24,0.705,,a
2010-04-07,24,0.705,,a
2010-04-08,24,0.705,,a
2010-04-09,22,0.592,,a
2010-04-10,22,0.592,,a
2010-04-11,22,0.592,,a
2010-04-12,22,0.592,,a
2010-04-13,22,0.592,,a
2010-04-14,22,0.592,,a
2010-04-15,22,0.592,,a
2010-04-16,22,0.592,,a
2010-04-17,22,0.592,,a
2010-04-18,22,0.592,,a
2010-04-19,22,0.592,,a
2010-04-20,22,0.592,,a
2010-04-21,22,0.592,,a
2010-04-22,22,0.592,,a
2010-04-23,22,0.592,,a
2010-04-24,22,0.592,,a
2010-04-25,22,0.592,,a
2010-04-26,18,0.387,,a
2010-04-27,22,0.592,,a
2010-04-28,22,0.592,,a
2010-04-29,22,0.592,,a
2010-04-30,22,0.592,,a
2010-05-01,20,0.485,,a
2010-05-02,19,0.435,,a
2010-05-03,19,0.435,,a
2010-05-04,26,0.825,,a
2010-05-05,29,1.043,,a
2010-05-06,30,1.086,,a
2010-05-07,30,1.086,,a
2010-05-08,30,1.086,,a
2010-05-09,28,0.952,,a
2010-05-10,28,0.952,,a
2010-05-11,30,1.086,,a
2010-05-12,30,1.086,,a
2010-05-13,32,1.226,,a
2010-05-14,32,1.226,,a
2010-05-15,34,1.373,,a
2010-05-16,30,1.086,,a
2010-05-17,28,0.952,,a
2010-05-18,26,0.825,,a
2010-05-19,24,0.705,,a
2010-05-20,24,0.705,,a
2010-05-21,22,0.592,,a
2010-05-22,22,0.592,,a
2010-05-23,20,0.485,,a
2010-05-24,20,0.485,,a
2010-05-25,20,0.485,,a
2010-05-26,20,0.485,,a
2010-05-27,20,0.485,,a
2010-05-28,20,0.485,,a
2010-05-29,20,0.485,,a
2010-05-30,24,0.705,,a
2010-05-31,22,0.592,,a
2010-06-01,20,0.485,,a
2010-06-02,20,0.485,,a
2010-06-03,20,0.485,,a
2010-06-04,20,0.485,,a
2010-06-05,20,0.485,,a
2010-06-06,20,0.485,,a
2010-06-07,20,0.485,,a
2010-06-08,20,0.485,,a
2010-06-09,20,0.485,,a
2010-06-10,18,0.387,,a
2010-06-11,18,0.387,,a
2010-06-12,18,0.387,,a
2010-06-13,16,0.296,,a
2010-06-14,16,0.296,,a
2010-06-15,16,0.296,,a
2010-06-16,16,0.296,,a
2010-06-17,16,0.296,,a
2010-06-18,16,0.296,,a
2010-06-19,20,0.485,,a
2010-06-20,36,1.526,,a
2010-06-21,32,1.226,,a
2010-06-22,30,1.086,,a
2010-06-23,26,0.825,,a
2010-06-24,24,0.705,,a
2010-06-25,21,0.539,,a
2010-06-26,21,0.539,,a
2010-06-27,20,0.485,,a
2010-06-28,20,0.485,,a
2010-06-29,19,0.435,,a
2010-06-30,19,0.435,,a
2010-07-01,18,0.387,,a
2010-07-02,18,0.387,,a
2010-07-03,17,0.34,,a
2010-07-04,17,0.34,,a
2010-07-05,16,0.296,,a
2010-07-06,15,0.254,,a
2010-07-07,14,0.213,,a
2010-07-08,13,0.192,,a
2010-07-09,14,0.213,,a
2010-07-10,14,0.213,,a
2010-07-11,14,0.213,,a
2010-07-12,14,0.213,,a
2010-07-13,14,0.213,,a
2010-07-14,14,0.213,,a
2010-07-15,12,0.14,,a
2010-07-16,12,0.14,,a
2010-07-17,12,0.14,,a
2010-07-18,12,0.14,,a
2010-07-19,12,0.14,,a
2010-07-20,12,0.14,,a
2010-07-21,12,0.14,,a
2010-07-22,10,0.076,,a
2010-07-23,10,0.076,,a
2010-07-24,10,0.076,,a
2010-07-25,10,0.076,,a
2010-07-26,10,0.076,,a
2010-07-27,10,0.076,,a
2010-07-28,10,0.076,,a
2010-07-29,10,0.076,,a
2010-07-30,20,0.485,,a
2010-07-31,18,0.387,,a
2010-08-01,14,0.213,,a
2010-08-02,14,0.213,,a
2010-08-03,14,0.213,,a
2010-08-04,16,0.296,,a
2010-08-05,16,0.296,,a
2010-08-06,26,0.825,,a
2010-08-07,26,0.825,,a
2010-08-08,24,0.705,,a
2010-08-09,32,1.226,,a
2010-08-10,28,0.952,,a
2010-08-11,22,0.592,,a
2010-08-12,19,0.435,,a
2010-08-13,19,0.435,,a
2010-08-14,22,0.592,,a
2010-08-15,28,0.952,,a
2010-08-16,26,0.825,,a
2010-08-17,22,0.592,,a
2010-08-18,22,0.592,,a
2010-08-19,22,0.592,,a
2010-08-20,22,0.592,,a
2010-08-21,22,0.592,,a
2010-08-22,18,0.387,,a
2010-08-23,16,0.296,,a
2010-08-24,16,0.296,,a
2010-08-25,16,0.296,,a
2010-08-26,16,0.296,,a
2010-08-27,16,0.296,,a
2010-08-28,26,0.825,,a
2010-08-29,24,0.705,,a
2010-08-30,22,0.592,,a
2010-08-31,22,0.592,,a
2010-09-01,18,0.387,,a
2010-09-02,18,0.387,,a
2010-09-03,18,0.387,,a
2010-09-04,18,0.387,,a
2010-09-05,18,0.387,,a
2010-09-06,17,0.34,,a
2010-09-07,17,0.34,,a
2010-09-08,17,0.34,,a
2010-09-09,50,3.309,,a
2010-09-10,31,1.725,,a
2010-09-11,26,1.248,,a
2010-09-12,24,1.079,,a
2010-09-13,24,1.079,,a
2010-09-14,20,0.756,,a
2010-09-15,20,0.756,,a
2010-09-16,22,0.915,,a
2010-09-17,73,5.02,,a
2010-09-18,92,6.445,,a
2010-09-19,102,7.132,,a
2010-09-20,65,4.407,,a
2010-09-21,52,3.452,,a
2010-09-22,30,1.598,,a
2010-09-23,30,1.598,,a
2010-09-24,30,1.598,,a
2010-09-25,32,1.776,,a
2010-09-26,58,3.884,,a
2010-09-27,45,2.916,,a
2010-09-28,30,1.598,,a
2010-09-29,30,1.598,,a
2010-09-30,30,1.598,,a
2010-10-01,30,1.598,,a
2010-10-02,26,1.248,,a
2010-10-03,25,1.163,,a
2010-10-04,24,1.079,,a
2010-10-05,24,1.079,,a
2010-10-06,23,0.996,,a
2010-10-07,24,1.079,,a
2010-10-08,24,1.079,,a
2010-10-09,24,1.079,,a
2010-10-10,24,1.079,,a
2010-10-11,22,0.915,,a
2010-10-12,22,0.915,,a
2010-10-13,22,0.915,,a
2010-10-14,22,0.915,,a
2010-10-15,22,0.915,,a
2010-10-16,22,0.915,,a
2010-10-17,22,0.915,,a
2010-10-18,22,0.915,,a
2010-10-19,22,0.915,,a
2010-10-20,20,0.756,,a
2010-10-21,20,0.756,,a
2010-10-22,20,0.756,,a
2010-10-23,20,0.756,,a
2010-10-24,20,0.756,,a
2010-10-25,22,0.915,,a
2010-10-26,22,0.915,,a
2010-10-27,26,1.248,,a
2010-10-28,26,1.248,,a
2010-10-29,26,1.248,,a
2010-10-30,24,1.079,,a
2010-10-31,24,1.079,,a
2010-11-01,24,1.079,,a
2010-11-02,24,1.079,,a
2010-11-03,24,1.079,,a
2010-11-04,24,1.079,,a
2010-11-05,22,0.915,,a
2010-11-06,22,0.915,,a
2010-11-07,22,0.915,,a
2010-11-08,22,0.915,,a
2010-11-09,36,2.134,,a
2010-11-10,34,1.955,,a
2010-11-11,34,1.955,,a
2010-11-12,33,1.865,,a
2010-11-13,32,1.776,,a
2010-11-14,32,1.776,,a
2010-11-15,32,1.776,,a
2010-11-16,32,1.776,,a
2010-11-17,35,2.015,,a
2010-11-18,32,1.776,,a
2010-11-19,32,1.776,,a
2010-11-20,32,1.776,,a
2010-11-21,48,3.157,,a
2010-11-22,38,2.312,,a
2010-11-23,36,2.134,,a
2010-11-24,32,1.776,,a
2010-11-25,30,1.598,,a
2010-11-26,28,1.422,,a
2010-11-27,28,1.422,,a
2010-11-28,26,1.248,,a
2010-11-29,28,1.422,,a
2010-11-30,28,1.422,,a
2010-12-01,28,1.422,,a
2010-12-02,28,1.422,,a
2010-12-03,28,1.422,,a
2010-12-04,28,1.422,,a
2010-12-05,28,1.422,,a
2010-12-06,28,1.422,,a
2010-12-07,48,3.157,,a
2010-12-08,56,3.742,,a
2010-12-09,48,3.157,,a
2010-12-10,48,3.157,,a
2010-12-11,30,1.598,,a
2010-12-12,28,1.422,,a
2010-12-13,28,1.422,,a
2010-12-14,28,1.422,,a
2010-12-15,26,1.248,,a
2010-12-16,26,1.248,,a
2010-12-17,26,1.248,,a
2010-12-18,26,1.248,,a
2010-12-19,26,1.248,,a
2010-12-20,28,1.422,,a
2010-12-21,30,1.598,,a
2010-12-22,30,1.598,,a
2010-12-23,40,2.489,,a
2010-12-24,40,2.489,,a
2010-12-25,52,3.452,,a
2010-12-26,38,2.312,,a
2010-12-27,36,2.134,,a
2010-12-28,34,1.955,,a
2010-12-29,34,1.955,,a
2010-12-30,34,1.955,,a
2010-12-31,32,1.776,,a
2011-01-01,32,1.776,,a
2011-01-02,32,1.776,,a
2011-01-03,26,1.248,,a
2011-01-04,26,1.248,,a
2011-01-05,26,1.248,,a
2011-01-06,26,1.248,,a
2011-01-07,26,1.248,,a
2011-01-08,26,1.248,,a
2011-01-09,26,1.248,,a
2011-01-10,32,1.776,,a
2011-01-11,38,2.312,,a
2011-01-12,32,1.776,,a
2011-01-13,30,1.661,,a
2011-01-14,32,1.776,,a
2011-01-15,30,1.598,,a
2011-01-16,30,1.598,,a
2011-01-17,30,1.598,,a
2011-01-18,30,1.598,,a
2011-01-19,27,1.335,,a
2011-01-20,26,1.248,,a
2011-01-21,26,1.248,,a
2011-01-22,25,1.163,,a
2011-01-23,24,1.079,,a
2011-01-24,24,1.079,,a
2011-01-25,23,0.996,,a
2011-01-26,23,0.996,,a
2011-01-27,23,0.996,,a
2011-01-28,23,0.996,,a
2011-01-29,23,0.996,,a
2011-01-30,22,0.915,,a
2011-01-31,22,0.915,,a
2011-02-01,22,0.915,,a
2011-02-02,22,0.915,,a
2011-02-03,22,0.915,,a
2011-02-04,21,0.834,,a
2011-02-05,21,0.834,,a
2011-02-06,22,0.915,,a
2011-02-07,22,0.915,,a
2011-02-08,22,0.915,,a
2011-02-09,21,0.834,,a
2011-02-10,21,0.834,,a
2011-02-11,21,0.834,,a
2011-02-12,21,0.834,,a
2011-02-13,21,0.834,,a
2011-02-14,21,0.834,,a
2011-02-15,21,0.834,,a
2011-02-16,21,0.834,,a
2011-02-17,25,1.163,,a
2011-02-18,32,1.776,,a
2011-02-19,26,1.098,,a
2011-02-20,26,1.098,,a
2011-02-21,24,0.919,,a
2011-02-22,24,0.919,,a
2011-02-23,24,0.919,,a
2011-02-24,24,0.919,,a
2011-02-25,22,0.745,,a
2011-02-26,22,0.745,,a
2011-02-27,22,0.745,,a
2011-02-28,22,0.745,,a
2011-03-01,21,0.66,,a
2011-03-02,20,0.578,,a
2011-03-03,22,0.745,,a
2011-03-04,22,0.745,,a
2011-03-05,22,0.745,,a
2011-03-06,22,0.745,,a
2011-03-07,22,0.745,,a
2011-03-08,19,0.551,,a
2011-03-09,22,0.745,,a
2011-03-10,22,0.745,,a
2011-03-11,22,0.745,,a
2011-03-12,22,0.745,,a
2011-03-13,20,0.578,,a
2011-03-14,30,1.471,,a
2011-03-15,32,1.662,,a
2011-03-16,32,1.662,,a
2011-03-17,50,3.309,,a
2011-03-18,32,1.662,,a
2011-03-19,28,1.283,,a
2011-03-20,24,0.919,,a
2011-03-21,22,0.745,,a
2011-03-22,22,0.745,,a
2011-03-23,22,0.745,,a
2011-03-24,22,0.745,,a
2011-03-25,22,0.745,,a
2011-03-26,20,0.578,,a
2011-03-27,20,0.578,,a
2011-03-28,20,0.578,,a
2011-03-29,20,0.578,,a
2011-03-30,20,0.578,,a
2011-03-31,20,0.578,,a
2011-04-01,20,0.578,,a
2011-04-02,20,0.578,,a
2011-04-03,20,0.578,,a
2011-04-04,20,0.578,,a
2011-04-05,20,0.578,,a
2011-04-06,18,0.434,,a
2011-04-07,18,0.434,,a
2011-04-08,18,0.434,,a
2011-04-09,18,0.434,,a
2011-04-10,18,0.434,,a
2011-04-11,18,0.434,,a
2011-04-12,18,0.434,,a
2011-04-13,18,0.434,,a
2011-04-14,16,0.319,,a
2011-04-15,16,0.319,,a
2011-04-16,16,0.319,,a
2011-04-17,16,0.319,,a
2011-04-18,15,0.27,,a
2011-04-19,15,0.27,,a
2011-04-20,15,0.27,,a
2011-04-21,15,0.27,,a
2011-04-22,14,0.227,,a
2011-04-23,14,0.227,,a
2011-04-24,14,0.227,,a
2011-04-25,14,0.227,,a
2011-04-26,22,0.745,,a
2011-04-27,22,0.745,,a
2011-04-28,22,0.745,,a
2011-04-29,20,0.578,,a
2011-04-30,20,0.578,,a
2011-05-01,18,0.434,,a
2011-05-02,18,0.434,,a
2011-05-03,17,0.393,,a
2011-05-04,22,0.745,,a
2011-05-05,22,0.745,,a
2011-05-06,22,0.745,,a
2011-05-07,22,0.745,,a
2011-05-08,20,0.578,,a
2011-05-09,18,0.434,,a
2011-05-10,18,0.434,,a
2011-05-11,18,0.434,,a
2011-05-12,16,0.319,,a
2011-05-13,16,0.319,,a
2011-05-14,16,0.319,,a
2011-05-15,22,0.745,,a
2011-05-16,20,0.578,,a
2011-05-17,16,0.319,,a
2011-05-18,14,0.227,,a
2011-05-19,14,0.227,,a
2011-05-20,14,0.227,,a
2011-05-21,14,0.227,,a
2011-05-22,14,0.227,,a
2011-05-23,14,0.227,,a
2011-05-24,14,0.227,,a
2011-05-25,14,0.227,,a
2011-05-26,14,0.227,,a
2011-05-27,14,0.227,,a
2011-05-28,14,0.227,,a
2011-05-29,14,0.227,,a
2011-05-30,14,0.227,,a
2011-05-31,14,0.227,,a
2011-06-01,14,0.227,,a
2011-06-02,12,0.154,,a
2011-06-03,12,0.154,,a
2011-06-04,16,0.319,,a
2011-06-05,16,0.319,,a
2011-06-06,16,0.319,,a
2011-06-07,16,0.319,,a
2011-06-08,44,2.796,,a
2011-06-09,28,1.283,,a
2011-06-10,28,1.283,,a
2011-06-11,22,0.745,,a
2011-06-12,22,0.745,,a
2011-06-13,22,0.745,,a
2011-06-14,20,0.578,,a
2011-06-15,20,0.578,,a
2011-06-16,18,0.434,,a
2011-06-17,16,0.319,,a
2011-06-18,16,0.319,,a
2011-06-19,30,1.471,,a
2011-06-20,26,1.098,,a
2011-06-21,26,1.098,,a
2011-06-22,26,1.098,,a
2011-06-23,26,1.098,,a
2011-06-24,24,0.919,,a
2011-06-25,22,0.745,,a
2011-06-26,22,0.745,,a
2011-06-27,22,0.745,,a
2011-06-28,22,0.745,,a
2011-06-29,20,0.578,,a
2011-06-30,16,0.319,,a
2011-07-01,16,0.319,,a
2011-07-02,16,0.319,,a
2011-07-03,14,0.227,,a
2011-07-04,14,0.227,,a
2011-07-05,14,0.227,,a
2011-07-06,20,0.578,,a
2011-07-07,18,0.434,,a
2011-07-08,18,0.434,,a
2011-07-09,14,0.227,,a
2011-07-10,12,0.154,,a
2011-07-11,12,0.154,,a
2011-07-12,12,0.154,,a
2011-07-13,20,0.578,,a
2011-07-14,16,0.319,,a
2011-07-15,14,0.237,,a
2011-07-16,16,0.319,,a
2011-07-17,16,0.319,,a
2011-07-18,25,1.008,,a
2011-07-19,20,0.578,,a
2011-07-20,16,0.319,,a
2011-07-21,16,0.319,,a
2011-07-22,16,0.319,,a
2011-07-23,20,0.578,,a
2011-07-24,36,2.046,,a
2011-07-25,28,1.283,,a
2011-07-26,26,1.098,,a
2011-07-27,20,0.578,,a
2011-07-28,18,0.434,,a
2011-07-29,18,0.434,,a
2011-07-30,18,0.434,,a
2011-07-31,18,0.434,,a
2011-08-01,18,0.434,,a
2011-08-02,16,0.319,,a
2011-08-03,16,0.319,,a
2011-08-04,16,0.319,,a
2011-08-05,14,0.227,,a
2011-08-06,14,0.227,,a
2011-08-07,12,0.154,,a
2011-08-08,12,0.154,,a
2011-08-09,36,2.046,,a
2011-08-10,27,1.19,,a
2011-08-11,20,0.578,,a
2011-08-12,20,0.578,,a
2011-08-13,18,0.434,,a
2011-08-14,16,0.319,,a
2011-08-15,16,0.319,,a
2011-08-16,16,0.319,,a
2011-08-17,15,0.27,,a
2011-08-18,15,0.27,,a
2011-08-19,15,0.27,,a
2011-08-20,15,0.27,,a
2011-08-21,15,0.27,,a
2011-08-22,15,0.27,,a
2011-08-23,15,0.27,,a
2011-08-24,14,0.227,,a
2011-08-25,14,0.227,,a
2011-08-26,14,0.227,,a
2011-08-27,14,0.227,,a
2011-08-28,13,0.188,,a
2011-08-29,13,0.188,,a
2011-08-30,13,0.188,,a
2011-08-31,12,0.154,,a
2011-09-01,11,0.123,,a
2011-09-02,11,0.123,,a
2011-09-03,11,0.123,,a
2011-09-04,11,0.123,,a
2011-09-05,12,0.154,,a
2011-09-06,12,0.154,,a
2011-09-07,12,0.154,,a
2011-09-08,12,0.154,,a
2011-09-09,12,0.154,,a
2011-09-10,12,0.154,,a
2011-09-11,12,0.154,,a
2011-09-12,12,0.154,,a
2011-09-13,12,0.154,,a
2011-09-14,12,0.154,,a
2011-09-15,10,0.095,,a
2011-09-16,10,0.095,,a
2011-09-17,10,0.095,,a
2011-09-18,10,0.095,,a
2011-09-19,30,1.496,,a
2011-09-20,24,0.919,,a
2011-09-21,24,0.919,,a
2011-09-22,24,0.919,,a
2011-09-23,20,0.578,,a
2011-09-24,16,0.319,,a
2011-09-25,11,0.123,,a
2011-09-26,11,0.123,,a
2011-09-27,11,0.123,,a
2011-09-28,11,0.123,,a
2011-09-29,11,0.123,,a
2011-09-30,11,0.123,,a
2011-10-01,11,0.123,,a
2011-10-02,10,0.095,,a
2011-10-03,10,0.095,,a
2011-10-04,10,0.095,,a
2011-10-05,10,0.095,,a
2011-10-06,10,0.095,,a
2011-10-07,10,0.095,,a
2011-10-08,24,0.919,,a
2011-10-09,24,0.919,,a
2011-10-10,18,0.434,,a
2011-10-11,16,0.319,,a
2011-10-12,14,0.227,,a
2011-10-13,12,0.154,,a
2011-10-14,12,0.154,,a
2011-10-15,12,0.154,,a
2011-10-16,12,0.154,,a
2011-10-17,12,0.154,,a
2011-10-18,12,0.154,,a
2011-10-19,12,0.154,,a
2011-10-20,26,1.098,,a
2011-10-21,34,1.854,,a
2011-10-22,24,0.919,,a
2011-10-23,22,0.745,,a
2011-10-24,22,0.745,,a
2011-10-25,22,0.745,,a
2011-10-26,28,1.261,,a
2011-10-27,51,3.375,,a
2011-10-28,30,1.471,,a
2011-10-29,24,0.919,,a
2011-10-30,22,0.745,,a
2011-10-31,22,0.745,,a
2011-11-01,22,0.745,,a
2011-11-02,22,0.745,,a
2011-11-03,20,0.578,,a
2011-11-04,20,0.578,,a
2011-11-05,20,0.578,,a
2011-11-06,20,0.578,,a
2011-11-07,20,0.578,,a
2011-11-08,20,0.578,,a
2011-11-09,18,0.434,,a
2011-11-10,18,0.434,,a
2011-11-11,18,0.434,,a
2011-11-12,18,0.434,,a
2011-11-13,18,0.434,,a
2011-11-14,18,0.434,,a
2011-11-15,16,0.319,,a
2011-11-16,16,0.319,,a
2011-11-17,16,0.319,,a
2011-11-18,16,0.319,,a
2011-11-19,16,0.319,,a
2011-11-20,16,0.319,,a
2011-11-21,16,0.319,,a
2011-11-22,16,0.319,,a
2011-11-23,16,0.319,,a
2011-11-24,15,0.27,,a
2011-11-25,14,0.227,,a
2011-11-26,14,0.227,,a
2011-11-27,14,0.227,,a
2011-11-28,14,0.227,,a
2011-11-29,14,0.227,,a
2011-11-30,12,0.154,,a
2011-12-01,12,0.154,,a
2011-12-02,12,0.154,,a
2011-12-03,12,0.154,,a
2011-12-04,22,0.745,,a
2011-12-05,20,0.578,,a
2011-12-06,20,0.578,,a
2011-12-07,18,0.434,,a
2011-12-08,18,0.434,,a
2011-12-09,18,0.434,,a
2011-12-10,18,0.434,,a
2011-12-11,18,0.434,,a
2011-12-12,18,0.434,,a
2011-12-13,20,0.578,,a
2011-12-14,22,0.745,,a
2011-12-15,26,1.098,,a
2011-12-16,35,1.95,,a
2011-12-17,55,3.669,,a
2011-12-18,32,1.662,,a
2011-12-19,26,1.098,,a
2011-12-20,26,1.098,,a
2011-12-21,26,1.098,,a
2011-12-22,22,0.745,,a
2011-12-23,22,0.745,,a
2011-12-24,22,0.745,,a
2011-12-25,20,0.578,,a
2011-12-26,20,0.578,,a
2011-12-27,20,0.578,,a
2011-12-28,20,0.578,,a
2011-12-29,20,0.578,,a
2011-12-30,20,0.578,,a
2011-12-31,18,0.434,,a
2012-01-01,18,0.434,,a
2012-01-02,18,0.434,,a
2012-01-03,32,1.662,,a
2012-01-04,28,1.283,,a
2012-01-05,23,0.831,,a
2012-01-06,22,0.745,,a
2012-01-07,22,0.745,,a
2012-01-08,22,0.745,,a
2012-01-09,20,0.578,,a
2012-01-10,20,0.578,,a
2012-01-11,20,0.578,,a
2012-01-12,20,0.578,,a
2012-01-13,20,0.578,,a
2012-01-14,20,0.578,,a
2012-01-15,20,0.578,,a
2012-01-16,20,0.578,,a
2012-01-17,20,0.578,,a
2012-01-18,20,0.578,,a
2012-01-19,20,0.578,,a
2012-01-20,20,0.578,,a
2012-01-21,18,0.434,,a
2012-01-22,18,0.434,,a
2012-01-23,16,0.319,,a
2012-01-24,16,0.319,,a
2012-01-25,16,0.319,,a
2012-01-26,18,0.434,,a
2012-01-27,18,0.434,,a
2012-01-28,20,0.578,,a
2012-01-29,20,0.578,,a
2012-01-30,20,0.578,,a
2012-01-31,20,0.578,,a
2012-02-01,25,1.008,,a
2012-02-02,25,1.008,,a
2012-02-03,25,1.008,,a
2012-02-04,25,1.008,,a
2012-02-05,25,1.008,,a
2012-02-06,25,1.008,,a
2012-02-07,25,1.008,,a
2012-02-08,25,1.008,,a
2012-02-09,25,1.008,,a
2012-02-10,25,1.008,,a
2012-02-11,25,1.008,,a
2012-02-12,25,1.008,,a
2012-02-13,25,1.008,,a
2012-02-14,25,1.008,,a
2012-02-15,25,1.008,,a
2012-02-16,25,1.008,,a
2012-02-17,25,1.008,,a
2012-02-18,25,1.008,,a
2012-02-19,25,1.008,,a
2012-02-20,25,1.008,,a
2012-02-21,25,1.008,,a
2012-02-22,25,1.008,,a
2012-02-23,25,1.008,,a
2012-02-24,30,1.471,,a
2012-02-25,30,1.471,,a
2012-02-26,30,1.471,,a
2012-02-27,26,1.098,,a
2012-02-28,20,0.578,,a
2012-02-29,20,0.578,,a
2012-03-01,18,0.434,,a
2012-03-02,16,0.319,,a
2012-03-03,16,0.319,,a
2012-03-04,15,0.27,,a
2012-03-05,14,0.227,,a
2012-03-06,14,0.227,,a
2012-03-07,14,0.227,,a
2012-03-08,14,0.227,,a
2012-03-09,14,0.227,,a
2012-03-10,14,0.227,,a
2012-03-11,14,0.227,,a
2012-03-12,14,0.227,,a
2012-03-13,14,0.227,,a
2012-03-14,14,0.227,,a
2012-03-15,14,0.227,,a
2012-03-16,14,0.227,,a
2012-03-17,12,0.154,,a
2012-03-18,12,0.154,,a
2012-03-19,12,0.154,,a
2012-03-20,20,0.578,,a
2012-03-21,16,0.319,,a
2012-03-22,15,0.27,,a
2012-03-23,15,0.27,,a
2012-03-24,14,0.227,,a
2012-03-25,14,0.227,,a
2012-03-26,14,0.227,,a
2012-03-27,13,0.188,,a
2012-03-28,12,0.154,,a
2012-03-29,12,0.154,,a
2012-03-30,12,0.154,,a
2012-03-31,12,0.154,,a
2012-04-01,14,0.227,,a
2012-04-02,12,0.154,,a
2012-04-03,11,0.123,,a
2012-04-04,12,0.154,,a
2012-04-05,12,0.154,,a
2012-04-06,12,0.154,,a
2012-04-07,14,0.227,,a
2012-04-08,30,1.471,,a
2012-04-09,22,0.745,,a
2012-04-10,20,0.578,,a
2012-04-11,20,0.578,,a
2012-04-12,25,1.008,,a
2012-04-13,20,0.578,,a
2012-04-14,20,0.578,,a
2012-04-15,22,0.745,,a
2012-04-16,22,0.745,,a
2012-04-17,22,0.745,,a
2012-04-18,22,0.745,,a
2012-04-19,22,0.745,,a
2012-04-20,21,0.664,,a
2012-04-21,22,0.745,,a
2012-04-22,22,0.745,,a
2012-04-23,28,1.283,,a
2012-04-24,26,1.098,,a
2012-04-25,24,0.919,,a
2012-04-26,20,0.578,,a
2012-04-27,20,0.578,,a
2012-04-28,20,0.578,,a
2012-04-29,20,0.578,,a
2012-04-30,20,0.578,,a
2012-05-01,20,0.578,,a
2012-05-02,20,0.578,,a
2012-05-03,20,0.578,,a
2012-05-04,20,0.578,,a
2012-05-05,18,0.434,,a
2012-05-06,18,0.434,,a
2012-05-07,18,0.434,,a
2012-05-08,18,0.434,,a
2012-05-09,16,0.319,,a
2012-05-10,16,0.319,,a
2012-05-11,14,0.227,,a
2012-05-12,14,0.227,,a
2012-05-13,40,2.427,,a
2012-05-14,22,0.745,,a
2012-05-15,20,0.578,,a
2012-05-16,20,0.578,,a
2012-05-17,20,0.578,,a
2012-05-18,20,0.578,,a
2012-05-19,20,0.578,,a
2012-05-20,20,0.578,,a
2012-05-21,20,0.578,,a
2012-05-22,20,0.578,,a
2012-05-23,20,0.578,,a
2012-05-24,20,0.578,,a
2012-05-25,20,0.578,,a
2012-05-26,20,0.578,,a
2012-05-27,16,0.319,,a
2012-05-28,16,0.319,,a
2012-05-29,16,0.319,,a
2012-05-30,16,0.319,,a
2012-05-31,16,0.319,,a
2012-06-01,16,0.319,,a
2012-06-02,32,1.662,,a
2012-06-03,22,0.745,,a
2012-06-04,20,0.578,,a
2012-06-05,20,0.578,,a
2012-06-06,20,0.578,,a
2012-06-07,20,0.578,,a
2012-06-08,20,0.578,,a
2012-06-09,20,0.578,,a
2012-06-10,20,0.578,,a
2012-06-11,20,0.578,,a
2012-06-12,46,2.974,,a
2012-06-13,35,1.95,,a
2012-06-14,26,1.098,,a
2012-06-15,24,0.919,,a
2012-06-16,20,0.578,,a
2012-06-17,20,0.578,,a
2012-06-18,20,0.578,,a
2012-06-19,16,0.319,,a
2012-06-20,16,0.319,,a
2012-06-21,16,0.319,,a
2012-06-22,16,0.297,,a
2012-06-23,16,0.319,,a
2012-06-24,16,0.319,,a
2012-06-25,16,0.319,,a
2012-06-26,16,0.319,,a
2012-06-27,16,0.319,,a
2012-06-28,16,0.319,,a
2012-06-29,16,0.319,,a
2012-06-30,16,0.319,,a
2012-07-01,14,0.227,,a
2012-07-02,14,0.227,,a
2012-07-03,12,0.154,,a
2012-07-04,12,0.154,,a
2012-07-05,12,0.154,,a
2012-07-06,12,0.154,,a
2012-07-07,12,0.154,,a
2012-07-08,12,0.154,,a
2012-07-09,12,0.154,,a
2012-07-10,14,0.227,,a
2012-07-11,16,0.319,,a
2012-07-12,16,0.319,,a
2012-07-13,16,0.319,,a
2012-07-14,16,0.319,,a
2012-07-15,18,0.434,,a
2012-07-16,14,0.227,,a
2012-07-17,14,0.227,,a
2012-07-18,12,0.154,,a
2012-07-19,12,0.154,,a
2012-07-20,12,0.154,,a
2012-07-21,14,0.227,,a
2012-07-22,14,0.227,,a
2012-07-23,14,0.227,,a
2012-07-24,14,0.227,,a
2012-07-25,16,0.319,,a
2012-07-26,14,0.227,,a
2012-07-27,14,0.227,,a
2012-07-28,12,0.154,,a
2012-07-29,12,0.154,,a
2012-07-30,12,0.154,,a
2012-07-31,10,0.095,,a
2012-08-01,10,0.095,,a
2012-08-02,10,0.095,,a
2012-08-03,10,0.095,,a
2012-08-04,10,0.095,,a
2012-08-05,10,0.095,,a
2012-08-06,8,0.044,,a
2012-08-07,8,0.044,,a
2012-08-08,8,0.044,,a
2012-08-09,8,0.044,,a
2012-08-10,8,0.044,,a
2012-08-11,6,0.009,,a
2012-08-12,6,0.009,,a
2012-08-13,5,0.004,,a
2012-08-14,5,0.004,,a
2012-08-15,5,0.004,,a
2012-08-16,5,0.004,,a
2012-08-17,20,0.578,,a
2012-08-18,14,0.227,,a
2012-08-19,10,0.095,,a
2012-08-20,10,0.095,,a
2012-08-21,10,0.095,,a
2012-08-22,10,0.095,,a
2012-08-23,10,0.095,,a
2012-08-24,10,0.095,,a
2012-08-25,10,0.095,,a
2012-08-26,12,0.154,,a
2012-08-27,14,0.227,,a
2012-08-28,10,0.095,,a
2012-08-29,10,0.095,,a
2012-08-30,12,0.154,,a
2012-08-31,16,0.319,,a
2012-09-01,26,1.098,,a
2012-09-02,26,1.098,,a
2012-09-03,20,0.578,,a
2012-09-04,16,0.319,,a
2012-09-05,12,0.154,,a
2012-09-06,12,0.154,,a
2012-09-07,12,0.154,,a
2012-09-08,10,0.095,,a
2012-09-09,10,0.095,,a
2012-09-10,10,0.095,,a
2012-09-11,10,0.095,,a
2012-09-12,10,0.095,,a
2012-09-13,38,2.237,,a
2012-09-14,26,1.098,,a
2012-09-15,20,0.578,,a
2012-09-16,16,0.319,,a
2012-09-17,16,0.319,,a
2012-09-18,15,0.27,,a
2012-09-19,12,0.154,,a
2012-09-20,28,1.283,,a
2012-09-21,20,0.578,,a
2012-09-22,18,0.434,,a
2012-09-23,16,0.319,,a
2012-09-24,16,0.319,,a
2012-09-25,22,0.745,,a
2012-09-26,20,0.578,,a
2012-09-27,20,0.578,,a
2012-09-28,22,0.745,,a
2012-09-29,22,0.745,,a
2012-09-30,22,0.745,,a
2012-10-01,16,0.319,,a
2012-10-02,16,0.319,,a
2012-10-03,26,1.098,,a
2012-10-04,22,0.745,,a
2012-10-05,20,0.578,,a
2012-10-06,17,0.373,,a
2012-10-07,15,0.27,,a
2012-10-08,16,0.319,,a
2012-10-09,16,0.319,,a
2012-10-10,16,0.319,,a
2012-10-11,16,0.319,,a
2012-10-12,16,0.319,,a
2012-10-13,16,0.319,,a
2012-10-14,15,0.27,,a
2012-10-15,37,2.142,,a
2012-10-16,69,4.733,,a
2012-10-17,42,2.614,,a
2012-10-18,28,1.283,,a
2012-10-19,26,1.098,,a
2012-10-20,22,0.745,,a
2012-10-21,22,0.745,,a
2012-10-22,22,0.745,,a
2012-10-23,22,0.745,,a
2012-10-24,22,0.745,,a
2012-10-25,22,0.745,,a
2012-10-26,26,1.098,,a
2012-10-27,74,5.065,,a
2012-10-28,85,5.882,,a
2012-10-29,50,3.309,,a
2012-10-30,42,2.614,,a
2012-10-31,36,2.046,,a
2012-11-01,81,5.614,,a
2012-11-02,46,2.974,,a
2012-11-03,42,2.614,,a
2012-11-04,33,1.774,,a
2012-11-05,73,5.016,,a
2012-11-06,60,4.033,,a
2012-11-07,42,2.614,,a
2012-11-08,42,2.614,,a
2012-11-09,32,1.662,,a
2012-11-10,30,1.471,,a
2012-11-11,27,1.19,,a
2012-11-12,27,1.19,,a
2012-11-13,27,1.19,,a
2012-11-14,28,1.283,,a
2012-11-15,27,1.19,,a
2012-11-16,26,1.098,,a
2012-11-17,26,1.098,,a
2012-11-18,26,1.098,,a
2012-11-19,26,1.098,,a
2012-11-20,24,0.919,,a
2012-11-21,24,0.919,,a
2012-11-22,24,0.919,,a
2012-11-23,24,0.919,,a
2012-11-24,24,0.919,,a
2012-11-25,23,0.831,,a
2012-11-26,23,0.831,,a
2012-11-27,23,0.831,,a
2012-11-28,34,1.854,,a
2012-11-29,38,2.237,,a
2012-11-30,34,1.854,,a
2012-12-01,33,1.757,,a
2012-12-02,28,1.283,,a
2012-12-03,28,1.283,,a
2012-12-04,28,1.283,,a
2012-12-05,28,1.283,,a
2012-12-06,28,1.283,,a
2012-12-07,26,1.098,,a
2012-12-08,26,1.098,,a
2012-12-09,26,1.098,,a
2012-12-10,24,0.919,,a
2012-12-11,24,0.919,,a
2012-12-12,24,0.919,,a
2012-12-13,22,0.745,,a
2012-12-14,22,0.745,,a
2012-12-15,24,0.919,,a
2012-12-16,36,2.046,,a
2012-12-17,28,1.283,,a
2012-12-18,28,1.283,,a
2012-12-19,28,1.283,,a
2012-12-20,28,1.283,,a
2012-12-21,28,1.283,,a
2012-12-22,26,1.098,,a
2012-12-23,24,0.919,,a
2012-12-24,23,0.831,,a
2012-12-25,23,0.831,,a
2012-12-26,22,0.745,,a
2012-12-27,26,1.098,,a
2012-12-28,27,1.19,,a
2012-12-29,26,1.098,,a
2012-12-30,26,1.098,,a
2012-12-31,24,0.919,,a
2013-01-01,24,1.006,,a
2013-01-02,24,1.006,,a
2013-01-03,24,1.006,,a
2013-01-04,22,0.831,,a
2013-01-05,22,0.831,,a
2013-01-06,22,0.831,,a
2013-01-07,22,0.831,,a
2013-01-08,22,0.831,,a
2013-01-09,22,0.831,,a
2013-01-10,20,0.669,,a
2013-01-11,20,0.669,,a
2013-01-12,20,0.669,,a
2013-01-13,20,0.669,,a
2013-01-14,20,0.669,,a
2013-01-15,20,0.669,,a
2013-01-16,22,0.831,,a
2013-01-17,22,0.831,,a
2013-01-18,22,0.831,,a
2013-01-19,22,0.831,,a
2013-01-20,30,1.595,,a
2013-01-21,40,2.699,,a
2013-01-22,40,2.699,,a
2013-01-23,34,2.025,,a
2013-01-24,32,1.807,,a
2013-01-25,32,1.807,,a
2013-01-26,26,1.193,,a
2013-01-27,26,1.193,,a
2013-01-28,24,1.006,,a
2013-01-29,22,0.831,,a
2013-01-30,22,0.876,,a
2013-01-31,22,0.831,,a
2013-02-01,22,0.831,,a
2013-02-02,56,4.571,,a
2013-02-03,44,3.108,,a
2013-02-04,34,2.025,,a
2013-02-05,30,1.595,,a
2013-02-06,34,2.025,,a
2013-02-07,30,1.595,,a
2013-02-08,28,1.39,,a
2013-02-09,26,1.193,,a
2013-02-10,26,1.193,,a
2013-02-11,26,1.193,,a
2013-02-12,26,1.193,,a
2013-02-13,26,1.193,,a
2013-02-14,24,1.006,,a
2013-02-15,24,1.006,,a
2013-02-16,24,1.006,,a
2013-02-17,23,0.917,,a
2013-02-18,22,0.831,,a
2013-02-19,22,0.831,,a
2013-02-20,22,0.831,,a
2013-02-21,22,0.831,,a
2013-02-22,22,0.831,,a
2013-02-23,22,0.831,,a
2013-02-24,22,0.831,,a
2013-02-25,22,0.831,,a
2013-02-26,22,0.831,,a
2013-02-27,22,0.831,,a
2013-02-28,24,1.006,,a
2013-03-01,28,1.39,,a
2013-03-02,28,1.39,,a
2013-03-03,28,1.39,,a
2013-03-04,28,1.39,,a
2013-03-05,28,1.39,,a
2013-03-06,32,1.807,,a
2013-03-07,38,2.472,,a
2013-03-08,38,2.472,,a
2013-03-09,40,2.699,,a
2013-03-10,46,3.374,,a
2013-03-11,44,3.151,,a
2013-03-12,36,2.247,,a
2013-03-13,32,1.807,,a
2013-03-14,32,1.807,,a
2013-03-15,32,1.807,,a
2013-03-16,28,1.39,,a
2013-03-17,28,1.39,,a
2013-03-18,27,1.29,,a
2013-03-19,43,3.039,,a
2013-03-20,36,2.247,,a
2013-03-21,32,1.807,,a
2013-03-22,30,1.595,,a
2013-03-23,28,1.39,,a
2013-03-24,27,1.29,,a
2013-03-25,27,1.29,,a
2013-03-26,26,1.193,,a
2013-03-27,26,1.193,,a
2013-03-28,26,1.193,,a
2013-03-29,42,2.926,,a
2013-03-30,38,2.472,,a
2013-03-31,48,3.626,,a
2013-04-01,44,3.093,,a
2013-04-02,36,2.247,,a
2013-04-03,36,2.247,,a
2013-04-04,34,2.025,,a
2013-04-05,32,1.807,,a
2013-04-06,32,1.807,,a
2013-04-07,32,1.807,,a
2013-04-08,28,1.39,,a
2013-04-09,28,1.39,,a
2013-04-10,28,1.39,,a
2013-04-11,27,1.29,,a
2013-04-12,26,1.193,,a
2013-04-13,26,1.193,,a
2013-04-14,26,1.193,,a
2013-04-15,26,1.193,,a
2013-04-16,26,1.193,,a
2013-04-17,26,1.193,,a
2013-04-18,26,1.193,,a
2013-04-19,25,1.098,,a
2013-04-20,26,1.193,,a
2013-04-21,24,1.006,,a
2013-04-22,24,1.006,,a
2013-04-23,24,1.006,,a
2013-04-24,22,0.831,,a
2013-04-25,22,0.831,,a
2013-04-26,22,0.831,,a
2013-04-27,22,0.831,,a
2013-04-28,22,0.831,,a
2013-04-29,22,0.831,,a
2013-04-30,22,0.831,,a
2013-05-01,22,0.831,,a
2013-05-02,22,0.831,,a
2013-05-03,22,0.831,,a
2013-05-04,20,0.669,,a
2013-05-05,22,0.831,,a
2013-05-06,24,1.006,,a
2013-05-07,26,1.193,,a
2013-05-08,26,1.193,,a
2013-05-09,24,1.006,,a
2013-05-10,22,0.831,,a
2013-05-11,22,0.831,,a
2013-05-12,22,0.831,,a
2013-05-13,24,1.006,,a
2013-05-14,26,1.193,,a
2013-05-15,24,1.042,,a
2013-05-16,24,1.006,,a
2013-05-17,22,0.831,,a
2013-05-18,22,0.831,,a
2013-05-19,22,0.831,,a
2013-05-20,22,0.831,,a
2013-05-21,22,0.831,,a
2013-05-22,22,0.831,,a
2013-05-23,22,0.831,,a
2013-05-24,22,0.831,,a
2013-05-25,24,1.006,,a
2013-05-26,38,2.472,,a
2013-05-27,26,1.193,,a
2013-05-28,26,1.193,,a
2013-05-29,26,1.193,,a
2013-05-30,28,1.39,,a
2013-05-31,31,1.7,,a
2013-06-01,27,1.29,,a
2013-06-02,26,1.193,,a
2013-06-03,26,1.193,,a
2013-06-04,26,1.193,,a
2013-06-05,25,1.098,,a
2013-06-06,25,1.098,,a
2013-06-07,24,1.006,,a
2013-06-08,32,1.891,,a
2013-06-09,26,1.193,,a
2013-06-10,26,1.193,,a
2013-06-11,22,0.831,,a
2013-06-12,22,0.831,,a
2013-06-13,22,0.831,,a
2013-06-14,22,0.831,,a
2013-06-15,22,0.831,,a
2013-06-16,22,0.831,,a
2013-06-17,20,0.669,,a
2013-06-18,18,0.52,,a
2013-06-19,18,0.52,,a
2013-06-20,17,0.452,,a
2013-06-21,17,0.452,,a
2013-06-22,17,0.452,,a
2013-06-23,17,0.452,,a
2013-06-24,17,0.452,,a
2013-06-25,18,0.52,,a
2013-06-26,18,0.52,,a
2013-06-27,18,0.52,,a
2013-06-28,18,0.52,,a
2013-06-29,18,0.52,,a
2013-06-30,16,0.387,,a
2013-07-01,16,0.387,,a
2013-07-02,16,0.387,,a
2013-07-03,16,0.387,,a
2013-07-04,16,0.387,,a
2013-07-05,16,0.387,,a
2013-07-06,16,0.387,,a
2013-07-07,14,0.272,,a
2013-07-08,14,0.272,,a
2013-07-09,14,0.272,,a
2013-07-10,14,0.272,,a
2013-07-11,14,0.272,,a
2013-07-12,16,0.387,,a
2013-07-13,16,0.387,,a
2013-07-14,20,0.669,,a
2013-07-15,14,0.272,,a
2013-07-16,14,0.272,,a
2013-07-17,12,0.174,,a
2013-07-18,12,0.174,,a
2013-07-19,12,0.174,,a
2013-07-20,12,0.174,,a
2013-07-21,12,0.174,,a
2013-07-22,12,0.174,,a
2013-07-23,12,0.174,,a
2013-07-24,12,0.174,,a
2013-07-25,12,0.174,,a
2013-07-26,12,0.174,,a
2013-07-27,10,0.096,,a
2013-07-28,10,0.096,,a
2013-07-29,10,0.096,,a
2013-07-30,12,0.174,,a
2013-07-31,12,0.174,,a
2013-08-01,12,0.174,,a
2013-08-02,10,0.096,,a
2013-08-03,10,0.096,,a
2013-08-04,10,0.096,,a
2013-08-05,10,0.096,,a
2013-08-06,10,0.096,,a
2013-08-07,6,0.009,,a
2013-08-08,6,0.009,,a
2013-08-09,10,0.096,,a
2013-08-10,10,0.096,,a
2013-08-11,10,0.096,,a
2013-08-12,10,0.096,,a
2013-08-13,8,0.04,,a
2013-08-14,8,0.04,,a
2013-08-15,16,0.387,,a
2013-08-16,12,0.174,,a
2013-08-17,12,0.174,,a
2013-08-18,12,0.174,,a
2013-08-19,12,0.174,,a
2013-08-20,12,0.174,,a
2013-08-21,12,0.174,,a
2013-08-22,12,0.174,,a
2013-08-23,12,0.174,,a
2013-08-24,14,0.272,,a
2013-08-25,18,0.52,,a
2013-08-26,18,0.52,,a
2013-08-27,14,0.272,,a
2013-08-28,14,0.272,,a
2013-08-29,12,0.174,,a
2013-08-30,12,0.174,,a
2013-08-31,10,0.096,,a
2013-09-01,10,0.096,,a
2013-09-02,12,0.174,,a
2013-09-03,12,0.174,,a
2013-09-04,12,0.174,,a
2013-09-05,12,0.174,,a
2013-09-06,10,0.096,,a
2013-09-07,10,0.096,,a
2013-09-08,10,0.096,,a
2013-09-09,17,0.452,,a
2013-09-10,20,0.669,,a
2013-09-11,30,1.595,,a
2013-09-12,22,0.831,,a
2013-09-13,20,0.669,,a
2013-09-14,20,0.669,,a
2013-09-15,20,0.669,,a
2013-09-16,20,0.669,,a
2013-09-17,26,1.157,,a
2013-09-18,24,1.006,,a
2013-09-19,19,0.579,,a
2013-09-20,18,0.52,,a
2013-09-21,17,0.452,,a
2013-09-22,14,0.272,,a
2013-09-23,14,0.272,,a
2013-09-24,14,0.272,,a
2013-09-25,12,0.174,,a
2013-09-26,12,0.174,,a
2013-09-27,12,0.174,,a
2013-09-28,16,0.387,,a
2013-09-29,32,1.858,,a
2013-09-30,36,2.247,,a
2013-10-01,26,1.193,,a
2013-10-02,24,1.006,,a
2013-10-03,20,0.669,,a
2013-10-04,20,0.669,,a
2013-10-05,16,0.387,,a
2013-10-06,16,0.387,,a
2013-10-07,16,0.387,,a
2013-10-08,16,0.387,,a
2013-10-09,16,0.387,,a
2013-10-10,16,0.387,,a
2013-10-11,55,4.439,,a
2013-10-12,34,2.025,,a
2013-10-13,26,1.193,,a
2013-10-14,24,1.006,,a
2013-10-15,22,0.831,,a
2013-10-16,20,0.669,,a
2013-10-17,20,0.669,,a
2013-10-18,18,0.52,,a
2013-10-19,18,0.52,,a
2013-10-20,18,0.52,,a
2013-10-21,16,0.387,,a
2013-10-22,16,0.387,,a
2013-10-23,16,0.387,,a
2013-10-24,16,0.387,,a
2013-10-25,16,0.387,,a
2013-10-26,16,0.387,,a
2013-10-27,16,0.387,,a
2013-10-28,16,0.387,,a
2013-10-29,14,0.29,,a
2013-10-30,16,0.387,,a
2013-10-31,20,0.669,,a
2013-11-01,18,0.52,,a
2013-11-02,18,0.52,,a
2013-11-03,22,0.831,,a
2013-11-04,22,0.831,,a
2013-11-05,56,4.571,,a
2013-11-06,35,2.135,,a
2013-11-07,28,1.39,,a
2013-11-08,28,1.39,,a
2013-11-09,28,1.39,,a
2013-11-10,40,2.699,,a
2013-11-11,36,2.247,,a
2013-11-12,28,1.39,,a
2013-11-13,27,1.29,,a
2013-11-14,25,1.098,,a
2013-11-15,25,1.098,,a
2013-11-16,25,1.098,,a
2013-11-17,25,1.098,,a
2013-11-18,25,1.098,,a
2013-11-19,32,1.807,,a
2013-11-20,34,2.025,,a
2013-11-21,28,1.39,,a
2013-11-22,38,2.472,,a
2013-11-23,32,1.807,,a
2013-11-24,40,2.699,,a
2013-11-25,36,2.247,,a
2013-11-26,32,1.807,,a
2013-11-27,26,1.193,,a
2013-11-28,26,1.193,,a
2013-11-29,26,1.193,,a
2013-11-30,24,1.006,,a
2013-12-01,22,0.831,,a
2013-12-02,22,0.831,,a
2013-12-03,22,0.831,,a
2013-12-04,22,0.831,,a
2013-12-05,22,0.831,,a
2013-12-06,22,0.831,,a
2013-12-07,20,0.669,,a
2013-12-08,20,0.669,,a
2013-12-09,20,0.669,,a
2013-12-10,20,0.669,,a
2013-12-11,20,0.669,,a
2013-12-12,20,0.669,,a
2013-12-13,20,0.669,,a
2013-12-14,20,0.669,,a
2013-12-15,20,0.669,,a
2013-12-16,20,0.669,,a
2013-12-17,20,0.669,,a
2013-12-18,20,0.669,,a
2013-12-19,18,0.52,,a
2013-12-20,18,0.52,,a
2013-12-21,18,0.52,,a
2013-12-22,18,0.52,,a
2013-12-23,18,0.52,,a
2013-12-24,18,0.52,,a
2013-12-25,18,0.52,,a
2013-12-26,36,2.247,,a
2013-12-27,38,2.472,,a
2013-12-28,30,1.595,,a
2013-12-29,28,1.39,,a
2013-12-30,26,1.193,,a
2013-12-31,26,1.193,,a
2014-01-01,26,1.193,,a
2014-01-02,26,1.193,,a
2014-01-03,26,1.193,,a
2014-01-04,26,1.193,,a
2014-01-05,73,7.048,,a
2014-01-06,50,3.807,,a
2014-01-07,35,2.135,,a
2014-01-08,30,1.595,,a
2014-01-09,28,1.39,,a
2014-01-10,26,1.193,,a
2014-01-11,26,1.193,,a
2014-01-12,24,1.006,,a
2014-01-13,24,1.006,,a
2014-01-14,23,0.917,,a
2014-01-15,32,1.807,,a
2014-01-16,30,1.595,,a
2014-01-17,30,1.595,,a
2014-01-18,40,2.699,,a
2014-01-19,38,2.472,,a
2014-01-20,59,5.005,,a
2014-01-21,36,2.247,,a
2014-01-22,32,1.807,,a
2014-01-23,28,1.39,,a
2014-01-24,30,1.595,,a
2014-01-25,28,1.39,,a
2014-01-26,28,1.39,,a
2014-01-27,26,1.193,,a
2014-01-28,26,1.193,,a
2014-01-29,26,1.193,,a
2014-01-30,26,1.193,,a
2014-01-31,26,1.193,,a
2014-02-01,32,1.807,,a
2014-02-02,36,2.247,,a
2014-02-03,32,1.807,,a
2014-02-04,29,1.51,,a
2014-02-05,28,1.39,,a
2014-02-06,28,1.39,,a
2014-02-07,28,1.39,,a
2014-02-08,52,4.055,,a
2014-02-09,56,4.582,,a
2014-02-10,44,3.151,,a
2014-02-11,65,5.783,,a
2014-02-12,52,4.055,,a
2014-02-13,48,3.592,,a
2014-02-14,44,3.151,,a
2014-02-15,44,3.151,,a
2014-02-16,34,2.025,,a
2014-02-17,68,6.28,,a
2014-02-18,48,3.592,,a
2014-02-19,38,2.472,,a
2014-02-20,44,3.151,,a
2014-02-21,38,2.472,,a
2014-02-22,48,3.592,,a
2014-02-23,37,2.359,,a
2014-02-24,34,2.025,,a
2014-02-25,32,1.807,,a
2014-02-26,30,1.595,,a
2014-02-27,28,1.39,,a
2014-02-28,28,1.39,,a
2014-03-01,28,1.39,,a
2014-03-02,28,1.39,,a
2014-03-03,28,1.39,,a
2014-03-04,26,1.193,,a
2014-03-05,26,1.193,,a
2014-03-06,26,1.193,,a
2014-03-07,24,1.006,,a
2014-03-08,24,1.006,,a
2014-03-09,24,1.006,,a
2014-03-10,24,1.006,,a
2014-03-11,24,1.006,,a
2014-03-12,24,1.006,,a
2014-03-13,24,1.006,,a
2014-03-14,24,1.006,,a
2014-03-15,23,0.917,,a
2014-03-16,22,0.831,,a
2014-03-17,22,0.831,,a
2014-03-18,22,0.831,,a
2014-03-19,22,0.831,,a
2014-03-20,22,0.831,,a
2014-03-21,22,0.831,,a
2014-03-22,22,0.831,,a
2014-03-23,22,0.831,,a
2014-03-24,32,1.807,,a
2014-03-25,28,1.39,,a
2014-03-26,26,1.193,,a
2014-03-27,24,1.006,,a
2014-03-28,24,1.006,,a
2014-03-29,24,1.006,,a
2014-03-30,22,0.831,,a
2014-03-31,22,0.831,,a
2014-04-01,22,0.831,,a
2014-04-02,22,0.831,,a
2014-04-03,22,0.831,,a
2014-04-04,21,0.748,,a
2014-04-05,21,0.748,,a
2014-04-06,21,0.748,,a
2014-04-07,22,0.831,,a
2014-04-08,22,0.831,,a
2014-04-09,21,0.748,,a
2014-04-10,21,0.748,,a
2014-04-11,21,0.748,,a
2014-04-12,21,0.748,,a
2014-04-13,20,0.669,,a
2014-04-14,20,0.669,,a
2014-04-15,20,0.669,,a
2014-04-16,20,0.669,,a
2014-04-17,20,0.669,,a
2014-04-18,20,0.669,,a
2014-04-19,20,0.669,,a
2014-04-20,21,0.748,,a
2014-04-21,22,0.831,,a
2014-04-22,22,0.831,,a
2014-04-23,20,0.669,,a
2014-04-24,20,0.669,,a
2014-04-25,19,0.592,,a
2014-04-26,19,0.592,,a
2014-04-27,19,0.592,,a
2014-04-28,28,1.39,,a
2014-04-29,22,0.831,,a
2014-04-30,20,0.669,,a
2014-05-01,20,0.669,,a
2014-05-02,20,0.669,,a
2014-05-03,20,0.669,,a
2014-05-04,20,0.669,,a
2014-05-05,20,0.669,,a
2014-05-06,18,0.52,,a
2014-05-07,18,0.52,,a
2014-05-08,18,0.52,,a
2014-05-09,18,0.52,,a
2014-05-10,18,0.52,,a
2014-05-11,17,0.452,,a
2014-05-12,46,3.374,,a
2014-05-13,36,2.267,,a
2014-05-14,27,1.29,,a
2014-05-15,24,1.006,,a
2014-05-16,24,1.006,,a
2014-05-17,22,0.831,,a
2014-05-18,20,0.669,,a
2014-05-19,20,0.669,,a
2014-05-20,20,0.669,,a
2014-05-21,18,0.52,,a
2014-05-22,18,0.52,,a
2014-05-23,18,0.52,,a
2014-05-24,18,0.52,,a
2014-05-25,18,0.52,,a
2014-05-26,18,0.52,,a
2014-05-27,20,0.669,,a
2014-05-28,20,0.669,,a
2014-05-29,20,0.669,,a
2014-05-30,20,0.669,,a
2014-05-31,20,0.669,,a
2014-06-01,18,0.52,,a
2014-06-02,16,0.387,,a
2014-06-03,16,0.387,,a
2014-06-04,16,0.387,,a
2014-06-05,16,0.387,,a
2014-06-06,16,0.387,,a
2014-06-07,16,0.387,,a
2014-06-08,14,0.272,,a
2014-06-09,14,0.272,,a
2014-06-10,12,0.174,,a
2014-06-11,12,0.174,,a
2014-06-12,12,0.174,,a
2014-06-13,12,0.174,,a
2014-06-14,20,0.669,,a
2014-06-15,15,0.327,,a
2014-06-16,14,0.272,,a
2014-06-17,12,0.174,,a
2014-06-18,12,0.174,,a
2014-06-19,12,0.174,,a
2014-06-20,12,0.174,,a
2014-06-21,14,0.272,,a
2014-06-22,12,0.174,,a
2014-06-23,12,0.174,,a
2014-06-24,28,1.39,,a
2014-06-25,46,3.374,,a
2014-06-26,28,1.39,,a
2014-06-27,26,1.193,,a
2014-06-28,22,0.831,,a
2014-06-29,22,0.831,,a
2014-06-30,40,2.661,,a
2014-07-01,26,1.193,,a
2014-07-02,22,0.831,,a
2014-07-03,20,0.669,,a
2014-07-04,19,0.579,,a
2014-07-05,16,0.387,,a
2014-07-06,16,0.387,,a
2014-07-07,15,0.327,,a
2014-07-08,15,0.327,,a
2014-07-09,18,0.52,,a
2014-07-10,18,0.52,,a
2014-07-11,18,0.52,,a
2014-07-12,20,0.669,,a
2014-07-13,20,0.669,,a
2014-07-14,20,0.669,,a
2014-07-15,20,0.669,,a
2014-07-16,20,0.669,,a
2014-07-17,20,0.669,,a
2014-07-18,20,0.669,,a
2014-07-19,20,0.669,,a
2014-07-20,18,0.52,,a
2014-07-21,18,0.52,,a
2014-07-22,18,0.52,,a
2014-07-23,20,0.669,,a
2014-07-24,20,0.669,,a
2014-07-25,18,0.52,,a
2014-07-26,18,0.52,,a
2014-07-27,22,0.831,,a
2014-07-28,20,0.669,,a
2014-07-29,20,0.669,,a
2014-07-30,36,2.247,,a
2014-07-31,32,1.807,,a
2014-08-01,27,1.29,,a
2014-08-02,22,0.831,,a
2014-08-03,22,0.831,,a
2014-08-04,22,0.831,,a
2014-08-05,60,5.3,,a
2014-08-06,36,2.247,,a
2014-08-07,26,1.193,,a
2014-08-08,24,1.006,,a
2014-08-09,22,0.831,,a
2014-08-10,22,0.831,,a
2014-08-11,22,0.831,,a
2014-08-12,22,0.831,,a
2014-08-13,26,1.193,,a
2014-08-14,36,2.247,,a
2014-08-15,31,1.7,,a
2014-08-16,26,1.193,,a
2014-08-17,24,1.006,,a
2014-08-18,23,0.917,,a
2014-08-19,26,1.193,,a
2014-08-20,26,1.193,,a
2014-08-21,88,9.574,,a
2014-08-22,43,3.039,,a
2014-08-23,29,1.491,,a
2014-08-24,29,1.491,,a
2014-08-25,26,1.193,,a
2014-08-26,24,1.006,,a
2014-08-27,27,1.29,,a
2014-08-28,36,2.247,,a
2014-08-29,28,1.39,,a
2014-08-30,28,1.39,,a
2014-08-31,26,1.193,,a
2014-09-01,67,6.131,,a
2014-09-02,36,2.247,,a
2014-09-03,36,2.247,,a
2014-09-04,34,2.025,,a
2014-09-05,30,1.595,,a
2014-09-06,26,1.193,,a
2014-09-07,26,1.193,,a
2014-09-08,26,1.193,,a
2014-09-09,24,1.006,,a
2014-09-10,32,1.807,,a
2014-09-11,34,2.025,,a
2014-09-12,38,2.472,,a
2014-09-13,80,8.189,,a
2014-09-14,47,3.484,,a
2014-09-15,36,2.247,,a
2014-09-16,30,1.595,,a
2014-09-17,26,1.193,,a
2014-09-18,26,1.193,,a
2014-09-19,26,1.193,,a
2014-09-20,24,1.006,,a
2014-09-21,24,1.006,,a
2014-09-22,24,1.006,,a
2014-09-23,24,1.006,,a
2014-09-24,24,1.006,,a
2014-09-25,24,1.006,,a
2014-09-26,24,1.006,,a
2014-09-27,22,0.831,,a
2014-09-28,22,0.831,,a
2014-09-29,22,0.831,,a
2014-09-30,22,0.831,,a
2014-10-01,20,0.669,,a
2014-10-02,20,0.669,,a
2014-10-03,20,0.669,,a
2014-10-04,20,0.669,,a
2014-10-05,20,0.669,,a
2014-10-06,20,0.669,,a
2014-10-07,20,0.669,,a
2014-10-08,19,0.592,,a
2014-10-09,20,0.669,,a
2014-10-10,20,0.669,,a
2014-10-11,20,0.669,,a
2014-10-12,20,0.669,,a
2014-10-13,20,0.669,,a
2014-10-14,20,0.669,,a
2014-10-15,20,0.669,,a
2014-10-16,20,0.669,,a
2014-10-17,20,0.669,,a
2014-10-18,20,0.669,,a
2014-10-19,20,0.669,,a
2014-10-20,18,0.52,,a
2014-10-21,18,0.52,,a
2014-10-22,62,5.394,,a
2014-10-23,30,1.581,,a
2014-10-24,32,1.807,,a
2014-10-25,32,1.807,,a
2014-10-26,22,0.831,,a
2014-10-27,22,0.831,,a
2014-10-28,22,0.831,,a
2014-10-29,22,0.831,,a
2014-10-30,21,0.779,,a
2014-10-31,20,0.669,,a
2014-11-01,20,0.669,,a
2014-11-02,20,0.669,,a
2014-11-03,20,0.669,,a
2014-11-04,20,0.669,,a
2014-11-05,20,0.669,,a
2014-11-06,59,4.975,,a
2014-11-07,94,10.61,,a
2014-11-08,83,8.996,,a
2014-11-09,48,3.592,,a
2014-11-10,36,2.247,,a
2014-11-11,31,1.7,,a
2014-11-12,40,2.699,,a
2014-11-13,36,2.247,,a
2014-11-14,32,1.807,,a
2014-11-15,30,1.595,,a
2014-11-16,30,1.595,,a
2014-11-17,30,1.595,,a
2014-11-18,62,5.394,,a
2014-11-19,42,2.926,,a
2014-11-20,32,1.807,,a
2014-11-21,30,1.595,,a
2014-11-22,26,1.193,,a
2014-11-23,26,1.193,,a
2014-11-24,26,1.193,,a
2014-11-25,26,1.193,,a
2014-11-26,26,1.193,,a
2014-11-27,24,1.006,,a
2014-11-28,24,1.006,,a
2014-11-29,24,1.006,,a
2014-11-30,23,0.917,,a
2014-12-01,43,3.027,,a
2014-12-02,40,2.699,,a
2014-12-03,30,1.595,,a
2014-12-04,32,1.807,,a
2014-12-05,32,1.807,,a
2014-12-06,30,1.595,,a
2014-12-07,30,1.595,,a
2014-12-08,30,1.595,,a
2014-12-09,30,1.595,,a
2014-12-10,26,1.193,,a
2014-12-11,26,1.193,,a
2014-12-12,25,1.098,,a
2014-12-13,25,1.098,,a
2014-12-14,24,1.006,,a
2014-12-15,24,1.006,,a
2014-12-16,23,0.917,,a
2014-12-17,23,0.917,,a
2014-12-18,22,0.831,,a
2014-12-19,22,0.831,,a
2014-12-20,22,0.831,,a
2014-12-21,22,0.831,,a
2014-12-22,22,0.831,,a
2014-12-23,22,0.831,,a
2014-12-24,22,0.831,,a
2014-12-25,22,0.831,,a
2014-12-26,22,0.831,,a
2014-12-27,22,0.831,,a
2014-12-28,20,0.669,,a
2014-12-29,20,0.669,,a
2014-12-30,20,0.669,,a
2014-12-31,20,0.669,,a
2015-01-01,22,0.831,,a
2015-01-02,22,0.831,,a
2015-01-03,22,0.831,,a
2015-01-04,22,0.831,,a
2015-01-05,22,0.831,,a
2015-01-06,22,0.831,,a
2015-01-07,20,0.669,,a
2015-01-08,20,0.669,,a
2015-01-09,20,0.669,,a
2015-01-10,20,0.669,,a
2015-01-11,20,0.669,,a
2015-01-12,24,1.006,,a
2015-01-13,24,1.006,,a
2015-01-14,24,1.006,,a
2015-01-15,22,0.831,,a
2015-01-16,22,0.831,,a
2015-01-17,22,0.831,,a
2015-01-18,22,0.831,,a
2015-01-19,22,0.831,,a
2015-01-20,22,0.831,,a
2015-01-21,22,0.831,,a
2015-01-22,22,0.831,,a
2015-01-23,22,0.831,,a
2015-01-24,22,0.831,,a
2015-01-25,20,0.669,,a
2015-01-26,20,0.669,,a
2015-01-27,20,0.669,,a
2015-01-28,20,0.669,,a
2015-01-29,20,0.669,,a
2015-01-30,24,1.006,,a
2015-01-31,26,1.193,,a
2015-02-01,22,0.831,,a
2015-02-02,22,0.831,,a
2015-02-03,20,0.669,,a
2015-02-04,20,0.669,,a
2015-02-05,20,0.669,,a
2015-02-06,20,0.669,,a
2015-02-07,20,0.669,,a
2015-02-08,20,0.669,,a
2015-02-09,20,0.669,,a
2015-02-10,20,0.669,,a
2015-02-11,20,0.669,,a
2015-02-12,20,0.669,,a
2015-02-13,20,0.669,,a
2015-02-14,20,0.669,,a
2015-02-15,20,0.669,,a
2015-02-16,20,0.669,,a
2015-02-17,21,0.715,,a
2015-02-18,20,0.669,,a
2015-02-19,20,0.669,,a
2015-02-20,20,0.669,,a
2015-02-21,20,0.669,,a
2015-02-22,20,0.669,,a
2015-02-23,24,1.006,,a
2015-02-24,26,1.193,,a
2015-02-25,26,1.193,,a
2015-02-26,25,1.098,,a
2015-02-27,24,1.006,,a
2015-02-28,24,1.006,,a
2015-03-01,22,0.831,,a
2015-03-02,22,0.831,,a
2015-03-03,22,0.831,,a
2015-03-04,22,0.831,,a
2015-03-05,22,0.831,,a
2015-03-06,22,0.831,,a
2015-03-07,22,0.831,,a
2015-03-08,20,0.669,,a
2015-03-09,20,0.669,,a
2015-03-10,20,0.669,,a
2015-03-11,18,0.52,,a
2015-03-12,18,0.52,,a
2015-03-13,18,0.52,,a
2015-03-14,18,0.52,,a
2015-03-15,18,0.52,,a
2015-03-16,18,0.52,,a
2015-03-17,17,0.452,,a
2015-03-18,17,0.452,,a
2015-03-19,16,0.387,,a
2015-03-20,16,0.387,,a
2015-03-21,16,0.387,,a
2015-03-22,16,0.387,,a
2015-03-23,16,0.387,,a
2015-03-24,16,0.387,,a
2015-03-25,16,0.387,,a
2015-03-26,26,1.193,,a
2015-03-27,30,1.595,,a
2015-03-28,28,1.39,,a
2015-03-29,26,1.193,,a
2015-03-30,23,0.917,,a
2015-03-31,22,0.831,,a
2015-04-01,22,0.831,,a
2015-04-02,22,0.831,,a
2015-04-03,22,0.831,,a
2015-04-04,22,0.831,,a
2015-04-05,22,0.831,,a
2015-04-06,20,0.669,,a
2015-04-07,20,0.669,,a
2015-04-08,18,0.52,,a
2015-04-09,17,0.479,,a
2015-04-10,18,0.52,,a
2015-04-11,18,0.52,,a
2015-04-12,16,0.387,,a
2015-04-13,16,0.387,,a
2015-04-14,16,0.387,,a
2015-04-15,16,0.387,,a
2015-04-16,16,0.387,,a
2015-04-17,16,0.387,,a
2015-04-18,24,1.012,,a
2015-04-19,20,0.669,,a
2015-04-20,19,0.592,,a
2015-04-21,18,0.52,,a
2015-04-22,17,0.452,,a
2015-04-23,16,0.387,,a
2015-04-24,16,0.387,,a
2015-04-25,16,0.387,,a
2015-04-26,16,0.387,,a
2015-04-27,16,0.387,,a
2015-04-28,16,0.387,,a
2015-04-29,17,0.452,,a
2015-04-30,16,0.387,,a
2015-05-01,16,0.387,,a
2015-05-02,16,0.387,,a
2015-05-03,16,0.387,,a
2015-05-04,16,0.387,,a
2015-05-05,16,0.387,,a
2015-05-06,16,0.387,,a
2015-05-07,16,0.387,,a
2015-05-08,16,0.387,,a
2015-05-09,16,0.387,,a
2015-05-10,16,0.387,,a
2015-05-11,15,0.327,,a
2015-05-12,15,0.327,,a
2015-05-13,14,0.272,,a
2015-05-14,13,0.22,,a
2015-05-15,26,1.193,,a
2015-05-16,23,0.917,,a
2015-05-17,20,0.669,,a
2015-05-18,20,0.669,,a
2015-05-19,20,0.669,,a
2015-05-20,17,0.452,,a
2015-05-21,20,0.669,,a
2015-05-22,18,0.52,,a
2015-05-23,26,1.193,,a
2015-05-24,26,1.193,,a
2015-05-25,24,1.006,,a
2015-05-26,22,0.831,,a
2015-05-27,20,0.669,,a
2015-05-28,19,0.592,,a
2015-05-29,18,0.52,,a
2015-05-30,18,0.52,,a
2015-05-31,18,0.52,,a
2015-06-01,18,0.52,,a
2015-06-02,16,0.387,,a
2015-06-03,16,0.387,,a
2015-06-04,16,0.387,,a
2015-06-05,15,0.327,,a
2015-06-06,15,0.327,,a
2015-06-07,15,0.327,,a
2015-06-08,15,0.327,,a
2015-06-09,14,0.272,,a
2015-06-10,20,0.669,,a
2015-06-11,14,0.295,,a
2015-06-12,14,0.272,,a
2015-06-13,13,0.22,,a
2015-06-14,12,0.174,,a
2015-06-15,12,0.174,,a
2015-06-16,12,0.174,,a
2015-06-17,20,0.669,,a
2015-06-18,14,0.272,,a
2015-06-19,13,0.22,,a
2015-06-20,17,0.452,,a
2015-06-21,17,0.452,,a
2015-06-22,14,0.272,,a
2015-06-23,27,1.502,,a
2015-06-24,50,3.807,,a
2015-06-25,28,1.39,,a
2015-06-26,24,1.006,,a
2015-06-27,22,0.831,,a
2015-06-28,22,0.831,,a
2015-06-29,20,0.669,,a
2015-06-30,20,0.669,,a
2015-07-01,19,0.592,,a
2015-07-02,18,0.52,,a
2015-07-03,17,0.452,,a
2015-07-04,16,0.387,,a
2015-07-05,16,0.387,,a
2015-07-06,16,0.387,,a
2015-07-07,14,0.272,,a
2015-07-08,14,0.272,,a
2015-07-09,22,0.831,,a
2015-07-10,15,0.327,,a
2015-07-11,15,0.327,,a
2015-07-12,14,0.272,,a
2015-07-13,14,0.272,,a
2015-07-14,14,0.272,,a
2015-07-15,12,0.174,,a
2015-07-16,14,0.272,,a
2015-07-17,14,0.272,,a
2015-07-18,12,0.174,,a
2015-07-19,12,0.174,,a
2015-07-20,12,0.174,,a
2015-07-21,12,0.174,,a
2015-07-22,12,0.174,,a
2015-07-23,12,0.174,,a
2015-07-24,12,0.174,,a
2015-07-25,27,1.29,,a
2015-07-26,28,1.39,,a
2015-07-27,22,0.831,,a
2015-07-28,20,0.669,,a
2015-07-29,17,0.452,,a
2015-07-30,26,1.193,,a
2015-07-31,26,1.193,,a
2015-08-01,20,0.669,,a
2015-08-02,20,0.669,,a
2015-08-03,19,0.592,,a
2015-08-04,18,0.52,,a
2015-08-05,18,0.52,,a
2015-08-06,15,0.327,,a
2015-08-07,14,0.272,,a
2015-08-08,14,0.272,,a
2015-08-09,14,0.272,,a
2015-08-10,12,0.174,,a
2015-08-11,12,0.174,,a
2015-08-12,12,0.174,,a
2015-08-13,12,0.174,,a
2015-08-14,12,0.174,,a
2015-08-15,12,0.174,,a
2015-08-16,12,0.174,,a
2015-08-17,12,0.174,,a
2015-08-18,16,0.387,,a
2015-08-19,16,0.387,,a
2015-08-20,16,0.387,,a
2015-08-21,13,0.22,,a
2015-08-22,12,0.174,,a
2015-08-23,12,0.174,,a
2015-08-24,12,0.174,,a
2015-08-25,13,0.22,,a
2015-08-26,22,0.831,,a
2015-08-27,22,0.831,,a
2015-08-28,16,0.387,,a
2015-08-29,12,0.174,,a
2015-08-30,12,0.174,,a
2015-08-31,12,0.174,,a
2015-09-01,12,0.174,,a
2015-09-02,12,0.174,,a
2015-09-03,12,0.174,,a
2015-09-04,13,0.22,,a
2015-09-05,43,3.06,,a
2015-09-06,36,2.247,,a
2015-09-07,26,1.193,,a
2015-09-08,22,0.831,,a
2015-09-09,20,0.669,,a
2015-09-10,18,0.52,,a
2015-09-11,18,0.52,,a
2015-09-12,18,0.52,,a
2015-09-13,16,0.387,,a
2015-09-14,16,0.387,,a
2015-09-15,24,1.006,,a
2015-09-16,20,0.669,,a
2015-09-17,20,0.669,,a
2015-09-18,18,0.52,,a
2015-09-19,17,0.452,,a
2015-09-20,17,0.452,,a
2015-09-21,16,0.387,,a
2015-09-22,15,0.327,,a
2015-09-23,16,0.387,,a
2015-09-24,33,1.935,,a
2015-09-25,26,1.193,,a
2015-09-26,26,1.193,,a
2015-09-27,24,1.006,,a
2015-09-28,20,0.669,,a
2015-09-29,20,0.669,,a
2015-09-30,20,0.669,,a
2015-10-01,18,0.52,,a
2015-10-02,17,0.452,,a
2015-10-03,16,0.387,,a
2015-10-04,17,0.452,,a
2015-10-05,20,0.669,,a
2015-10-06,18,0.52,,a
2015-10-07,30,1.581,,a
2015-10-08,27,1.29,,a
2015-10-09,26,1.193,,a
2015-10-10,22,0.831,,a
2015-10-11,22,0.831,,a
2015-10-12,22,0.831,,a
2015-10-13,22,0.831,,a
2015-10-14,39,2.614,,a
2015-10-15,45,3.273,,a
2015-10-16,36,2.247,,a
2015-10-17,30,1.595,,a
2015-10-18,26,1.193,,a
2015-10-19,27,1.29,,a
2015-10-20,26,1.193,,a
2015-10-21,26,1.193,,a
2015-10-22,24,1.006,,a
2015-10-23,22,0.831,,a
2015-10-24,22,0.831,,a
2015-10-25,22,0.831,,a
2015-10-26,20,0.669,,a
2015-10-27,20,0.669,,a
2015-10-28,20,0.669,,a
2015-10-29,20,0.669,,a
2015-10-30,20,0.669,,a
2015-10-31,20,0.669,,a
2015-11-01,20,0.669,,a
2015-11-02,20,0.669,,a
2015-11-03,20,0.669,,a
2015-11-04,20,0.669,,a
2015-11-05,18,0.52,,a
2015-11-06,18,0.52,,a
2015-11-07,18,0.52,,a
2015-11-08,18,0.52,,a
2015-11-09,18,0.52,,a
2015-11-10,18,0.52,,a
2015-11-11,18,0.52,,a
2015-11-12,18,0.52,,a
2015-11-13,18,0.52,,a
2015-11-14,18,0.52,,a
2015-11-15,18,0.52,,a
2015-11-16,18,0.52,,a
2015-11-17,18,0.52,,a
2015-11-18,18,0.52,,a
2015-11-19,18,0.52,,a
2015-11-20,18,0.52,,a
2015-11-21,26,1.217,,a
2015-11-22,24,1.006,,a
2015-11-23,22,0.831,,a
2015-11-24,20,0.669,,a
2015-11-25,20,0.669,,a
2015-11-26,18,0.52,,a
2015-11-27,18,0.52,,a
2015-11-28,18,0.52,,a
2015-11-29,18,0.52,,a
2015-11-30,18,0.52,,a
2015-12-01,18,0.52,,a
2015-12-02,18,0.52,,a
2015-12-03,18,0.52,,a
2015-12-04,18,0.52,,a
2015-12-05,16,0.387,,a
2015-12-06,16,0.387,,a
2015-12-07,16,0.387,,a
2015-12-08,16,0.387,,a
2015-12-09,16,0.387,,a
2015-12-10,16,0.387,,a
2015-12-11,16,0.387,,a
2015-12-12,16,0.387,,a
2015-12-13,16,0.387,,a
2015-12-14,16,0.387,,a
2015-12-15,16,0.387,,a
2015-12-16,15,0.327,,a
2015-12-17,15,0.327,,a
2015-12-18,15,0.327,,a
2015-12-19,15,0.327,,a
2015-12-20,15,0.327,,a
2015-12-21,15,0.327,,a
2015-12-22,15,0.327,,a
2015-12-23,14,0.272,,a
2015-12-24,14,0.272,,a
2015-12-25,14,0.272,,a
2015-12-26,14,0.272,,a
2015-12-27,14,0.272,,a
2015-12-28,14,0.272,,a
2015-12-29,14,0.272,,a
2015-12-30,14,0.272,,a
2015-12-31,14,0.272,,a
2016-01-01,17,0.491,0,a
2016-01-02,18,0.528,0,a
2016-01-03,18,0.547,0,a
2016-01-04,19,0.601,0,a
2016-01-05,20,0.683,0,a
2016-01-06,20,0.647,0,a
2016-01-07,17,0.483,0,a
2016-01-08,16,0.396,0,a
2016-01-09,21,0.722,0,a
2016-01-10,31,1.67,3.1,a
2016-01-11,28,1.416,5.7,a
2016-01-12,38,2.516,6.6,a
2016-01-13,30,1.646,5,a
2016-01-14,26,1.226,3.6,a
2016-01-15,25,1.098,3.9,a
2016-01-16,24,0.996,3.7,a
2016-01-17,22,0.845,1.9,a
2016-01-18,21,0.735,0.7,a
2016-01-19,20,0.669,0,a
2016-01-20,19,0.624,0,a
2016-01-21,19,0.592,0,a
2016-01-22,19,0.574,0.3,a
2016-01-23,18,0.52,0,a
2016-01-24,18,0.52,0,a
2016-01-25,17,0.455,0.1,a
2016-01-26,17,0.452,1.5,a
2016-01-27,17,0.452,1.8,a
2016-01-28,17,0.452,2.8,a
2016-01-29,17,0.436,2.7,a
2016-01-30,16,0.411,2.7,a
2016-01-31,17,0.478,3.9,a
2016-02-01,18,0.497,4.9,a
2016-02-02,17,0.444,5.2,a
2016-02-03,21,0.809,6.1,a
2016-02-04,31,1.708,5,a
2016-02-05,23,0.929,4,a
2016-02-06,21,0.751,3.6,a
2016-02-07,20,0.669,4.7,a
2016-02-08,27,1.342,6,a
2016-02-09,32,1.796,7.3,a
2016-02-10,55,4.603,6.9,a
2016-02-11,39,2.314,6,a
2016-02-12,32,1.652,4.6,a
2016-02-13,34,1.787,4.3,a
2016-02-14,42,2.601,5.1,a
2016-02-15,47,3.12,5.9,a
2016-02-16,45,2.879,5.5,a
2016-02-17,41,2.47,5.3,a
2016-02-18,38,2.238,5.5,a
2016-02-19,39,2.332,6.3,a
2016-02-20,39,2.275,6.6,a
2016-02-21,33,1.762,6.1,a
2016-02-22,31,1.479,6.7,a
2016-02-23,29,1.372,7.9,a
2016-02-24,28,1.252,7.6,a
2016-02-25,27,1.153,6.3,a
2016-02-26,26,1.065,5.9,a
2016-02-27,25,1.003,5,a
2016-02-28,30,1.451,5.2,a
2016-02-29,39,2.346,6.7,a
2016-03-01,37,2.135,7.3,a
2016-03-02,33,1.725,6.5,a
2016-03-03,37,2.147,6.4,a
2016-03-04,33,1.762,6.6,a
2016-03-05,30,1.463,6,a
2016-03-06,41,2.539,7.1,a
2016-03-07,51,3.423,6.5,a
2016-03-08,43,2.68,6.7,a
2016-03-09,37,2.11,6.7,a
2016-03-10,34,1.77,7.5,a
2016-03-11,30,1.426,7.8,a
2016-03-12,26,1.098,8.1,a
2016-03-13,25,0.968,7.6,a
2016-03-14,24,0.857,7.6,a
2016-03-15,23,0.813,6.2,a
2016-03-16,23,0.783,5.6,a
2016-03-17,22,0.734,7.1,a
2016-03-18,22,0.725,7.2,a
2016-03-19,21,0.658,7.7,a
2016-03-20,21,0.646,8.2,a
2016-03-21,20,0.585,8,a
2016-03-22,20,0.585,8.9,a
2016-03-23,20,0.559,7.7,a
2016-03-24,19,0.516,6.6,a
2016-03-25,19,0.497,7.1,a
2016-03-26,18,0.451,8.1,a
2016-03-27,19,0.505,8.1,a
2016-03-28,19,0.516,8,a
2016-03-29,19,0.486,9.1,a
2016-03-30,18,0.451,9.4,a
2016-03-31,18,0.478,10.6,a
2016-04-01,18,0.448,12.3,a
2016-04-02,17,0.397,12.2,a
2016-04-03,17,0.389,11.4,a
2016-04-04,17,0.387,12.1,a
2016-04-05,17,0.379,12.8,a
2016-04-06,16,0.35,12.8,a
2016-04-07,16,0.336,13.6,a
2016-04-08,17,0.371,12.8,a
2016-04-09,19,0.511,11.2,a
2016-04-10,19,0.486,11.5,a
2016-04-11,17,0.382,13,a
2016-04-12,16,0.341,13.4,a
2016-04-13,16,0.331,13.9,a
2016-04-14,21,0.701,12.4,a
2016-04-15,19,0.506,11.7,a
2016-04-16,17,0.392,13,a
2016-04-17,16,0.35,14,a
2016-04-18,16,0.331,13.7,a
2016-04-19,16,0.327,12.6,a
2016-04-20,15,0.293,11.8,a
2016-04-21,15,0.279,12.3,a
2016-04-22,15,0.279,13.2,a
2016-04-23,15,0.275,12.6,a
2016-04-24,15,0.282,11.4,a
2016-04-25,15,0.271,9.7,a
2016-04-26,15,0.257,8.8,a
2016-04-27,20,0.634,8.1,a
2016-04-28,26,1.076,4.7,a
2016-04-29,33,1.727,7.3,a
2016-04-30,30,1.423,8.8,a
2016-05-01,29,1.374,9.6,a
2016-05-02,31,1.505,9.8,a
2016-05-03,26,1.088,11,a
2016-05-04,23,0.814,11.5,a
2016-05-05,21,0.687,12.2,a
2016-05-06,20,0.618,13.1,a
2016-05-07,19,0.545,13.7,a
2016-05-08,22,0.76,12.6,a
2016-05-09,21,0.666,13.2,a
2016-05-10,19,0.513,12.6,a
2016-05-11,18,0.473,12.1,a
2016-05-12,32,1.692,12.2,a
2016-05-13,34,1.863,11.6,a
2016-05-14,38,2.319,11.8,a
2016-05-15,54,4.348,10.9,a
2016-05-16,37,2.362,10.6,a
2016-05-17,30,1.592,10.9,a
2016-05-18,26,1.234,11.3,a
2016-05-19,26,1.205,11.1,a
2016-05-20,24,1.018,12,a
2016-05-21,22,0.828,13,a
2016-05-22,20,0.705,14.6,a
2016-05-23,20,0.65,14.6,a
2016-05-24,22,0.84,13.1,a
2016-05-25,21,0.725,13.9,a
2016-05-26,20,0.64,15.9,a
2016-05-27,19,0.577,16.7,a
2016-05-28,18,0.512,17.3,a
2016-05-29,17,0.48,17.4,a
2016-05-30,21,0.715,16.1,a
2016-05-31,21,0.77,15.3,a
2016-06-01,19,0.595,14.7,a
2016-06-02,18,0.515,15,a
2016-06-03,17,0.444,16,a
2016-06-04,16,0.414,16.9,a
2016-06-05,17,0.433,17.5,a
2016-06-06,16,0.416,17.6,a
2016-06-07,17,0.474,17.5,a
2016-06-08,20,0.743,18,a
2016-06-09,31,1.682,14.1,a
2016-06-10,31,1.687,14,a
2016-06-11,26,1.233,14.2,a
2016-06-12,32,1.766,14.7,a
2016-06-13,26,1.15,14.9,a
2016-06-14,22,0.816,14.9,a
2016-06-15,44,3.224,14.6,a
2016-06-16,31,1.747,14.2,a
2016-06-17,26,1.238,15.5,a
2016-06-18,23,0.951,15.6,a
2016-06-19,21,0.779,14.4,a
2016-06-20,22,0.807,14.5,a
2016-06-21,21,0.725,15.8,a
2016-06-22,20,0.653,17.6,a
2016-06-23,19,0.592,18.8,a
2016-06-24,19,0.556,20.1,a
2016-06-25,18,0.529,20.2,a
2016-06-26,20,0.66,18.5,a
2016-06-27,24,0.999,17.5,a
2016-06-28,21,0.755,17.4,a
2016-06-29,19,0.565,18.4,a
2016-06-30,17,0.475,19.3,a
2016-07-01,17,0.445,20,a
2016-07-02,17,0.425,20.8,a
2016-07-03,22,0.831,18.7,a
2016-07-04,19,0.615,18,a
2016-07-05,17,0.452,18.8,a
2016-07-06,20,0.715,19.3,a
2016-07-07,17,0.433,19.8,a
2016-07-08,15,0.355,19.6,a
2016-07-09,15,0.32,20.4,a
2016-07-10,14,0.29,21.5,a
2016-07-11,14,0.263,22.5,a
2016-07-12,13,0.244,22.5,a
2016-07-13,18,0.636,21.5,a
2016-07-14,25,1.108,18.6,a
2016-07-15,17,0.411,16.6,a
2016-07-16,16,0.313,15.2,a
2016-07-17,15,0.267,16.5,a
2016-07-18,14,0.25,18.2,a
2016-07-19,17,0.372,20.1,a
2016-07-20,14,0.223,21.3,a
2016-07-21,13,0.189,22.1,a
2016-07-22,18,0.552,22.3,a
2016-07-23,22,0.769,20.9,a
2016-07-24,16,0.323,21.4,a
2016-07-25,15,0.262,22.1,a
2016-07-26,15,0.301,21.5,a
2016-07-27,16,0.355,20.8,a
2016-07-28,17,0.41,20.3,a
2016-07-29,19,0.509,19.5,a
2016-07-30,15,0.285,20.9,a
2016-07-31,14,0.219,22.1,a
2016-08-01,20,0.684,20,a
2016-08-02,20,0.584,19.1,a
2016-08-03,16,0.305,19.8,a
2016-08-04,14,0.219,20.8,a
2016-08-05,15,0.266,21,a
2016-08-06,17,0.414,19.7,a
2016-08-07,13,0.204,19.2,a
2016-08-08,12,0.156,19.3,a
2016-08-09,12,0.14,20,a
2016-08-10,25,1.228,18.1,a
2016-08-11,26,1.052,15.3,a
2016-08-12,19,0.526,15,a
2016-08-13,17,0.365,16.6,a
2016-08-14,15,0.277,18.1,a
2016-08-15,14,0.24,19.8,a
2016-08-16,14,0.239,20.1,a
2016-08-17,18,0.586,19.7,a
2016-08-18,24,0.951,17.4,a
2016-08-19,24,0.933,18.2,a
2016-08-20,20,0.584,19.3,a
2016-08-21,29,1.393,19.2,a
2016-08-22,28,1.211,17.2,a
2016-08-23,21,0.641,16.7,a
2016-08-24,18,0.47,17.2,a
2016-08-25,16,0.355,17.9,a
2016-08-26,15,0.293,18.3,a
2016-08-27,14,0.242,18.7,a
2016-08-28,14,0.219,19.3,a
2016-08-29,13,0.196,19.9,a
2016-08-30,15,0.278,20,a
2016-08-31,13,0.18,19.7,a
2016-09-01,14,0.253,19.3,a
2016-09-02,19,0.564,19.5,a
2016-09-03,14,0.215,19.7,a
2016-09-04,13,0.163,20,a
2016-09-05,14,0.221,19.4,a
2016-09-06,13,0.176,17.5,a
2016-09-07,12,0.157,17.5,a
2016-09-08,11,0.121,18.4,a
2016-09-09,11,0.121,18.9,a
2016-09-10,11,0.11,19.2,a
2016-09-11,11,0.101,19.5,a
2016-09-12,11,0.103,19.7,a
2016-09-13,11,0.101,20,a
2016-09-14,10,0.085,19.7,a
2016-09-15,11,0.12,19.3,a
2016-09-16,13,0.176,18.2,a
2016-09-17,22,0.718,17.6,a
2016-09-18,16,0.355,17,a
2016-09-19,16,0.352,16.8,a
2016-09-20,13,0.196,16.4,a
2016-09-21,17,0.395,15.5,a
2016-09-22,14,0.229,14,a
2016-09-23,13,0.178,14.1,a
2016-09-24,12,0.151,14.8,a
2016-09-25,12,0.138,14.5,a
2016-09-26,11,0.12,14.2,a
2016-09-27,11,0.108,14.8,a
2016-09-28,11,0.109,14.2,a
2016-09-29,11,0.102,14.4,a
2016-09-30,11,0.092,14.6,a
2016-10-01,10,0.09,15.3,a
2016-10-02,12,0.168,14.6,a
2016-10-03,20,0.632,13.9,a
2016-10-04,15,0.257,12.2,a
2016-10-05,13,0.171,11.3,a
2016-10-06,12,0.131,9.7,a
2016-10-07,11,0.115,9.4,a
2016-10-08,11,0.109,10,a
2016-10-09,11,0.112,10.5,a
2016-10-10,11,0.119,9,a
2016-10-11,11,0.116,8.7,a
2016-10-12,11,0.113,8.4,a
2016-10-13,11,0.098,7.3,a
2016-10-14,11,0.097,8.7,a
2016-10-15,15,0.264,10.2,a
2016-10-16,14,0.231,11.4,a
2016-10-17,12,0.145,11.6,a
2016-10-18,12,0.127,11.8,a
2016-10-19,13,0.185,11.3,a
2016-10-20,28,1.237,10.7,a
2016-10-21,30,1.413,10.3,a
2016-10-22,23,0.846,9.4,a
2016-10-23,20,0.592,9.1,a
2016-10-24,18,0.475,10.4,a
2016-10-25,18,0.466,12.1,a
2016-10-26,36,2.006,12.8,a
2016-10-27,25,1.002,11.6,a
2016-10-28,22,0.716,10.4,a
2016-10-29,20,0.568,9.3,a
2016-10-30,19,0.5,8.8,a
2016-10-31,18,0.448,9.2,a
2016-11-01,17,0.392,8.1,a
2016-11-02,17,0.384,8.2,a
2016-11-03,17,0.382,8.1,a
2016-11-04,16,0.333,6.6,a
2016-11-05,18,0.448,6.5,a
2016-11-06,54,4.31,10.6,a
2016-11-07,54,4.284,9.7,a
2016-11-08,41,2.76,8.9,a
2016-11-09,33,1.876,8.3,a
2016-11-10,28,1.433,7.9,a
2016-11-11,27,1.254,7.7,a
2016-11-12,27,1.255,7.9,a
2016-11-13,24,1.044,6.4,a
2016-11-14,23,0.939,6.2,a
2016-11-15,23,0.874,4.9,a
2016-11-16,22,0.831,5.4,a
2016-11-17,22,0.8,6.9,a
2016-11-18,22,0.808,8.5,a
2016-11-19,51,4.049,9.6,a
2016-11-20,44,3.191,10,a
2016-11-21,26,1.271,10,a
2016-11-22,14,0.284,10.6,a
2016-11-23,13,0.22,10.6,a
2016-11-24,12,0.178,10.6,a
2016-11-25,16,0.45,11,a
2016-11-26,26,1.153,10.4,a
2016-11-27,25,1.067,10,a
2016-11-28,25,1.123,8.5,a
2016-11-29,24,0.965,5,a
2016-11-30,23,0.888,3.6,a
2016-12-01,22,0.831,3.5,a
2016-12-02,22,0.828,3.6,a
2016-12-03,21,0.748,4.3,a
2016-12-04,21,0.709,3.6,a
2016-12-05,20,0.669,4.2,a
2016-12-06,20,0.669,3,a
2016-12-07,19,0.614,2.7,a
2016-12-08,19,0.592,2.2,a
2016-12-09,19,0.592,2.1,a
2016-12-10,19,0.592,2.2,a
2016-12-11,19,0.556,2.2,a
2016-12-12,18,0.529,2.9,a
2016-12-13,18,0.52,3,a
2016-12-14,18,0.52,2.6,a
2016-12-15,18,0.509,2.7,a
2016-12-16,17,0.483,3.7,a
2016-12-17,17,0.452,2.4,a
2016-12-18,17,0.452,0.9,a
2016-12-19,17,0.447,1.4,a
2016-12-20,17,0.452,2.2,a
2016-12-21,17,0.43,1.9,a
2016-12-22,16,0.395,1.4,a
2016-12-23,16,0.387,1.1,a
2016-12-24,16,0.377,0.5,a
2016-12-25,16,0.387,1,a
2016-12-26,16,0.387,1.2,a
2016-12-27,16,0.375,1.7,a
2016-12-28,15,0.32,2.5,a
2016-12-29,15,0.337,2.4,a
2016-12-30,15,0.327,0.2,a
2016-12-31,15,0.327,0,a
2017-01-01,16,0.387,0,a
2017-01-02,16,0.387,0,a
2017-01-03,17,0.452,0,a
2017-01-04,17,0.452,0,a
2017-01-05,18,0.52,0,a
2017-01-06,18,0.52,0,a
2017-01-07,19,0.592,0,a
2017-01-08,19,0.592,0,a
2017-01-09,19,0.592,0,a
2017-01-10,19,0.592,0,a
2017-01-11,20,0.669,0,a
2017-01-12,25,1.098,0,a
2017-01-13,42,2.926,0,a
2017-01-14,35,2.135,0,a
2017-01-15,33,1.915,0,a
2017-01-16,30,1.595,0,a
2017-01-17,30,1.595,0,a
2017-01-18,30,1.595,0,a
2017-01-19,30,1.595,0,a
2017-01-20,30,1.595,0,a
2017-01-21,30,1.595,0,a
2017-01-22,30,1.595,0,a
2017-01-23,30,1.595,0,a
2017-01-24,30,1.595,0,a
2017-01-25,30,1.595,0,a
2017-01-26,30,1.595,0,a
2017-01-27,30,1.595,0,a
2017-01-28,30,1.595,0,a
2017-01-29,30,1.595,0,a
2017-01-30,32,1.807,0,a
2017-01-31,36,2.247,0,a
2017-02-01,45,3.263,0,a
2017-02-02,76,6.084,0,a
2017-02-03,75,6.355,0.1,a
2017-02-04,27,1.187,2.2,a
2017-02-05,39,2.286,2.1,a
2017-02-06,45,2.874,3,a
2017-02-07,35,1.958,4.2,a
2017-02-08,29,1.335,3.9,a
2017-02-09,25,1.045,3,a
2017-02-10,23,0.873,3,a
2017-02-11,22,0.774,3.2,a
2017-02-12,21,0.715,3.4,a
2017-02-13,21,0.678,3.5,a
2017-02-14,20,0.626,3.4,a
2017-02-15,19,0.58,2.7,a
2017-02-16,19,0.557,2.5,a
2017-02-17,19,0.557,3,a
2017-02-18,19,0.569,4.7,a
2017-02-19,19,0.557,5.1,a
2017-02-20,19,0.529,4.2,a
2017-02-21,18,0.49,3.9,a
2017-02-22,18,0.49,4.4,a
2017-02-23,18,0.487,5.4,a
2017-02-24,22,0.841,6,a
2017-02-25,37,2.09,4.4,a
2017-02-26,30,1.47,4.2,a
2017-02-27,26,1.127,5.1,a
2017-02-28,25,0.978,6,a
2017-03-01,41,2.515,6.2,a
2017-03-02,35,1.893,5.9,a
2017-03-03,29,1.353,6.6,a
2017-03-04,27,1.179,7.6,a
2017-03-05,43,2.733,7.3,a
2017-03-06,34,1.812,7.2,a
2017-03-07,30,1.491,7.5,a
2017-03-08,27,1.225,6.9,a
2017-03-09,26,1.08,7.1,a
2017-03-10,24,0.971,7.5,a
2017-03-11,23,0.853,6.7,a
2017-03-12,23,0.82,6.4,a
2017-03-13,22,0.762,6.6,a
2017-03-14,21,0.699,6.6,a
2017-03-15,21,0.663,7.5,a
2017-03-16,20,0.626,7.7,a
2017-03-17,20,0.626,8.2,a
2017-03-18,20,0.606,8.4,a
2017-03-19,19,0.557,8.6,a
2017-03-20,19,0.546,9.9,a
2017-03-21,18,0.496,10.7,a
2017-03-22,18,0.49,10.6,a
2017-03-23,18,0.469,10.8,a
2017-03-24,17,0.435,10.9,a
2017-03-25,17,0.417,11.1,a
2017-03-26,16,0.373,8.8,a
2017-03-27,16,0.37,7.7,a
2017-03-28,16,0.368,8.4,a
2017-03-29,16,0.363,9.9,a
2017-03-30,15,0.333,11.3,a
2017-03-31,15,0.331,12.2,a
2017-04-01,15,0.326,12.3,a
2017-04-02,15,0.31,12.2,a
2017-04-03,15,0.297,12,a
2017-04-04,18,0.538,11.8,a
2017-04-05,21,0.722,10.9,a
2017-04-06,17,0.423,11.9,a
2017-04-07,16,0.356,11.4,a
2017-04-08,15,0.328,12.5,a
2017-04-09,15,0.303,14.1,a
2017-04-10,14,0.277,14.6,a
2017-04-11,16,0.355,13.7,a
2017-04-12,15,0.328,12.8,a
2017-04-13,15,0.303,13.1,a
2017-04-14,15,0.288,14.7,a
2017-04-15,20,0.625,13.6,a
2017-04-16,19,0.535,12.3,a
2017-04-17,26,1.11,10.7,a
2017-04-18,21,0.69,9.1,a
2017-04-19,20,0.634,7.9,a
2017-04-20,17,0.451,7.4,a
2017-04-21,16,0.373,7.9,a
2017-04-22,15,0.331,9.1,a
2017-04-23,16,0.385,9.2,a
2017-04-24,16,0.354,9.3,a
2017-04-25,15,0.312,10.3,a
2017-04-26,15,0.327,11,a
2017-04-27,50,3.637,10.7,a
2017-04-28,84,7.855,10.4,a
2017-04-29,49,3.269,9.8,a
2017-04-30,37,2.11,9.9,a
2017-05-01,31,1.511,10.9,a
2017-05-02,27,1.195,11.5,a
2017-05-03,25,0.972,11,a
2017-05-04,23,0.803,11,a
2017-05-05,22,0.725,11.1,a
2017-05-06,21,0.658,11.5,a
2017-05-07,22,0.751,12.6,a
2017-05-08,20,0.603,12.8,a
2017-05-09,21,0.652,12.7,a
2017-05-10,23,0.803,11.4,a
2017-05-11,20,0.571,11.5,a
2017-05-12,22,0.732,13.2,a
2017-05-13,22,0.696,14.1,a
2017-05-14,20,0.604,15,a
2017-05-15,19,0.525,14.6,a
2017-05-16,19,0.494,15.1,a
2017-05-17,18,0.443,15.5,a
2017-05-18,17,0.41,15.5,a
2017-05-19,17,0.367,16.3,a
2017-05-20,18,0.496,14.9,a
2017-05-21,19,0.543,14.7,a
2017-05-22,17,0.394,15.9,a
2017-05-23,17,0.382,17,a
2017-05-24,16,0.355,16.6,a
2017-05-25,16,0.306,16.6,a
2017-05-26,15,0.269,16.8,a
2017-05-27,14,0.246,17.3,a
2017-05-28,14,0.228,18.2,a
2017-05-29,14,0.207,19,a
2017-05-30,13,0.196,20.2,a
2017-05-31,13,0.194,20.6,a
2017-06-01,13,0.209,20.8,a
2017-06-02,15,0.298,20.5,a
2017-06-03,15,0.302,19.7,a
2017-06-04,14,0.209,19.8,a
2017-06-05,13,0.17,19.1,a
2017-06-06,16,0.415,18.2,a
2017-06-07,32,1.635,15.1,a
2017-06-08,21,0.652,14.9,a
2017-06-09,17,0.418,16.4,a
2017-06-10,16,0.318,17.5,a
2017-06-11,14,0.241,18.9,a
2017-06-12,13,0.204,19.9,a
2017-06-13,13,0.192,21.4,a
2017-06-14,12,0.157,20.2,a
2017-06-15,13,0.178,20.2,a
2017-06-16,12,0.153,20.5,a
2017-06-17,12,0.15,20.1,a
2017-06-18,11,0.122,19.5,a
2017-06-19,11,0.11,20.1,a
2017-06-20,11,0.097,21.3,a
2017-06-21,11,0.101,22.5,a
2017-06-22,15,0.275,22,a
2017-06-23,11,0.117,23.1,a
2017-06-24,11,0.108,23.7,a
2017-06-25,17,0.425,21.7,a
2017-06-26,17,0.397,20.7,a
2017-06-27,13,0.166,20.9,a
2017-06-28,18,0.595,19.8,a
2017-06-29,43,2.668,16.4,a
2017-06-30,26,1.044,16,a
2017-07-01,29,1.38,16.7,a
2017-07-02,22,0.713,16.1,a
2017-07-03,19,0.52,16.9,a
2017-07-04,18,0.477,18.4,a
2017-07-05,16,0.327,19.7,a
2017-07-06,15,0.273,21.1,a
2017-07-07,14,0.217,21.5,a
2017-07-08,13,0.202,21.6,a
2017-07-09,13,0.175,23,a
2017-07-10,12,0.148,23.8,a
2017-07-11,13,0.179,22.6,a
2017-07-12,17,0.371,22.2,a
2017-07-13,16,0.402,21.2,a
2017-07-14,14,0.215,19.2,a
2017-07-15,12,0.149,19,a
2017-07-16,11,0.108,18,a
2017-07-17,11,0.093,18.7,a
2017-07-18,11,0.101,20.3,a
2017-07-19,10,0.071,21.2,a
2017-07-20,10,0.071,22.1,a
2017-07-21,9,0.064,22.8,a
2017-07-22,9,0.062,23.7,a
2017-07-23,9,0.048,23.2,a
2017-07-24,20,0.795,21.4,a
2017-07-25,24,0.881,18.7,a
2017-07-26,18,0.473,17.5,a
2017-07-27,13,0.204,18.5,a
2017-07-28,12,0.139,20.3,a
2017-07-29,11,0.096,21.5,a
2017-07-30,10,0.076,22.2,a
2017-07-31,10,0.065,23,a
2017-08-01,9,0.058,24.2,a
2017-08-02,9,0.046,24.7,a
2017-08-03,21,0.734,22.1,a
2017-08-04,13,0.173,23.3,a
2017-08-05,11,0.103,24.4,a
2017-08-06,10,0.09,23.9,a
2017-08-07,19,0.523,21.3,a
2017-08-08,12,0.15,21.5,a
2017-08-09,12,0.139,22.6,a
2017-08-10,12,0.141,22.8,a
2017-08-11,15,0.285,21.3,a
2017-08-12,12,0.125,19.3,a
2017-08-13,11,0.1,19.5,a
2017-08-14,10,0.082,20.8,a
2017-08-15,10,0.069,21.2,a
2017-08-16,9,0.06,21.5,a
2017-08-17,10,0.069,22.1,a
2017-08-18,9,0.051,22.6,a
2017-08-19,8,0.042,21.5,a
2017-08-20,20,0.581,19.1,a
2017-08-21,12,0.154,17.9,a
2017-08-22,11,0.103,17.3,a
2017-08-23,10,0.08,17.8,a
2017-08-24,10,0.074,19.2,a
2017-08-25,8,0.042,20.6,a
2017-08-26,7,0.022,21.4,a
2017-08-27,7,0.02,22.4,a
2017-08-28,7,0.025,21.6,a
2017-08-29,9,0.05,20,a
2017-08-30,8,0.028,19.7,a
2017-08-31,7,0.019,20.5,a
2017-09-01,9,0.094,19.8,a
2017-09-02,18,0.498,17.6,a
2017-09-03,20,0.622,16.2,a
2017-09-04,12,0.136,15.7,a
2017-09-05,10,0.076,16.6,a
2017-09-06,9,0.053,17,a
2017-09-07,18,0.539,16.7,a
2017-09-08,16,0.363,15.4,a
2017-09-09,12,0.155,15.6,a
2017-09-10,18,0.558,15.9,a
2017-09-11,31,1.504,15.8,a
2017-09-12,37,2.119,14.9,a
2017-09-13,32,1.645,13.6,a
2017-09-14,23,0.795,13.5,a
2017-09-15,44,2.803,13.5,a
2017-09-16,51,4.017,13.3,a
2017-09-17,40,2.708,13.8,a
2017-09-18,35,2.146,13.1,a
2017-09-19,46,3.333,12.7,a
2017-09-20,42,2.875,12,a
2017-09-21,31,1.738,11.8,a
2017-09-22,27,1.271,12,a
2017-09-23,24,1.007,12.4,a
2017-09-24,22,0.87,13,a
2017-09-25,22,0.824,12.9,a
2017-09-26,21,0.738,12.7,a
2017-09-27,20,0.669,13,a
2017-09-28,19,0.624,13.3,a
2017-09-29,19,0.559,12.8,a
2017-09-30,18,0.523,12.3,a
2017-10-01,18,0.495,12.1,a
2017-10-02,17,0.455,11.2,a
2017-10-03,17,0.436,11,a
2017-10-04,17,0.436,11.9,a
2017-10-05,17,0.422,12.5,a
2017-10-06,16,0.372,13.2,a
2017-10-07,15,0.345,11.4,a
2017-10-08,15,0.337,10.6,a
2017-10-09,15,0.32,10.9,a
2017-10-10,15,0.316,12.3,a
2017-10-11,14,0.281,12.1,a
2017-10-12,14,0.283,11.7,a
2017-10-13,14,0.266,11.8,a
2017-10-14,13,0.236,11.7,a
2017-10-15,13,0.235,11.8,a
2017-10-16,13,0.235,11.8,a
2017-10-17,13,0.233,11.5,a
2017-10-18,13,0.231,11.7,a
2017-10-19,13,0.215,10.9,a
2017-10-20,13,0.22,10.5,a
2017-10-21,13,0.197,10.3,a
2017-10-22,18,0.598,10.1,a
2017-10-23,26,1.261,9.8,a
2017-10-24,18,0.519,9.5,a
2017-10-25,16,0.39,8.8,a
2017-10-26,16,0.38,8.6,a
2017-10-27,15,0.304,8.9,a
2017-10-28,14,0.268,8,a
2017-10-29,14,0.246,8,a
2017-10-30,13,0.24,7.4,a
2017-10-31,13,0.216,5.8,a
2017-11-01,13,0.199,5.3,a
2017-11-02,13,0.197,6.1,a
2017-11-03,12,0.191,7.6,a
2017-11-04,12,0.187,8.5,a
2017-11-05,12,0.189,10.2,a
2017-11-06,19,0.634,9.5,a
2017-11-07,30,1.6,8.7,a
2017-11-08,30,1.581,8.9,a
2017-11-09,24,0.994,9.2,a
2017-11-10,21,0.742,9.3,a
2017-11-11,20,0.637,8.2,a
2017-11-12,19,0.58,7.8,a
2017-11-13,45,3.339,8,a
2017-11-14,34,2.025,7.6,a
2017-11-15,27,1.333,6.4,a
2017-11-16,25,1.056,7.1,a
2017-11-17,23,0.881,7.5,a
2017-11-18,21,0.766,7.4,a
2017-11-19,20,0.669,5.9,a
2017-11-20,19,0.618,4.8,a
2017-11-21,19,0.592,4.3,a
2017-11-22,18,0.532,5.8,a
2017-11-23,18,0.5,5.9,a
2017-11-24,17,0.452,5.2,a
2017-11-25,18,0.514,6.1,a
2017-11-26,62,5.523,7.3,a
2017-11-27,39,2.623,6.3,a
2017-11-28,32,1.777,5,a
2017-11-29,35,2.2,5.5,a
2017-11-30,43,3.018,5.8,a
2017-12-01,36,2.248,5.8,a
2017-12-02,32,1.794,5.5,a
2017-12-03,29,1.496,4.5,a
2017-12-04,26,1.198,2.9,a
2017-12-05,24,1.014,2.3,a
2017-12-06,23,0.91,2.6,a
2017-12-07,22,0.835,2.8,a
2017-12-08,26,1.232,4.8,a
2017-12-09,46,3.393,4.8,a
2017-12-10,33,1.962,4.4,a
2017-12-11,57,4.78,5.3,a
2017-12-12,49,3.689,7.9,a
2017-12-13,41,2.798,6.8,a
2017-12-14,36,2.28,6.4,a
2017-12-15,40,2.711,7.2,a
2017-12-16,45,3.261,6.6,a
2017-12-17,35,2.164,5.4,a
2017-12-18,31,1.705,4.8,a
2017-12-19,28,1.407,4,a
2017-12-20,27,1.246,3.6,a
2017-12-21,25,1.122,3.2,a
2017-12-22,24,1.029,3.4,a
2017-12-23,23,0.958,3.5,a
2017-12-24,23,0.892,3.3,a
2017-12-25,22,0.831,3,a
2017-12-26,23,0.881,4.2,a
2017-12-27,27,1.374,5.6,a
2017-12-28,60,5.23,6.1,a
2017-12-29,39,2.628,5.9,a
2017-12-30,33,1.884,4.9,a
2017-12-31,30,1.565,4.4,a
2018-01-01,33,1.912,5.6,a
2018-01-02,41,2.754,5.5,a
2018-01-03,33,1.898,5.5,a
2018-01-04,29,1.484,4.8,a
2018-01-05,27,1.307,5.9,a
2018-01-06,26,1.229,7.3,a
2018-01-07,25,1.126,7.8,a
2018-01-08,24,1.048,7.6,a
2018-01-09,29,1.584,7.5,a
2018-01-10,41,2.833,7.4,a
2018-01-11,33,1.93,7.2,a
2018-01-12,30,1.569,6.3,a
2018-01-13,28,1.357,6.4,a
2018-01-14,26,1.225,5.8,a
2018-01-15,25,1.126,4.7,a
2018-01-16,25,1.098,4.8,a
2018-01-17,24,1.037,5.3,a
2018-01-18,23,0.924,3.9,a
2018-01-19,26,1.217,5,a
2018-01-20,26,1.239,4.8,a
2018-01-21,24,1.045,4.4,a
2018-01-22,23,0.913,3.7,a
2018-01-23,22,0.845,3.7,a
2018-01-24,22,0.8,3.5,a
2018-01-25,21,0.751,3.5,a
2018-01-26,21,0.748,5.5,a
2018-01-27,20,0.702,4.9,a
2018-01-28,20,0.669,4.7,a
2018-01-29,20,0.669,4.5,a
2018-01-30,20,0.653,4,a
2018-01-31,19,0.595,4.4,a
2018-02-01,22,0.812,5.6,a
2018-02-02,35,2.133,4.3,a
2018-02-03,32,1.754,3.1,a
2018-02-04,29,1.504,4.1,a
2018-02-05,28,1.348,4.2,a
2018-02-06,27,1.286,4.2,a
2018-02-07,27,1.274,2.8,a
2018-02-08,26,1.193,3.9,a
2018-02-09,26,1.193,4.5,a
2018-02-10,26,1.213,4.6,a
2018-02-11,26,1.229,4.2,a
2018-02-12,26,1.177,2.9,a
2018-02-13,25,1.098,3.2,a
2018-02-14,24,1.01,2.6,a
2018-02-15,23,0.914,1.1,a
2018-02-16,22,0.856,1.3,a
2018-02-17,22,0.842,3.2,a
2018-02-18,26,1.161,3.9,a
2018-02-19,26,1.186,3.5,a
2018-02-20,25,1.094,3.7,a
2018-02-21,24,1.006,3.7,a
2018-02-22,24,0.984,3.5,a
2018-02-23,23,0.958,3.2,a
2018-02-24,23,0.903,3.4,a
2018-02-25,22,0.828,1.2,a
2018-02-26,24,1.032,0,a
2018-02-27,24,0.999,0,a
2018-02-28,24,1.009,0,a
2018-03-01,23,0.886,0,a
2018-03-02,21,0.75,0,a
2018-03-03,20,0.65,0.7,a
2018-03-04,19,0.586,2.1,a
2018-03-05,19,0.602,2.6,a
2018-03-06,20,0.637,1.6,a
2018-03-07,21,0.719,3.4,a
2018-03-08,26,1.225,3.6,a
2018-03-09,29,1.483,3.9,a
2018-03-10,33,1.883,5,a
2018-03-11,36,2.276,5.1,a
2018-03-12,46,3.41,6.1,a
2018-03-13,39,2.538,6.9,a
2018-03-14,36,2.243,7.4,a
2018-03-15,32,1.812,7.4,a
2018-03-16,34,2.001,7.2,a
2018-03-17,37,2.396,6.4,a
2018-03-18,38,2.445,6.1,a
2018-03-19,33,1.862,4.8,a
2018-03-20,30,1.561,4.5,a
2018-03-21,27,1.319,4.8,a
2018-03-22,26,1.193,4.7,a
2018-03-23,25,1.114,4.9,a
2018-03-24,24,1.033,6,a
2018-03-25,23,0.939,6.3,a
2018-03-26,23,0.899,6.2,a
2018-03-27,22,0.831,7.6,a
2018-03-28,22,0.817,8.2,a
2018-03-29,23,0.919,8.6,a
2018-03-30,49,3.696,8,a
2018-03-31,38,2.444,8.4,a
2018-04-01,35,2.155,8.5,a
2018-04-02,31,1.67,8.4,a
2018-04-03,28,1.424,9.5,a
2018-04-04,27,1.266,9.2,a
2018-04-05,28,1.422,9.6,a
2018-04-06,29,1.525,10,a
2018-04-07,26,1.173,9.9,a
2018-04-08,25,1.083,10.6,a
2018-04-09,24,1.006,10.9,a
2018-04-10,24,1.048,11.1,a
2018-04-11,24,0.976,11.8,a
2018-04-12,30,1.626,11.7,a
2018-04-13,39,2.531,10.6,a
2018-04-14,30,1.604,10.7,a
2018-04-15,28,1.353,11.6,a
2018-04-16,30,1.601,12.2,a
2018-04-17,38,2.469,12,a
2018-04-18,31,1.692,12.1,a
2018-04-19,28,1.378,12.5,a
2018-04-20,26,1.205,13.1,a
2018-04-21,25,1.083,13.7,a
2018-04-22,24,0.984,14,a
2018-04-23,23,0.906,14.1,a
2018-04-24,22,0.828,14.2,a
2018-04-25,21,0.783,14.5,a
2018-04-26,21,0.769,14,a
2018-04-27,22,0.859,13.7,a
2018-04-28,20,0.699,14,a
2018-04-29,20,0.689,14.5,a
2018-04-30,20,0.647,14.9,a
2018-05-01,19,0.605,13.6,a
2018-05-02,20,0.636,14.2,a
2018-05-03,21,0.733,15.6,a
2018-05-04,22,0.801,14.9,a
2018-05-05,24,1.021,14.8,a
2018-05-06,20,0.666,15.5,a
2018-05-07,19,0.583,15.9,a
2018-05-08,18,0.55,15.5,a
2018-05-09,19,0.593,14.7,a
2018-05-10,18,0.532,15.2,a
2018-05-11,18,0.52,14.6,a
2018-05-12,18,0.497,15.2,a
2018-05-13,18,0.489,15.9,a
2018-05-14,18,0.501,15.3,a
2018-05-15,30,1.582,13.3,a
2018-05-16,22,0.872,12.5,a
2018-05-17,20,0.672,13.4,a
2018-05-18,21,0.76,13.9,a
2018-05-19,20,0.647,14.3,a
2018-05-20,19,0.615,14.8,a
2018-05-21,18,0.547,15.2,a
2018-05-22,19,0.588,14.8,a
2018-05-23,18,0.532,15.1,a
2018-05-24,17,0.483,16.4,a
2018-05-25,19,0.562,17.2,a
2018-05-26,18,0.548,17.7,a
2018-05-27,18,0.534,18.6,a
2018-05-28,23,0.923,17.4,a
2018-05-29,30,1.86,16.9,a
2018-05-30,37,2.336,14.9,a
2018-05-31,30,1.626,15.1,a
2018-06-01,29,1.456,15.7,a
2018-06-02,27,1.278,16,a
2018-06-03,30,1.649,15.5,a
2018-06-04,24,1.03,16.2,a
2018-06-05,22,0.86,15.9,a
2018-06-06,21,0.762,16.2,a
2018-06-07,20,0.676,16.5,a
2018-06-08,20,0.67,16.4,a
2018-06-09,23,0.925,17.6,a
2018-06-10,23,0.891,18.3,a
2018-06-11,20,0.65,18.8,a
2018-06-12,18,0.55,18.8,a
2018-06-13,20,0.662,17.3,a
2018-06-14,19,0.562,17.1,a
2018-06-15,18,0.5,16.6,a
2018-06-16,17,0.449,16.9,a
2018-06-17,16,0.409,17,a
2018-06-18,16,0.398,17.7,a
2018-06-19,15,0.313,18.3,a
2018-06-20,14,0.279,19.2,a
2018-06-21,14,0.272,20.3,a
2018-06-22,26,1.289,17.7,a
2018-06-23,21,0.78,15.4,a
2018-06-24,18,0.547,16.1,a
2018-06-25,23,0.956,15.5,a
2018-06-26,20,0.68,15.5,a
2018-06-27,18,0.529,16,a
2018-06-28,17,0.466,15.8,a
2018-06-29,17,0.447,16.5,a
2018-06-30,16,0.414,18,a
2018-07-01,17,0.423,18,a
2018-07-02,16,0.36,17.3,a
2018-07-03,15,0.337,17.9,a
2018-07-04,17,0.438,18.5,a
2018-07-05,15,0.33,19.6,a
2018-07-06,14,0.293,19.2,a
2018-07-07,15,0.309,19.6,a
2018-07-08,14,0.257,18.9,a
2018-07-09,14,0.261,19.1,a
2018-07-10,13,0.244,19.2,a
2018-07-11,26,1.266,17.6,a
2018-07-12,31,1.736,16.9,a
2018-07-13,26,1.25,18,a
2018-07-14,20,0.637,18.7,a
2018-07-15,19,0.595,18.7,a
2018-07-16,18,0.539,18.4,a
2018-07-17,18,0.537,19,a
2018-07-18,16,0.412,19.2,a
2018-07-19,15,0.355,20,a
2018-07-20,15,0.337,20.4,a
2018-07-21,15,0.357,19.5,a
2018-07-22,19,0.621,19.2,a
2018-07-23,18,0.551,18.8,a
2018-07-24,16,0.367,19.1,a
2018-07-25,15,0.311,20.6,a
2018-07-26,17,0.49,20.2,a
2018-07-27,15,0.318,20.5,a
2018-07-28,14,0.282,21.4,a
2018-07-29,15,0.308,22.6,a
2018-07-30,14,0.259,23.4,a
2018-07-31,13,0.237,23.9,a
2018-08-01,13,0.243,23.9,a
2018-08-02,15,0.363,23.2,a
2018-08-03,13,0.237,23.2,a
2018-08-04,12,0.191,23.2,a
2018-08-05,14,0.324,23.3,a
2018-08-06,20,0.673,21.9,a
2018-08-07,14,0.288,23.2,a
2018-08-08,13,0.228,23.6,a
2018-08-09,12,0.191,23.7,a
2018-08-10,12,0.184,23.3,a
2018-08-11,12,0.154,22.9,a
2018-08-12,11,0.148,22.7,a
2018-08-13,11,0.142,22.3,a
2018-08-14,15,0.327,21.4,a
2018-08-15,14,0.256,21,a
2018-08-16,12,0.18,20.7,a
2018-08-17,11,0.148,20.9,a
2018-08-18,11,0.132,21.7,a
2018-08-19,11,0.121,21.9,a
2018-08-20,10,0.108,22.1,a
2018-08-21,10,0.107,22.5,a
2018-08-22,10,0.104,22.4,a
2018-08-23,10,0.104,22.6,a
2018-08-24,10,0.091,21.8,a
2018-08-25,20,0.753,19.5,a
2018-08-26,40,2.689,15.7,a
2018-08-27,21,0.791,15.4,a
2018-08-28,18,0.518,16,a
2018-08-29,17,0.436,16.9,a
2018-08-30,16,0.377,17.7,a
2018-08-31,16,0.415,17.6,a
2018-09-01,22,0.812,16.7,a
2018-09-02,20,0.704,16.4,a
2018-09-03,24,1.064,16.3,a
2018-09-04,22,0.807,16.1,a
2018-09-05,18,0.553,16.8,a
2018-09-06,19,0.603,17.3,a
2018-09-07,22,0.82,16.6,a
2018-09-08,19,0.559,16.8,a
2018-09-09,18,0.486,16.2,a
2018-09-10,17,0.438,16.8,a
2018-09-11,17,0.452,17.2,a
2018-09-12,16,0.409,17.3,a
2018-09-13,16,0.392,17.5,a
2018-09-14,17,0.49,17.8,a
2018-09-15,18,0.558,17.8,a
2018-09-16,16,0.403,17.7,a
2018-09-17,16,0.38,17.5,a
2018-09-18,15,0.347,17.8,a
2018-09-19,15,0.34,17.9,a
2018-09-20,15,0.337,18.2,a
2018-09-21,15,0.332,18,a
2018-09-22,17,0.484,16.2,a
2018-09-23,17,0.478,14.1,a
2018-09-24,20,0.728,14.8,a
2018-09-25,15,0.323,12.9,a
2018-09-26,14,0.268,11.2,a
2018-09-27,13,0.233,11,a
2018-09-28,13,0.224,11.7,a
2018-09-29,13,0.22,12.4,a
2018-09-30,13,0.21,11.5,a
2018-10-01,13,0.201,10.7,a
2018-10-02,13,0.212,11.4,a
2018-10-03,12,0.186,10.8,a
2018-10-04,12,0.182,11.2,a
2018-10-05,12,0.18,11.1,a
2018-10-06,12,0.194,12,a
2018-10-07,15,0.332,13.5,a
2018-10-08,17,0.436,14.1,a
2018-10-09,16,0.392,14.3,a
2018-10-10,15,0.35,14,a
2018-10-11,15,0.33,13.1,a
2018-10-12,15,0.32,12.5,a
2018-10-13,14,0.288,12.2,a
2018-10-14,14,0.286,11.9,a
2018-10-15,14,0.277,11.4,a
2018-10-16,14,0.277,12,a
2018-10-17,14,0.281,12.9,a
2018-10-18,14,0.279,13.9,a
2018-10-19,14,0.268,13.1,a
2018-10-20,13,0.24,12.4,a
2018-10-21,14,0.255,11.3,a
2018-10-22,15,0.306,9.8,a
2018-10-23,14,0.255,9.3,a
2018-10-24,13,0.242,10,a
2018-10-25,13,0.201,10.6,a
2018-10-26,13,0.229,10.2,a
2018-10-27,22,0.936,11.6,a
2018-10-28,35,2.345,12.9,a
2018-10-29,43,3.063,13,a
2018-10-30,67,6.321,12.7,a
2018-10-31,40,2.661,11.5,a
2018-11-01,33,1.967,10.9,a
2018-11-02,35,2.115,11.8,a
2018-11-03,45,3.249,12.7,a
2018-11-04,33,1.944,12.8,a
2018-11-05,29,1.471,12.7,a
2018-11-06,29,1.533,12.5,a
2018-11-07,30,1.626,12.8,a
2018-11-08,27,1.316,12.5,a
2018-11-09,26,1.149,11.9,a
2018-11-10,24,1.029,11.6,a
2018-11-11,23,0.921,11.5,a
2018-11-12,22,0.835,11.6,a
2018-11-13,21,0.755,11.1,a
2018-11-14,20,0.695,10.6,a
2018-11-15,20,0.663,10.1,a
2018-11-16,19,0.592,8.7,a
2018-11-17,19,0.574,7,a
2018-11-18,18,0.52,5.6,a
2018-11-19,18,0.52,5.5,a
2018-11-20,19,0.565,5,a
2018-11-21,19,0.562,5.5,a
2018-11-22,18,0.52,6.3,a
2018-11-23,18,0.492,7,a
2018-11-24,23,0.993,7.4,a
2018-11-25,37,2.353,8.7,a
2018-11-26,52,4.102,9.2,a
2018-11-27,38,2.432,8.9,a
2018-11-28,30,1.545,7.1,a
2018-11-29,26,1.194,5.6,a
2018-11-30,24,1.037,4.8,a
2018-12-01,23,0.925,4.6,a
2018-12-02,22,0.831,4.9,a
2018-12-03,22,0.821,6,a
2018-12-04,21,0.738,7,a
2018-12-05,20,0.669,6.6,a
2018-12-06,20,0.65,6.3,a
2018-12-07,19,0.602,5.8,a
2018-12-08,23,0.887,6.5,a
2018-12-09,21,0.735,5.7,a
2018-12-10,20,0.647,4.6,a
2018-12-11,19,0.586,4,a
2018-12-12,19,0.568,2.9,a
2018-12-13,18,0.52,2.2,a
2018-12-14,18,0.52,2.6,a
2018-12-15,18,0.492,2.5,a
2018-12-16,17,0.455,2.3,a
2018-12-17,17,0.452,2,a
2018-12-18,16,0.39,1,a
2018-12-19,16,0.392,1.8,a
2018-12-20,16,0.387,2.7,a
2018-12-21,16,0.387,3,a
2018-12-22,16,0.387,4,a
2018-12-23,15,0.355,3.3,a
2018-12-24,15,0.347,3.9,a
2018-12-25,15,0.327,2.7,a
2018-12-26,15,0.316,1.5,a
2018-12-27,14,0.297,0.6,a
2018-12-28,14,0.281,0.5,a
2018-12-29,15,0.314,0.3,a
2018-12-30,14,0.272,0.4,a
2018-12-31,14,0.272,1.1,a
2019-01-01,14,0.272,2.5,a
2019-01-02,14,0.263,1.2,a
2019-01-03,14,0.256,0.3,a
2019-01-04,14,0.272,0.1,a
2019-01-05,13,0.244,0.1,a
2019-01-06,18,0.547,0,a
2019-01-07,13,0.222,0.6,a
2019-01-08,14,0.263,0.2,a
2019-01-09,16,0.363,0.3,a
2019-01-10,15,0.327,0.6,a
2019-01-11,15,0.33,0.3,a
2019-01-12,18,0.534,0,a
2019-01-13,16,0.409,0.1,a
2019-01-14,14,0.29,0.9,a
2019-01-15,14,0.279,0.8,a
2019-01-16,14,0.272,0.7,a
2019-01-17,14,0.29,2.4,a
2019-01-18,31,1.745,2.3,a
2019-01-19,25,1.074,2.1,a
2019-01-20,22,0.818,1.9,a
2019-01-21,20,0.682,1.6,a
2019-01-22,19,0.602,1.2,a
2019-01-23,19,0.592,0.7,a
2019-01-24,18,0.532,1,a
2019-01-25,18,0.527,0.4,a
2019-01-26,22,0.831,0,a
2019-01-27,19,0.611,0,a
2019-01-28,34,2.129,0.8,a
2019-01-29,31,1.667,3.2,a
2019-01-30,28,1.349,3.5,a
2019-01-31,25,1.111,2.7,a
2019-02-01,26,1.227,2.8,a
2019-02-02,66,6.129,4.7,a
2019-02-03,71,6.827,6.4,a
2019-02-04,46,3.329,6.6,a
2019-02-05,32,1.858,5.3,a
2019-02-06,27,1.263,4.2,a
2019-02-07,24,1.029,3.6,a
2019-02-08,23,0.888,4,a
2019-02-09,21,0.762,3.8,a
2019-02-10,20,0.699,4.2,a
2019-02-11,34,2.096,5.3,a
2019-02-12,27,1.26,4.8,a
2019-02-13,24,0.988,3.9,a
2019-02-14,23,0.924,4.1,a
2019-02-15,22,0.835,4.2,a
2019-02-16,21,0.748,4.2,a
2019-02-17,20,0.705,4.2,a
2019-02-18,20,0.663,4.3,a
2019-02-19,19,0.611,4.5,a
2019-02-20,19,0.583,4.7,a
2019-02-21,18,0.52,5.3,a
2019-02-22,18,0.512,5.6,a
2019-02-23,17,0.452,3.7,a
2019-02-24,17,0.43,2.3,a
2019-02-25,16,0.417,3.7,a
2019-02-26,16,0.411,4.6,a
2019-02-27,16,0.392,5.8,a
2019-02-28,16,0.38,6,a
2019-03-01,16,0.367,5.9,a
2019-03-02,16,0.368,6.1,a
2019-03-03,16,0.387,6.8,a
2019-03-04,16,0.375,6.8,a
2019-03-05,17,0.444,7.2,a
2019-03-06,16,0.365,6.9,a
2019-03-07,15,0.337,8.1,a
2019-03-08,15,0.33,9,a
2019-03-09,15,0.311,9.1,a
2019-03-10,14,0.283,8.5,a
2019-03-11,15,0.317,7,a
2019-03-12,15,0.338,6.3,a
2019-03-13,14,0.283,5.9,a
2019-03-14,14,0.286,6.9,a
2019-03-15,14,0.277,6.9,a
2019-03-16,14,0.255,7.3,a
2019-03-17,13,0.242,8.4,a
2019-03-18,17,0.51,8,a
2019-03-19,18,0.54,6.5,a
2019-03-20,16,0.388,6.2,a
2019-03-21,15,0.342,6.2,a
2019-03-22,15,0.335,7.1,a
2019-03-23,15,0.304,8.3,a
2019-03-24,14,0.297,9.4,a
2019-03-25,15,0.35,9.3,a
2019-03-26,21,0.72,8.6,a
2019-03-27,17,0.436,7,a
2019-03-28,16,0.377,7,a
2019-03-29,15,0.35,8.9,a
2019-03-30,15,0.342,9.1,a
2019-03-31,15,0.318,9.7,a
2019-04-01,15,0.3,10.7,a
2019-04-02,15,0.302,11.3,a
2019-04-03,15,0.357,11.6,a
2019-04-04,16,0.37,11.3,a
2019-04-05,21,0.784,10.8,a
2019-04-06,23,0.889,9.5,a
2019-04-07,19,0.587,9.6,a
2019-04-08,18,0.535,10.2,a
2019-04-09,18,0.52,10.6,a
2019-04-10,25,1.165,10.2,a
2019-04-11,32,1.823,9.8,a
2019-04-12,32,1.79,8.7,a
2019-04-13,27,1.325,8.5,a
2019-04-14,24,1.014,8.5,a
2019-04-15,22,0.846,10,a
2019-04-16,21,0.735,10.5,a
2019-04-17,20,0.659,11,a
2019-04-18,19,0.586,11.6,a
2019-04-19,18,0.541,12.1,a
2019-04-20,18,0.506,12.8,a
2019-04-21,17,0.475,13.1,a
2019-04-22,17,0.469,13.4,a
2019-04-23,19,0.588,12.4,a
2019-04-24,23,0.955,12,a
2019-04-25,20,0.656,13.8,a
2019-04-26,19,0.556,15,a
2019-04-27,19,0.609,13.6,a
2019-04-28,20,0.67,10.9,a
2019-04-29,25,1.097,9.9,a
2019-04-30,22,0.793,10.7,a
2019-05-01,20,0.679,11.9,a
2019-05-02,19,0.608,13,a
2019-05-03,19,0.609,12.4,a
2019-05-04,25,1.132,11.4,a
2019-05-05,31,1.742,10.2,a
2019-05-06,29,1.456,9.1,a
2019-05-07,24,1.034,9.7,a
2019-05-08,22,0.842,10.3,a
2019-05-09,23,0.947,10.6,a
2019-05-10,24,1.01,11.2,a
2019-05-11,21,0.779,12.2,a
2019-05-12,33,1.894,11.2,a
2019-05-13,27,1.32,10.2,a
2019-05-14,25,1.056,9.4,a
2019-05-15,27,1.299,8.5,a
2019-05-16,29,1.447,9.8,a
2019-05-17,24,1.022,11.5,a
2019-05-18,23,0.932,11.7,a
2019-05-19,27,1.313,12.3,a
2019-05-20,37,2.365,11.5,a
2019-05-21,45,3.205,11.1,a
2019-05-22,38,2.515,11.2,a
2019-05-23,30,1.577,12.4,a
2019-05-24,24,0.996,13.9,a
2019-05-25,21,0.787,14,a
2019-05-26,20,0.656,14.2,a
2019-05-27,23,0.889,13.5,a
2019-05-28,38,2.45,13,a
2019-05-29,64,5.722,12,a
2019-05-30,48,3.181,11.4,a
2019-05-31,35,1.966,11.9,a
2019-06-01,29,1.339,12.6,a
2019-06-02,25,1.052,14,a
2019-06-03,23,0.876,14.6,a
2019-06-04,22,0.801,15.5,a
2019-06-05,21,0.699,16.3,a
2019-06-06,20,0.624,16.9,a
2019-06-07,19,0.56,17,a
2019-06-08,18,0.51,17.3,a
2019-06-09,18,0.459,18.1,a
2019-06-10,17,0.435,18.5,a
2019-06-11,17,0.41,18.5,a
2019-06-12,16,0.39,18.9,a
2019-06-13,16,0.349,19.8,a
2019-06-14,15,0.324,19.4,a
2019-06-15,15,0.288,19.5,a
2019-06-16,14,0.282,20.2,a
2019-06-17,14,0.254,20,a
2019-06-18,14,0.261,20.1,a
2019-06-19,14,0.265,19.4,a
2019-06-20,17,0.447,19,a
2019-06-21,16,0.351,19.3,a
2019-06-22,26,1.284,18,a
2019-06-23,25,0.988,16.7,a
2019-06-24,19,0.589,18.4,a
2019-06-25,17,0.446,19.9,a
2019-06-26,16,0.378,21.3,a
2019-06-27,15,0.333,22.4,a
2019-06-28,15,0.286,22.6,a
2019-06-29,14,0.269,21.4,a
2019-06-30,14,0.24,21.3,a
2019-07-01,13,0.226,21.8,a
2019-07-02,16,0.389,21.3,a
2019-07-03,17,0.431,20.3,a
2019-07-04,14,0.256,19.6,a
2019-07-05,13,0.211,20.2,a
2019-07-06,12,0.18,21.9,a
2019-07-07,13,0.216,21.4,a
2019-07-08,12,0.184,20.5,a
2019-07-09,20,0.653,18.6,a
2019-07-10,17,0.451,18.6,a
2019-07-11,15,0.299,18.1,a
2019-07-12,14,0.265,19.3,a
2019-07-13,13,0.23,19.3,a
2019-07-14,13,0.213,19.1,a
2019-07-15,12,0.187,19.4,a
2019-07-16,12,0.182,19.3,a
2019-07-17,12,0.168,19.8,a
2019-07-18,13,0.201,20.5,a
2019-07-19,12,0.173,21,a
2019-07-20,11,0.143,21.6,a
2019-07-21,15,0.387,21.9,a
2019-07-22,18,0.479,21.5,a
2019-07-23,13,0.215,23,a
2019-07-24,12,0.178,24,a
2019-07-25,12,0.155,25,a
2019-07-26,11,0.125,25,a
2019-07-27,11,0.123,24.2,a
2019-07-28,20,0.731,20.7,a
2019-07-29,28,1.289,18.9,a
2019-07-30,16,0.396,20.5,a
2019-07-31,14,0.244,22.3,a
2019-08-01,12,0.175,22.8,a
2019-08-02,21,0.844,21,a
2019-08-03,23,0.857,19.3,a
2019-08-04,19,0.547,19.4,a
2019-08-05,15,0.315,20.2,a
2019-08-06,14,0.238,21.3,a
2019-08-07,13,0.204,22.2,a
2019-08-08,14,0.28,21.3,a
2019-08-09,15,0.292,21.6,a
2019-08-10,13,0.216,23,a
2019-08-11,12,0.182,23,a
2019-08-12,12,0.176,23.2,a
2019-08-13,12,0.186,22.2,a
2019-08-14,17,0.447,19.9,a
2019-08-15,13,0.211,19,a
2019-08-16,14,0.25,19.4,a
2019-08-17,13,0.201,19.3,a
2019-08-18,12,0.158,20.5,a
2019-08-19,11,0.138,21.4,a
2019-08-20,10,0.104,22.1,a
2019-08-21,10,0.08,21.9,a
2019-08-22,10,0.107,20.3,a
2019-08-23,10,0.096,20.2,a
2019-08-24,15,0.454,20.8,a
2019-08-25,24,1.006,19.4,a
2019-08-26,18,0.539,19.8,a
2019-08-27,17,0.441,20.4,a
2019-08-28,13,0.227,21.3,a
2019-08-29,12,0.176,21.8,a
2019-08-30,16,0.366,21,a
2019-08-31,13,0.205,21.2,a
2019-09-01,12,0.15,21.5,a
2019-09-02,25,1.341,19.9,a
2019-09-03,42,2.933,17.6,a
2019-09-04,25,1.087,16.3,a
2019-09-05,19,0.606,16.4,a
2019-09-06,18,0.522,16,a
2019-09-07,22,0.822,15.9,a
2019-09-08,33,1.91,15.5,a
2019-09-09,40,2.731,15.2,a
2019-09-10,27,1.299,14.5,a
2019-09-11,22,0.857,14.4,a
2019-09-12,20,0.65,15.2,a
2019-09-13,18,0.506,15.8,a
2019-09-14,17,0.436,16.3,a
2019-09-15,16,0.375,17.6,a
2019-09-16,15,0.34,17.5,a
2019-09-17,15,0.305,18.1,a
2019-09-18,18,0.506,17,a
2019-09-19,16,0.388,15.3,a
2019-09-20,14,0.293,13.6,a
2019-09-21,14,0.283,12.7,a
2019-09-22,14,0.253,12.2,a
2019-09-23,21,0.948,13.8,a
2019-09-24,29,1.52,15,a
2019-09-25,20,0.673,14.5,a
2019-09-26,26,1.169,14.6,a
2019-09-27,20,0.638,14.4,a
2019-09-28,18,0.495,14.8,a
2019-09-29,17,0.472,15.3,a
2019-09-30,17,0.423,16,a
2019-10-01,15,0.335,16.1,a
2019-10-02,24,1.153,15.5,a
2019-10-03,29,1.498,13.7,a
2019-10-04,21,0.732,11.7,a
2019-10-05,19,0.574,11.8,a
2019-10-06,17,0.439,11.6,a
2019-10-07,16,0.375,11.7,a
2019-10-08,15,0.316,11.1,a
2019-10-09,14,0.293,10.6,a
2019-10-10,22,0.848,12.1,a
2019-10-11,17,0.465,12.1,a
2019-10-12,16,0.36,11.7,a
2019-10-13,15,0.309,11.9,a
2019-10-14,14,0.283,12.5,a
2019-10-15,14,0.257,12.5,a
2019-10-16,19,0.605,13.4,a
2019-10-17,16,0.383,13.3,a
2019-10-18,14,0.293,12.8,a
2019-10-19,14,0.263,13.2,a
2019-10-20,13,0.237,13.8,a
2019-10-21,13,0.216,14.3,a
2019-10-22,13,0.2,14,a
2019-10-23,13,0.197,13.5,a
2019-10-24,13,0.233,12.7,a
2019-10-25,13,0.242,11.8,a
2019-10-26,13,0.221,11.1,a
2019-10-27,13,0.205,10.7,a
2019-10-28,13,0.207,10.6,a
2019-10-29,15,0.35,10.8,a
2019-10-30,17,0.467,9.7,a
2019-10-31,17,0.423,8.7,a
2019-11-01,17,0.473,8.5,a
2019-11-02,15,0.345,8.5,a
2019-11-03,21,0.761,10.1,a
2019-11-04,26,1.224,11.9,a
2019-11-05,29,1.469,11.7,a
2019-11-06,41,2.758,11.7,a
2019-11-07,33,1.933,11,a
2019-11-08,24,0.975,9.6,a
2019-11-09,29,1.484,10.1,a
2019-11-10,24,1.047,9.4,a
2019-11-11,21,0.726,9,a
2019-11-12,31,1.732,9.3,a
2019-11-13,52,4.172,10,a
2019-11-14,45,3.264,9.8,a
2019-11-15,32,1.755,9.8,a
2019-11-16,44,3.208,10.5,a
2019-11-17,40,2.723,10.8,a
2019-11-18,53,4.247,10.7,a
2019-11-19,36,2.259,10.2,a
2019-11-20,30,1.596,9.9,a
2019-11-21,33,1.918,10,a
2019-11-22,28,1.391,9.9,a
2019-11-23,26,1.174,10,a
2019-11-24,24,0.991,10.1,a
2019-11-25,23,0.881,9.8,a
2019-11-26,22,0.79,9.1,a
2019-11-27,21,0.759,8.8,a
2019-11-28,45,3.234,10.1,a
2019-11-29,34,2.013,9.4,a
2019-11-30,30,1.552,8.4,a
2019-12-01,28,1.34,7.2,a
2019-12-02,52,4.282,7.5,a
2019-12-03,43,3.025,7.8,a
2019-12-04,34,1.985,6.1,a
2019-12-05,30,1.552,5.6,a
2019-12-06,27,1.323,4.6,a
2019-12-07,26,1.169,5,a
2019-12-08,25,1.06,5,a
2019-12-09,25,1.069,6.3,a
2019-12-10,25,1.073,6.6,a
2019-12-11,23,0.917,4.2,a
2019-12-12,22,0.849,3.2,a
2019-12-13,23,0.903,3.9,a
2019-12-14,29,1.527,4.5,a
2019-12-15,25,1.091,4.6,a
2019-12-16,24,0.984,5.9,a
2019-12-17,23,0.917,8,a
2019-12-18,22,0.835,8.7,a
2019-12-19,23,0.878,9.1,a
2019-12-20,23,0.881,9.2,a
2019-12-21,44,3.422,9.3,a
2019-12-22,65,5.911,8.8,a
2019-12-23,48,3.625,8.3,a
2019-12-24,35,2.119,6.9,a
2019-12-25,30,1.591,6,a
2019-12-26,27,1.287,5.4,a
2019-12-27,25,1.122,5.6,a
2019-12-28,24,0.976,5.1,a
2019-12-29,23,0.885,3.2,a
2019-12-30,22,0.81,2.4,a
2019-12-31,21,0.751,2.6,a
2020-01-01,21,0.728,2.7,a
2020-01-02,20,0.669,2.4,a
2020-01-03,20,0.65,2,a
2020-01-04,20,0.679,2.6,a
2020-01-05,20,0.659,3,a
2020-01-06,19,0.595,2,a
2020-01-07,19,0.583,1.2,a
2020-01-08,19,0.565,1.1,a
2020-01-09,18,0.55,1.9,a
2020-01-10,18,0.526,2,a
2020-01-11,18,0.52,2,a
2020-01-12,18,0.52,2.9,a
2020-01-13,17,0.466,1.9,a
2020-01-14,17,0.463,1.5,a
2020-01-15,17,0.452,1.5,a
2020-01-16,17,0.449,1.9,a
2020-01-17,17,0.438,2.9,a
2020-01-18,17,0.42,3.3,a
2020-01-19,16,0.409,3.3,a
2020-01-20,16,0.387,2.5,a
2020-01-21,16,0.37,2.2,a
2020-01-22,15,0.355,1.2,a
2020-01-23,15,0.35,0.9,a
2020-01-24,15,0.327,0.5,a
2020-01-25,15,0.342,1.8,a
2020-01-26,16,0.381,3.5,a
2020-01-27,16,0.385,4.4,a
2020-01-28,19,0.65,4.8,a
2020-01-29,26,1.163,4.4,a
2020-01-30,20,0.663,3.6,a
2020-01-31,18,0.544,4,a
2020-02-01,17,0.452,5.1,a
2020-02-02,17,0.452,5.9,a
2020-02-03,17,0.428,6.6,a
2020-02-04,19,0.603,6.8,a
2020-02-05,18,0.552,4.5,a
2020-02-06,17,0.428,2.7,a
2020-02-07,16,0.387,2.1,a
2020-02-08,16,0.372,1.8,a
2020-02-09,15,0.342,1.9,a
2020-02-10,16,0.365,4.2,a
2020-02-11,17,0.45,5.9,a
2020-02-12,16,0.377,6,a
2020-02-13,15,0.327,4.4,a
2020-02-14,16,0.378,5.5,a
2020-02-15,15,0.34,4.8,a
2020-02-16,14,0.29,4.4,a
2020-02-17,14,0.293,4.9,a
2020-02-18,14,0.293,6.5,a
2020-02-19,14,0.286,6.8,a
2020-02-20,14,0.268,5.3,a
2020-02-21,14,0.255,4.3,a
2020-02-22,13,0.237,4.3,a
2020-02-23,13,0.229,5.1,a
2020-02-24,13,0.229,5.5,a
2020-02-25,13,0.24,6.4,a
2020-02-26,25,1.144,6.7,a
2020-02-27,25,1.151,5.3,a
2020-02-28,21,0.787,5.3,a
2020-02-29,19,0.611,4.6,a
2020-03-01,26,1.29,6,a
2020-03-02,53,4.288,7.7,a
2020-03-03,60,5.18,8,a
2020-03-04,43,3.057,7.7,a
2020-03-05,33,1.962,6.4,a
2020-03-06,35,2.109,6.6,a
2020-03-07,31,1.698,7.2,a
2020-03-08,27,1.287,6.5,a
2020-03-09,25,1.114,6.5,a
2020-03-10,24,0.965,6.9,a
2020-03-11,23,0.888,7.5,a
2020-03-12,21,0.783,8.3,a
2020-03-13,21,0.735,8.2,a
2020-03-14,20,0.656,8.3,a
2020-03-15,19,0.598,7.6,a
2020-03-16,19,0.58,6.4,a
2020-03-17,18,0.547,6.9,a
2020-03-18,18,0.515,9.2,a
2020-03-19,18,0.486,9.7,a
2020-03-20,17,0.475,9.9,a
2020-03-21,17,0.472,10,a
2020-03-22,19,0.617,8.1,a
2020-03-23,17,0.444,5.1,a
2020-03-24,16,0.401,4.4,a
2020-03-25,16,0.39,4.2,a
2020-03-26,16,0.387,3.8,a
2020-03-27,16,0.398,5.3,a
2020-03-28,16,0.411,7.3,a
2020-03-29,16,0.409,8.8,a
2020-03-30,18,0.519,8.1,a
2020-03-31,17,0.467,6,a
2020-04-01,16,0.409,6.1,a
2020-04-02,16,0.406,6.4,a
2020-04-03,16,0.393,7.3,a
2020-04-04,15,0.355,9.3,a
2020-04-05,15,0.337,9.4,a
2020-04-06,15,0.314,10.1,a
2020-04-07,14,0.297,10.3,a
2020-04-08,14,0.293,10.3,a
2020-04-09,14,0.293,10.8,a
2020-04-10,14,0.29,11.9,a
2020-04-11,14,0.281,13,a
2020-04-12,14,0.255,13.9,a
2020-04-13,13,0.244,13.4,a
2020-04-14,15,0.343,10.8,a
2020-04-15,14,0.284,9.2,a
2020-04-16,14,0.253,10.7,a
2020-04-17,13,0.234,12.5,a
2020-04-18,13,0.227,13.7,a
2020-04-19,13,0.211,15,a
2020-04-20,13,0.209,13.3,a
2020-04-21,12,0.193,12.1,a
2020-04-22,12,0.184,12.2,a
2020-04-23,12,0.184,12.7,a
2020-04-24,12,0.182,13.3,a
2020-04-25,12,0.168,14.5,a
2020-04-26,12,0.18,15.6,a
2020-04-27,12,0.17,15.6,a
2020-04-28,12,0.17,15,a
2020-04-29,13,0.223,14.3,a
2020-04-30,14,0.25,14.9,a
2020-05-01,18,0.538,14.8,a
2020-05-02,15,0.323,14.9,a
2020-05-03,15,0.311,14.8,a
2020-05-04,13,0.24,14.4,a
2020-05-05,13,0.203,13.4,a
2020-05-06,13,0.233,13.7,a
2020-05-07,13,0.209,14,a
2020-05-08,12,0.171,15.5,a
2020-05-09,12,0.169,16.4,a
2020-05-10,12,0.154,16.2,a
2020-05-11,12,0.156,15.1,a
2020-05-12,22,0.972,13.1,a
2020-05-13,22,0.823,11.4,a
2020-05-14,17,0.485,14.4,a
2020-05-15,17,0.454,13.9,a
2020-05-16,27,1.288,12.5,a
2020-05-17,23,0.941,12.9,a
2020-05-18,20,0.657,14.6,a
2020-05-19,22,0.902,14.4,a
2020-05-20,31,1.674,13.1,a
2020-05-21,22,0.861,13.9,a
2020-05-22,19,0.625,14.6,a
2020-05-23,18,0.509,15.7,a
2020-05-24,26,1.204,15.6,a
2020-05-25,19,0.613,14.6,a
2020-05-26,17,0.464,15,a
2020-05-27,16,0.375,14.9,a
2020-05-28,15,0.313,14.1,a
2020-05-29,14,0.29,13.8,a
2020-05-30,14,0.257,13.7,a
2020-05-31,13,0.24,12.8,a
2020-06-01,13,0.235,14.9,a
2020-06-02,12,0.193,16.2,a
2020-06-03,13,0.199,17.2,a
2020-06-04,13,0.221,16.9,a
2020-06-05,33,2,14.3,a
2020-06-06,25,1.148,14.7,a
2020-06-07,23,0.954,15.7,a
2020-06-08,45,3.343,14.1,a
2020-06-09,56,4.682,13,a
2020-06-10,41,2.819,12.7,a
2020-06-11,30,1.607,13.3,a
2020-06-12,25,1.138,14.5,a
2020-06-13,23,0.903,15.8,a
2020-06-14,21,0.776,16.2,a
2020-06-15,22,0.836,15.7,a
2020-06-16,21,0.732,15.8,a
2020-06-17,20,0.64,16.2,a
2020-06-18,19,0.599,17.1,a
2020-06-19,19,0.604,17.4,a
2020-06-20,18,0.518,16.7,a
2020-06-21,17,0.475,16.5,a
2020-06-22,17,0.45,17.6,a
2020-06-23,16,0.391,19,a
2020-06-24,15,0.345,19.3,a
2020-06-25,22,0.92,17.3,a
2020-06-26,36,2.252,16.1,a
2020-06-27,21,0.772,17.9,a
2020-06-28,19,0.577,19.9,a
2020-06-29,18,0.504,20.2,a
2020-06-30,18,0.524,18.8,a
2020-07-01,17,0.453,19.8,a
2020-07-02,16,0.396,20.8,a
2020-07-03,20,0.678,19.3,a
2020-07-04,18,0.496,18.8,a
2020-07-05,16,0.36,19.6,a
2020-07-06,16,0.433,20.9,a
2020-07-07,47,3.579,16.9,a
2020-07-08,25,1.12,16.3,a
2020-07-09,21,0.719,17.8,a
2020-07-10,19,0.571,19,a
2020-07-11,20,0.668,18.7,a
2020-07-12,27,1.342,16.6,a
2020-07-13,20,0.656,16.2,a
2020-07-14,18,0.535,16.3,a
2020-07-15,17,0.472,17.3,a
2020-07-16,17,0.479,18.2,a
2020-07-17,19,0.599,17.7,a
2020-07-18,17,0.467,16.6,a
2020-07-19,16,0.382,17,a
2020-07-20,15,0.35,19.1,a
2020-07-21,15,0.3,20.4,a
2020-07-22,16,0.445,20.6,a
2020-07-23,16,0.399,20.6,a
2020-07-24,17,0.429,19.6,a
2020-07-25,17,0.462,19.3,a
2020-07-26,15,0.322,19.8,a
2020-07-27,14,0.281,21.1,a
2020-07-28,13,0.24,22.2,a
2020-07-29,18,0.733,22.9,a
2020-07-30,42,3.062,19.5,a
2020-07-31,22,0.87,20.4,a
2020-08-01,20,0.647,21.3,a
2020-08-02,23,0.909,20.1,a
2020-08-03,34,2.037,18.6,a
2020-08-04,38,2.434,17.4,a
2020-08-05,26,1.186,16.4,a
2020-08-06,23,0.889,17.6,a
2020-08-07,21,0.715,18.8,a
2020-08-08,19,0.59,19.4,a
2020-08-09,18,0.524,20.2,a
2020-08-10,17,0.469,20.8,a
2020-08-11,16,0.406,20.5,a
2020-08-12,16,0.398,20.4,a
2020-08-13,17,0.438,21.3,a
2020-08-14,17,0.486,21.3,a
2020-08-15,20,0.715,20.2,a
2020-08-16,16,0.377,20.7,a
2020-08-17,16,0.367,20.9,a
2020-08-18,20,0.67,19.6,a
2020-08-19,16,0.401,19.5,a
2020-08-20,15,0.316,19.9,a
2020-08-21,14,0.293,21.2,a
2020-08-22,14,0.262,22,a
2020-08-23,13,0.237,21.2,a
2020-08-24,14,0.246,19.7,a
2020-08-25,13,0.24,19.5,a
2020-08-26,13,0.221,19.3,a
2020-08-27,13,0.216,19.9,a
2020-08-28,12,0.193,20.5,a
2020-08-29,13,0.21,21.5,a
2020-08-30,17,0.454,20.2,a
2020-08-31,19,0.586,18.3,a
2020-09-01,26,1.238,16.8,a
2020-09-02,18,0.546,16.7,a
2020-09-03,16,0.357,16.7,a
2020-09-04,14,0.29,17,a
2020-09-05,14,0.248,17.7,a
2020-09-06,16,0.503,18.2,a
2020-09-07,36,2.367,16.7,a
2020-09-08,21,0.724,16.9,a
2020-09-09,18,0.503,16.8,a
2020-09-10,16,0.38,17.3,a
2020-09-11,15,0.335,18.2,a
2020-09-12,14,0.29,18.2,a
2020-09-13,13,0.244,18.4,a
2020-09-14,13,0.233,18.7,a
2020-09-15,13,0.206,18.6,a
2020-09-16,12,0.189,18.6,a
2020-09-17,12,0.186,18.3,a
2020-09-18,12,0.178,17.7,a
2020-09-19,11,0.15,16.5,a
2020-09-20,11,0.148,15.5,a
2020-09-21,11,0.142,15.8,a
2020-09-22,14,0.316,16.6,a
2020-09-23,15,0.355,16.9,a
2020-09-24,13,0.213,16.9,a
2020-09-25,47,3.689,16.2,a
2020-09-26,61,5.362,13.5,a
2020-09-27,32,1.831,12.5,a
2020-09-28,31,1.68,12.4,a
2020-09-29,27,1.318,12.5,a
2020-09-30,24,0.969,12.6,a
2020-10-01,21,0.763,12.5,a
2020-10-02,20,0.653,13.3,a
2020-10-03,26,1.227,13.8,a
2020-10-04,35,2.155,14.2,a
2020-10-05,37,2.353,13.4,a
2020-10-06,31,1.67,12.8,a
2020-10-07,32,1.856,12.7,a
2020-10-08,28,1.359,12.1,a
2020-10-09,24,0.995,11.7,a
2020-10-10,22,0.835,12.1,a
2020-10-11,47,4.015,11.7,a
2020-10-12,61,5.449,10.9,a
2020-10-13,37,2.334,10.5,a
2020-10-14,29,1.541,10.3,a
2020-10-15,44,3.25,10.3,a
2020-10-16,43,3.014,10.8,a
2020-10-17,32,1.858,10.8,a
2020-10-18,28,1.395,10.5,a
2020-10-19,25,1.134,10.5,a
2020-10-20,24,0.976,10.1,a
2020-10-21,23,0.892,10.3,a
2020-10-22,22,0.821,10.9,a
2020-10-23,21,0.758,11.2,a
2020-10-24,22,0.828,12.3,a
2020-10-25,22,0.8,12.5,a
2020-10-26,21,0.712,12.3,a
2020-10-27,28,1.407,11.8,a
2020-10-28,25,1.089,11.5,a
2020-10-29,23,0.892,10.4,a
2020-10-30,22,0.803,10.4,a
2020-10-31,21,0.742,10.7,a
2020-11-01,20,0.689,10.1,a
2020-11-02,20,0.702,10.7,a
2020-11-03,20,0.695,10.9,a
2020-11-04,20,0.669,10.7,a
2020-11-05,20,0.669,10.9,a
2020-11-06,19,0.621,9.6,a
2020-11-07,19,0.592,7.7,a
2020-11-08,19,0.574,6.6,a
2020-11-09,18,0.541,6.2,a
2020-11-10,18,0.52,6.7,a
2020-11-11,17,0.48,6.9,a
2020-11-12,16,0.414,7.3,a
2020-11-13,16,0.39,7.6,a
2020-11-14,16,0.365,7.1,a
2020-11-15,15,0.34,6.6,a
2020-11-16,29,1.734,7.1,a
2020-11-17,35,2.121,8.6,a
2020-11-18,25,1.122,7.5,a
2020-11-19,23,0.932,6.7,a
2020-11-20,22,0.807,6.8,a
2020-11-21,21,0.722,5,a
2020-11-22,20,0.669,3.1,a
2020-11-23,19,0.621,2.8,a
2020-11-24,19,0.592,3.3,a
2020-11-25,19,0.568,2.6,a
2020-11-26,18,0.529,2.8,a
2020-11-27,18,0.514,3.1,a
2020-11-28,18,0.5,3.5,a
2020-11-29,17,0.461,3.9,a
2020-11-30,17,0.425,2.8,a
2020-12-01,16,0.414,1.9,a
2020-12-02,17,0.422,1.2,a
2020-12-03,18,0.524,0,a
2020-12-04,17,0.461,1.1,a
2020-12-05,23,0.987,2.2,a
2020-12-06,39,2.55,4.3,a
2020-12-07,51,3.962,6,a
2020-12-08,41,2.788,5.9,a
2020-12-09,49,3.736,6.4,a
2020-12-10,39,2.591,6.7,a
2020-12-11,31,1.692,6.5,a
2020-12-12,28,1.357,6.5,a
2020-12-13,25,1.107,6.3,a
2020-12-14,23,0.95,5.6,a
2020-12-15,22,0.842,4.9,a
2020-12-16,21,0.776,4.8,a
2020-12-17,21,0.718,4.4,a
2020-12-18,20,0.669,4.6,a
2020-12-19,20,0.631,5.6,a
2020-12-20,19,0.592,6,a
2020-12-21,19,0.592,6.2,a
2020-12-22,18,0.553,6.6,a
2020-12-23,18,0.52,7.2,a
2020-12-24,19,0.637,7.8,a
2020-12-25,39,2.562,7.3,a
2020-12-26,30,1.634,5.9,a
2020-12-27,25,1.107,3.9,a
2020-12-28,33,2.027,3.7,a
2020-12-29,57,4.713,5.6,a
2020-12-30,52,4.109,6.6,a
2020-12-31,37,2.389,6.7,a
2021-01-01,31,1.546,5.9,a
2021-01-02,37,2.156,6.1,a
2021-01-03,54,3.847,6.6,a
2021-01-04,39,2.293,6.9,a
2021-01-05,33,1.716,6.6,a
2021-01-06,35,1.956,5.2,a
2021-01-07,36,2.033,5.4,a
2021-01-08,33,1.743,5.3,a
2021-01-09,30,1.46,4.3,a
2021-01-10,28,1.319,3.7,a
2021-01-11,27,1.163,3.6,a
2021-01-12,25,1.051,2.2,a
2021-01-13,24,0.971,1.9,a
2021-01-14,24,0.903,2.3,a
2021-01-15,23,0.82,1.9,a
2021-01-16,22,0.759,1.3,a
2021-01-17,21,0.715,0.8,a
2021-01-18,21,0.699,1.9,a
2021-01-19,20,0.641,1.7,a
2021-01-20,20,0.632,2.9,a
2021-01-21,21,0.693,4.2,a
2021-01-22,37,2.127,5,a
2021-01-23,63,4.833,6.1,a
2021-01-24,48,3.149,6.2,a
2021-01-25,37,2.098,5.5,a
2021-01-26,31,1.566,4.8,a
2021-01-27,28,1.274,4,a
2021-01-28,26,1.126,3.5,a
2021-01-29,25,1.037,3.6,a
2021-01-30,24,0.964,4.3,a
2021-01-31,30,1.436,4.3,a
2021-02-01,27,1.214,4.2,a
2021-02-02,26,1.066,4.2,a
2021-02-03,25,1.016,4.9,a
2021-02-04,25,1.013,6.9,a
2021-02-05,24,0.936,7.8,a
2021-02-06,24,0.926,8.1,a
2021-02-07,26,1.098,8.5,a
2021-02-08,40,2.458,7.7,a
2021-02-09,38,2.22,7.1,a
2021-02-10,51,3.589,6.7,a
2021-02-11,57,4.088,6.4,a
2021-02-12,39,2.317,4.3,a
2021-02-13,33,1.704,2.8,a
2021-02-14,30,1.422,3,a
2021-02-15,27,1.225,2.7,a
2021-02-16,27,1.166,4.1,a
2021-02-17,26,1.094,4.7,a
2021-02-18,25,1.006,4.8,a
2021-02-19,24,0.933,5.8,a
2021-02-20,24,0.91,6.3,a
2021-02-21,23,0.846,7.2,a
2021-02-22,22,0.781,6.6,a
2021-02-23,22,0.771,6.3,a
2021-02-24,21,0.727,6.6,a
2021-02-25,21,0.699,7,a
2021-02-26,21,0.702,7,a
2021-02-27,20,0.641,6.6,a
2021-02-28,20,0.626,5.9,a
2021-03-01,20,0.617,5.4,a
2021-03-02,19,0.58,5.7,a
2021-03-03,19,0.574,5.6,a
2021-03-04,19,0.563,6.4,a
2021-03-05,20,0.596,7.3,a
2021-03-06,20,0.658,6.2,a
2021-03-07,19,0.54,4.5,a
2021-03-08,18,0.518,4.6,a
2021-03-09,18,0.504,5.8,a
2021-03-10,18,0.493,5.7,a
2021-03-11,18,0.482,5.3,a
2021-03-12,18,0.472,6.5,a
2021-03-13,18,0.472,7.2,a
2021-03-14,24,0.955,6.7,a
2021-03-15,23,0.868,5.9,a
2021-03-16,20,0.606,6,a
2021-03-17,19,0.549,5.5,a
2021-03-18,18,0.504,4.8,a
2021-03-19,18,0.49,4.8,a
2021-03-20,18,0.466,4.4,a
2021-03-21,17,0.427,4,a
2021-03-22,17,0.427,4.5,a
2021-03-23,17,0.42,5.9,a
2021-03-24,17,0.407,6.6,a
2021-03-25,16,0.383,7.4,a
2021-03-26,16,0.38,8.4,a
2021-03-27,16,0.361,8.5,a
2021-03-28,16,0.345,8.1,a
2021-03-29,16,0.354,8.4,a
2021-03-30,15,0.333,10.2,a
2021-03-31,15,0.338,11.5,a
2021-04-01,15,0.338,12.4,a
2021-04-02,15,0.324,12.7,a
2021-04-03,19,0.59,11.5,a
2021-04-04,16,0.388,9.4,a
2021-04-05,15,0.328,8.8,a
2021-04-06,17,0.456,6.4,a
2021-04-07,17,0.438,4.7,a
2021-04-08,18,0.475,5.5,a
2021-04-09,18,0.483,6.8,a
2021-04-10,17,0.412,8.5,a
2021-04-11,16,0.368,9,a
2021-04-12,20,0.694,9.2,a
2021-04-13,36,1.999,7.6,a
2021-04-14,25,1.051,7.7,a
2021-04-15,22,0.759,7.6,a
2021-04-16,20,0.626,8.3,a
2021-04-17,19,0.551,8.6,a
2021-04-18,18,0.49,8.5,a
2021-04-19,18,0.482,9,a
2021-04-20,17,0.456,10.1,a
2021-04-21,17,0.427,10.3,a
2021-04-22,17,0.42,11.2,a
2021-04-23,16,0.395,12.2,a
2021-04-24,16,0.378,12.5,a
2021-04-25,16,0.371,13.1,a
2021-04-26,16,0.368,11.8,a
2021-04-27,16,0.368,9.1,a
2021-04-28,16,0.349,9.7,a
2021-04-29,16,0.342,11.4,a
2021-04-30,16,0.395,13.7,a
2021-05-01,15,0.338,15.2,a
2021-05-02,32,1.674,12.9,a
2021-05-03,34,1.796,10.7,a
2021-05-04,27,1.208,10.8,a
2021-05-05,24,0.938,11.7,a
2021-05-06,52,3.629,9.4,a
2021-05-07,48,3.208,9.2,a
2021-05-08,45,2.912,10.2,a
2021-05-09,33,1.705,11,a
2021-05-10,28,1.263,12.8,a
2021-05-11,25,1.009,13.5,a
2021-05-12,24,0.913,13.2,a
2021-05-13,23,0.878,12.7,a
2021-05-14,24,0.912,12.1,a
2021-05-15,23,0.82,12.3,a
2021-05-16,23,0.86,12.6,a
2021-05-17,53,3.695,11.9,a
2021-05-18,38,2.223,11.3,a
2021-05-19,49,3.295,11,a
2021-05-20,37,2.147,11.2,a
2021-05-21,30,1.476,11.5,a
2021-05-22,27,1.185,11.6,a
2021-05-23,31,1.589,11.5,a
2021-05-24,39,2.31,10.4,a
2021-05-25,41,2.543,11.1,a
2021-05-26,33,1.764,11.3,a
2021-05-27,34,1.815,12,a
2021-05-28,34,1.794,12.5,a
2021-05-29,29,1.353,12.2,a
2021-05-30,29,1.373,11.7,a
2021-05-31,26,1.091,11.9,a
2021-06-01,25,1.048,12.9,a
2021-06-02,25,1.013,13.6,a
2021-06-03,24,0.923,14.3,a
2021-06-04,23,0.873,15.3,a
2021-06-05,24,0.948,15.9,a
2021-06-06,24,0.952,15.4,a
2021-06-07,27,1.153,14.9,a
2021-06-08,24,0.927,15,a
2021-06-09,23,0.833,15,a
2021-06-10,22,0.804,15,a
2021-06-11,22,0.774,14.9,a
2021-06-12,22,0.755,15.6,a
2021-06-13,21,0.69,16.6,a
2021-06-14,20,0.641,16.3,a
2021-06-15,20,0.623,16.2,a
2021-06-16,20,0.597,17.5,a
2021-06-17,19,0.58,18.4,a
2021-06-18,19,0.551,18.9,a
2021-06-19,18,0.521,19.3,a
2021-06-20,18,0.51,20.1,a
2021-06-21,18,0.491,20.5,a
2021-06-22,17,0.451,20.7,a
2021-06-23,17,0.433,20.4,a
2021-06-24,17,0.405,21.1,a
2021-06-25,16,0.391,20.9,a
2021-06-26,16,0.364,20.5,a
2021-06-27,16,0.345,20.8,a
2021-06-28,15,0.338,21.3,a
2021-06-29,15,0.315,21.2,a
2021-06-30,15,0.295,21.3,a
2021-07-01,17,0.404,18.9,a
2021-07-02,16,0.357,18.4,a
2021-07-03,14,0.284,19.4,a
2021-07-04,16,0.418,19.5,a
2021-07-05,30,1.505,18.5,a
2021-07-06,18,0.471,19.8,a
2021-07-07,16,0.393,21.3,a
2021-07-08,16,0.34,22.1,a
2021-07-09,15,0.31,22.4,a
2021-07-10,14,0.275,21.8,a
2021-07-11,15,0.298,21.6,a
2021-07-12,17,0.433,21.6,a
2021-07-13,14,0.277,21.8,a
2021-07-14,20,0.633,20.8,a
2021-07-15,16,0.343,20,a
2021-07-16,14,0.269,18.7,a
2021-07-17,15,0.293,18.5,a
2021-07-18,17,0.452,18.6,a
2021-07-19,22,0.78,19.5,a
2021-07-20,15,0.336,20.5,a
2021-07-21,14,0.267,21.1,a
2021-07-22,13,0.226,21.4,a
2021-07-23,13,0.218,21.8,a
2021-07-24,12,0.187,21.8,a
2021-07-25,12,0.178,22.5,a
2021-07-26,13,0.194,22.4,a
2021-07-27,13,0.207,21.8,a
2021-07-28,13,0.209,22.1,a
2021-07-29,15,0.326,22.5,a
2021-07-30,12,0.176,23.2,a
2021-07-31,16,0.407,22.1,a
2021-08-01,19,0.572,20.9,a
2021-08-02,22,0.804,19,a
2021-08-03,16,0.347,19.2,a
2021-08-04,13,0.226,19.5,a
2021-08-05,28,1.324,18.4,a
2021-08-06,20,0.639,18.7,a
2021-08-07,15,0.327,20,a
2021-08-08,14,0.264,21,a
2021-08-09,30,1.512,18,a
2021-08-10,18,0.523,19.6,a
2021-08-11,15,0.317,20.8,a
2021-08-12,15,0.289,21.5,a
2021-08-13,14,0.256,22.3,a
2021-08-14,13,0.222,23.3,a
2021-08-15,12,0.189,23.2,a
2021-08-16,12,0.169,23.7,a
2021-08-17,19,0.596,20.6,a
2021-08-18,14,0.24,19.6,a
2021-08-19,11,0.148,19.4,a
2021-08-20,11,0.124,19.9,a
2021-08-21,10,0.099,20.4,a
2021-08-22,10,0.094,20.9,a
2021-08-23,24,1.036,18.7,a
2021-08-24,20,0.615,17.9,a
2021-08-25,15,0.294,18.2,a
2021-08-26,13,0.207,17.4,a
2021-08-27,15,0.309,17.8,a
2021-08-28,14,0.246,16.9,a
2021-08-29,15,0.337,16.2,a
2021-08-30,16,0.36,15.4,a
2021-08-31,13,0.216,15.9,a
2021-09-01,12,0.167,17,a
2021-09-02,12,0.169,16.7,a
2021-09-03,12,0.158,17.5,a
2021-09-04,11,0.138,17.4,a
2021-09-05,11,0.13,17.3,a
2021-09-06,11,0.113,17.1,a
2021-09-07,10,0.104,16.7,a
2021-09-08,10,0.098,17.1,a
2021-09-09,10,0.095,16.5,a
2021-09-10,10,0.094,16.9,a
2021-09-11,10,0.102,17.2,a
2021-09-12,10,0.081,17.8,a
2021-09-13,9,0.073,18.1,a
2021-09-14,9,0.066,18.6,a
2021-09-15,9,0.069,18.3,a
2021-09-16,9,0.056,18.6,a
2021-09-17,17,0.497,17.9,a
2021-09-18,14,0.249,17.3,a
2021-09-19,11,0.115,16.2,a
2021-09-20,24,0.946,14.8,a
2021-09-21,17,0.414,14.1,a
2021-09-22,13,0.223,14.2,a
2021-09-23,12,0.169,13.6,a
2021-09-24,12,0.161,13.9,a
2021-09-25,11,0.122,14.4,a
2021-09-26,10,0.099,15.2,a
2021-09-27,13,0.209,16.8,a
2021-09-28,11,0.13,17,a
2021-09-29,12,0.217,17.1,a
2021-09-30,32,1.651,15.4,a
2021-10-01,18,0.541,13.9,a
2021-10-02,15,0.328,14.3,a
2021-10-03,13,0.244,14.1,a
2021-10-04,13,0.199,15.3,a
2021-10-05,12,0.18,15.2,a
2021-10-06,19,0.713,14.5,a
2021-10-07,31,1.714,12.6,a
2021-10-08,21,0.772,12.3,a
2021-10-09,18,0.518,11.6,a
2021-10-10,16,0.372,9.9,a
2021-10-11,15,0.32,9.9,a
2021-10-12,14,0.279,9.5,a
2021-10-13,14,0.253,9.5,a
2021-10-14,13,0.22,8.7,a
2021-10-15,13,0.209,8.5,a
2021-10-16,12,0.18,8.3,a
2021-10-17,11,0.148,9.1,a
2021-10-18,11,0.143,8.4,a
2021-10-19,11,0.138,9,a
2021-10-20,11,0.132,10.3,a
2021-10-21,11,0.149,11.6,a
2021-10-22,20,0.681,11.9,a
2021-10-23,16,0.365,11.5,a
2021-10-24,14,0.291,9.4,a
2021-10-25,13,0.224,7.5,a
2021-10-26,13,0.212,6.7,a
2021-10-27,12,0.187,6.5,a
2021-10-28,12,0.186,6.5,a
2021-10-29,12,0.166,6.5,a
2021-10-30,12,0.155,5.8,a
2021-10-31,11,0.148,6.1,a
2021-11-01,12,0.158,6.3,a
2021-11-02,34,2.032,9.2,a
2021-11-03,30,1.616,9.7,a
2021-11-04,41,2.854,10.8,a
2021-11-05,27,1.31,9.3,a
2021-11-06,23,0.875,9.1,a
2021-11-07,21,0.718,9.2,a
2021-11-08,28,1.451,9,a
2021-11-09,26,1.156,8.8,a
2021-11-10,22,0.839,7.6,a
2021-11-11,21,0.722,7.1,a
2021-11-12,20,0.64,7.2,a
2021-11-13,19,0.574,7.8,a
2021-11-14,18,0.517,8.3,a
2021-11-15,17,0.475,8.5,a
2021-11-16,16,0.417,8.1,a
2021-11-17,16,0.39,8,a
2021-11-18,16,0.382,8.3,a
2021-11-19,16,0.387,7.1,a
2021-11-20,16,0.375,6.1,a
2021-11-21,15,0.35,5.4,a
2021-11-22,15,0.345,5.6,a
2021-11-23,15,0.302,5.7,a
2021-11-24,14,0.255,3.6,a
2021-11-25,14,0.259,2.8,a
2021-11-26,25,1.173,4.3,a
2021-11-27,46,3.314,6.3,a
2021-11-28,52,4.082,7.3,a
2021-11-29,43,3.058,6.2,a
2021-11-30,33,1.945,5.5,a
2021-12-01,29,1.441,4.8,a
2021-12-02,50,3.947,6.1,a
2021-12-03,47,3.488,6.6,a
2021-12-04,34,2.045,5.9,a
2021-12-05,39,2.6,5.7,a
2021-12-06,36,2.291,6,a
2021-12-07,30,1.635,5.3,a
2021-12-08,27,1.323,4.3,a
2021-12-09,27,1.299,3.3,a
2021-12-10,25,1.122,4.5,a
2021-12-11,24,1.026,4.1,a
2021-12-12,23,0.885,3.3,a
2021-12-13,22,0.831,3.5,a
2021-12-14,21,0.751,3.6,a
2021-12-15,21,0.758,4.3,a
2021-12-16,22,0.86,4.6,a
2021-12-17,23,0.874,4.2,a
2021-12-18,22,0.831,3.7,a
2021-12-19,22,0.831,3.3,a
2021-12-20,22,0.814,2.3,a
2021-12-21,21,0.741,2.5,a
2021-12-22,20,0.672,3,a
2021-12-23,20,0.669,2.8,a
2021-12-24,20,0.65,3,a
2021-12-25,20,0.647,3.7,a
2021-12-26,30,1.564,4.5,a
2021-12-27,26,1.202,5,a
2021-12-28,24,1.025,5.2,a
2021-12-29,24,0.965,5.1,a
2021-12-30,22,0.838,4.8,a
2021-12-31,21,0.751,4.5,a
2022-01-01,21,0.684,3.7,a
2022-01-02,20,0.626,3.6,a
2022-01-03,20,0.626,3.6,a
2022-01-04,20,0.594,5.3,a
2022-01-05,21,0.745,6.7,a
2022-01-06,31,1.515,4.9,a
2022-01-07,25,1.049,3.6,a
2022-01-08,23,0.87,1.6,a
2022-01-09,22,0.784,1.5,a
2022-01-10,21,0.721,2.3,a
2022-01-11,20,0.629,1.8,a
2022-01-12,19,0.572,0.7,a
2022-01-13,21,0.713,0,a
2022-01-14,20,0.597,0.4,a
2022-01-15,18,0.498,1,a
2022-01-16,18,0.477,1.1,a
2022-01-17,18,0.461,1.1,a
2022-01-18,17,0.427,1.3,a
2022-01-19,17,0.407,0.9,a
2022-01-20,17,0.398,0.6,a
2022-01-21,16,0.38,1.3,a
2022-01-22,17,0.402,0.6,a
2022-01-23,15,0.338,1.7,a
2022-01-24,15,0.333,1.7,a
2022-01-25,15,0.324,1.8,a
2022-01-26,15,0.322,1.3,a
2022-01-27,15,0.306,0.9,a
2022-01-28,15,0.306,0.9,a
2022-01-29,14,0.284,1.1,a
2022-01-30,15,0.293,0.8,a
2022-01-31,14,0.28,0.4,a
2022-02-01,14,0.282,1.8,a
2022-02-02,14,0.275,2.1,a
2022-02-03,14,0.254,2,a
2022-02-04,14,0.26,2.4,a
2022-02-05,14,0.262,3.5,a
2022-02-06,14,0.26,3,a
2022-02-07,14,0.28,4.1,a
2022-02-08,14,0.257,3,a
2022-02-09,14,0.244,2.5,a
2022-02-10,13,0.23,2.3,a
2022-02-11,13,0.226,3.1,a
2022-02-12,13,0.22,3.1,a
2022-02-13,13,0.212,2.3,a
2022-02-14,13,0.212,1.5,a
2022-02-15,16,0.39,3.2,a
2022-02-16,22,0.792,3.8,a
2022-02-17,17,0.438,4.3,a
2022-02-18,16,0.352,4.3,a
2022-02-19,17,0.429,5.9,a
2022-02-20,22,0.805,5.7,a
2022-02-21,20,0.602,5.2,a
2022-02-22,21,0.735,4.8,a
2022-02-23,19,0.543,4.5,a
2022-02-24,18,0.466,4.5,a
2022-02-25,17,0.454,4.3,a
2022-02-26,19,0.538,4.3,a
2022-02-27,17,0.417,4,a
2022-02-28,16,0.373,3.4,a
2022-03-01,15,0.333,2.9,a
2022-03-02,15,0.319,2.4,a
2022-03-03,15,0.317,2.5,a
2022-03-04,15,0.31,3.1,a
2022-03-05,14,0.271,2.6,a
2022-03-06,14,0.262,2.9,a
2022-03-07,14,0.246,2.6,a
2022-03-08,13,0.23,2.4,a
2022-03-09,13,0.222,2.7,a
2022-03-10,13,0.22,3.5,a
2022-03-11,13,0.207,4.3,a
2022-03-12,13,0.205,2.9,a
2022-03-13,12,0.187,2.5,a
2022-03-14,12,0.178,3.6,a
2022-03-15,12,0.178,4,a
2022-03-16,12,0.182,6.7,a
2022-03-17,12,0.173,7.5,a
2022-03-18,12,0.167,7.3,a
2022-03-19,11,0.141,6.4,a
2022-03-20,11,0.146,6.8,a
2022-03-21,11,0.141,5.7,a
2022-03-22,11,0.146,5.8,a
2022-03-23,11,0.138,6.4,a
2022-03-24,11,0.143,7.5,a
2022-03-25,11,0.14,8.3,a
2022-03-26,11,0.14,8.9,a
2022-03-27,11,0.138,9.3,a
2022-03-28,11,0.129,9.7,a
2022-03-29,11,0.124,9.7,a
2022-03-30,11,0.129,8.8,a
2022-03-31,18,0.55,8.5,a
2022-04-01,24,0.891,7.9,a
2022-04-02,34,1.783,6.8,a
2022-04-03,27,1.178,6.7,a
2022-04-04,22,0.745,7.2,a
2022-04-05,20,0.613,7.7,a
2022-04-06,19,0.513,9.1,a
2022-04-07,18,0.47,10.3,a
2022-04-08,17,0.405,10.3,a
2022-04-09,20,0.59,9.3,a
2022-04-10,21,0.66,7.7,a
2022-04-11,18,0.436,8.7,a
2022-04-12,17,0.392,9.7,a
2022-04-13,16,0.343,11.1,a
2022-04-14,16,0.304,12.5,a
2022-04-15,15,0.279,12.4,a
2022-04-16,15,0.269,12.2,a
2022-04-17,14,0.226,10.5,a
2022-04-18,14,0.213,9.9,a
2022-04-19,14,0.207,10.2,a
2022-04-20,15,0.255,10.7,a
2022-04-21,13,0.198,9.9,a
2022-04-22,19,0.549,9.8,a
2022-04-23,20,0.556,10.6,a
2022-04-24,17,0.405,12.1,a
2022-04-25,16,0.327,12.1,a
2022-04-26,16,0.314,11.7,a
2022-04-27,23,0.856,11.5,a
2022-04-28,22,0.747,11.4,a
2022-04-29,19,0.537,12,a
2022-04-30,18,0.449,13,a
2022-05-01,19,0.526,12.6,a
2022-05-02,30,1.482,11.8,a
2022-05-03,24,0.861,12.8,a
2022-05-04,21,0.655,13.4,a
2022-05-05,20,0.556,13.7,a
2022-05-06,18,0.47,13,a
2022-05-07,19,0.5,12.4,a
2022-05-08,19,0.512,13.3,a
2022-05-09,19,0.513,14.6,a
2022-05-10,20,0.618,14.4,a
2022-05-11,17,0.418,15.9,a
2022-05-12,16,0.348,17.3,a
2022-05-13,16,0.322,17.9,a
2022-05-14,19,0.509,18,a
2022-05-15,16,0.33,18.6,a
2022-05-16,20,0.606,18,a
2022-05-17,18,0.436,17.8,a
2022-05-18,16,0.339,17.4,a
2022-05-19,15,0.278,16.7,a
2022-05-20,14,0.243,17.7,a
2022-05-21,14,0.237,18.9,a
2022-05-22,15,0.28,19.8,a
2022-05-23,14,0.234,20.1,a
2022-05-24,14,0.212,19.9,a
2022-05-25,13,0.193,20.1,a
2022-05-26,13,0.183,19.7,a
2022-05-27,12,0.16,20.3,a
2022-05-28,12,0.157,17.6,a
2022-05-29,15,0.286,14.1,a
2022-05-30,16,0.307,13.1,a
2022-05-31,13,0.178,15.6,a
2022-06-01,12,0.137,18.1,a
2022-06-02,12,0.164,19.5,a
2022-06-03,21,0.647,18.9,a
2022-06-04,15,0.266,20.2,a
2022-06-05,13,0.18,21.3,a
2022-06-06,13,0.181,21.5,a
2022-06-07,12,0.146,20.6,a
2022-06-08,22,0.729,18.1,a
2022-06-09,15,0.278,16.4,a
2022-06-10,14,0.211,16.8,a
2022-06-11,12,0.161,18.5,a
2022-06-12,12,0.13,19.8,a
2022-06-13,11,0.103,20.4,a
2022-06-14,11,0.11,20.7,a
2022-06-15,10,0.082,20.7,a
2022-06-16,12,0.198,21.3,a
2022-06-17,17,0.388,20.2,a
2022-06-18,12,0.144,21.5,a
2022-06-19,10,0.091,22.1,a
2022-06-20,10,0.077,22.5,a
2022-06-21,9,0.062,23.5,a
2022-06-22,10,0.084,23.4,a
2022-06-23,9,0.063,23,a
2022-06-24,13,0.191,23.4,a
2022-06-25,13,0.205,22.4,a
2022-06-26,10,0.076,23.1,a
2022-06-27,9,0.053,23.9,a
2022-06-28,8,0.038,24,a
2022-06-29,9,0.05,24.3,a
2022-06-30,10,0.093,24.5,a
2022-07-01,8,0.041,,a
2022-07-02,8,0.036,,a
2022-07-03,7,0.028,,a
2022-07-04,7,0.025,,a
2022-07-05,8,0.036,,a
2022-07-06,7,0.031,,a
2022-07-07,8,0.057,,a
2022-07-08,11,0.109,,a
2022-07-09,8,0.039,,a
2022-07-10,7,0.027,,a
2022-07-11,7,0.025,,a
2022-07-12,6,0.019,,a
2022-07-13,6,0.019,,a
2022-07-14,7,0.022,,a
2022-07-15,7,0.024,,a
2022-07-16,12,0.168,,a
2022-07-17,8,0.041,,a
2022-07-18,7,0.022,,a
2022-07-19,6,0.015,,a
2022-07-20,5,0.013,,a
2022-07-21,6,0.017,,a
2022-07-22,6,0.014,,a
2022-07-23,6,0.014,,a
2022-07-24,6,0.021,,a
2022-07-25,6,0.015,,a
2022-07-26,6,0.016,,a
2022-07-27,7,0.023,,a
2022-07-28,6,0.017,,a
2022-07-29,6,0.02,,a
2022-07-30,7,0.032,,a
2022-07-31,8,0.034,,a
2022-08-01,6,0.014,,a
2022-08-02,10,0.08,22.2,a
2022-08-03,8,0.038,22.6,a
2022-08-04,6,0.019,,a
2022-08-05,5,0.012,,a
2022-08-06,5,0.009,24,a
2022-08-07,6,0.018,21.9,a
2022-08-08,5,0.01,21.1,a
2022-08-09,5,0.011,21.4,a
2022-08-10,4,0.007,20.8,a
2022-08-11,4,0.006,20.3,a
2022-08-12,3,0.004,20.1,a
2022-08-13,6,0.02,17.3,a
2022-08-14,8,0.035,19,a
2022-08-15,7,0.022,20.3,a
2022-08-16,6,0.015,21.5,a
2022-08-17,5,0.014,22.1,a
2022-08-18,5,0.009,22.4,a
2022-08-19,6,0.04,21.8,a
2022-08-20,10,0.095,21.7,a
2022-08-21,10,0.08,20.7,a
2022-08-22,7,0.024,19.3,a
2022-08-23,6,0.018,19.6,a
2022-08-24,6,0.018,20.4,a
2022-08-25,6,0.017,21.9,a
2022-08-26,6,0.015,22.2,a
2022-08-27,5,0.013,21.3,a
2022-08-28,7,0.028,20.9,a
2022-08-29,10,0.091,22,a
2022-08-30,7,0.027,21.9,a
2022-08-31,6,0.015,20.8,a
2022-09-01,8,0.048,18.9,a
2022-09-02,8,0.044,18.2,a
2022-09-03,6,0.017,18.4,a
2022-09-04,5,0.013,19.2,a
2022-09-05,5,0.011,19.5,a
2022-09-06,5,0.01,20.7,a
2022-09-07,4,0.008,21.3,a
2022-09-08,11,0.277,19.1,a
2022-09-09,14,0.281,18.4,a
2022-09-10,14,0.262,18.6,a
2022-09-11,11,0.119,17.9,a
2022-09-12,8,0.032,17.5,a
2022-09-13,7,0.015,18.1,a
2022-09-14,6,0.009,18.7,a
2022-09-15,19,0.872,18.7,a
2022-09-16,32,1.65,16.2,a
2022-09-17,40,2.441,14.3,a
2022-09-18,24,0.973,13.3,a
2022-09-19,18,0.5,14,a
2022-09-20,14,0.276,13.4,a
2022-09-21,13,0.199,12.9,a
2022-09-22,11,0.135,12,a
2022-09-23,11,0.114,11.7,a
2022-09-24,10,0.095,11.6,a
2022-09-25,25,1.192,12.7,a
2022-09-26,36,2.007,13.7,a
2022-09-27,40,2.405,13.3,a
2022-09-28,32,1.66,12.6,a
2022-09-29,39,2.346,12.9,a
2022-09-30,46,3.014,13.1,a
2022-10-01,43,2.67,13.7,a
2022-10-02,29,1.397,12.8,a
2022-10-03,24,0.935,13.3,a
2022-10-04,21,0.709,12.6,a
2022-10-05,19,0.563,12.9,a
2022-10-06,18,0.477,13.2,a
2022-10-07,17,0.417,13.3,a
2022-10-08,16,0.373,13.6,a
2022-10-09,16,0.347,13.5,a
2022-10-10,15,0.299,13.8,a
2022-10-11,14,0.269,13.2,a
2022-10-12,14,0.25,13.2,a
2022-10-13,13,0.224,12.8,a
2022-10-14,13,0.224,12.8,a
2022-10-15,13,0.212,12.5,a
2022-10-16,13,0.203,12.4,a
2022-10-17,12,0.18,12.5,a
2022-10-18,12,0.171,12.4,a
2022-10-19,12,0.173,12.6,a
2022-10-20,12,0.156,13.1,a
2022-10-21,11,0.14,12.7,a
2022-10-22,21,0.853,13.3,a
2022-10-23,26,1.08,12.7,a
2022-10-24,19,0.541,13.5,a
2022-10-25,29,1.377,13.7,a
2022-10-26,24,0.929,12.8,a
2022-10-27,20,0.624,12.9,a
2022-10-28,18,0.501,12.2,a
2022-10-29,17,0.425,11.9,a
2022-10-30,16,0.378,11.8,a
2022-10-31,16,0.347,11.6,a
2022-11-01,15,0.308,11.1,a
2022-11-02,14,0.264,11.9,a
2022-11-03,15,0.316,12.8,a
2022-11-04,25,1.079,12.6,a
2022-11-05,24,0.961,11.1,a
2022-11-06,20,0.612,9.1,a
2022-11-07,18,0.485,8.9,a
2022-11-08,17,0.427,8.3,a
2022-11-09,16,0.385,8.8,a
2022-11-10,26,1.216,10.6,a
2022-11-11,26,1.056,10.7,a
2022-11-12,22,0.715,9.6,a
2022-11-13,20,0.577,9.2,a
2022-11-14,19,0.508,9.7,a
2022-11-15,18,0.454,10.2,a
2022-11-16,21,0.67,10.2,a
2022-11-17,22,0.743,10.4,a
2022-11-18,21,0.666,9.8,a
2022-11-19,21,0.665,8.7,a
2022-11-20,20,0.571,7.9,a
2022-11-21,19,0.516,7,a
2022-11-22,21,0.631,6.6,a
2022-11-23,27,1.115,7.5,a
2022-11-24,23,0.78,7.4,a
2022-11-25,20,0.618,6.3,a
2022-11-26,19,0.53,5.8,a
2022-11-27,18,0.454,5.2,a
2022-11-28,18,0.451,5.1,a
2022-11-29,17,0.405,5.7,a
2022-11-30,17,0.389,5.3,a
2022-12-01,16,0.336,5.4,a
2022-12-02,19,0.518,5.4,a
2022-12-03,20,0.568,5.5,a
2022-12-04,26,1.046,6,a
2022-12-05,31,1.57,7,a
2022-12-06,47,3.486,8.3,a
2022-12-07,30,1.586,7.7,a
2022-12-08,25,1.107,7.2,a
2022-12-09,39,2.846,6.8,a
2022-12-10,57,4.779,7.9,a
2022-12-11,43,3.016,7,a
2022-12-12,34,2.004,6.1,a
2022-12-13,29,1.475,4.8,a
2022-12-14,26,1.218,4.9,a
2022-12-15,25,1.052,4.1,a
2022-12-16,44,3.187,5.6,a
2022-12-17,49,3.764,6.6,a
2022-12-18,37,2.329,6.3,a
2022-12-19,31,1.648,5.9,a
2022-12-20,28,1.344,5.7,a
2022-12-21,26,1.165,5.6,a
2022-12-22,25,1.064,6.4,a
2022-12-23,24,0.973,7.2,a
2022-12-24,23,0.881,7.7,a
2022-12-25,22,0.8,7.5,a
2022-12-26,21,0.748,7.6,a
2022-12-27,21,0.715,7.8,a
2022-12-28,20,0.669,7.2,a
2022-12-29,20,0.647,6,a
2022-12-30,19,0.592,7.4,a
2022-12-31,19,0.583,7.9,a
2023-01-01,18,0.529,7.8,a
2023-01-02,18,0.52,7.2,a
2023-01-03,18,0.52,7,a
2023-01-04,17,0.478,7.6,a
2023-01-05,17,0.452,7.4,a
2023-01-06,17,0.452,6.4,a
2023-01-07,16,0.406,6.1,a
2023-01-08,16,0.403,6.2,a
2023-01-09,31,1.642,7.1,a
2023-01-10,34,1.825,7.3,a
2023-01-11,26,1.081,5.4,a
2023-01-12,23,0.89,5.5,a
2023-01-13,22,0.758,5.2,a
2023-01-14,21,0.675,5.5,a
2023-01-15,20,0.632,5.1,a
2023-01-16,46,2.981,4.8,a
2023-01-17,41,2.491,4.7,a
2023-01-18,42,2.652,5.4,a
2023-01-19,42,2.593,5.5,a
2023-01-20,35,1.916,5.3,a
2023-01-21,30,1.484,4.1,a
2023-01-22,27,1.222,4.5,a
2023-01-23,32,1.68,4.6,a
2023-01-24,36,2.066,5.4,a
2023-01-25,32,1.632,5.5,a
2023-01-26,30,1.468,5.2,a
2023-01-27,28,1.259,4.7,a
2023-01-28,26,1.08,4.3,a
2023-01-29,24,0.968,4.5,a
2023-01-30,24,0.896,4,a
2023-01-31,23,0.817,3.3,a
2023-02-01,23,0.853,3,a
2023-02-02,23,0.853,3.3,a
2023-02-03,23,0.853,4.6,a
2023-02-04,24,0.911,4.9,a
2023-02-05,25,0.982,4.4,a
2023-02-06,23,0.86,3.2,a
2023-02-07,22,0.79,2,a
2023-02-08,21,0.702,1.4,a
2023-02-09,21,0.666,1.8,a
2023-02-10,20,0.624,1.3,a
2023-02-11,20,0.592,1.4,a
2023-02-12,19,0.577,2.5,a
2023-02-13,19,0.557,3.8,a
2023-02-14,19,0.557,3.5,a
2023-02-15,19,0.557,3.3,a
2023-02-16,19,0.557,3.5,a
2023-02-17,19,0.557,4.6,a
2023-02-18,19,0.557,5.7,a
2023-02-19,19,0.586,6.5,a
2023-02-20,20,0.594,5.9,a
2023-02-21,19,0.56,6.2,a
2023-02-22,19,0.554,6,a
2023-02-23,19,0.529,5.7,a
2023-02-24,18,0.49,5.5,a
2023-02-25,19,0.535,6.8,a
2023-02-26,21,0.675,5.2,a
2023-02-27,19,0.535,4.1,a
2023-02-28,18,0.487,3.8,a
2023-03-01,18,0.461,4,a
2023-03-02,18,0.464,4.6,a
2023-03-03,17,0.438,5.5,a
2023-03-04,17,0.43,5.8,a
2023-03-05,17,0.415,5,a
2023-03-06,17,0.405,4.6,a
2023-03-07,21,0.7,5.6,a
2023-03-08,20,0.627,6.7,a
2023-03-09,19,0.563,8.2,a
2023-03-10,19,0.54,9,a
2023-03-11,18,0.507,9.1,a
2023-03-12,17,0.448,8,a
2023-03-13,17,0.415,7.1,a
2023-03-14,17,0.418,8.4,a
2023-03-15,18,0.467,8.3,a
2023-03-16,16,0.378,6.8,a
2023-03-17,16,0.347,6.4,a
2023-03-18,16,0.34,7,a
2023-03-19,15,0.324,7.8,a
2023-03-20,15,0.314,8.2,a
2023-03-21,15,0.31,8.7,a
2023-03-22,15,0.29,10.1,a
2023-03-23,14,0.284,10.7,a
2023-03-24,14,0.273,10.9,a
2023-03-25,21,0.776,10.4,a
2023-03-26,21,0.734,8.9,a
2023-03-27,43,2.731,8.5,a
2023-03-28,29,1.336,7.5,a
2023-03-29,25,0.975,7.6,a
2023-03-30,22,0.804,8.4,a
2023-03-31,22,0.749,8.9,a
2023-04-01,25,0.994,9.5,a
2023-04-02,22,0.74,10,a
2023-04-03,20,0.623,9.7,a
2023-04-04,19,0.566,7.1,a
2023-04-05,19,0.551,6.8,a
2023-04-06,18,0.51,7,a
2023-04-07,18,0.496,8,a
2023-04-08,18,0.482,8.8,a
2023-04-09,18,0.49,8.5,a
2023-04-10,17,0.438,8.8,a
2023-04-11,17,0.427,8.8,a
2023-04-12,17,0.407,9.7,a
2023-04-13,31,1.601,9.4,a
2023-04-14,46,2.982,8.4,a
2023-04-15,33,1.76,8.7,a
2023-04-16,29,1.338,8.9,a
2023-04-17,26,1.098,9.9,a
2023-04-18,24,0.93,10.1,a
2023-04-19,23,0.84,11.5,a
2023-04-20,22,0.777,10.8,a
2023-04-21,21,0.709,11.1,a
2023-04-22,21,0.687,12,a
2023-04-23,20,0.626,12.4,a
2023-04-24,22,0.748,11.9,a
2023-04-25,22,0.802,11.3,a
2023-04-26,20,0.638,11.4,a
2023-04-27,20,0.592,12.3,a
2023-04-28,19,0.557,11.9,a
2023-04-29,19,0.549,12.8,a
2023-04-30,19,0.543,13.9,a
2023-05-01,17,0.415,13,a
2023-05-02,19,0.53,12.3,a
2023-05-03,19,0.586,12.1,a
2023-05-04,18,0.477,13,a
2023-05-05,17,0.422,14.5,a
2023-05-06,16,0.383,15.6,a
2023-05-07,17,0.404,16.3,a
2023-05-08,18,0.51,14.7,a
2023-05-09,16,0.393,13.8,a
2023-05-10,16,0.356,12.9,a
2023-05-11,30,1.503,12,a
2023-05-12,33,1.723,11.4,a
2023-05-13,43,2.729,11.3,a
2023-05-14,44,2.82,11,a
2023-05-15,38,2.2,11.8,a
2023-05-16,34,1.801,11.6,a
2023-05-17,33,1.728,11.2,a
2023-05-18,29,1.373,11.4,a
2023-05-19,26,1.109,11.8,a
2023-05-20,24,0.968,12.9,a
2023-05-21,23,0.823,14.4,a
2023-05-22,22,0.743,15.5,a
2023-05-23,21,0.669,15.5,a
2023-05-24,22,0.781,14.7,a
2023-05-25,20,0.642,15.9,a
2023-05-26,19,0.589,16.9,a
2023-05-27,19,0.537,17,a
2023-05-28,18,0.498,16.8,a
2023-05-29,18,0.466,16.9,a
2023-05-30,17,0.438,16.6,a
2023-05-31,17,0.448,15.4,a
2023-06-01,17,0.438,16.5,a
2023-06-02,17,0.415,17.2,a
2023-06-03,26,1.091,15.9,a
2023-06-04,19,0.581,16.3,a
2023-06-05,25,1.081,15.5,a
2023-06-06,35,1.897,14.8,a
2023-06-07,27,1.2,15.7,a
2023-06-08,23,0.83,15.9,a
2023-06-09,21,0.715,16.6,a
2023-06-10,23,0.821,16.5,a
2023-06-11,22,0.74,16,a
2023-06-12,20,0.612,16.5,a
2023-06-13,19,0.589,16.6,a
2023-06-14,18,0.51,16.6,a
2023-06-15,18,0.469,17,a
2023-06-16,17,0.432,16.6,a
2023-06-17,17,0.412,17,a
2023-06-18,16,0.359,18.1,a
2023-06-19,15,0.328,19.1,a
2023-06-20,15,0.325,20.3,a
2023-06-21,15,0.319,21.6,a
2023-06-22,15,0.304,22.3,a
2023-06-23,15,0.286,21.7,a
2023-06-24,16,0.343,20.1,a
2023-06-25,14,0.275,20.3,a
2023-06-26,14,0.246,21,a
2023-06-27,18,0.576,19.7,a
2023-06-28,25,1.022,17.2,a
2023-06-29,19,0.528,17.5,a
2023-06-30,16,0.388,18.8,a
2023-07-01,15,0.331,19.2,a
2023-07-02,16,0.345,20,a
2023-07-03,17,0.477,18.9,a
2023-07-04,25,0.988,18,a
2023-07-05,18,0.494,19,a
2023-07-06,16,0.388,18.7,a
2023-07-07,15,0.304,19.3,a
2023-07-08,14,0.267,20.2,a
2023-07-09,13,0.228,21.9,a
2023-07-10,13,0.205,23,a
2023-07-11,12,0.178,23.7,a
2023-07-12,13,0.214,23,a
2023-07-13,31,1.624,19.7,a
2023-07-14,28,1.292,18.1,a
2023-07-15,20,0.61,19.4,a
2023-07-16,17,0.431,21,a
2023-07-17,15,0.322,22.2,a
2023-07-18,14,0.273,22.9,a
2023-07-19,22,0.908,20.8,a
2023-07-20,21,0.71,20.4,a
2023-07-21,42,2.676,19.1,a
2023-07-22,34,1.88,17.4,a
2023-07-23,29,1.34,17.6,a
2023-07-24,22,0.763,18.4,a
2023-07-25,59,4.783,17.4,a
2023-07-26,62,4.719,16.1,a
2023-07-27,37,2.162,15.4,a
2023-07-28,28,1.287,15.9,a
2023-07-29,24,0.955,17.1,a
2023-07-30,33,1.769,17.8,a
2023-07-31,26,1.118,17.4,a
2023-08-01,25,1.045,17,a
2023-08-02,29,1.38,17.1,a
2023-08-03,25,1.028,17.8,a
2023-08-04,154,23.977,17.4,a
2023-08-05,123,15.444,15.6,a
2023-08-06,92,9.242,14.6,a
2023-08-07,76,6.485,14.1,a
2023-08-08,66,5.07,13.6,a
2023-08-09,59,4.232,13.7,a
2023-08-10,55,3.822,14.8,a
2023-08-11,52,3.51,15.6,a
2023-08-12,50,3.314,15.9,a
2023-08-13,48,3.211,16.5,a
2023-08-14,47,3.089,17.1,a
2023-08-15,46,2.992,17,a
2023-08-16,46,2.979,17.1,a
2023-08-17,45,2.911,17.4,a
2023-08-18,46,2.972,17.6,a
2023-08-19,44,2.837,17.7,a
2023-08-20,43,2.751,18.3,a
2023-08-21,43,2.688,18.5,a
2023-08-22,43,2.692,18.8,a
2023-08-23,42,2.652,18.5,a
2023-08-24,42,2.628,18.7,a
2023-08-25,42,2.572,19.3,a
2023-08-26,41,2.524,19.2,a
2023-08-27,41,2.476,18.9,a
2023-08-28,46,3.033,18.5,a
2023-08-29,54,3.766,17.1,a
2023-08-30,48,3.167,16.1,a
2023-08-31,45,2.889,16.3,a
2023-09-01,33,1.735,16.4,a
2023-09-02,24,0.503,16.7,a
2023-09-03,23,0.455,16.8,a
2023-09-04,23,0.455,16.9,a
2023-09-05,23,0.442,16.1,a
2023-09-06,22,0.407,16,a
2023-09-07,22,0.394,16.4,a
2023-09-08,22,0.394,16.4,a
2023-09-09,22,0.375,16.5,a
2023-09-10,21,0.343,16.5,a
2023-09-11,21,0.338,16.6,a
2023-09-12,21,0.338,16.9,a
2023-09-13,21,0.338,17.1,a
2023-09-14,21,0.34,16.9,a
2023-09-15,21,0.338,17.1,a
2023-09-16,20,0.305,16.7,a
2023-09-17,21,0.318,17.1,a
2023-09-18,20,0.296,17,a
2023-09-19,22,0.383,17.3,a
2023-09-20,20,0.298,16.9,a
2023-09-21,20,0.313,17.2,a
2023-09-22,20,0.292,17.3,a
2023-09-23,23,0.438,16.6,a
2023-09-24,22,0.373,14.8,a
2023-09-25,21,0.345,13.9,a
2023-09-26,20,0.289,15,a
2023-09-27,20,0.283,15.6,a
2023-09-28,19,0.246,15.3,a
2023-09-29,19,0.236,15,a
2023-09-30,19,0.245,14.5,a
2023-10-01,19,0.236,15.2,a
2023-10-02,19,0.234,15.5,a
2023-10-03,19,0.221,15.9,a
2023-10-04,18,0.191,15.1,a
2023-10-05,18,0.191,14.7,a
2023-10-06,18,0.181,14.6,a
2023-10-07,17,0.157,13.9,a
2023-10-08,17,0.157,15,a
2023-10-09,17,0.15,15.1,a
2023-10-10,17,0.15,15.1,a
2023-10-11,17,0.15,15.2,a
2023-10-12,17,0.15,14.8,a
2023-10-13,17,0.138,14.7,a
2023-10-14,16,0.131,14.9,a
2023-10-15,23,0.504,14.1,a
2023-10-16,21,0.342,11.6,a
2023-10-17,19,0.223,9.2,a
2023-10-18,18,0.191,9.6,a
2023-10-19,19,0.262,10.7,a
2023-10-20,25,0.582,13.6,a
2023-10-21,23,0.459,14.5,a
2023-10-22,21,0.323,14,a
2023-10-23,20,0.273,12.8,a
2023-10-24,21,0.367,13,a
2023-10-25,30,0.954,13.7,a
2023-10-26,23,0.444,13.1,a
2023-10-27,36,1.55,13.7,a
2023-10-28,25,0.621,13.4,a
2023-10-29,16,0.127,12.8,a
2023-10-30,14,0.046,13.9,a
2023-10-31,24,0.532,13.7,a
2023-11-01,19,0.256,12,a
2023-11-02,14,0.06,12.4,a
2023-11-03,35,1.502,12.6,a
2023-11-04,28,0.845,11,a
2023-11-05,38,1.801,11.6,a
2023-11-06,23,0.451,11.7,a
2023-11-07,15,0.092,10.9,a
2023-11-08,13,0.058,10.3,a
2023-11-09,20,0.267,9.1,a
2023-11-10,46,2.72,10.1,a
2023-11-11,48,2.792,10.4,a
2023-11-12,41,1.985,8.6,a
2023-11-13,37,1.594,8.4,a
2023-11-14,35,1.383,9.9,a
2023-11-15,35,1.411,10.6,a
2023-11-16,33,1.184,8.8,a
2023-11-17,32,1.128,9.1,a
2023-11-18,31,1.021,7.6,a
2023-11-19,30,0.968,6.8,a
2023-11-20,30,0.968,6.7,a
2023-11-21,32,1.097,8,a
2023-11-22,31,1.014,7.6,a
2023-11-23,29,0.886,7,a
2023-11-24,29,0.893,6.1,a
2023-11-25,30,0.941,6.4,a
2023-11-26,29,0.846,4.8,a
2023-11-27,28,0.806,4.7,a
2023-11-28,28,0.806,6.3,a
2023-11-29,28,0.768,5.9,a
2023-11-30,38,1.842,4.8,a
2023-12-01,66,4.941,7.4,a
2023-12-02,63,4.538,9.1,a
2023-12-03,55,3.577,7.3,a
2023-12-04,43,2.249,6.2,a
2023-12-05,39,1.764,6.2,a
2023-12-06,36,1.49,6.6,a
2023-12-07,33,1.271,6.4,a
2023-12-08,32,1.15,5.7,a
2023-12-09,31,1.063,5.6,a
2023-12-10,31,1.088,5.9,a
2023-12-11,30,0.982,5.9,a
2023-12-12,30,0.948,6.1,a
2023-12-13,63,5.164,7.2,a
2023-12-14,66,4.984,7.8,a
2023-12-15,46,2.504,7.6,a
2023-12-16,39,1.798,6.2,a
2023-12-17,36,1.497,5.3,a
2023-12-18,34,1.32,5.1,a
2023-12-19,33,1.222,5,a
2023-12-20,32,1.132,4.8,a
2023-12-21,31,1.056,4.7,a
2023-12-22,31,1.052,5.5,a
2023-12-23,30,0.972,5.1,a
2023-12-24,29,0.886,5.2,a
2023-12-25,28,0.826,6.1,a
2023-12-26,28,0.806,6.5,a
2023-12-27,27,0.733,6.1,a
2023-12-28,27,0.73,7.1,a
2023-12-29,26,0.687,6.6,a
2023-12-30,26,0.656,6.9,a
2023-12-31,26,0.65,6.4,a
2024-01-01,35,1.451,7.3,a
2024-01-02,30,0.976,6.1,a
2024-01-03,29,0.849,6.8,a
2024-01-04,28,0.778,7.2,a
2024-01-05,27,0.73,5.8,a
2024-01-06,48,2.849,7,a
2024-01-07,53,3.269,7.5,a
2024-01-08,41,1.995,6.3,a
2024-01-09,35,1.415,4.9,a
2024-01-10,32,1.18,3.6,a
2024-01-11,31,1.014,2.6,a
2024-01-12,29,0.917,2.6,a
2024-01-13,29,0.863,3.2,a
2024-01-14,28,0.806,3,a
2024-01-15,28,0.806,4.7,a
2024-01-16,27,0.715,4.6,a
2024-01-17,27,0.709,4.1,a
2024-01-18,41,2.029,5.9,a
2024-01-19,50,2.939,5,a
2024-01-20,42,2.115,3,a
2024-01-21,37,1.566,2,a
2024-01-22,33,1.271,1.8,a
2024-01-23,32,1.139,2.5,a
2024-01-24,31,1.052,3,a
2024-01-25,31,1.077,4.1,a
2024-01-26,32,1.139,4,a
2024-01-27,32,1.103,3.9,a
2024-01-28,31,1.014,3,a
2024-01-29,30,0.941,2.4,a
2024-01-30,29,0.866,2.1,a
2024-01-31,28,0.813,2.2,a
2024-02-01,28,0.8,2.5,a
2024-02-02,27,0.733,3.4,a
2024-02-03,27,0.727,3.4,a
2024-02-04,27,0.715,3.7,a
2024-02-05,27,0.74,4,a
2024-02-06,27,0.756,4.7,a
2024-02-07,29,0.903,5.7,a
2024-02-08,29,0.87,6,a
2024-02-09,29,0.884,7.1,a
2024-02-10,30,1.003,7.6,a
2024-02-11,44,2.335,7.6,a
2024-02-12,40,1.891,7.8,a
2024-02-13,34,1.276,7.3,a
2024-02-14,31,1.035,5.8,a
2024-02-15,29,0.9,5.6,a
2024-02-16,28,0.829,5.8,a
2024-02-17,27,0.752,6.3,a
2024-02-18,26,0.687,7.7,a
2024-02-19,26,0.656,6.8,a
2024-02-20,26,0.641,6.7,a
2024-02-21,25,0.586,6.8,a
2024-02-22,25,0.586,6.5,a
2024-02-23,32,1.16,7,a
2024-02-24,49,2.877,7.8,a
2024-02-25,35,1.447,7.5,a
2024-02-26,32,1.143,7,a
2024-02-27,31,1.024,7.3,a
2024-02-28,31,1.046,8.4,a
2024-02-29,29,0.896,8.5,a
2024-03-01,30,0.989,8.4,a
2024-03-02,32,1.167,8.6,a
2024-03-03,33,1.215,9.3,a
2024-03-04,31,1.01,8.8,a
2024-03-05,29,0.921,9.5,a
2024-03-06,35,1.381,8.9,a
2024-03-07,32,1.099,8.4,a
2024-03-08,36,1.525,7.2,a
2024-03-09,36,1.494,7.2,a
2024-03-10,39,1.805,7.7,a
2024-03-11,54,3.405,8.3,a
2024-03-12,43,2.234,8.8,a
2024-03-13,37,1.599,8.5,a
2024-03-14,33,1.271,8.7,a
2024-03-15,31,1.089,9.3,a
2024-03-16,30,0.944,10.2,a
2024-03-17,29,0.863,10,a
2024-03-18,28,0.797,10.2,a
2024-03-19,27,0.765,9.6,a
2024-03-20,26,0.687,9.3,a
2024-03-21,27,0.698,10,a
2024-03-22,27,0.737,11,a
2024-03-23,27,0.743,10.9,a
2024-03-24,38,1.68,9,a
2024-03-25,30,1.007,8.5,a
2024-03-26,29,0.846,8.4,a
2024-03-27,29,0.877,9.4,a
2024-03-28,42,2.136,9.1,a
2024-03-29,49,2.927,9.7,a
2024-03-30,37,1.608,11.1,a
2024-03-31,33,1.229,11.3,a
2024-04-01,32,1.171,11.9,a
2024-04-02,35,1.405,11.3,a
2024-04-03,31,1.038,10,a
2024-04-04,30,0.941,10.9,a
2024-04-05,29,0.859,11.7,a
2024-04-06,28,0.787,12.9,a
2024-04-07,27,0.727,13.8,a
2024-04-08,26,0.681,14.6,a
2024-04-09,26,0.653,14.8,a
2024-04-10,25,0.595,13.9,a
2024-04-11,25,0.57,12.8,a
2024-04-12,24,0.536,14.1,a
2024-04-13,24,0.519,15.1,a
2024-04-14,24,0.508,15.9,a
2024-04-15,23,0.484,16.2,a
2024-04-16,25,0.616,12.9,a
2024-04-17,27,0.725,8.6,a
2024-04-18,25,0.555,8.9,a
2024-04-19,24,0.5,9.6,a
2024-04-20,23,0.466,9.8,a
2024-04-21,23,0.447,9.4,a
2024-04-22,22,0.412,9.2,a
2024-04-23,25,0.588,7.9,a
2024-04-24,31,1.033,7.6,a
2024-04-25,32,1.118,8,a
2024-04-26,28,0.801,9.2,a
2024-04-27,26,0.669,9.9,a
2024-04-28,25,0.604,11.9,a
2024-04-29,25,0.553,13.6,a
2024-04-30,24,0.516,15.2,a
2024-05-01,23,0.479,15.1,a
2024-05-02,25,0.61,14.7,a
2024-05-03,28,0.831,12.2,a
2024-05-04,28,0.774,13.3,a
2024-05-05,25,0.569,14.4,a
2024-05-06,24,0.511,14.3,a
2024-05-07,23,0.46,13.5,a
2024-05-08,34,1.335,13.2,a
2024-05-09,29,0.892,14,a
2024-05-10,26,0.639,14.4,a
2024-05-11,24,0.547,15.5,a
2024-05-12,23,0.482,16.3,a
2024-05-13,23,0.447,15.9,a
2024-05-14,24,0.535,14.8,a
2024-05-15,23,0.442,15.4,a
2024-05-16,23,0.455,15.4,a
2024-05-17,42,2.124,13.8,a
2024-05-18,30,0.975,14,a
2024-05-19,27,0.724,14.8,a
2024-05-20,26,0.641,15.7,a
2024-05-21,33,1.289,15,a
2024-05-22,36,1.514,14,a
2024-05-23,32,1.154,14.4,a
2024-05-24,30,0.945,14.8,a
2024-05-25,27,0.756,14.6,a
2024-05-26,26,0.633,15.1,a
2024-05-27,25,0.569,16,a
2024-05-28,24,0.533,16.5,a
2024-05-29,24,0.508,16.6,a
2024-05-30,23,0.477,16.2,a
2024-05-31,48,3.027,14.8,a
2024-06-01,47,2.691,13.2,a
2024-06-02,34,1.361,14.5,a
2024-06-03,42,2.095,14.6,a
2024-06-04,40,1.922,14.2,a
2024-06-05,34,1.311,14.7,a
2024-06-06,30,1,16.2,a
2024-06-07,28,0.833,17.4,a
2024-06-08,27,0.712,18.2,a
2024-06-09,26,0.639,18.5,a
2024-06-10,25,0.61,17.8,a
2024-06-11,45,2.463,15.8,a
2024-06-12,41,1.996,13.9,a
2024-06-13,36,1.539,13.1,a
2024-06-14,33,1.222,13.8,a
2024-06-15,30,1.007,15,a
2024-06-16,29,0.866,16.3,a
2024-06-17,27,0.765,16.9,a
2024-06-18,26,0.69,18.1,a
2024-06-19,26,0.633,19.1,a
2024-06-20,25,0.592,19.7,a
2024-06-21,25,0.553,19.5,a
2024-06-22,25,0.619,19.8,a
2024-06-23,25,0.62,20,a
2024-06-24,24,0.508,18.7,a
2024-06-25,25,0.585,18.6,a
2024-06-26,30,1.027,18.4,a
2024-06-27,26,0.664,18.6,a
2024-06-28,24,0.536,20.1,a
2024-06-29,23,0.474,21.4,a
2024-06-30,23,0.442,22,a
2024-07-01,28,0.879,20.3,a
2024-07-02,29,0.899,18.9,a
2024-07-03,22,0.41,18.3,a
2024-07-04,21,0.339,18.3,a
2024-07-05,21,0.314,19.1,a
2024-07-06,20,0.281,20.2,a
2024-07-07,20,0.28,20.6,a
2024-07-08,20,0.283,21.3,a
2024-07-09,19,0.238,23.2,a
2024-07-10,18,0.206,24,a
2024-07-11,19,0.215,24.4,a
2024-07-12,20,0.286,24.7,a
2024-07-13,20,0.268,24,a
2024-07-14,19,0.233,23.7,a
2024-07-15,18,0.183,23.7,a
2024-07-16,17,0.149,24.2,a
2024-07-17,15,0.071,24.4,a
2024-07-18,17,0.136,24.8,a
2024-07-19,20,0.482,24.6,a
2024-07-20,47,2.732,19.1,a
2024-07-21,27,0.764,20.2,a
2024-07-22,24,0.546,21.3,a
2024-07-23,23,0.476,21.6,a
2024-07-24,23,0.464,20.4,a
2024-07-25,20,0.298,20.8,a
2024-07-26,18,0.188,21.7,a
2024-07-27,18,0.171,22.6,a
2024-07-28,18,0.188,23.3,a
2024-07-29,21,0.328,22.3,a
2024-07-30,18,0.171,22.3,a
2024-07-31,17,0.157,22.6,a
2024-08-01,17,0.153,22.8,a
2024-08-02,18,0.198,22.1,a
2024-08-03,16,0.119,21.3,a
2024-08-04,16,0.11,21.2,a
2024-08-05,15,0.093,21.8,a
2024-08-06,12,0.038,22.2,a
2024-08-07,11,0.017,22.6,a
2024-08-08,15,0.09,22.9,a
2024-08-09,17,0.173,22.6,a
2024-08-10,14,0.061,23.2,a
2024-08-11,14,0.044,23.8,a
2024-08-12,13,0.041,24.2,a
2024-08-13,10,0.014,24.3,a
2024-08-14,9,0.002,24.3,a
2024-08-15,10,0.003,23.4,a
2024-08-16,9,0.002,23.7,a
2024-08-17,11,0.07,24,a
2024-08-18,12,0.043,22.7,a
2024-08-19,15,0.081,22.4,a
2024-08-20,22,0.422,22,a
2024-08-21,12,0.017,22.8,a
2024-08-22,10,0.005,22.4,a
2024-08-23,10,0.004,22.2,a
2024-08-24,10,0.004,23.2,a
2024-08-25,9,0.001,23.4,a
2024-08-26,9,0.001,23.4,a
2024-08-27,10,0.012,22.4,a
2024-08-28,10,0.004,22.5,a
2024-08-29,9,0.005,23,a
2024-08-30,16,0.103,23.1,a
2024-08-31,13,0.04,23.1,a
2024-09-01,13,0.025,22.9,a
2024-09-02,12,0.02,22.7,a
2024-09-03,12,0.018,22.2,a
2024-09-04,12,0.015,22.2,a
2024-09-05,12,0.022,21.8,a
2024-09-06,20,0.33,20.3,a
2024-09-07,15,0.096,20.7,a
2024-09-08,14,0.056,20.5,a
2024-09-09,32,1.149,19.3,a
2024-09-10,26,0.674,17.6,a
2024-09-11,18,0.224,17.7,a
2024-09-12,37,1.963,16.5,a
2024-09-13,34,1.376,14,a
2024-09-14,18,0.203,13.2,a
2024-09-15,15,0.085,12.7,a
2024-09-16,18,0.227,12.8,a
2024-09-17,23,0.475,13.2,a
2024-09-18,24,0.495,13.3,a
2024-09-19,24,0.525,14.4,a
2024-09-20,22,0.385,15.2,a
2024-09-21,20,0.299,15.7,a
2024-09-22,19,0.254,15.1,a
2024-09-23,19,0.25,15.2,a
2024-09-24,24,0.579,15.9,a
2024-09-25,27,0.735,15.6,a
2024-09-26,25,0.578,15.3,a
2024-09-27,27,0.734,16,a
2024-09-28,29,0.921,15.2,a
2024-09-29,29,0.904,13.9,a
2024-09-30,28,0.808,12.6,a
2024-10-01,27,0.705,12.2,a
2024-10-02,35,1.524,13.3,a
2024-10-03,41,2.049,13,a
2024-10-04,36,1.577,12.3,a
2024-10-05,26,0.671,12.4,a
2024-10-06,25,0.599,12.5,a
2024-10-07,22,0.415,12,a
2024-10-08,21,0.323,13.3,a
2024-10-09,24,0.531,14.5,a
2024-10-10,30,1.111,14.5,a
2024-10-11,46,2.605,13.6,a
2024-10-12,33,1.3,13.1,a
2024-10-13,24,0.513,12.5,a
2024-10-14,21,0.316,12.1,a
2024-10-15,18,0.201,12.3,a
2024-10-16,22,0.475,12.7,a
2024-10-17,28,0.778,12.3,a
2024-10-18,28,0.833,12.2,a
2024-10-19,29,0.866,12.4,a
2024-10-20,28,0.803,12.7,a
2024-10-21,31,1.096,11.8,a
2024-10-22,32,1.158,11.9,a
2024-10-23,31,1.063,12.6,a
2024-10-24,37,1.587,13,a
2024-10-25,32,1.114,12.8,a
2024-10-26,30,0.961,13,a
2024-10-27,29,0.866,13.1,a
2024-10-28,32,1.155,12.5,a
2024-10-29,33,1.24,12.7,a
2024-10-30,31,1.055,11.8,a
2024-10-31,28,0.826,11.1,a
2024-11-01,29,0.873,10.6,a
2024-11-02,28,0.806,10.3,a
2024-11-03,27,0.759,10.4,a
2024-11-04,27,0.743,8.7,a
2024-11-05,26,0.687,7.5,a
2024-11-06,26,0.656,7,a
2024-11-07,25,0.604,6.9,a
2024-11-08,25,0.586,7,a
2024-11-09,25,0.561,6.7,a
2024-11-10,24,0.536,6.4,a
2024-11-11,24,0.519,6.4,a
2024-11-12,24,0.492,6.2,a
2024-11-13,23,0.455,5.8,a
2024-11-14,23,0.445,5.2,a
2024-11-15,22,0.422,4.5,a
2024-11-16,22,0.407,4.2,a
2024-11-17,22,0.412,3.7,a
2024-11-18,22,0.409,4.3,a
2024-11-19,23,0.425,6,a
2024-11-20,26,0.718,7.5,a
2024-11-21,26,0.705,6,a
2024-11-22,34,1.368,3.5,a
2024-11-23,31,1.055,3.4,a
2024-11-24,28,0.823,3.2,a
2024-11-25,32,1.11,3.9,a
2024-11-26,39,1.852,5.9,a
2024-11-27,40,1.865,7.6,a
2024-11-28,31,1.057,8.4,a
2024-11-29,28,0.834,7.3,a
2024-11-30,26,0.648,6.3,a
2024-12-01,26,0.636,5.3,a
2024-12-02,29,0.903,5,a
2024-12-03,29,0.901,4.8,a
2024-12-04,27,0.74,5.5,a
2024-12-05,27,0.712,5.2,a
2024-12-06,26,0.662,3.7,a
2024-12-07,25,0.589,2.9,a
2024-12-08,25,0.586,3.4,a
2024-12-09,24,0.533,4.3,a
2024-12-10,23,0.463,4.7,a
2024-12-11,23,0.452,4.4,a
2024-12-12,23,0.435,4.7,a
2024-12-13,22,0.394,4.4,a
2024-12-14,22,0.399,3.8,a
2024-12-15,22,0.385,2.9,a
2024-12-16,21,0.338,2.8,a
2024-12-17,21,0.336,2.3,a
2024-12-18,22,0.368,2.3,a
2024-12-19,22,0.371,2.8,a
2024-12-20,34,1.314,5.1,a
2024-12-21,29,0.858,3.9,a
2024-12-22,26,0.69,2.4,a
2024-12-23,28,0.806,2.5,a
2024-12-24,27,0.727,2.5,a
2024-12-25,26,0.675,2.6,a
2024-12-26,25,0.595,1.1,a
2024-12-27,25,0.604,0.4,a
2024-12-28,25,0.573,0.4,a
2024-12-29,24,0.545,0.5,a
2024-12-30,24,0.504,0.4,a
2024-12-31,23,0.453,0.3,a
2026-09-06,9.6,0.022,21.6,m
2026-09-07,8.1,0.012,21.2,m
2026-09-08,7.4,0.009,21.7,m
2026-09-09,9.3,0.037,20.8,m
2026-09-10,25.6,0.868,18.6,m
2026-09-11,38.9,1.922,15.5,m
2026-09-12,27.9,0.895,15.5,m
2026-09-13,21.5,0.427,16,m
2026-09-14,18.9,0.284,17.6,m
2026-09-15,16.9,0.195,17.9,m
2026-09-16,15.8,0.153,17.5,m
2026-09-17,18.4,0.285,16.5,m
2026-09-18,19.1,0.298,16.1,m
2026-09-19,16.2,0.169,17.4,m
2026-09-20,14.9,0.122,17.4,m
2026-09-21,14.1,0.098,17,m
2026-09-22,14,0.094,15.1,m
2026-09-23,13.3,0.078,14,m
2026-09-24,13.1,0.073,13.6,m
2026-09-25,13.2,0.075,14.2,m
2026-09-26,12.8,0.068,13.6,m
2026-09-27,12.2,0.057,13.8,m
2026-09-28,12.3,0.058,14,m
2026-09-29,12,0.053,14.2,m
2026-09-30,12.4,0.059,14.3,m
2026-10-01,12.5,0.062,14,m
2026-10-02,12.1,0.054,13.2,m
2026-10-03,12,0.052,12.7,m
2026-10-04,12,0.052,12.2,m
2026-10-05,12,0.052,12.1,m
2026-10-06,12,0.052,12,m
2026-10-07,12.1,0.054,12.7,m
2026-10-08,19,0.352,14.5,m
2026-10-09,21.1,0.415,14.4,m
2026-10-10,17.5,0.219,13.6,m
